"clustername","clustername_anonymous","Treatment","district","CSCVillage"
"confidential: replaced by 'clustername_anonymous'",44,2,3,0
"confidential: replaced by 'clustername_anonymous'",9,2,2,0
"confidential: replaced by 'clustername_anonymous'",51,1,2,1
"confidential: replaced by 'clustername_anonymous'",79,2,2,0
"confidential: replaced by 'clustername_anonymous'",15,2,1,0
"confidential: replaced by 'clustername_anonymous'",82,1,1,1
"confidential: replaced by 'clustername_anonymous'",11,2,3,0
"confidential: replaced by 'clustername_anonymous'",73,2,2,0
"confidential: replaced by 'clustername_anonymous'",54,2,3,0
"confidential: replaced by 'clustername_anonymous'",53,1,2,0
"confidential: replaced by 'clustername_anonymous'",69,2,3,0
"confidential: replaced by 'clustername_anonymous'",50,1,1,1
"confidential: replaced by 'clustername_anonymous'",47,1,3,0
"confidential: replaced by 'clustername_anonymous'",16,2,1,0
"confidential: replaced by 'clustername_anonymous'",8,2,1,0
"confidential: replaced by 'clustername_anonymous'",61,1,2,1
"confidential: replaced by 'clustername_anonymous'",56,2,1,0
"confidential: replaced by 'clustername_anonymous'",77,1,1,0
"confidential: replaced by 'clustername_anonymous'",48,2,1,0
"confidential: replaced by 'clustername_anonymous'",40,1,1,0
"confidential: replaced by 'clustername_anonymous'",13,2,2,0
"confidential: replaced by 'clustername_anonymous'",36,2,2,0
"confidential: replaced by 'clustername_anonymous'",74,1,2,1
"confidential: replaced by 'clustername_anonymous'",37,1,2,1
"confidential: replaced by 'clustername_anonymous'",76,2,2,0
"confidential: replaced by 'clustername_anonymous'",17,2,2,0
"confidential: replaced by 'clustername_anonymous'",45,1,3,1
"confidential: replaced by 'clustername_anonymous'",29,1,3,0
"confidential: replaced by 'clustername_anonymous'",71,2,2,0
"confidential: replaced by 'clustername_anonymous'",49,2,2,0
"confidential: replaced by 'clustername_anonymous'",21,1,2,1
"confidential: replaced by 'clustername_anonymous'",18,1,3,1
"confidential: replaced by 'clustername_anonymous'",32,1,2,0
"confidential: replaced by 'clustername_anonymous'",60,1,2,1
"confidential: replaced by 'clustername_anonymous'",10,1,3,1
"confidential: replaced by 'clustername_anonymous'",35,1,3,0
"confidential: replaced by 'clustername_anonymous'",23,1,3,1
"confidential: replaced by 'clustername_anonymous'",64,1,2,0
"confidential: replaced by 'clustername_anonymous'",80,2,1,0
"confidential: replaced by 'clustername_anonymous'",34,2,2,0
"confidential: replaced by 'clustername_anonymous'",43,2,2,0
"confidential: replaced by 'clustername_anonymous'",70,1,1,0
"confidential: replaced by 'clustername_anonymous'",62,2,2,0
"confidential: replaced by 'clustername_anonymous'",59,1,2,1
"confidential: replaced by 'clustername_anonymous'",41,2,2,0
"confidential: replaced by 'clustername_anonymous'",55,1,2,1
"confidential: replaced by 'clustername_anonymous'",1,2,2,0
"confidential: replaced by 'clustername_anonymous'",66,2,1,0
"confidential: replaced by 'clustername_anonymous'",4,2,2,0
"confidential: replaced by 'clustername_anonymous'",72,2,3,0
"confidential: replaced by 'clustername_anonymous'",78,1,2,0
"confidential: replaced by 'clustername_anonymous'",14,2,2,0
"confidential: replaced by 'clustername_anonymous'",3,1,2,0
"confidential: replaced by 'clustername_anonymous'",33,2,3,0
"confidential: replaced by 'clustername_anonymous'",28,2,3,0
"confidential: replaced by 'clustername_anonymous'",6,1,1,0
"confidential: replaced by 'clustername_anonymous'",52,2,1,0
"confidential: replaced by 'clustername_anonymous'",63,2,1,0
"confidential: replaced by 'clustername_anonymous'",65,1,3,0
"confidential: replaced by 'clustername_anonymous'",81,1,3,0
"confidential: replaced by 'clustername_anonymous'",25,1,3,1
"confidential: replaced by 'clustername_anonymous'",31,1,3,1
"confidential: replaced by 'clustername_anonymous'",12,2,3,0
"confidential: replaced by 'clustername_anonymous'",22,1,1,0
"confidential: replaced by 'clustername_anonymous'",24,1,3,0
"confidential: replaced by 'clustername_anonymous'",67,1,1,1
"confidential: replaced by 'clustername_anonymous'",46,2,1,0
"confidential: replaced by 'clustername_anonymous'",26,1,1,0
"confidential: replaced by 'clustername_anonymous'",2,1,2,0
"confidential: replaced by 'clustername_anonymous'",7,1,2,0
"confidential: replaced by 'clustername_anonymous'",42,2,3,0
"confidential: replaced by 'clustername_anonymous'",75,2,2,0
"confidential: replaced by 'clustername_anonymous'",19,2,1,0
"confidential: replaced by 'clustername_anonymous'",39,2,3,0
"confidential: replaced by 'clustername_anonymous'",68,1,1,1
"confidential: replaced by 'clustername_anonymous'",20,1,2,0
"confidential: replaced by 'clustername_anonymous'",57,1,2,1
"confidential: replaced by 'clustername_anonymous'",38,2,3,0
"confidential: replaced by 'clustername_anonymous'",5,2,2,0
"confidential: replaced by 'clustername_anonymous'",27,1,1,1
