"ItemCode","ItemLabel1","ItemLabel2","InPriceQX","ShowPhoto","PrefUnitCode"
"1301","Mkaa/mkaa wa mawe","Charcoal/coal",0,0,
"1302","Kuni","Firewood",0,0,
"1303","Mafuta ya taa","Kerosene, paraffin",0,0,4
"1304","Viberiti (njiti/gesi), mishumaa tambi za taa/majiko","Matches, lighters, candles, lamp/stove wicks",0,0,
"1305","Sabuni za kufulia/kuogea","Laundry soap, toilet soap",0,0,
"1306","Sigara, tumbaku, ugoro","Cigarettes, tobacco, snuff",0,0,
"1307","Muda wa maongezi na gharama za internet","Cellphone top-up cards and internet",0,0,
"1308","Usafiri [Petrol:dizeli, oil, nauli (basi, daladala, tekisi, mtumbwi). Jumuisha","Transport, Petrol, oil, fares for transport (bus, mini-bus, taxi, boat).  Inclu",0,0,
"1409","Matunzo binafsi [karatasi za chooni, dawa ya meno, bidhaa za nywele, nyembe, ma","Personal care (Toilet soap, toilet paper,  toothpaste, hair products, razor, pe",0,0,
"1410","Betri","Batteries",0,0,
"1411","Umeme, maji, uzoaji taka, simu ya mezani","Utilities (Electricity, water, garbage disposal, telephone landline)",0,0,
"2012","Samani (Vitanda, viti, meza, sofa, vioo, mazulia)","Furniture (Beds, chairs, tables, sofas, mirrors, carpets)",0,0,
"2013","Mashuka, magodoro, vitambaa vya mapambo ya ndani (mablanketi, mito, taulo, vyan","Linen, bed/mattress, cloths (Sheets, blankets, pillows, towels, mosquito nets,",0,0,
"2014","Vifaa vya nyumbani [majiko (aina zote), jokofu, feni, kiyoyozi, heater, redio,","Household durables, appliances (Stoves (anytype), cookers, refrigerator, fan, a",0,0,
"2015","Vifaa vya jikoni (vyungu, sufuria, bakuli, sahani, vyombo, visu)","Kitchenware (Pots, pans, bowls, dishes, utensils, knives)",0,0,
"2016","Vifaa vingine vya nyumbani (tochi, balbu, taa, vikapu, mifagio, brashi)","Other household wares (Torches, bulbs, lanterns, baskets, brooms, brushes)",0,0,
"2017","Matengenezo ya vifaa na vyombo (matengenezo ya nyumba, gari, pikipiki, baiskeli","Repairs for assets and durables (Repairs to house, car, motorbike, bicycle, rat",0,0,
"2018","Nguo na viatu kwa wanaume/watoto wa kiume wenye umri kuanzia miaka 15 na zaidi","Clothing and footwear for men and boys 15 years and over (Khanzus, hats, trouse",0,0,
"2019","Nguo na viatu kwa wanawake/watoto wa kike wenye umri kuanzia miaka 15 na zaidi","Clothing and footwear for women and girls15 years and over (Khanga, kitenge, sa",0,0,
"2020","Nguo kwa watoto chini ya umri wa miaka 15 (suruali, magauni, sketi, mashati, bl","Clothing for children under 15 years (Trousers, dresses, skirts, shirts, blouse",0,0,
"2021","Vitu vingine kwa matumizi binafsi [vitambaa vya nguo, miavuli, glovu, mikoba, p","Other personal effects (Yarn and sewing material,umbrellas, gloves, handbags, p",0,0,
"2022","Huduma za afya za kisasa [hospitali, zahanati, madaktari binafsi, waganga wa me","Modern medical care services (Hospitals, dispensaries, private doctors, densitr",0,0,
"2023","Huduma za afya za kisasa: madawa (dawa zilizoagizwa na ambazo hazikuagizwa na d","Modern medical care: medications (Prescribed medicine, non-prescribed medicine)",0,0,
"2024","Huduma za afya za jadi (waganga wa jadi, dawa za jadi)","Traditional medical care (Traditional healers, traditional medicine)",0,0,
"2025","Elimu kwa watoto SHULE ZA BODI [karo, sare, vifaa vya shule]","Education of children in BOARDING SCHOOL (School fees, uniform, equipment)",0,0,
"2026","Starehe na burudani [vitabu (visivyo vya shule), magazeti, majarida, kanda, sin","Entertainment and recreation (Books (not school books), magazines, newspapers,",0,0,
"2027","Vifaa vya usafi na huduma za nyumbani [dawa za kuulia wadudu na vifaa vingine v","Cleaning materials, household services (Detergents (not laundry soap), insectic",0,0,
"2028","Michango kwa mashirika ya kidini na mengine","Contributions to religious and other organizations ()",0,0,
"2029","Sherehe (michango katika sherehe za arusi, misiba, mahari)","Ceremonies (Contributions to wedding parties and funerals, dowries paid out)",0,0,
"2030","Kodi [kodi za mapato, kodi ya maendeleo/kijiji, kodi za vyombo vya usafiri (bil","Taxes (Revenue tax, development levy or village tax, vehicle tax.  Exclude taxe",0,0,
"2031","Bima (bima za magari, afya, maisha)","Insurance (Car, medical, life insurance)",0,0,
"2032","Huduma za nyumbani (malipo kwa wafanyakazi wa nyumbani)","Domestic services (Payments given to domesitc workers)",0,0,
"3001","Unga wa mahindi dona","1 kg of maize flour (dona)",1,0,1
"3002","Andazi moja kati ya haya kwenye sahani","Just one of the maandazi on this plate",1,1,
"3003","Mhogo huu kwenye picha","This piece of cassava in the picture",1,1,
"3004","Fungu hili la viazi vitamu","This heap of sweet potatoes",1,1,
"3005","Mkungu huu wa ndizi","This bunch of bananas",1,1,
"3006","Kilo moja ya sukari","1 kg of sugar",1,0,1
"3007","Kilo moja ya maharage makavu","1 kg of dried beans",1,0,1
"3008","Nazi 1","1 coconut",1,0,12
"3009","Fungu hili la nyanya","This heap of tomatoes",1,1,
"3010","Fungu hili la vitunguu","This heap of onions",1,1,
"3011","Fungu hili la mchicha","This bundle of spinach",1,1,
"3012","Fungu hili la kilo moja ya nyama","This heap of 1 kg of beef",1,1,
"3013","Kuku kama huyu pichani","This chicken in the picture",1,1,
"3014","Yai la kuku wa kienyeji","An egg of a local chicken",1,0,12
"3015","Fungu hili la gramu 200 za dagaa wakavu","This fungu of 200g of dried dagaa",1,1,
"3016","Samaki huyu mkavu","This dried fish",1,1,
"3017","Lita moja ya maziwa freshi (sawa na chupa 2 za bia au soda 3)","1 litre of fresh milk (equivalent to 2 beer or 3 soda bottles)",1,0,4
"3018","Lita moja ya mafuta ya kupikia (sawa na chupa 2 za bia au soda 3)","1 litre of cooking oil (equivalent to 2 beer or 3 soda bottles)",1,0,4
"3019","Chupa moja ya soda ya ujazo wa mililita 350","1 bottle of 350ml fanta",1,0,37
"3020","Sahani 1 ya wali na nyama katika mgahawa wa kawaida","A full meal of rice and meat at a local restaurant",1,0,12
"3021","Kikombe cha chai ya maziwa katika mgahawa wa kawaida","A cup of tea with milk at a local cafe",1,0,21
"3040","Kisadolini cha mkaa kama hiki pichani","This kisadolini of charcoal in the picture",1,1,
"3041","Lita moja yamafuta ya taa (sawa na chupa 2 za bia au soda 3)","1 litre of kerosene",1,0,4
"3042","Kiberiti 1 cha njiti kama hiki pichani","1 single box of matches as in the picture",1,1,
"3043","Mche wa sabuni kama huu pichani","1 bar of soap as in the picture",1,1,
"3044","Dawa ya meno ya gramu 15 kama hii pichani","1 tube of toothpaste as in the picture",1,1,
"3045","Mafuta ya kujipaka ya 25cc kama haya pichani","1 pot of 25cc lotion as in this picture",1,1,
"3046","Beteri 1 National/Panasonic kubwa","1 battery National/Panasinic (big size)",1,0,12
