"UnitCode","UnitLabel1","UnitLabel2"
1,"Kilogramu","Kilograms"
2,"Gramu","Gram"
3,"Mililita","Millilitre"
4,"Litre","Litre"
5,"Kiroba KG 25","25 KG Bag"
6,"Kiroba KG 50","50 KG Bag"
7,"Gunia KG 90","90 KG Bag"
8,"Debe","Debe"
9,"Kijiko cha chakula","Table spoon"
10,"Mkungu","Bunch"
11,"Chane","Hand"
12,"Kipande/Idadi","Piece/Number"
13,"Fungu","Heap"
14,"Ukufi/Kiganja","Handful"
15,"Pakacha/Tenga","Pakacha/Tenga"
17,"Kopo 1/4 KG","1/4 KG Tin"
18,"Kopo 1/2 KG","1/2 KG Tin"
19,"Kopo KG 1","1 KG Tin"
20,"Bakuli","Bowl"
21,"Kikombe cha chai","Cup"
22,"Bilauri (Glasi)","Glass"
23,"Tsh.","Tsh."
32,"Kibaba","Kibaba"
34,"Kisadoline","Kisadoline"
36,"ndoo lita 10","ndoo lita 10"
37,"350 ml Fanta bottle","350 ml Fanta bottle"
99,"Other","Other"
10301,"Gunzi kubwa","Large cob maize"
10302,"Gunzi la kati","Medium cob maize"
10401,"Ukufi/Kiganja","Handful"
10501,"Ukufi/Kiganja","Handful"
20101,"Mhogo mkubwa","Large piece"
20102,"Mhogo wa kati","Medium piece"
20103,"Mhogo mdogo","Small piece"
20301,"Kiazi kitamu kikubwa","Large piece"
20302,"Kiazi kitamu cha kati","Medium piece"
20303,"Kiazi kitamu kidogo","Small piece"
20601,"Mkungu mkubwa","Large bunch"
20602,"Mkungu wa kat","Medium bunch"
20603,"Mkungu mdogo","Small bunch"
20611,"Chane kubwa","Large hand"
20612,"Chane ya kati","Medium hand"
20613,"Chane ndogo","Small hand"
20621,"Chale kubwa","Large piece"
20622,"Chale ya kati","Medium piece"
20623,"Chale ndogo","Small piece"
40201,"Fungu kubwa","Large heap"
40202,"Fungu la kati","Medium heap"
40203,"Fungu dogo","Small heap"
60101,"Nyanya kubwa","Large piece"
60102,"Nyanya ya kati","Medium piece"
60103,"Nyanya ndogo","Small piece"
60111,"Fungu kubwa","Large heap"
60112,"Fungu la kati","Medium heap"
60113,"Fungu dogo","Small heap"
60201,"Kitunguu kidogo","Large piece"
60202,"Kitunguu cha kati","Medium piece"
60203,"Kitunguu kidogo","Small piece"
60211,"Fungu kubwa","Large heap"
60212,"Fungu la kati","Medium heap"
60213,"Fungu dogola","Small heap"
60301,"Fungu la mchicha","Bundle"
80101,"Fungu Kubwa la kilo 1","1 kg heap"
80102,"Fungu la Kati la 1/2 kilo","0.5 kg heap"
80103,"Fungu Dogo la 1/4 kilo","0.25 kg heap"
80201,"Fungu Kubwa la kilo 1","1 kg heap"
80202,"Fungu la Kati la 1/2 kilo","0.5 kg heap"
80203,"Fungu Dogo la 1/4 kilo","0.25 kg heap"
80301,"Fungu Kubwa la kilo 1","1 kg heap"
80302,"Fungu la Kati la 1/2 kilo","0.5 kg heap"
80303,"Fungu Dogo la 1/4 kilo","0.25 kg heap"
80801,"Samaki mkubwa","Big fish"
80802,"Samaki wa kati","Medium fish"
80803,"Samaki mdogo","Small fish"
80901,"Samaki mkubwa","Big fish"
80902,"Samaki wa kati","Medium fish"
80903,"Samaki mdogo","Small fish"
81001,"Fungu Kubwai","Large heap"
81002,"Fungu la Kati","Medium heap"
81003,"Fungu Dogo","Small heap"
81101,"Fungu Kubwa","Large heap"
81102,"Fungu la Kati","Medium heap"
81103,"Fungu Dogo","Small heap"
100102,"Kibaba","Kibaba"
