"ItemCode","ItemLabel1","ItemLabel2","KCal_100g","Min_Price_Kg","Max_Price_Kg"
"0101","Mpunga","Rice (paddy)",335,181,1000
"0102","Mchele","Rice (husked)",335,500,1300
"0103","Mahindi mabichi (Gunzi)","Maize (green, cob)",43,123,1387
"0104","Unga wa mahindi (Dona)","Maize (flour) Dona",345,150,1000
"0105","Unga wa mahindi (Super/sembe)","Maize (flour) Super/sembe",363,214,1000
"0106","Unga mwingine ( mtama, Udaga/Muhogo, Ulezi, Ngano, shayiri..)","Other flour (Millet, Cassava, sorghum, barley..)",310,51,1500
"0107","Gharama za kusaga","Cost of grinding",,11,100
"0108","Mkate","Bread",270,179,5373
"0109","Mandazi, keki na biskuti","Buns, cakes and biscuits",302,500,6429
"0110","Makaroni na tambi","Macaroni, spaghetti",370,400,40000
"0111","Mazao mengine ya nafaka","Other cereal products",370,,
"0201","Mihogo mibichi","Cassava fresh",104,33,392
"0202","Mihogo mikavu/ unga","Cassava dry/flour",344,51,738
"0203","Viazi vitamu","Sweet potatoes",83,75,1143
"0204","Viazi vikuu/ magimbi","Yams/cocoyams",99,56,1000
"0205","Viazi mviringo","Irish potatoes",59,79,1220
"0206","Ndizi za kupikwa","Cooking bananas, plantains",60,18,2388
"0207","Vyakula vingine vya wanga (kama viazi vikuu, viazi mviringo, magimbi nk)","Other starches (like irish potatoes, yams etc)",84,,
"0301","Sukari","Sugar",375,833,1500
"0302","Asali, juisi nzito, jemu na bidhaa nyingine za sukari","Honey, syrups, jams, marmalade, jellies, canned fruits",278,143,3000000
"0303","Peremende","Sweets",375,,
"0401","Maharage Makavu","Dried Beans",320,180,3077
"0402","Maharage Mabichi","Fresh Beans",320,,
"0403","Kunde, choroko na bidhaa nyingine za jamii ya kunde","Peas, lentils and other pulses",320,180,3077
"0501","Karanga zilizomenywa","Groundnuts without shell",399,120,10000
"0502","Karanga zenye maganda","Groundnuts in shell",,,
"0503","Madafu","Coconuts (immature)",180,183,916
"0504","Nazi","Coconuts (mature)",351,183,916
"0505","Korosho na mbegu nyingine za mafuta","Cashew, almonds and other nuts",,200,10000
"0601","Nyanya","Tomatoes",20,200,3000
"0602","Vitunguu","Onions",34,57,1143
"0603","Mchicha","Spinach",22,200,3000
"0604","Karoti, pilipili hoho,kabichi au mboga nyingine za majani na viungo","Carrots, green pepper, cabbage or other vegetables",27,200,3000
"0605","Mboga za makopo zilizokaushwa au mboga pori","Canned, dried and wild vegetables",36,,
"0701","Ndizi mbivu","Ripe bananas",59,26,2308
"0702","Machungwa, machenza, malimao n.k.","Citrus fruits (oranges, lemon, tangarines, etc.)",33,60,1200
"0703","Maembe, maparachichi na matunda mengine","Mangoes, avocadoes and other fruits",50,29,2469
"0704","miwa","Sugarcane",160,5,175
"0801","Nyama ya mbuzi","Goat meat",126,361,4000
"0802","Nyama ya ng'ombe pamoja na ya kusagwa","Beef including minced sausage",150,1000,3600
"0803","Nyama ya nguruwe","Pork including sausages and bacon",188,500,4000
"0804","Kuku na ndege wengine wafugwao","Chicken and other poultry",147,68,4000
"0805","Ndege pori na wadudu waliwao","Wild birds and edible insects",149,,
"0806","Nyama nyingine itokanayo na wanyama wafugwao/wanyama pori","Other domestic/wild meat products",269,500,3000
"0807","Mayai","Eggs",132,833,5000
"0808","Samaki, wabichi (Bila kuhusisha dagaa)","Fresh fish and seafood Excl. dagaa)",230,85,3650
"0809","Samaki wakavu (Bila kuhusisha dagaa)","Dried fish and seafood (Excl. dagaa)",255,333,6667
"0810","Dagaa wabichi","Fresh Dagaa",,,
"0811","Dagaa wakavu","Dried Dagaa",,,
"0901","Maziwa freshi","Fresh milk",79,150,2000
"0902","Bidhaa za maziwa (malai, jibini, mgando, n.k isipokuwa mafuta.)","Milk products (like cream, cheese, yoghurt etc, but excl. fats)",263,150,1600
"0903","Maziwa ya kopo/unga","Canned milk/milk powder",495,1700,16923
"1001","Mafuta ya kupikia","Cooking oil",900,1000,4444
"1002","Siagi, majarini, samli ya kupikia na bidhaa nyingine za mafuta.","Butter, margarine, ghee and other fat products",782,700,10000
"1003","Chumvi","Salt",0,250,2500
"1004","Viungo vingine","Other spices",300,300,100000
"1101","Chai iliyotayarishwa au majani ya chai makavu","Tea (leaves, prepared)",256,1000,20000
"1102","Kahawa na kakao (mbegu, iliyosagwa, unga laini au iliyoandaliwa)","Coffee and cocoa (beans, ground, instant, prepared)",328,300,40000
"1103","Mali ghafi nyingine za vinywaji","Other raw materals for drinks",,50,20000
"1104","Vinywaji baridi katika chupa /makopo (soda, maji ya matunda, maji)","Bottled/canned soft drinks (soda, juice, water)",45,300,1778
"1105","Bia ya chupa","Bottled beer",41,1000,3000
"1106","Pombe za kienyeji","Local brews",91,100,3333
"1107","Mvinyo na vinywaji vikali","Wine and spirits",70,200,6500
"1201","Milo kamili (kifungua kinywa, chakula cha mchana/jioni)","Full meals (breakfast, lunch, dinner)",290,500,12000
"1202","Nyama choma, chips, ndizi za kuchoma na vitafunwa vingine","Barbecued meat, chips, roast bananas, and other snacks",250,600,10000
"1203","Kibuku na pombe nyingine za kienyeji","Kibuku and other local brews",231,100,6000
"1204","Mvinyo, bia na vinywaji vikali","Wine, commercial beers, and spirits",70,200,10000
"1205","Soda na vinywaji vingine visivyo vileo","Sodas and other non-acoholic drinks",45,300,5000
"1206","Peremende na barafu (ice-cream)","Sweets and ice-cream",288,3000,30000
"1207","Chai, kahawa, sambusa, keki na vitafunwa vingine vya hotelini","Tea, cofffee, Samosa, cake,and other hoteli snacks",150,1800,15000
