"CLID","CLID_anonymous","HHNum","T5GQ5","T5GQ6","T5GAQ1","T5GAQ2","T5GAQ3","T5GAQ5","T5GAQ6","T5GAQ4","anonymous_data_ID"
"confidential: replaced by 'CLID_anonymous'",26,"0010",1,"confidential: removed from data",20000,7,1,0,,1,1
"confidential: replaced by 'CLID_anonymous'",26,"0011",1,"confidential: removed from data",20000,7,1,0,,2,2
"confidential: replaced by 'CLID_anonymous'",26,"0011",2,"confidential: removed from data",30000,8,2,0,,2,3
"confidential: replaced by 'CLID_anonymous'",26,"0012",1,"confidential: removed from data",7000,8,1,50,5,1,4
"confidential: replaced by 'CLID_anonymous'",26,"0023",1,"confidential: removed from data",10000,8,1,0,,1,5
"confidential: replaced by 'CLID_anonymous'",26,"0024",1,"confidential: removed from data",5000,8,1,0,,1,6
"confidential: replaced by 'CLID_anonymous'",46,"0002",1,"confidential: removed from data",1000,8,,,,,7
"confidential: replaced by 'CLID_anonymous'",46,"0013",1,"confidential: removed from data",30000,7,1,0,,2,8
"confidential: replaced by 'CLID_anonymous'",46,"0013",2,"confidential: removed from data",5000,7,1,0,,1,9
"confidential: replaced by 'CLID_anonymous'",46,"0016",1,"confidential: removed from data",10000,7,2,0,,1,10
"confidential: replaced by 'CLID_anonymous'",46,"0020",1,"confidential: removed from data",50000,8,1,0,,2,11
"confidential: replaced by 'CLID_anonymous'",46,"0025",1,"confidential: removed from data",5000,7,1,0,,1,12
"confidential: replaced by 'CLID_anonymous'",77,"0003",1,"confidential: removed from data",5000,8,1,0,,1,13
"confidential: replaced by 'CLID_anonymous'",77,"0004",1,"confidential: removed from data",20000,9,1,0,,1,14
"confidential: replaced by 'CLID_anonymous'",77,"0004",2,"confidential: removed from data",15000,9,1,0,,1,15
"confidential: replaced by 'CLID_anonymous'",77,"0012",1,"confidential: removed from data",5000,8,1,0,,1,16
"confidential: replaced by 'CLID_anonymous'",77,"0013",1,"confidential: removed from data",20000,8,1,0,,10,17
"confidential: replaced by 'CLID_anonymous'",77,"0016",1,"confidential: removed from data",15000,8,1,0,,1,18
"confidential: replaced by 'CLID_anonymous'",77,"0024",1,"confidential: removed from data",50000,8,1,0,,2,19
"confidential: replaced by 'CLID_anonymous'",63,"0001",1,"confidential: removed from data",300,8,,,,,20
"confidential: replaced by 'CLID_anonymous'",63,"0001",2,"confidential: removed from data",300,8,,,,,21
"confidential: replaced by 'CLID_anonymous'",63,"0003",1,"confidential: removed from data",42000,7,1,0,,1,22
"confidential: replaced by 'CLID_anonymous'",15,"0002",1,"confidential: removed from data",30000,7,1,0,,99,23
"confidential: replaced by 'CLID_anonymous'",15,"0012",1,"confidential: removed from data",28000,8,1,0,,1,24
"confidential: replaced by 'CLID_anonymous'",15,"0017",1,"confidential: removed from data",10900,8,1,0,,1,25
"confidential: replaced by 'CLID_anonymous'",15,"0018",1,"confidential: removed from data",20000,8,1,0,,1,26
"confidential: replaced by 'CLID_anonymous'",15,"0020",1,"confidential: removed from data",5000,8,1,0,,1,27
"confidential: replaced by 'CLID_anonymous'",16,"0001",1,"confidential: removed from data",1050,8,,,,,28
"confidential: replaced by 'CLID_anonymous'",16,"0001",2,"confidential: removed from data",10000,8,1,0,,1,29
"confidential: replaced by 'CLID_anonymous'",16,"0019",1,"confidential: removed from data",20000,7,1,0,,2,30
"confidential: replaced by 'CLID_anonymous'",80,"0011",1,"confidential: removed from data",10000,8,1,0,,3,31
"confidential: replaced by 'CLID_anonymous'",80,"0014",1,"confidential: removed from data",5000,8,1,0,,1,32
"confidential: replaced by 'CLID_anonymous'",22,"0014",1,"confidential: removed from data",600,8,,,,,33
"confidential: replaced by 'CLID_anonymous'",22,"0021",1,"confidential: removed from data",42000,8,1,50,5,1,34
"confidential: replaced by 'CLID_anonymous'",22,"0024",1,"confidential: removed from data",10000,8,1,0,,1,35
"confidential: replaced by 'CLID_anonymous'",67,"0012",1,"confidential: removed from data",10000,7,1,0,,1,36
"confidential: replaced by 'CLID_anonymous'",67,"0016",1,"confidential: removed from data",100000,8,1,0,,1,37
"confidential: replaced by 'CLID_anonymous'",67,"0018",1,"confidential: removed from data",7000,7,1,50,5,1,38
"confidential: replaced by 'CLID_anonymous'",67,"0023",1,"confidential: removed from data",4000,7,,,,,39
"confidential: replaced by 'CLID_anonymous'",40,"0002",1,"confidential: removed from data",-99,7,,,,,40
"confidential: replaced by 'CLID_anonymous'",40,"0004",1,"confidential: removed from data",20000,7,2,0,,6,41
"confidential: replaced by 'CLID_anonymous'",40,"0013",1,"confidential: removed from data",25000,8,1,0,,1,42
"confidential: replaced by 'CLID_anonymous'",40,"0024",1,"confidential: removed from data",10000,8,2,0,,2,43
"confidential: replaced by 'CLID_anonymous'",19,"0003",1,"confidential: removed from data",6000,8,1,0,,2,44
"confidential: replaced by 'CLID_anonymous'",19,"0004",1,"confidential: removed from data",35000,9,1,100,5,1,45
"confidential: replaced by 'CLID_anonymous'",19,"0005",1,"confidential: removed from data",25000,8,1,0,,2,46
"confidential: replaced by 'CLID_anonymous'",19,"0008",1,"confidential: removed from data",25000,7,1,0,,1,47
"confidential: replaced by 'CLID_anonymous'",19,"0026",1,"confidential: removed from data",30000,8,1,60,4,1,48
"confidential: replaced by 'CLID_anonymous'",50,"0014",1,"confidential: removed from data",-99,9,,,,,49
"confidential: replaced by 'CLID_anonymous'",50,"0015",1,"confidential: removed from data",8000,10,1,50,4,1,50
"confidential: replaced by 'CLID_anonymous'",50,"0018",1,"confidential: removed from data",17000,8,1,0,,1,51
"confidential: replaced by 'CLID_anonymous'",50,"0019",1,"confidential: removed from data",10000,12,2,0,,1,52
"confidential: replaced by 'CLID_anonymous'",6,"0008",1,"confidential: removed from data",75000,8,1,0,,10,53
"confidential: replaced by 'CLID_anonymous'",6,"0011",1,"confidential: removed from data",-99,8,,,,,54
"confidential: replaced by 'CLID_anonymous'",6,"0016",1,"confidential: removed from data",150000,7,1,0,,1,55
"confidential: replaced by 'CLID_anonymous'",6,"0017",1,"confidential: removed from data",25000,8,2,0,,1,56
"confidential: replaced by 'CLID_anonymous'",48,"0002",1,"confidential: removed from data",10000,8,2,0,,1,57
"confidential: replaced by 'CLID_anonymous'",48,"0009",1,"confidential: removed from data",5000,8,1,50,5,1,58
"confidential: replaced by 'CLID_anonymous'",56,"0012",1,"confidential: removed from data",5000,8,1,0,,1,59
"confidential: replaced by 'CLID_anonymous'",56,"0021",1,"confidential: removed from data",8000,8,1,50,5,1,60
"confidential: replaced by 'CLID_anonymous'",82,"0005",1,"confidential: removed from data",3000,10,,,,,61
"confidential: replaced by 'CLID_anonymous'",82,"0012",1,"confidential: removed from data",10000,8,1,0,,1,62
"confidential: replaced by 'CLID_anonymous'",82,"0013",1,"confidential: removed from data",10000,8,2,0,,1,63
"confidential: replaced by 'CLID_anonymous'",82,"0014",1,"confidential: removed from data",20000,7,1,0,,1,64
"confidential: replaced by 'CLID_anonymous'",82,"0018",1,"confidential: removed from data",8000,7,1,0,,2,65
"confidential: replaced by 'CLID_anonymous'",70,"0006",1,"confidential: removed from data",20000,8,1,0,,1,66
"confidential: replaced by 'CLID_anonymous'",70,"0007",1,"confidential: removed from data",24000,8,1,0,,1,67
"confidential: replaced by 'CLID_anonymous'",52,"0011",1,"confidential: removed from data",20000,7,1,0,,2,68
"confidential: replaced by 'CLID_anonymous'",52,"0025",1,"confidential: removed from data",6000,7,1,50,5,1,69
"confidential: replaced by 'CLID_anonymous'",27,"0003",1,"confidential: removed from data",10000,8,1,0,,1,70
"confidential: replaced by 'CLID_anonymous'",27,"0011",1,"confidential: removed from data",7000,7,1,0,,1,71
"confidential: replaced by 'CLID_anonymous'",27,"0011",2,"confidential: removed from data",14000,7,1,0,,1,72
"confidential: replaced by 'CLID_anonymous'",27,"0011",3,"confidential: removed from data",12000,7,1,0,,1,73
"confidential: replaced by 'CLID_anonymous'",27,"0014",1,"confidential: removed from data",6000,8,1,0,,1,74
"confidential: replaced by 'CLID_anonymous'",68,"0010",1,"confidential: removed from data",5000,7,1,0,,1,75
"confidential: replaced by 'CLID_anonymous'",68,"0017",1,"confidential: removed from data",36000,8,1,50,5,1,76
"confidential: replaced by 'CLID_anonymous'",68,"0022",1,"confidential: removed from data",10000,8,1,0,,1,77
"confidential: replaced by 'CLID_anonymous'",68,"0023",1,"confidential: removed from data",5000,8,1,50,5,1,78
"confidential: replaced by 'CLID_anonymous'",8,"0004",1,"confidential: removed from data",1750,8,,,,,79
"confidential: replaced by 'CLID_anonymous'",8,"0023",1,"confidential: removed from data",900,8,,,,,80
"confidential: replaced by 'CLID_anonymous'",66,"0005",1,"confidential: removed from data",450,8,,,,,81
"confidential: replaced by 'CLID_anonymous'",66,"0010",1,"confidential: removed from data",8000,8,1,0,,1,82
"confidential: replaced by 'CLID_anonymous'",66,"0027",1,"confidential: removed from data",10000,8,2,0,,1,83
"confidential: replaced by 'CLID_anonymous'",5,"0002",1,"confidential: removed from data",10000,9,3,0,,1,84
"confidential: replaced by 'CLID_anonymous'",5,"0004",1,"confidential: removed from data",6000,7,2,0,,2,85
"confidential: replaced by 'CLID_anonymous'",49,"0010",1,"confidential: removed from data",5000,7,1,0,,1,86
"confidential: replaced by 'CLID_anonymous'",49,"0011",1,"confidential: removed from data",5000,7,1,0,,1,87
"confidential: replaced by 'CLID_anonymous'",49,"0015",1,"confidential: removed from data",8000,7,1,0,,2,88
"confidential: replaced by 'CLID_anonymous'",49,"0025",1,"confidential: removed from data",15000,9,1,0,,1,89
"confidential: replaced by 'CLID_anonymous'",49,"0026",1,"confidential: removed from data",25000,8,1,0,,2,90
"confidential: replaced by 'CLID_anonymous'",74,"0004",1,"confidential: removed from data",4000,8,,,,,91
"confidential: replaced by 'CLID_anonymous'",74,"0005",1,"confidential: removed from data",350000,5,2,10,5,10,92
"confidential: replaced by 'CLID_anonymous'",74,"0018",1,"confidential: removed from data",6100,9,1,0,,1,93
"confidential: replaced by 'CLID_anonymous'",74,"0026",1,"confidential: removed from data",10000,10,1,0,,4,94
"confidential: replaced by 'CLID_anonymous'",74,"0026",2,"confidential: removed from data",1200,10,,,,,95
"confidential: replaced by 'CLID_anonymous'",62,"0001",1,"confidential: removed from data",30000,8,1,0,,1,96
"confidential: replaced by 'CLID_anonymous'",62,"0003",1,"confidential: removed from data",3000,8,,,,,97
"confidential: replaced by 'CLID_anonymous'",62,"0005",1,"confidential: removed from data",2000,10,,,,,98
"confidential: replaced by 'CLID_anonymous'",21,"0002",1,"confidential: removed from data",480000,9,2,0,,1,99
"confidential: replaced by 'CLID_anonymous'",21,"0005",1,"confidential: removed from data",20000,8,1,0,,1,100
"confidential: replaced by 'CLID_anonymous'",21,"0008",1,"confidential: removed from data",5000,7,2,0,,2,101
"confidential: replaced by 'CLID_anonymous'",21,"0010",1,"confidential: removed from data",100000,8,1,0,,1,102
"confidential: replaced by 'CLID_anonymous'",21,"0015",1,"confidential: removed from data",10000,7,1,0,,1,103
"confidential: replaced by 'CLID_anonymous'",21,"0017",1,"confidential: removed from data",5320,9,1,0,,1,104
"confidential: replaced by 'CLID_anonymous'",21,"0018",1,"confidential: removed from data",17700,8,1,0,,1,105
"confidential: replaced by 'CLID_anonymous'",21,"0020",1,"confidential: removed from data",2000,8,,,,,106
"confidential: replaced by 'CLID_anonymous'",21,"0023",1,"confidential: removed from data",16000,9,1,0,,1,107
"confidential: replaced by 'CLID_anonymous'",1,"0001",1,"confidential: removed from data",17500,9,1,0,,1,108
"confidential: replaced by 'CLID_anonymous'",1,"0006",1,"confidential: removed from data",6000,9,1,0,,1,109
"confidential: replaced by 'CLID_anonymous'",1,"0009",1,"confidential: removed from data",10000,9,1,0,,1,110
"confidential: replaced by 'CLID_anonymous'",1,"0010",1,"confidential: removed from data",20000,9,1,0,,1,111
"confidential: replaced by 'CLID_anonymous'",1,"0021",1,"confidential: removed from data",33000,8,2,0,,1,112
"confidential: replaced by 'CLID_anonymous'",79,"0005",1,"confidential: removed from data",20000,8,1,0,,2,113
"confidential: replaced by 'CLID_anonymous'",79,"0006",1,"confidential: removed from data",20000,9,1,0,,1,114
"confidential: replaced by 'CLID_anonymous'",79,"0024",1,"confidential: removed from data",30000,7,1,0,,4,115
"confidential: replaced by 'CLID_anonymous'",41,"0001",1,"confidential: removed from data",40000,8,1,0,,1,116
"confidential: replaced by 'CLID_anonymous'",41,"0003",1,"confidential: removed from data",10000,7,3,0,,1,117
"confidential: replaced by 'CLID_anonymous'",41,"0005",1,"confidential: removed from data",70000,7,1,0,,1,118
"confidential: replaced by 'CLID_anonymous'",41,"0005",2,"confidential: removed from data",15000,7,1,0,,1,119
"confidential: replaced by 'CLID_anonymous'",41,"0011",1,"confidential: removed from data",15000,8,2,0,,1,120
"confidential: replaced by 'CLID_anonymous'",41,"0011",2,"confidential: removed from data",15000,8,2,0,,1,121
"confidential: replaced by 'CLID_anonymous'",41,"0013",1,"confidential: removed from data",4000,8,,,,,122
"confidential: replaced by 'CLID_anonymous'",71,"0001",1,"confidential: removed from data",100000,5,1,60,5,2,123
"confidential: replaced by 'CLID_anonymous'",71,"0005",1,"confidential: removed from data",100000,8,1,0,,1,124
"confidential: replaced by 'CLID_anonymous'",71,"0013",1,"confidential: removed from data",20000,8,1,0,,1,125
"confidential: replaced by 'CLID_anonymous'",71,"0016",1,"confidential: removed from data",10000,8,1,0,,1,126
"confidential: replaced by 'CLID_anonymous'",53,"0004",1,"confidential: removed from data",40000,8,1,0,,1,127
"confidential: replaced by 'CLID_anonymous'",53,"0025",1,"confidential: removed from data",100000,8,1,0,,1,128
"confidential: replaced by 'CLID_anonymous'",53,"0027",1,"confidential: removed from data",20000,9,1,0,,1,129
"confidential: replaced by 'CLID_anonymous'",75,"0001",1,"confidential: removed from data",3000,8,,,,,130
"confidential: replaced by 'CLID_anonymous'",75,"0012",1,"confidential: removed from data",90000,5,1,4,4,10,131
"confidential: replaced by 'CLID_anonymous'",75,"0020",1,"confidential: removed from data",8000,7,1,0,,1,132
"confidential: replaced by 'CLID_anonymous'",61,"0003",1,"confidential: removed from data",1000,7,,,,,133
"confidential: replaced by 'CLID_anonymous'",61,"0004",1,"confidential: removed from data",5000,7,1,0,,2,134
"confidential: replaced by 'CLID_anonymous'",61,"0011",1,"confidential: removed from data",50000,8,1,0,,1,135
"confidential: replaced by 'CLID_anonymous'",61,"0011",2,"confidential: removed from data",40000,7,3,0,,2,136
"confidential: replaced by 'CLID_anonymous'",61,"0015",1,"confidential: removed from data",5000,7,1,0,,3,137
"confidential: replaced by 'CLID_anonymous'",61,"0021",1,"confidential: removed from data",10000,9,1,0,,1,138
"confidential: replaced by 'CLID_anonymous'",60,"0002",1,"confidential: removed from data",5000,7,2,0,,2,139
"confidential: replaced by 'CLID_anonymous'",60,"0004",1,"confidential: removed from data",20000,7,8,0,,1,140
"confidential: replaced by 'CLID_anonymous'",60,"0004",2,"confidential: removed from data",10000,7,1,0,,1,141
"confidential: replaced by 'CLID_anonymous'",60,"0017",1,"confidential: removed from data",40000,8,1,0,,2,142
"confidential: replaced by 'CLID_anonymous'",4,"0013",1,"confidential: removed from data",20000,7,1,0,,3,143
"confidential: replaced by 'CLID_anonymous'",7,"0005",1,"confidential: removed from data",20000,7,1,0,,6,144
"confidential: replaced by 'CLID_anonymous'",7,"0008",1,"confidential: removed from data",10000,7,1,0,,2,145
"confidential: replaced by 'CLID_anonymous'",7,"0019",1,"confidential: removed from data",9000,9,1,0,,1,146
"confidential: replaced by 'CLID_anonymous'",32,"0008",1,"confidential: removed from data",10000,7,1,0,,1,147
"confidential: replaced by 'CLID_anonymous'",32,"0008",2,"confidential: removed from data",20000,7,1,0,,2,148
"confidential: replaced by 'CLID_anonymous'",32,"0008",3,"confidential: removed from data",20000,7,1,0,,2,149
"confidential: replaced by 'CLID_anonymous'",32,"0014",1,"confidential: removed from data",700,9,,,,,150
"confidential: replaced by 'CLID_anonymous'",32,"0015",1,"confidential: removed from data",20000,8,1,0,,3,151
"confidential: replaced by 'CLID_anonymous'",17,"0003",1,"confidential: removed from data",100000,8,1,0,,1,152
"confidential: replaced by 'CLID_anonymous'",17,"0004",1,"confidential: removed from data",20000,7,1,0,,1,153
"confidential: replaced by 'CLID_anonymous'",3,"0001",1,"confidential: removed from data",15000,9,1,0,,1,154
"confidential: replaced by 'CLID_anonymous'",3,"0008",1,"confidential: removed from data",20000,8,1,0,,1,155
"confidential: replaced by 'CLID_anonymous'",3,"0008",2,"confidential: removed from data",10000,8,1,0,,1,156
"confidential: replaced by 'CLID_anonymous'",3,"0012",1,"confidential: removed from data",1000,8,,,,,157
"confidential: replaced by 'CLID_anonymous'",3,"0013",1,"confidential: removed from data",15000,7,2,0,,1,158
"confidential: replaced by 'CLID_anonymous'",3,"0014",1,"confidential: removed from data",5000,9,1,0,,1,159
"confidential: replaced by 'CLID_anonymous'",3,"0020",1,"confidential: removed from data",20000,8,1,0,,2,160
"confidential: replaced by 'CLID_anonymous'",43,"0001",1,"confidential: removed from data",30000,7,1,0,,2,161
"confidential: replaced by 'CLID_anonymous'",43,"0005",1,"confidential: removed from data",6000,8,1,0,,1,162
"confidential: replaced by 'CLID_anonymous'",43,"0006",1,"confidential: removed from data",15000,8,1,0,,1,163
"confidential: replaced by 'CLID_anonymous'",43,"0010",1,"confidential: removed from data",7000,8,1,0,,1,164
"confidential: replaced by 'CLID_anonymous'",43,"0011",1,"confidential: removed from data",17000,8,1,0,,1,165
"confidential: replaced by 'CLID_anonymous'",43,"0012",1,"confidential: removed from data",15000,8,1,0,,1,166
"confidential: replaced by 'CLID_anonymous'",43,"0019",1,"confidential: removed from data",190000,8,1,0,,3,167
"confidential: replaced by 'CLID_anonymous'",43,"0020",1,"confidential: removed from data",25000,8,1,0,,1,168
"confidential: replaced by 'CLID_anonymous'",43,"0022",1,"confidential: removed from data",10000,8,1,0,,1,169
"confidential: replaced by 'CLID_anonymous'",14,"0001",1,"confidential: removed from data",10000,7,3,0,,1,170
"confidential: replaced by 'CLID_anonymous'",14,"0005",1,"confidential: removed from data",50000,7,1,0,,2,171
"confidential: replaced by 'CLID_anonymous'",14,"0008",1,"confidential: removed from data",6000,8,2,0,,1,172
"confidential: replaced by 'CLID_anonymous'",14,"0012",1,"confidential: removed from data",300000,7,1,6,4,2,173
"confidential: replaced by 'CLID_anonymous'",14,"0018",1,"confidential: removed from data",18000,7,9,0,,1,174
"confidential: replaced by 'CLID_anonymous'",20,"0003",1,"confidential: removed from data",10000,8,1,0,,1,175
"confidential: replaced by 'CLID_anonymous'",20,"0005",1,"confidential: removed from data",20000,9,1,0,,1,176
"confidential: replaced by 'CLID_anonymous'",20,"0006",1,"confidential: removed from data",50000,7,1,0,,1,177
"confidential: replaced by 'CLID_anonymous'",20,"0007",1,"confidential: removed from data",2000,7,,,,,178
"confidential: replaced by 'CLID_anonymous'",20,"0014",1,"confidential: removed from data",30000,7,1,0,,6,179
"confidential: replaced by 'CLID_anonymous'",20,"0015",1,"confidential: removed from data",20000,9,1,0,,6,180
"confidential: replaced by 'CLID_anonymous'",20,"0019",1,"confidential: removed from data",18000,9,1,0,,1,181
"confidential: replaced by 'CLID_anonymous'",13,"0003",1,"confidential: removed from data",150000,7,3,0,,10,182
"confidential: replaced by 'CLID_anonymous'",13,"0004",1,"confidential: removed from data",50000,7,1,0,,3,183
"confidential: replaced by 'CLID_anonymous'",13,"0005",1,"confidential: removed from data",15000,8,1,0,,1,184
"confidential: replaced by 'CLID_anonymous'",13,"0009",1,"confidential: removed from data",105000,9,1,0,,1,185
"confidential: replaced by 'CLID_anonymous'",13,"0015",1,"confidential: removed from data",10000,7,1,0,,1,186
"confidential: replaced by 'CLID_anonymous'",13,"0015",2,"confidential: removed from data",20000,8,1,0,,1,187
"confidential: replaced by 'CLID_anonymous'",13,"0017",1,"confidential: removed from data",4500,8,,,,,188
"confidential: replaced by 'CLID_anonymous'",13,"0023",1,"confidential: removed from data",20000,8,1,0,,1,189
"confidential: replaced by 'CLID_anonymous'",13,"0023",2,"confidential: removed from data",15000,9,1,0,,1,190
"confidential: replaced by 'CLID_anonymous'",55,"0002",1,"confidential: removed from data",5000,7,1,0,,1,191
"confidential: replaced by 'CLID_anonymous'",55,"0010",1,"confidential: removed from data",800,8,,,,,192
"confidential: replaced by 'CLID_anonymous'",55,"0020",1,"confidential: removed from data",20000,7,1,0,,1,193
"confidential: replaced by 'CLID_anonymous'",9,"0003",1,"confidential: removed from data",80000,5,2,-99,4,1,194
"confidential: replaced by 'CLID_anonymous'",9,"0022",1,"confidential: removed from data",8000,8,1,0,,1,195
"confidential: replaced by 'CLID_anonymous'",36,"0008",1,"confidential: removed from data",5000,8,1,0,,1,196
"confidential: replaced by 'CLID_anonymous'",36,"0009",1,"confidential: removed from data",10000,7,1,0,,1,197
"confidential: replaced by 'CLID_anonymous'",36,"0011",1,"confidential: removed from data",50000,9,1,0,,3,198
"confidential: replaced by 'CLID_anonymous'",73,"0005",1,"confidential: removed from data",12000,8,3,0,,1,199
"confidential: replaced by 'CLID_anonymous'",73,"0009",1,"confidential: removed from data",12000,8,1,0,,1,200
"confidential: replaced by 'CLID_anonymous'",73,"0013",1,"confidential: removed from data",50000,5,2,10,4,1,201
"confidential: replaced by 'CLID_anonymous'",34,"0004",1,"confidential: removed from data",20000,9,1,0,,1,202
"confidential: replaced by 'CLID_anonymous'",34,"0008",1,"confidential: removed from data",6000,9,1,0,,1,203
"confidential: replaced by 'CLID_anonymous'",34,"0020",1,"confidential: removed from data",11470,9,1,0,,1,204
"confidential: replaced by 'CLID_anonymous'",34,"0027",1,"confidential: removed from data",10300,8,1,0,,1,205
"confidential: replaced by 'CLID_anonymous'",34,"0028",1,"confidential: removed from data",30000,8,1,0,,2,206
"confidential: replaced by 'CLID_anonymous'",34,"0033",1,"confidential: removed from data",84000,9,2,0,,10,207
"confidential: replaced by 'CLID_anonymous'",64,"0015",1,"confidential: removed from data",20000,9,1,0,,1,208
"confidential: replaced by 'CLID_anonymous'",64,"0016",1,"confidential: removed from data",20000,9,1,0,,1,209
"confidential: replaced by 'CLID_anonymous'",64,"0017",1,"confidential: removed from data",2500,8,,,,,210
"confidential: replaced by 'CLID_anonymous'",64,"0023",1,"confidential: removed from data",10000,7,2,0,,2,211
"confidential: replaced by 'CLID_anonymous'",64,"0023",2,"confidential: removed from data",6400,8,4,0,,1,212
"confidential: replaced by 'CLID_anonymous'",64,"0024",1,"confidential: removed from data",100000,6,1,15,4,1,213
"confidential: replaced by 'CLID_anonymous'",78,"0002",1,"confidential: removed from data",20000,7,1,0,,1,214
"confidential: replaced by 'CLID_anonymous'",78,"0013",1,"confidential: removed from data",40000,7,2,0,,1,215
"confidential: replaced by 'CLID_anonymous'",78,"0017",1,"confidential: removed from data",10000,8,2,0,,1,216
"confidential: replaced by 'CLID_anonymous'",78,"0017",2,"confidential: removed from data",5000,8,2,0,,1,217
"confidential: replaced by 'CLID_anonymous'",78,"0017",3,"confidential: removed from data",5000,8,2,0,,1,218
"confidential: replaced by 'CLID_anonymous'",78,"0019",1,"confidential: removed from data",40000,9,2,0,,1,219
"confidential: replaced by 'CLID_anonymous'",78,"0019",2,"confidential: removed from data",20000,5,2,20,4,10,220
"confidential: replaced by 'CLID_anonymous'",2,"0013",1,"confidential: removed from data",15000,8,1,0,,1,221
"confidential: replaced by 'CLID_anonymous'",2,"0016",1,"confidential: removed from data",3000,10,,,,,222
"confidential: replaced by 'CLID_anonymous'",2,"0022",1,"confidential: removed from data",12100,8,1,0,,1,223
"confidential: replaced by 'CLID_anonymous'",51,"0012",1,"confidential: removed from data",80000,8,1,0,,1,224
"confidential: replaced by 'CLID_anonymous'",51,"0014",1,"confidential: removed from data",20000,8,1,0,,1,225
"confidential: replaced by 'CLID_anonymous'",51,"0020",1,"confidential: removed from data",9600,9,2,0,,1,226
"confidential: replaced by 'CLID_anonymous'",51,"0023",1,"confidential: removed from data",10000,8,1,0,,2,227
"confidential: replaced by 'CLID_anonymous'",57,"0001",1,"confidential: removed from data",3000,7,,,,,228
"confidential: replaced by 'CLID_anonymous'",57,"0001",2,"confidential: removed from data",10000,7,1,0,,10,229
"confidential: replaced by 'CLID_anonymous'",57,"0015",1,"confidential: removed from data",2000,7,,,,,230
"confidential: replaced by 'CLID_anonymous'",76,"0003",1,"confidential: removed from data",12000,9,2,0,,1,231
"confidential: replaced by 'CLID_anonymous'",76,"0006",1,"confidential: removed from data",45000,9,1,0,,1,232
"confidential: replaced by 'CLID_anonymous'",76,"0007",1,"confidential: removed from data",30000,8,1,0,,1,233
"confidential: replaced by 'CLID_anonymous'",76,"0011",1,"confidential: removed from data",100000,8,1,0,,6,234
"confidential: replaced by 'CLID_anonymous'",76,"0011",2,"confidential: removed from data",68000,8,1,0,,1,235
"confidential: replaced by 'CLID_anonymous'",76,"0011",3,"confidential: removed from data",40000,8,1,0,,6,236
"confidential: replaced by 'CLID_anonymous'",76,"0014",1,"confidential: removed from data",3000,8,,,,,237
"confidential: replaced by 'CLID_anonymous'",76,"0015",1,"confidential: removed from data",15000,8,1,0,,1,238
"confidential: replaced by 'CLID_anonymous'",59,"0002",1,"confidential: removed from data",14000,8,1,0,,1,239
"confidential: replaced by 'CLID_anonymous'",59,"0003",1,"confidential: removed from data",20000,8,1,0,,1,240
"confidential: replaced by 'CLID_anonymous'",59,"0007",1,"confidential: removed from data",2000,9,,,,,241
"confidential: replaced by 'CLID_anonymous'",59,"0013",1,"confidential: removed from data",50000,9,1,0,,1,242
"confidential: replaced by 'CLID_anonymous'",59,"0020",1,"confidential: removed from data",6000,7,1,0,,1,243
"confidential: replaced by 'CLID_anonymous'",59,"0023",1,"confidential: removed from data",20000,7,1,0,,4,244
"confidential: replaced by 'CLID_anonymous'",35,"0001",1,"confidential: removed from data",5000,8,1,0,,1,245
"confidential: replaced by 'CLID_anonymous'",35,"0036",1,"confidential: removed from data",62000,9,1,0,,2,246
"confidential: replaced by 'CLID_anonymous'",35,"0042",1,"confidential: removed from data",20000,7,1,0,,1,247
"confidential: replaced by 'CLID_anonymous'",72,"0005",1,"confidential: removed from data",15000,10,1,0,,1,248
"confidential: replaced by 'CLID_anonymous'",72,"0007",1,"confidential: removed from data",10000,7,1,0,,2,249
"confidential: replaced by 'CLID_anonymous'",72,"0011",1,"confidential: removed from data",3600,10,,,,,250
"confidential: replaced by 'CLID_anonymous'",72,"0036",1,"confidential: removed from data",20000,9,1,0,,1,251
"confidential: replaced by 'CLID_anonymous'",72,"0045",1,"confidential: removed from data",5000,8,1,0,,1,252
"confidential: replaced by 'CLID_anonymous'",42,"0001",1,"confidential: removed from data",10000,7,1,0,,1,253
"confidential: replaced by 'CLID_anonymous'",42,"0003",1,"confidential: removed from data",1950,8,,,,,254
"confidential: replaced by 'CLID_anonymous'",42,"0005",1,"confidential: removed from data",50000,7,1,0,,1,255
"confidential: replaced by 'CLID_anonymous'",42,"0012",1,"confidential: removed from data",10000,7,1,0,,1,256
"confidential: replaced by 'CLID_anonymous'",42,"0021",1,"confidential: removed from data",5000,8,1,0,,1,257
"confidential: replaced by 'CLID_anonymous'",69,"0022",1,"confidential: removed from data",50000,8,5,50,5,3,258
"confidential: replaced by 'CLID_anonymous'",69,"0026",1,"confidential: removed from data",6000,8,2,0,,1,259
"confidential: replaced by 'CLID_anonymous'",69,"0041",1,"confidential: removed from data",20000,9,2,0,,1,260
"confidential: replaced by 'CLID_anonymous'",69,"0043",1,"confidential: removed from data",80000,7,1,0,,9,261
"confidential: replaced by 'CLID_anonymous'",69,"0045",1,"confidential: removed from data",6000,9,2,0,,1,262
"confidential: replaced by 'CLID_anonymous'",47,"0008",1,"confidential: removed from data",10000,7,1,0,,2,263
"confidential: replaced by 'CLID_anonymous'",10,"0001",1,"confidential: removed from data",18000,7,1,0,,1,264
"confidential: replaced by 'CLID_anonymous'",10,"0026",1,"confidential: removed from data",5000,9,1,0,,1,265
"confidential: replaced by 'CLID_anonymous'",10,"0029",1,"confidential: removed from data",10000,8,2,0,,1,266
"confidential: replaced by 'CLID_anonymous'",33,"0001",1,"confidential: removed from data",40000,7,2,0,,2,267
"confidential: replaced by 'CLID_anonymous'",33,"0002",1,"confidential: removed from data",20000,8,2,50,4,1,268
"confidential: replaced by 'CLID_anonymous'",33,"0011",1,"confidential: removed from data",50000,7,1,0,,1,269
"confidential: replaced by 'CLID_anonymous'",33,"0025",1,"confidential: removed from data",10000,7,1,0,,1,270
"confidential: replaced by 'CLID_anonymous'",33,"0034",1,"confidential: removed from data",50000,9,1,0,,1,271
"confidential: replaced by 'CLID_anonymous'",33,"0036",1,"confidential: removed from data",8000,8,3,0,,1,272
"confidential: replaced by 'CLID_anonymous'",28,"0020",1,"confidential: removed from data",30000,8,2,0,,1,273
"confidential: replaced by 'CLID_anonymous'",28,"0030",1,"confidential: removed from data",2000000,14,1,20,5,11,274
"confidential: replaced by 'CLID_anonymous'",28,"0030",2,"confidential: removed from data",8200000,1,3,22,5,9,275
"confidential: replaced by 'CLID_anonymous'",11,"0001",1,"confidential: removed from data",600,8,,,,,276
"confidential: replaced by 'CLID_anonymous'",11,"0021",1,"confidential: removed from data",2500,8,,,,,277
"confidential: replaced by 'CLID_anonymous'",11,"0022",1,"confidential: removed from data",7200,10,1,0,,1,278
"confidential: replaced by 'CLID_anonymous'",11,"0025",1,"confidential: removed from data",36000,10,2,0,,1,279
"confidential: replaced by 'CLID_anonymous'",11,"0037",1,"confidential: removed from data",25000,9,1,0,,1,280
"confidential: replaced by 'CLID_anonymous'",11,"0039",1,"confidential: removed from data",60000,9,1,0,,1,281
"confidential: replaced by 'CLID_anonymous'",11,"0039",2,"confidential: removed from data",20000,14,1,13,4,6,282
"confidential: replaced by 'CLID_anonymous'",11,"0049",1,"confidential: removed from data",40000,7,1,0,,1,283
"confidential: replaced by 'CLID_anonymous'",11,"0050",1,"confidential: removed from data",15000,7,1,0,,1,284
"confidential: replaced by 'CLID_anonymous'",81,"0001",1,"confidential: removed from data",21800,8,1,0,,1,285
"confidential: replaced by 'CLID_anonymous'",81,"0011",1,"confidential: removed from data",20000,8,1,0,,2,286
"confidential: replaced by 'CLID_anonymous'",81,"0017",1,"confidential: removed from data",3000,7,,,,,287
"confidential: replaced by 'CLID_anonymous'",81,"0018",1,"confidential: removed from data",250000,2,2,3,4,10,288
"confidential: replaced by 'CLID_anonymous'",81,"0036",1,"confidential: removed from data",10000,8,2,0,,2,289
"confidential: replaced by 'CLID_anonymous'",29,"0003",1,"confidential: removed from data",20000,7,1,0,,9,290
"confidential: replaced by 'CLID_anonymous'",29,"0011",1,"confidential: removed from data",1130,10,,,,,291
"confidential: replaced by 'CLID_anonymous'",29,"0012",1,"confidential: removed from data",600,8,,,,,292
"confidential: replaced by 'CLID_anonymous'",29,"0029",1,"confidential: removed from data",20000,9,1,0,,1,293
"confidential: replaced by 'CLID_anonymous'",29,"0034",1,"confidential: removed from data",31600,9,1,10,4,1,294
"confidential: replaced by 'CLID_anonymous'",45,"0001",1,"confidential: removed from data",50000,8,1,0,,1,295
"confidential: replaced by 'CLID_anonymous'",45,"0004",1,"confidential: removed from data",5000,8,2,0,,1,296
"confidential: replaced by 'CLID_anonymous'",45,"0006",1,"confidential: removed from data",26000,9,1,0,,1,297
"confidential: replaced by 'CLID_anonymous'",45,"0011",1,"confidential: removed from data",2450,8,,,,,298
"confidential: replaced by 'CLID_anonymous'",45,"0013",1,"confidential: removed from data",10000,8,2,0,,1,299
"confidential: replaced by 'CLID_anonymous'",45,"0013",2,"confidential: removed from data",15000,8,2,0,,1,300
"confidential: replaced by 'CLID_anonymous'",45,"0014",1,"confidential: removed from data",10000,8,1,0,,1,301
"confidential: replaced by 'CLID_anonymous'",45,"0015",1,"confidential: removed from data",2000,9,,,,,302
"confidential: replaced by 'CLID_anonymous'",45,"0032",1,"confidential: removed from data",150000,8,1,0,,1,303
"confidential: replaced by 'CLID_anonymous'",45,"0035",1,"confidential: removed from data",12000,9,1,12,4,1,304
"confidential: replaced by 'CLID_anonymous'",45,"0036",1,"confidential: removed from data",7000,8,1,0,,1,305
"confidential: replaced by 'CLID_anonymous'",39,"0001",1,"confidential: removed from data",20000,8,1,0,,1,306
"confidential: replaced by 'CLID_anonymous'",39,"0009",1,"confidential: removed from data",150000,7,1,0,,3,307
"confidential: replaced by 'CLID_anonymous'",39,"0030",1,"confidential: removed from data",5000,8,1,0,,99,308
"confidential: replaced by 'CLID_anonymous'",39,"0038",1,"confidential: removed from data",3000,8,,,,,309
"confidential: replaced by 'CLID_anonymous'",39,"0038",2,"confidential: removed from data",2000,8,,,,,310
"confidential: replaced by 'CLID_anonymous'",39,"0038",3,"confidential: removed from data",4000,8,,,,,311
"confidential: replaced by 'CLID_anonymous'",39,"0040",1,"confidential: removed from data",10000,10,1,0,,1,312
"confidential: replaced by 'CLID_anonymous'",39,"0044",1,"confidential: removed from data",40000,8,2,0,,99,313
"confidential: replaced by 'CLID_anonymous'",39,"0045",1,"confidential: removed from data",1400,10,,,,,314
"confidential: replaced by 'CLID_anonymous'",39,"0050",1,"confidential: removed from data",30000,8,1,0,,1,315
"confidential: replaced by 'CLID_anonymous'",44,"0010",1,"confidential: removed from data",4000,8,,,,,316
"confidential: replaced by 'CLID_anonymous'",44,"0015",1,"confidential: removed from data",7100,9,1,0,,1,317
"confidential: replaced by 'CLID_anonymous'",44,"0017",1,"confidential: removed from data",200000,5,6,5,4,9,318
"confidential: replaced by 'CLID_anonymous'",44,"0027",1,"confidential: removed from data",1200,8,,,,,319
"confidential: replaced by 'CLID_anonymous'",44,"0028",1,"confidential: removed from data",200,7,,,,,320
"confidential: replaced by 'CLID_anonymous'",18,"0006",1,"confidential: removed from data",10000,8,2,0,,1,321
"confidential: replaced by 'CLID_anonymous'",18,"0008",1,"confidential: removed from data",30000,8,1,0,,1,322
"confidential: replaced by 'CLID_anonymous'",18,"0018",1,"confidential: removed from data",5000,7,1,0,,1,323
"confidential: replaced by 'CLID_anonymous'",18,"0021",1,"confidential: removed from data",50000,8,1,0,,2,324
"confidential: replaced by 'CLID_anonymous'",12,"0025",1,"confidential: removed from data",60000,99,1,0,,9,325
"confidential: replaced by 'CLID_anonymous'",12,"0034",1,"confidential: removed from data",10000,8,3,0,,1,326
"confidential: replaced by 'CLID_anonymous'",12,"0044",1,"confidential: removed from data",5000,9,1,0,,1,327
"confidential: replaced by 'CLID_anonymous'",12,"0048",1,"confidential: removed from data",20000,99,1,0,,2,328
"confidential: replaced by 'CLID_anonymous'",65,"0007",1,"confidential: removed from data",5000,9,3,0,,1,329
"confidential: replaced by 'CLID_anonymous'",65,"0008",1,"confidential: removed from data",1500,10,,,,,330
"confidential: replaced by 'CLID_anonymous'",65,"0011",1,"confidential: removed from data",20000,7,1,0,,1,331
"confidential: replaced by 'CLID_anonymous'",65,"0011",2,"confidential: removed from data",25000,8,1,0,,1,332
"confidential: replaced by 'CLID_anonymous'",65,"0022",1,"confidential: removed from data",40000,7,1,0,,1,333
"confidential: replaced by 'CLID_anonymous'",65,"0038",1,"confidential: removed from data",10000,7,1,0,,1,334
"confidential: replaced by 'CLID_anonymous'",65,"0046",1,"confidential: removed from data",2100,8,,,,,335
"confidential: replaced by 'CLID_anonymous'",54,"0017",1,"confidential: removed from data",20000,8,1,0,,1,336
"confidential: replaced by 'CLID_anonymous'",38,"0006",1,"confidential: removed from data",1000,10,,,,,337
"confidential: replaced by 'CLID_anonymous'",38,"0007",1,"confidential: removed from data",80000,14,2,0,,2,338
"confidential: replaced by 'CLID_anonymous'",38,"0011",1,"confidential: removed from data",10000,9,2,0,,1,339
"confidential: replaced by 'CLID_anonymous'",38,"0013",1,"confidential: removed from data",20000,8,1,0,,1,340
"confidential: replaced by 'CLID_anonymous'",38,"0048",1,"confidential: removed from data",30000,8,4,0,,1,341
"confidential: replaced by 'CLID_anonymous'",25,"0016",1,"confidential: removed from data",120000,10,1,0,,1,342
"confidential: replaced by 'CLID_anonymous'",25,"0020",1,"confidential: removed from data",6000,8,1,0,,1,343
"confidential: replaced by 'CLID_anonymous'",25,"0021",1,"confidential: removed from data",45000,10,1,0,,1,344
"confidential: replaced by 'CLID_anonymous'",25,"0029",1,"confidential: removed from data",40000,10,1,0,,99,345
"confidential: replaced by 'CLID_anonymous'",25,"0030",1,"confidential: removed from data",9000,9,1,0,,1,346
"confidential: replaced by 'CLID_anonymous'",25,"0031",1,"confidential: removed from data",10000,9,1,0,,1,347
"confidential: replaced by 'CLID_anonymous'",25,"0032",1,"confidential: removed from data",50000,14,1,7,4,2,348
"confidential: replaced by 'CLID_anonymous'",31,"0002",1,"confidential: removed from data",30000,8,1,0,,2,349
"confidential: replaced by 'CLID_anonymous'",31,"0007",1,"confidential: removed from data",16000,8,3,0,,1,350
"confidential: replaced by 'CLID_anonymous'",31,"0016",1,"confidential: removed from data",5000,7,4,0,,4,351
"confidential: replaced by 'CLID_anonymous'",24,"0007",1,"confidential: removed from data",3500,7,,,,,352
"confidential: replaced by 'CLID_anonymous'",24,"0023",1,"confidential: removed from data",100000,8,2,5,4,2,353
"confidential: replaced by 'CLID_anonymous'",24,"0023",2,"confidential: removed from data",1000,8,,,,,354
"confidential: replaced by 'CLID_anonymous'",24,"0028",1,"confidential: removed from data",10000,7,1,0,,1,355
"confidential: replaced by 'CLID_anonymous'",24,"0028",2,"confidential: removed from data",15000,7,1,0,,1,356
"confidential: replaced by 'CLID_anonymous'",24,"0028",3,"confidential: removed from data",22000,7,1,0,,1,357
"confidential: replaced by 'CLID_anonymous'",24,"0029",1,"confidential: removed from data",7000,8,1,0,,1,358
"confidential: replaced by 'CLID_anonymous'",24,"0029",2,"confidential: removed from data",6000,8,1,0,,1,359
"confidential: replaced by 'CLID_anonymous'",24,"0029",3,"confidential: removed from data",10000,8,1,0,,1,360
"confidential: replaced by 'CLID_anonymous'",24,"0032",1,"confidential: removed from data",100000,8,1,0,,1,361
"confidential: replaced by 'CLID_anonymous'",24,"0034",1,"confidential: removed from data",25000,9,2,0,,1,362
"confidential: replaced by 'CLID_anonymous'",24,"0041",1,"confidential: removed from data",5000,9,1,0,,1,363
"confidential: replaced by 'CLID_anonymous'",24,"0045",1,"confidential: removed from data",5000,9,3,0,,1,364
"confidential: replaced by 'CLID_anonymous'",24,"0045",2,"confidential: removed from data",28000,8,1,0,,1,365
"confidential: replaced by 'CLID_anonymous'",24,"0050",1,"confidential: removed from data",8000,9,2,0,,10,366
"confidential: replaced by 'CLID_anonymous'",24,"0050",2,"confidential: removed from data",18000,8,1,0,,10,367
