"CLID","CLID_anonymous","HHNum","T5JQ2","T5JQ3"
"confidential: replaced by 'CLID_anonymous'",26,"0001",1,"kufinyanga vyungu"
"confidential: replaced by 'CLID_anonymous'",26,"0002",1,"Kutengeneza vyungu"
"confidential: replaced by 'CLID_anonymous'",26,"0002",2,"Kutengeneza pombe za kienyeji"
"confidential: replaced by 'CLID_anonymous'",26,"0013",1,"Kukata na kuuza kuni."
"confidential: replaced by 'CLID_anonymous'",26,"0014",1,"kufinyanga vyungu"
"confidential: replaced by 'CLID_anonymous'",26,"0017",1,"Kukata mkaa"
"confidential: replaced by 'CLID_anonymous'",26,"0017",2,"Kutengeneza nyungo"
"confidential: replaced by 'CLID_anonymous'",26,"0017",3,"Kutengeneza vyungu"
"confidential: replaced by 'CLID_anonymous'",26,"0025",1,"Kuuza kuni"
"confidential: replaced by 'CLID_anonymous'",46,"0002",1,"Kuuza Genge"
"confidential: replaced by 'CLID_anonymous'",46,"0004",1,"Kutengeza na kuuza fagio, na kamba za kuchotea maji visimani."
"confidential: replaced by 'CLID_anonymous'",46,"0009",1,"kukkusanya  kuni na kuuza"
"confidential: replaced by 'CLID_anonymous'",77,"0003",1,"Kuchota maji"
"confidential: replaced by 'CLID_anonymous'",77,"0004",1,"Kuuza Samaki."
"confidential: replaced by 'CLID_anonymous'",77,"0008",1,"Kuuza kuni."
"confidential: replaced by 'CLID_anonymous'",77,"0012",1,"Anauza vyambo vya kutegea samaki."
"confidential: replaced by 'CLID_anonymous'",77,"0013",1,"Kuvua na kuuza samaki."
"confidential: replaced by 'CLID_anonymous'",77,"0015",1,"Kutengeneza na kuuza mifagio"
"confidential: replaced by 'CLID_anonymous'",77,"0016",1,"Kuuza Maandazi"
"confidential: replaced by 'CLID_anonymous'",77,"0018",1,"Uvuvi"
"confidential: replaced by 'CLID_anonymous'",77,"0023",1,"Kuuza samaki"
"confidential: replaced by 'CLID_anonymous'",63,"0003",1,"kupika pombe ya kienyeji"
"confidential: replaced by 'CLID_anonymous'",63,"0005",1,"Kukusanya na kuuza kuni."
"confidential: replaced by 'CLID_anonymous'",15,"0002",1,"kuuza mipini ya jembe na shoka"
"confidential: replaced by 'CLID_anonymous'",15,"0006",1,"Kuuza kuni"
"confidential: replaced by 'CLID_anonymous'",15,"0016",1,"kuuza kuni"
"confidential: replaced by 'CLID_anonymous'",16,"0013",1,"Kuuza genge"
"confidential: replaced by 'CLID_anonymous'",80,"0011",1,"kuchinja mbuzi"
"confidential: replaced by 'CLID_anonymous'",22,"0023",1,"Kuchonga vigoda"
"confidential: replaced by 'CLID_anonymous'",40,"0002",1,"Kuchanja na kuuza kuni"
"confidential: replaced by 'CLID_anonymous'",40,"0007",1,"kuuza kuni"
"confidential: replaced by 'CLID_anonymous'",40,"0010",1,"kuuza pombe"
"confidential: replaced by 'CLID_anonymous'",40,"0013",1,"kuuza nyanya"
"confidential: replaced by 'CLID_anonymous'",19,"0008",1,"kuuza pombe ya kienyeji"
"confidential: replaced by 'CLID_anonymous'",19,"0012",1,"kuuza pombe ya kienyeji"
"confidential: replaced by 'CLID_anonymous'",19,"0018",1,"Kuchanja na kuuza kuni"
"confidential: replaced by 'CLID_anonymous'",19,"0022",1,"kuuza pombe"
"confidential: replaced by 'CLID_anonymous'",50,"0022",1,"Kuuza mandazi"
"confidential: replaced by 'CLID_anonymous'",6,"0001",1,"Kuuza kuni"
"confidential: replaced by 'CLID_anonymous'",6,"0003",1,"kuuza kuni"
"confidential: replaced by 'CLID_anonymous'",6,"0004",1,"kuuza kuni"
"confidential: replaced by 'CLID_anonymous'",6,"0005",1,"Kuchanja na kuuza kuni"
"confidential: replaced by 'CLID_anonymous'",6,"0008",1,"Kuvua na kuuza samaki"
"confidential: replaced by 'CLID_anonymous'",6,"0011",1,"Kuuza chambo za kuvulia samaki"
"confidential: replaced by 'CLID_anonymous'",6,"0015",1,"kuuza kuni"
"confidential: replaced by 'CLID_anonymous'",6,"0015",2,"kuuza majongoo(mdudu anayetumika kama chambo kuvulia)"
"confidential: replaced by 'CLID_anonymous'",6,"0020",1,"Kuuza Pombe(kwa jumla)"
"confidential: replaced by 'CLID_anonymous'",6,"0021",1,"kuvua na kuuza samaki"
"confidential: replaced by 'CLID_anonymous'",48,"0010",1,"Kuuza kuni"
"confidential: replaced by 'CLID_anonymous'",56,"0015",1,"kusuka nyungo na kuuza"
"confidential: replaced by 'CLID_anonymous'",70,"0012",1,"kuuza kuni"
"confidential: replaced by 'CLID_anonymous'",70,"0018",1,"kuuza shoka na visu"
"confidential: replaced by 'CLID_anonymous'",52,"0008",1,"Kuuza Vyungu vya udongo"
"confidential: replaced by 'CLID_anonymous'",52,"0011",1,"kuuza vyungu"
"confidential: replaced by 'CLID_anonymous'",27,"0014",1,"made trees door"
"confidential: replaced by 'CLID_anonymous'",27,"0015",1,"Kuuza pombe ya kienyeji."
"confidential: replaced by 'CLID_anonymous'",27,"0018",1,"Selling firewood"
"confidential: replaced by 'CLID_anonymous'",68,"0007",1,"kuuza kuni"
"confidential: replaced by 'CLID_anonymous'",68,"0008",1,"kuuza pombe"
"confidential: replaced by 'CLID_anonymous'",68,"0009",1,"kuchonga vipekecho vya mboga na mwiko"
"confidential: replaced by 'CLID_anonymous'",68,"0020",1,"Kuuza Pombe -wanzuki"
"confidential: replaced by 'CLID_anonymous'",8,"0003",1,"Kutengeneza mifagio"
"confidential: replaced by 'CLID_anonymous'",8,"0004",1,"kukusanya kuni na kuuza"
"confidential: replaced by 'CLID_anonymous'",8,"0008",1,"Kuuza mkaa."
"confidential: replaced by 'CLID_anonymous'",8,"0017",1,"Kutengeneza vyombo mf vijiko, sigiri na sufuria"
"confidential: replaced by 'CLID_anonymous'",66,"0004",1,"Kuuza kamba"
"confidential: replaced by 'CLID_anonymous'",66,"0007",1,"Kukata na kuuza kuni"
"confidential: replaced by 'CLID_anonymous'",66,"0020",1,"Kuuza Vyungu vya udongo"
"confidential: replaced by 'CLID_anonymous'",5,"0001",1,"kuu za maembe"
"confidential: replaced by 'CLID_anonymous'",5,"0001",2,"kuuza mifagiyo"
"confidential: replaced by 'CLID_anonymous'",5,"0003",1,"Kuuza ugoro/tumbaku"
"confidential: replaced by 'CLID_anonymous'",5,"0004",1,"Kuuza mkaa"
"confidential: replaced by 'CLID_anonymous'",5,"0008",1,"kuuza mipini ya jembe"
"confidential: replaced by 'CLID_anonymous'",5,"0010",1,"kuuza chapati"
"confidential: replaced by 'CLID_anonymous'",5,"0018",1,"Kuuza mkaa kwa jumla"
"confidential: replaced by 'CLID_anonymous'",5,"0019",1,"kuuza pombe"
"confidential: replaced by 'CLID_anonymous'",5,"0027",1,"Kuuza mkaa"
"confidential: replaced by 'CLID_anonymous'",49,"0006",1,"Kusuka Viungo"
"confidential: replaced by 'CLID_anonymous'",49,"0010",1,"Viungo vya kuezekea na kusuka kamba"
"confidential: replaced by 'CLID_anonymous'",49,"0014",1,"Kuuza mama lishe"
"confidential: replaced by 'CLID_anonymous'",49,"0015",1,"KUVUA NA KUUZA SAMAKI"
"confidential: replaced by 'CLID_anonymous'",49,"0016",1,"kuuza samaki"
"confidential: replaced by 'CLID_anonymous'",49,"0018",1,"Uvuvi"
"confidential: replaced by 'CLID_anonymous'",49,"0020",1,"Mama lishe"
"confidential: replaced by 'CLID_anonymous'",49,"0022",1,"Kusuka Mikeka"
"confidential: replaced by 'CLID_anonymous'",49,"0023",1,"kuuza samaki"
"confidential: replaced by 'CLID_anonymous'",49,"0024",1,"Ushonaji."
"confidential: replaced by 'CLID_anonymous'",49,"0026",1,"Kununua na kuuza samaki"
"confidential: replaced by 'CLID_anonymous'",49,"0027",1,"Kuuza ubuyu, karanga na Visheti"
"confidential: replaced by 'CLID_anonymous'",74,"0001",1,"kuuza jamvi"
"confidential: replaced by 'CLID_anonymous'",74,"0002",1,"kuuza mboga za majani na matunda"
"confidential: replaced by 'CLID_anonymous'",74,"0002",2,"mradi wa biashara ya pikipiki"
"confidential: replaced by 'CLID_anonymous'",74,"0013",1,"kuuza nguo"
"confidential: replaced by 'CLID_anonymous'",74,"0013",2,"kuuza kuku"
"confidential: replaced by 'CLID_anonymous'",74,"0014",1,"Kuuza Mkaa kwa jumla"
"confidential: replaced by 'CLID_anonymous'",74,"0021",1,"Kuuza jamvi/mkeka"
"confidential: replaced by 'CLID_anonymous'",62,"0004",1,"kuuza mikeka"
"confidential: replaced by 'CLID_anonymous'",62,"0007",1,"Kuuza Kuni"
"confidential: replaced by 'CLID_anonymous'",62,"0021",1,"kuuza kuni"
"confidential: replaced by 'CLID_anonymous'",62,"0025",1,"KUUZA  MANDAZI"
"confidential: replaced by 'CLID_anonymous'",62,"0026",1,"kuuza matofali"
"confidential: replaced by 'CLID_anonymous'",62,"0026",2,"kusuka majamvi"
"confidential: replaced by 'CLID_anonymous'",21,"0002",1,"Kununua na kuuza bia"
"confidential: replaced by 'CLID_anonymous'",21,"0002",2,"Kununua na kuuza samaki"
"confidential: replaced by 'CLID_anonymous'",21,"0005",1,"kusuka na kuuza mikeka"
"confidential: replaced by 'CLID_anonymous'",21,"0007",1,"kupangisha nyumba"
"confidential: replaced by 'CLID_anonymous'",21,"0009",1,"Mugahawa"
"confidential: replaced by 'CLID_anonymous'",21,"0010",1,"kuuza mgahawa"
"confidential: replaced by 'CLID_anonymous'",21,"0016",1,"Kusuka ukili"
"confidential: replaced by 'CLID_anonymous'",21,"0017",1,"Biashara ya kusuka ukindu"
"confidential: replaced by 'CLID_anonymous'",21,"0022",1,"Kuuza Mandazi"
"confidential: replaced by 'CLID_anonymous'",21,"0023",1,"Kupika na kuuza vitumbua"
"confidential: replaced by 'CLID_anonymous'",1,"0003",1,"kuuza mkeka"
"confidential: replaced by 'CLID_anonymous'",1,"0006",1,"Kutengeneza na kuuza vikapu"
"confidential: replaced by 'CLID_anonymous'",79,"0001",1,"Kuuza Mkaa"
"confidential: replaced by 'CLID_anonymous'",79,"0005",1,"kuuza samaki"
"confidential: replaced by 'CLID_anonymous'",79,"0007",1,"Kusuka mikeka"
"confidential: replaced by 'CLID_anonymous'",79,"0022",1,"Kukata mkaa"
"confidential: replaced by 'CLID_anonymous'",41,"0003",1,"KUPIKA HALF KEKI"
"confidential: replaced by 'CLID_anonymous'",41,"0014",1,"Kuchoma mkaq"
"confidential: replaced by 'CLID_anonymous'",41,"0015",1,"Kukata mkaa"
"confidential: replaced by 'CLID_anonymous'",41,"0023",1,"Kuchoma mkaa"
"confidential: replaced by 'CLID_anonymous'",71,"0001",1,"Duka"
"confidential: replaced by 'CLID_anonymous'",71,"0001",2,"Mgahawa"
"confidential: replaced by 'CLID_anonymous'",71,"0005",1,"Kununua na kuuza mkaa"
"confidential: replaced by 'CLID_anonymous'",71,"0008",1,"kusuka makuti na kuyauza"
"confidential: replaced by 'CLID_anonymous'",71,"0009",1,"kuuza mgahawa"
"confidential: replaced by 'CLID_anonymous'",71,"0011",1,"Kuuza vifunge"
"confidential: replaced by 'CLID_anonymous'",71,"0012",1,"Vyumba vya kupangisha"
"confidential: replaced by 'CLID_anonymous'",71,"0018",1,"kusuka makuti na kuuza"
"confidential: replaced by 'CLID_anonymous'",71,"0019",1,"Kuuza maji"
"confidential: replaced by 'CLID_anonymous'",71,"0021",1,"kuuza chapati"
"confidential: replaced by 'CLID_anonymous'",53,"0006",1,"kusuka na kuuza makuti"
"confidential: replaced by 'CLID_anonymous'",53,"0008",1,"Kuchoma na kuuza mkaa"
"confidential: replaced by 'CLID_anonymous'",53,"0009",1,"kuuza makuti"
"confidential: replaced by 'CLID_anonymous'",53,"0013",1,"kuuza samaki"
"confidential: replaced by 'CLID_anonymous'",53,"0017",1,"Kuuza pombe"
"confidential: replaced by 'CLID_anonymous'",53,"0019",1,"Kununua na kuuza tumbaku"
"confidential: replaced by 'CLID_anonymous'",75,"0008",1,"Duka"
"confidential: replaced by 'CLID_anonymous'",75,"0012",1,"Kununua na kuuza nyanya,dagaa,bamia,samaki,vitunguu,nk."
"confidential: replaced by 'CLID_anonymous'",75,"0015",1,"Kuuza Maziwa"
"confidential: replaced by 'CLID_anonymous'",75,"0016",1,"kuchoma mkaa"
"confidential: replaced by 'CLID_anonymous'",75,"0018",1,"kukata mkaa"
"confidential: replaced by 'CLID_anonymous'",75,"0019",1,"kukata mkaa"
"confidential: replaced by 'CLID_anonymous'",75,"0021",1,"kuchoma mkaa"
"confidential: replaced by 'CLID_anonymous'",37,"0011",1,"Kuchoma mkaa"
"confidential: replaced by 'CLID_anonymous'",37,"0017",1,"Kuchana/kuuza mbao"
"confidential: replaced by 'CLID_anonymous'",37,"0021",1,"kuuza chai na mandazi"
"confidential: replaced by 'CLID_anonymous'",37,"0022",1,"Kuuza mazao ya chakula kama kunde bamia nk"
"confidential: replaced by 'CLID_anonymous'",61,"0002",1,"Kusuka mkeka"
"confidential: replaced by 'CLID_anonymous'",61,"0022",1,"Kusuka majamvi/mikeka"
"confidential: replaced by 'CLID_anonymous'",60,"0015",1,"kuuza ungo"
"confidential: replaced by 'CLID_anonymous'",60,"0015",2,"kuuza vikapu"
"confidential: replaced by 'CLID_anonymous'",60,"0022",1,"Kununua na kuuza kuku"
"confidential: replaced by 'CLID_anonymous'",4,"0004",1,"kibanda cha kuuza bidhaa ndogondogo"
"confidential: replaced by 'CLID_anonymous'",4,"0008",1,"Kuuza ukindu"
"confidential: replaced by 'CLID_anonymous'",4,"0019",1,"kuuza kwenye mgahawa"
"confidential: replaced by 'CLID_anonymous'",7,"0002",1,"Kuuza samaki"
"confidential: replaced by 'CLID_anonymous'",7,"0004",1,"kuuza chai"
"confidential: replaced by 'CLID_anonymous'",7,"0009",1,"kuuza mkaa"
"confidential: replaced by 'CLID_anonymous'",32,"0001",1,"kukata mkaa"
"confidential: replaced by 'CLID_anonymous'",32,"0003",1,"ufugaji nyuki"
"confidential: replaced by 'CLID_anonymous'",32,"0006",1,"Kukata mkaa"
"confidential: replaced by 'CLID_anonymous'",32,"0007",1,"Kukata mkaa"
"confidential: replaced by 'CLID_anonymous'",32,"0008",1,"Kuchoma mkaa."
"confidential: replaced by 'CLID_anonymous'",32,"0009",1,"Kukata mkaa"
"confidential: replaced by 'CLID_anonymous'",32,"0012",1,"kuchoma  mkaa"
"confidential: replaced by 'CLID_anonymous'",32,"0013",1,"Kukata mkaa"
"confidential: replaced by 'CLID_anonymous'",32,"0015",1,"Kukata mkaa"
"confidential: replaced by 'CLID_anonymous'",32,"0019",1,"Kutengeneza na kuuza mandazi pamoja na chai."
"confidential: replaced by 'CLID_anonymous'",32,"0021",1,"kuchoma  mkaa"
"confidential: replaced by 'CLID_anonymous'",17,"0009",1,"Kukata mkaa"
"confidential: replaced by 'CLID_anonymous'",17,"0013",1,"Kukata mkaa"
"confidential: replaced by 'CLID_anonymous'",17,"0014",1,"Mghahawa"
"confidential: replaced by 'CLID_anonymous'",17,"0016",1,"Kuchoma na kuuza mkaa."
"confidential: replaced by 'CLID_anonymous'",17,"0020",1,"Kuchoma mkaa"
"confidential: replaced by 'CLID_anonymous'",3,"0008",1,"KUCHOMA MKAA   NA KUUZA"
"confidential: replaced by 'CLID_anonymous'",3,"0018",1,"Kukata mkaa"
"confidential: replaced by 'CLID_anonymous'",3,"0021",1,"Kukata mkaa"
"confidential: replaced by 'CLID_anonymous'",43,"0004",1,"Kushona na kuuza vikapu"
"confidential: replaced by 'CLID_anonymous'",43,"0007",1,"Kubonda kokoto"
"confidential: replaced by 'CLID_anonymous'",43,"0012",1,"Mgahawa"
"confidential: replaced by 'CLID_anonymous'",43,"0018",1,"Kutengeneza Baisikeli"
"confidential: replaced by 'CLID_anonymous'",14,"0018",1,"kuuza mkaa"
"confidential: replaced by 'CLID_anonymous'",20,"0004",1,"kuuza mbogamboga"
"confidential: replaced by 'CLID_anonymous'",13,"0003",1,"Kupika mandazi"
"confidential: replaced by 'CLID_anonymous'",13,"0003",2,"Kuchoma mkaa"
"confidential: replaced by 'CLID_anonymous'",13,"0007",1,"Kukata mkaa"
"confidential: replaced by 'CLID_anonymous'",13,"0009",1,"Kuchoma na kuuza mkaa."
"confidential: replaced by 'CLID_anonymous'",13,"0011",1,"Kuuza mikeka"
"confidential: replaced by 'CLID_anonymous'",13,"0014",1,"Kuuza kande"
"confidential: replaced by 'CLID_anonymous'",13,"0014",2,"Kukata mkaa"
"confidential: replaced by 'CLID_anonymous'",13,"0017",1,"Kuchoma mkaa"
"confidential: replaced by 'CLID_anonymous'",13,"0017",2,"kusuka mikeka na kamba za kutengeneza vitanda"
"confidential: replaced by 'CLID_anonymous'",13,"0018",1,"kukata mkaa"
"confidential: replaced by 'CLID_anonymous'",13,"0019",1,"Kukata mkaa"
"confidential: replaced by 'CLID_anonymous'",13,"0022",1,"Kuuza pombe ya kienyeji"
"confidential: replaced by 'CLID_anonymous'",13,"0022",2,"Ufundi seremala"
"confidential: replaced by 'CLID_anonymous'",55,"0011",1,"kuchoma chapati"
"confidential: replaced by 'CLID_anonymous'",55,"0014",1,"kuuza vitafunwa."
"confidential: replaced by 'CLID_anonymous'",55,"0019",1,"Kuuza mkaa."
"confidential: replaced by 'CLID_anonymous'",55,"0020",1,"Mgahawa"
"confidential: replaced by 'CLID_anonymous'",55,"0020",2,"kuuza samaki"
"confidential: replaced by 'CLID_anonymous'",55,"0022",1,"Kusuka makuti"
"confidential: replaced by 'CLID_anonymous'",55,"0023",1,"kuuza samaki"
"confidential: replaced by 'CLID_anonymous'",9,"0002",1,"Fundi Baiskeli"
"confidential: replaced by 'CLID_anonymous'",36,"0002",1,"Kuuza mkaa"
"confidential: replaced by 'CLID_anonymous'",36,"0003",1,"Kusuka kamba na majamvi."
"confidential: replaced by 'CLID_anonymous'",36,"0005",1,"Kuvua samaki/dagaa na kuuza"
"confidential: replaced by 'CLID_anonymous'",36,"0005",2,"Kuuza vitafunwa"
"confidential: replaced by 'CLID_anonymous'",36,"0018",1,"Ukumbi wa burudani"
"confidential: replaced by 'CLID_anonymous'",36,"0018",2,"Kuuza vitafunwa"
"confidential: replaced by 'CLID_anonymous'",36,"0022",1,"Kusuka jamvi"
"confidential: replaced by 'CLID_anonymous'",73,"0001",1,"Mama lishe"
"confidential: replaced by 'CLID_anonymous'",73,"0002",1,"Kukaanga Samaki"
"confidential: replaced by 'CLID_anonymous'",73,"0012",1,"Kuuza Samaki"
"confidential: replaced by 'CLID_anonymous'",73,"0013",1,"Kuuza mikate."
"confidential: replaced by 'CLID_anonymous'",73,"0015",1,"Kuuza togwa"
"confidential: replaced by 'CLID_anonymous'",73,"0018",1,"Kuuza chakula [tambi]"
"confidential: replaced by 'CLID_anonymous'",73,"0020",1,"kibanda cha kuuza vocha."
"confidential: replaced by 'CLID_anonymous'",73,"0022",1," mgahawa (mama ntilie)"
"confidential: replaced by 'CLID_anonymous'",34,"0008",1,"Kuuza Makuti"
"confidential: replaced by 'CLID_anonymous'",34,"0026",1,"Kioski"
"confidential: replaced by 'CLID_anonymous'",34,"0029",1,"Kuuza Kashata"
"confidential: replaced by 'CLID_anonymous'",34,"0031",1,"Kusuka mikeki"
"confidential: replaced by 'CLID_anonymous'",34,"0033",1,"Kiosk"
"confidential: replaced by 'CLID_anonymous'",64,"0001",1,"Kuuza mkaa."
"confidential: replaced by 'CLID_anonymous'",64,"0012",1,"Kuuza Makuti Yaliyosukwa"
"confidential: replaced by 'CLID_anonymous'",64,"0014",1,"kukoroga wanzuki na kuuza"
"confidential: replaced by 'CLID_anonymous'",64,"0019",1,"Kuuza kuni"
"confidential: replaced by 'CLID_anonymous'",64,"0024",1,"Kukaanga/kuuza samaki"
"confidential: replaced by 'CLID_anonymous'",64,"0025",1,"Mama lishe"
"confidential: replaced by 'CLID_anonymous'",78,"0006",1,"Kuuza  maziwa"
"confidential: replaced by 'CLID_anonymous'",78,"0011",1,"Kuuza Vyungu."
"confidential: replaced by 'CLID_anonymous'",78,"0017",1,"kuuza mkaa."
"confidential: replaced by 'CLID_anonymous'",78,"0018",1,"kukata mkaa"
"confidential: replaced by 'CLID_anonymous'",2,"0002",1,"Uganga wa jadi"
"confidential: replaced by 'CLID_anonymous'",2,"0008",1,"kuuza pombe"
"confidential: replaced by 'CLID_anonymous'",2,"0012",1,"Kuuza pombe za kienyeji."
"confidential: replaced by 'CLID_anonymous'",2,"0014",1,"Kuuza mkaa"
"confidential: replaced by 'CLID_anonymous'",2,"0014",2,"Kuuza ugoro"
"confidential: replaced by 'CLID_anonymous'",2,"0015",1,"kuuza mkaa"
"confidential: replaced by 'CLID_anonymous'",2,"0016",1,"kuuza mkaa"
"confidential: replaced by 'CLID_anonymous'",2,"0017",1,"kuuza mkaa"
"confidential: replaced by 'CLID_anonymous'",2,"0018",1,"Kuuza mkaa"
"confidential: replaced by 'CLID_anonymous'",2,"0019",1,"kuuza mkaa"
"confidential: replaced by 'CLID_anonymous'",51,"0006",1,"kuuza  katika genge."
"confidential: replaced by 'CLID_anonymous'",51,"0016",1,"KUUZA MBOGA ZA MAJANI"
"confidential: replaced by 'CLID_anonymous'",51,"0020",1,"Kuuza korosho"
"confidential: replaced by 'CLID_anonymous'",51,"0026",1,"KUUZA CHAKULA(Mamantilie)"
"confidential: replaced by 'CLID_anonymous'",57,"0001",1,"kuchoma mkaa"
"confidential: replaced by 'CLID_anonymous'",57,"0001",2,"kuchonga vitanda"
"confidential: replaced by 'CLID_anonymous'",57,"0012",1,"kuuza vitumbua"
"confidential: replaced by 'CLID_anonymous'",57,"0019",1,"Kuuza mkaa"
"confidential: replaced by 'CLID_anonymous'",59,"0003",1,"Kuuza mandazi"
"confidential: replaced by 'CLID_anonymous'",59,"0018",1,"kuuza mgahawa"
"confidential: replaced by 'CLID_anonymous'",59,"0018",2,"kuuza vikapu"
"confidential: replaced by 'CLID_anonymous'",35,"0001",1,"Kuuza mkaa"
"confidential: replaced by 'CLID_anonymous'",35,"0006",1,"Kuuza Mbao"
"confidential: replaced by 'CLID_anonymous'",35,"0015",1,"Kuuza bia"
"confidential: replaced by 'CLID_anonymous'",35,"0039",1,"KUUZA  SAMAKI WA KUKAANGA"
"confidential: replaced by 'CLID_anonymous'",35,"0042",1,"Kutengeneza na kuuza mandazi"
"confidential: replaced by 'CLID_anonymous'",72,"0007",1,"CHEREHANI"
"confidential: replaced by 'CLID_anonymous'",72,"0007",2,"KUSHONA VIATU"
"confidential: replaced by 'CLID_anonymous'",72,"0040",1,"Uvuvi"
"confidential: replaced by 'CLID_anonymous'",42,"0008",1,"Kuuza chapati"
"confidential: replaced by 'CLID_anonymous'",42,"0009",1,"Kusona nguo kwa kutumia cherhani"
"confidential: replaced by 'CLID_anonymous'",42,"0021",1,"KUPIKA  VITUMBUA NA KUUZA"
"confidential: replaced by 'CLID_anonymous'",69,"0023",1,"Cherehani (kushona  nguo)"
"confidential: replaced by 'CLID_anonymous'",69,"0044",1,"Kuchonga vinu."
"confidential: replaced by 'CLID_anonymous'",47,"0006",1,"Kutengeneza kamba za kutandia vitanda"
"confidential: replaced by 'CLID_anonymous'",47,"0008",1,"Kusuka Nyungo"
"confidential: replaced by 'CLID_anonymous'",47,"0008",2,"Kuchoma Mkaa"
"confidential: replaced by 'CLID_anonymous'",47,"0010",1,"Kuuza Dagaa"
"confidential: replaced by 'CLID_anonymous'",47,"0012",1,"Kuchoma Mkaa"
"confidential: replaced by 'CLID_anonymous'",47,"0013",1,"KUCHOMA MKAA"
"confidential: replaced by 'CLID_anonymous'",47,"0034",1,"kusuka kamba za mifugo na vitanda"
"confidential: replaced by 'CLID_anonymous'",47,"0044",1,"Kuuza vibao vya mbuzi"
"confidential: replaced by 'CLID_anonymous'",10,"0003",1,"KUCHOMA  MKAA"
"confidential: replaced by 'CLID_anonymous'",10,"0008",1,"Mashine  ya kusaga"
"confidential: replaced by 'CLID_anonymous'",10,"0008",2,"Kuchoma  mkaa"
"confidential: replaced by 'CLID_anonymous'",10,"0009",1,"Kuchoma Mkaa"
"confidential: replaced by 'CLID_anonymous'",33,"0003",1,"Kioski"
"confidential: replaced by 'CLID_anonymous'",33,"0006",1,"Kuuza Mkaa"
"confidential: replaced by 'CLID_anonymous'",33,"0014",1,"kuuza samaki"
"confidential: replaced by 'CLID_anonymous'",33,"0025",1,"Kusuka mkeka"
"confidential: replaced by 'CLID_anonymous'",33,"0034",1,"Kuuza mandazi"
"confidential: replaced by 'CLID_anonymous'",33,"0036",1,"KUUZA KARANGA ZA KUKAANGWA"
"confidential: replaced by 'CLID_anonymous'",33,"0043",1,"Kuuza Kuni"
"confidential: replaced by 'CLID_anonymous'",28,"0002",1,"KUPIKA  VITUMBUA"
"confidential: replaced by 'CLID_anonymous'",28,"0015",1,"Duka"
"confidential: replaced by 'CLID_anonymous'",28,"0016",1,"KUPIKA  VITUMBUA NA KUUZA"
"confidential: replaced by 'CLID_anonymous'",28,"0016",2,"FUNDI  SELEMARA"
"confidential: replaced by 'CLID_anonymous'",28,"0020",1,"KUPANGISHA  NYUMBA"
"confidential: replaced by 'CLID_anonymous'",28,"0031",1,"KUUZA  MKAA"
"confidential: replaced by 'CLID_anonymous'",28,"0049",1,"Kuuza kuni."
"confidential: replaced by 'CLID_anonymous'",11,"0025",1,"kushona mikeka"
"confidential: replaced by 'CLID_anonymous'",11,"0039",1,"Kutengeneza na Kuuza Togwa"
"confidential: replaced by 'CLID_anonymous'",11,"0041",1,"Kununua na kuuza mboga za majani"
"confidential: replaced by 'CLID_anonymous'",11,"0041",2,"Kusuka mikeka/ukili"
"confidential: replaced by 'CLID_anonymous'",11,"0043",1,"Uuzaji wa kioski"
"confidential: replaced by 'CLID_anonymous'",81,"0001",1,"Kuuza mkaa"
"confidential: replaced by 'CLID_anonymous'",81,"0004",1,"KUUZA POMBE"
"confidential: replaced by 'CLID_anonymous'",81,"0006",1,"Kusuka na kuuza mikeka"
"confidential: replaced by 'CLID_anonymous'",81,"0008",1,"kuchoma mkaa"
"confidential: replaced by 'CLID_anonymous'",81,"0018",1,"Kuuza Genge"
"confidential: replaced by 'CLID_anonymous'",81,"0022",1,"Kuuza mkaa"
"confidential: replaced by 'CLID_anonymous'",81,"0033",1,"KUUZA MANDAZI"
"confidential: replaced by 'CLID_anonymous'",81,"0033",2,"KUUZA MKAA"
"confidential: replaced by 'CLID_anonymous'",29,"0006",1,"kuuza dagaa"
"confidential: replaced by 'CLID_anonymous'",29,"0008",1,"kuuza mkaa"
"confidential: replaced by 'CLID_anonymous'",29,"0009",1,"Kibanda cha Duka"
"confidential: replaced by 'CLID_anonymous'",29,"0012",1,"kuuza kuni"
"confidential: replaced by 'CLID_anonymous'",29,"0012",2,"kuuza embe"
"confidential: replaced by 'CLID_anonymous'",29,"0029",1,"Kupika na kuuza mandazi"
"confidential: replaced by 'CLID_anonymous'",45,"0003",1,"Kuuza pombe"
"confidential: replaced by 'CLID_anonymous'",45,"0006",1,"Kuchoma mkaa"
"confidential: replaced by 'CLID_anonymous'",45,"0011",1,"KUUZA  KARANGA ZA KUKAANGWA"
"confidential: replaced by 'CLID_anonymous'",39,"0005",1,"kuuza mkaa"
"confidential: replaced by 'CLID_anonymous'",39,"0017",1,"mradi wa kuuza pombe za kenyeji"
"confidential: replaced by 'CLID_anonymous'",39,"0030",1,"Kupika na kuuza chips"
"confidential: replaced by 'CLID_anonymous'",39,"0044",1,"kuuza mkaa"
"confidential: replaced by 'CLID_anonymous'",44,"0015",1,"Kuchoma na kuuza mkaa"
"confidential: replaced by 'CLID_anonymous'",44,"0020",1,"kuuza nguo"
"confidential: replaced by 'CLID_anonymous'",44,"0023",1,"KUUZA VITAFUNWA"
"confidential: replaced by 'CLID_anonymous'",18,"0021",1,"Kuchoma mkaa."
"confidential: replaced by 'CLID_anonymous'",18,"0026",1,"Kuuza Mkaa."
"confidential: replaced by 'CLID_anonymous'",18,"0028",1,"Kuuza mkaa."
"confidential: replaced by 'CLID_anonymous'",18,"0047",1,"kuuza tumbaku"
"confidential: replaced by 'CLID_anonymous'",12,"0002",1,"Pombe ya kienyeji (Wanzuki)"
"confidential: replaced by 'CLID_anonymous'",12,"0005",1,"KUUZA POMBE YA WANZUKI"
"confidential: replaced by 'CLID_anonymous'",12,"0034",1,"Mradi wa kuuza waanzuki"
"confidential: replaced by 'CLID_anonymous'",12,"0048",1,"kuuza Andazi"
"confidential: replaced by 'CLID_anonymous'",65,"0007",1,"Kuchonga na kuuza vibao vya kukuna nazi"
"confidential: replaced by 'CLID_anonymous'",65,"0008",1,"kuuza mkaa"
"confidential: replaced by 'CLID_anonymous'",65,"0012",1,"Kuuza mkaa wa jumla"
"confidential: replaced by 'CLID_anonymous'",65,"0038",1,"Kuuza mkaa"
"confidential: replaced by 'CLID_anonymous'",54,"0026",1,"Kukata mkaa"
"confidential: replaced by 'CLID_anonymous'",54,"0027",1,"kuchoma mkaa"
"confidential: replaced by 'CLID_anonymous'",54,"0029",1,"Mama Lishe."
"confidential: replaced by 'CLID_anonymous'",54,"0030",1,"Mfanyabiashara ya msimu (nyanya,embe,bamia)"
"confidential: replaced by 'CLID_anonymous'",54,"0033",1,"KUCHOMA MKAA"
"confidential: replaced by 'CLID_anonymous'",54,"0033",2,"KUPIKA  MANDAZI"
"confidential: replaced by 'CLID_anonymous'",54,"0044",1,"kusokota kamba na kuuza"
"confidential: replaced by 'CLID_anonymous'",38,"0006",1,"kuuza pombe ya mnazi"
"confidential: replaced by 'CLID_anonymous'",38,"0026",1,"duka"
"confidential: replaced by 'CLID_anonymous'",25,"0001",1,"kuuza pombe"
"confidential: replaced by 'CLID_anonymous'",25,"0002",1,"duka"
"confidential: replaced by 'CLID_anonymous'",25,"0004",1,"kuuza mandazi"
"confidential: replaced by 'CLID_anonymous'",25,"0009",1,"Kuuza wanzuki"
"confidential: replaced by 'CLID_anonymous'",25,"0020",1,"KUUZA MKAA"
"confidential: replaced by 'CLID_anonymous'",25,"0036",1,"Kuuza Mkaa kwa wanunuzi wa jumla"
"confidential: replaced by 'CLID_anonymous'",23,"0017",1,"Kuuza pombe za kienyeji"
"confidential: replaced by 'CLID_anonymous'",23,"0018",1,"Kuuza mkaa"
"confidential: replaced by 'CLID_anonymous'",23,"0042",1,"Kuuza maji ya kawaida"
"confidential: replaced by 'CLID_anonymous'",23,"0049",1,"Kuuza maziwa"
"confidential: replaced by 'CLID_anonymous'",31,"0016",1,"Kuuza samaki."
"confidential: replaced by 'CLID_anonymous'",24,"0010",1,"Kuuza mkaa wa jumla"
"confidential: replaced by 'CLID_anonymous'",24,"0011",1,"Kuuza Mkaa kwa jumla"
"confidential: replaced by 'CLID_anonymous'",24,"0019",1,"KUUZA KUNI"
"confidential: replaced by 'CLID_anonymous'",24,"0022",1,"KUUZA MKAA"
"confidential: replaced by 'CLID_anonymous'",24,"0023",1,"KUUZA MKAA"
"confidential: replaced by 'CLID_anonymous'",24,"0024",1,"KUUZA MKAA"
"confidential: replaced by 'CLID_anonymous'",24,"0034",1,"Ususi wa viungo (makuti ya kuezekea)"
"confidential: replaced by 'CLID_anonymous'",24,"0050",1,"Biashara ya kukata na kuuza mkaa"
"confidential: replaced by 'CLID_anonymous'",24,"0050",2,"Biashara ya kupika na kuuza vitumbua"
