"CLID","CLID_anonymous","HHNum","QuestionNumber","ItemCode","Description","DataField"
"confidential: replaced by 'CLID_anonymous'",26,"0001","T5CQ6c","N/A","Millet","T3D_04C"
"confidential: replaced by 'CLID_anonymous'",26,"0002",,"N/A","Njiwa","LivestockCode"
"confidential: replaced by 'CLID_anonymous'",26,"0002","T5DQ3","4","Used to pay for bride price","ReasonChange"
"confidential: replaced by 'CLID_anonymous'",26,"0003","T5CQ6c","N/A","Millet","T3D_04C"
"confidential: replaced by 'CLID_anonymous'",26,"0006","T5CQ6c","N/A","Millet","T3D_04C"
"confidential: replaced by 'CLID_anonymous'",26,"0007","T5CQ6c","N/A","Millet","T3D_04C"
"confidential: replaced by 'CLID_anonymous'",26,"0014",,"N/A","njiwa","LivestockCode"
"confidential: replaced by 'CLID_anonymous'",26,"0014","T5CQ6b","N/A","Millet","T3D_04B"
"confidential: replaced by 'CLID_anonymous'",26,"0016","T5CQ6a","N/A","Millet","T3D_04A"
"confidential: replaced by 'CLID_anonymous'",26,"0017","T5CQ6b","N/A","Millet","T3D_04B"
"confidential: replaced by 'CLID_anonymous'",26,"0023","T5CQ6a","N/A","Millet","T3D_04A"
"confidential: replaced by 'CLID_anonymous'",26,"0024","T5CQ6a","N/A","Millet","T3D_04A"
"confidential: replaced by 'CLID_anonymous'",46,"0003","T5CQ6a","N/A","Millet","T3D_04A"
"confidential: replaced by 'CLID_anonymous'",46,"0004","T6Q2a","N/A","Handicrafts","CashSource1"
"confidential: replaced by 'CLID_anonymous'",46,"0005","T5CQ6c","N/A","Millet","T3D_04C"
"confidential: replaced by 'CLID_anonymous'",46,"0007","T5CQ6b","N/A","Millet","T3D_04B"
"confidential: replaced by 'CLID_anonymous'",46,"0009","T6Q2a","N/A","Firewood trade","CashSource1"
"confidential: replaced by 'CLID_anonymous'",46,"0009","T5CQ6a","N/A","Millet","T3D_04A"
"confidential: replaced by 'CLID_anonymous'",46,"0011","T5CQ6a","N/A","Millet","T3D_04A"
"confidential: replaced by 'CLID_anonymous'",46,"0014","T5CQ6a","N/A","Millet","T3D_04A"
"confidential: replaced by 'CLID_anonymous'",46,"0017","T3CQ15","6","Epilepsy","HandicapType"
"confidential: replaced by 'CLID_anonymous'",46,"0020","T5CQ6a","N/A","Millet","T3D_04A"
"confidential: replaced by 'CLID_anonymous'",46,"0024","T5CQ6c","N/A","Millet","T3D_04C"
"confidential: replaced by 'CLID_anonymous'",77,"0017","T6Q2a","N/A","Selling grass and vegetables","CashSource1"
"confidential: replaced by 'CLID_anonymous'",77,"0021","T5AQ2","N/A","No roof","HouseRoof"
"confidential: replaced by 'CLID_anonymous'",77,"0022","T4AQ10","7","On the way to hospital","BirthPlaceChild"
"confidential: replaced by 'CLID_anonymous'",63,"0003","T3CQ15","4","Epilepsy","HandicapType"
"confidential: replaced by 'CLID_anonymous'",63,"0023","T5CQ6c","N/A","Bambara nuts","T3D_04C"
"confidential: replaced by 'CLID_anonymous'",15,"0002","T5GAQ4","1","Compensation for alleged theft","CreditWhy"
"confidential: replaced by 'CLID_anonymous'",15,"0002","T5FQShock ID","97","Child accused of theft","T6A_01"
"confidential: replaced by 'CLID_anonymous'",15,"0003","T5FQShock ID","97","Abandoned by mother.","T6A_01"
"confidential: replaced by 'CLID_anonymous'",15,"0005","T5GQ9","N/A","Inability to repay loan","CreditNone1"
"confidential: replaced by 'CLID_anonymous'",15,"0006","T3CQ15","1","Chronic leg ulcer","HandicapType"
"confidential: replaced by 'CLID_anonymous'",15,"0016","T5CQ6c","N/A","Bambara nuts","T3D_04C"
"confidential: replaced by 'CLID_anonymous'",15,"0016","T5FQShock ID","97","HH member was lost","T6A_01"
"confidential: replaced by 'CLID_anonymous'",15,"0018","T6Q2a","N/A","Assistance from neighbors","CashSource1"
"confidential: replaced by 'CLID_anonymous'",16,"0001","T5CQ6c","N/A","Sesame","T3D_04C"
"confidential: replaced by 'CLID_anonymous'",16,"0002","T5CQ6a","N/A","Millet","T3D_04A"
"confidential: replaced by 'CLID_anonymous'",16,"0003","T5CQ6a","N/A","Millet","T3D_04A"
"confidential: replaced by 'CLID_anonymous'",16,"0005","T5CQ6a","N/A","Millet","T3D_04A"
"confidential: replaced by 'CLID_anonymous'",16,"0006","T5CQ6c","N/A","Millet","T3D_04C"
"confidential: replaced by 'CLID_anonymous'",16,"0007","T5CQ6a","N/A","Sesame","T3D_04A"
"confidential: replaced by 'CLID_anonymous'",16,"0009","T5AQ8","N/A","Does not need light; she is blind","NrgLight"
"confidential: replaced by 'CLID_anonymous'",16,"0010","T5CQ6a","N/A","Millet","T3D_04A"
"confidential: replaced by 'CLID_anonymous'",16,"0013","T5CQ6a","N/A","Millet","T3D_04A"
"confidential: replaced by 'CLID_anonymous'",16,"0017","T5CQ6a","N/A","Millet","T3D_04A"
"confidential: replaced by 'CLID_anonymous'",16,"0020","T5CQ6b","N/A","Sesame","T3D_04B"
"confidential: replaced by 'CLID_anonymous'",80,"0004","T5CQ6c","N/A","Bambara nuts","T3D_04C"
"confidential: replaced by 'CLID_anonymous'",80,"0008","T5CQ6c","N/A","sesame","T3D_04C"
"confidential: replaced by 'CLID_anonymous'",80,"0009","T5GQ9","N/A","Inability to repay loan","CreditNone1"
"confidential: replaced by 'CLID_anonymous'",80,"0012","T5GQ9","N/A","Inability to repay loan","CreditNone1"
"confidential: replaced by 'CLID_anonymous'",80,"0016","T5CQ6c","N/A","sesame","T3D_04C"
"confidential: replaced by 'CLID_anonymous'",80,"0020","T3CQ5","2","Self gathered herbs","HealthProv"
"confidential: replaced by 'CLID_anonymous'",22,"0014","T3CQ15","1","Epilepsy","HandicapType"
"confidential: replaced by 'CLID_anonymous'",22,"0021","T5CQ6c","N/A","Sesame","T3D_04C"
"confidential: replaced by 'CLID_anonymous'",40,"0003","T5CQ6b","N/A","Millet","T3D_04B"
"confidential: replaced by 'CLID_anonymous'",40,"0005","T5CQ6b","N/A","Millet","T3D_04B"
"confidential: replaced by 'CLID_anonymous'",40,"0008","T3CQ3","1","Boil","HealthProb"
"confidential: replaced by 'CLID_anonymous'",40,"0020","CQ2","N/A","Ni mbali","UnavailabilityReason"
"confidential: replaced by 'CLID_anonymous'",40,"0021","CQ2","N/A","ni mlevi sana anakaa mwenyewe mbali","UnavailabilityReason"
"confidential: replaced by 'CLID_anonymous'",19,"0006","T5CQ6b","N/A","Millet","T3D_04B"
"confidential: replaced by 'CLID_anonymous'",19,"0007","T3CQ3","1","Body pains","HealthProb"
"confidential: replaced by 'CLID_anonymous'",19,"0010","T5CQ6b","N/A","Millet","T3D_04B"
"confidential: replaced by 'CLID_anonymous'",19,"0013","T3AQ6","3","Too old to work","Occupation"
"confidential: replaced by 'CLID_anonymous'",19,"0014","T3CQ3","4","Leg pains","HealthProb"
"confidential: replaced by 'CLID_anonymous'",19,"0015","CQ2","N/A","HH live far from village centre","UnavailabilityReason"
"confidential: replaced by 'CLID_anonymous'",19,"0016","T5FQShock ID","97","Abandoned by father","T6A_01"
"confidential: replaced by 'CLID_anonymous'",19,"0018","T5GQ9","N/A","Inability to repay a loan","CreditNone1"
"confidential: replaced by 'CLID_anonymous'",19,"0020","CQ2","N/A","HH live far from village centre","UnavailabilityReason"
"confidential: replaced by 'CLID_anonymous'",50,"0004","T5GQ9","N/A","Inability to repay a loan","CreditNone1"
"confidential: replaced by 'CLID_anonymous'",50,"0004","T3CQ3","4","Body pains","HealthProb"
"confidential: replaced by 'CLID_anonymous'",50,"0012","T5CQ6b","N/A","Millet","T3D_04B"
"confidential: replaced by 'CLID_anonymous'",50,"0016","T5CQ6a","N/A","Millet","T3D_04A"
"confidential: replaced by 'CLID_anonymous'",50,"0018","T5AQ8","N/A","Torch","NrgLight"
"confidential: replaced by 'CLID_anonymous'",50,"0019","T5CQ6b","N/A","Millet","T3D_04B"
"confidential: replaced by 'CLID_anonymous'",6,"0005","T5FQShock ID","97","Husband abandoned family","T6A_01"
"confidential: replaced by 'CLID_anonymous'",6,"0008","T3CQ3","1","Fever","HealthProb"
"confidential: replaced by 'CLID_anonymous'",6,"0009","T5FQShock ID","97","Miscarriage","T6A_01"
"confidential: replaced by 'CLID_anonymous'",6,"0012","T3CQ3","1","Body pain","HealthProb"
"confidential: replaced by 'CLID_anonymous'",6,"0020","T3CQ15","2","Epilepsy","HandicapType"
"confidential: replaced by 'CLID_anonymous'",6,"0020","T3CQ3","2","Epilepsy","HealthProb"
"confidential: replaced by 'CLID_anonymous'",6,"0027","T3CQ9","1","Freelly gathered herbs","HealthFin"
"confidential: replaced by 'CLID_anonymous'",48,"0009","T6Q2a","N/A","Gathering and selling firewood","CashSource1"
"confidential: replaced by 'CLID_anonymous'",82,"0013","T5CQ6b","N/A","Millet","T3D_04B"
"confidential: replaced by 'CLID_anonymous'",82,"0014","T5CQ6a","N/A","Millet","T3D_04A"
"confidential: replaced by 'CLID_anonymous'",82,"0022","T5CQ6c","N/A","Groundnuts","T3D_04C"
"confidential: replaced by 'CLID_anonymous'",70,"0001","T3CQ3","2","Convulsions","HealthProb"
"confidential: replaced by 'CLID_anonymous'",70,"0002","T5CQ6c","N/A","Sesame","T3D_04C"
"confidential: replaced by 'CLID_anonymous'",70,"0003","T3CQ5","2","The doctor came at home","HealthProv"
"confidential: replaced by 'CLID_anonymous'",70,"0004","T3CQ15","3","Epilepsy","HandicapType"
"confidential: replaced by 'CLID_anonymous'",70,"0016","T5DQ3","5","Being kept by neighbours","ReasonChange"
"confidential: replaced by 'CLID_anonymous'",52,"0003","T3BQ12","2","Standard 7 were doing examination","AbsentSchoolWhy"
"confidential: replaced by 'CLID_anonymous'",52,"0006","T5CQ6b","N/A","Millet","T3D_04B"
"confidential: replaced by 'CLID_anonymous'",52,"0007","T5GQ9","N/A","Unable to repay a loan","CreditNone1"
"confidential: replaced by 'CLID_anonymous'",52,"0014","T5GQ9","N/A","Unable to repay a loan","CreditNone1"
"confidential: replaced by 'CLID_anonymous'",52,"0018","T5CQ6c","N/A","Millet","T3D_04C"
"confidential: replaced by 'CLID_anonymous'",52,"0025","T4BQ10","3","Too young to be measured MUAC","ReasonMUACNotMeasured"
"confidential: replaced by 'CLID_anonymous'",27,"0001","T5CQ6c","N/A","Sesame","T3D_04C"
"confidential: replaced by 'CLID_anonymous'",27,"0002","T5CQ6b","N/A","Sesame","T3D_04B"
"confidential: replaced by 'CLID_anonymous'",27,"0003","T5CQ6c","N/A","Millet","T3D_04C"
"confidential: replaced by 'CLID_anonymous'",27,"0004","T5CQ6a","N/A","Millet","T3D_04A"
"confidential: replaced by 'CLID_anonymous'",27,"0006","CQ2","N/A","HH recorded twice","UnavailabilityReason"
"confidential: replaced by 'CLID_anonymous'",27,"0008","T3CQ3","5","Convulsions.","HealthProb"
"confidential: replaced by 'CLID_anonymous'",27,"0013","T5CQ6b","N/A","Millet","T3D_04B"
"confidential: replaced by 'CLID_anonymous'",27,"0016","T5CQ6c","N/A","Millet","T3D_04C"
"confidential: replaced by 'CLID_anonymous'",27,"0017","T5CQ6c","N/A","Millet","T3D_04C"
"confidential: replaced by 'CLID_anonymous'",27,"0019","T3CQ5","4","Unlicenced practioner","HealthProv"
"confidential: replaced by 'CLID_anonymous'",27,"0019","T5CQ6a","N/A","Sesame","T3D_04A"
"confidential: replaced by 'CLID_anonymous'",27,"0023","T5CQ6c","N/A","Millet","T3D_04C"
"confidential: replaced by 'CLID_anonymous'",68,"0003","T5CQ6b","N/A","Sesame","T3D_04B"
"confidential: replaced by 'CLID_anonymous'",68,"0004","T5CQ6c","N/A","Sesame","T3D_04C"
"confidential: replaced by 'CLID_anonymous'",68,"0005","T3CQ9","1","Own gathered herbs","HealthFin"
"confidential: replaced by 'CLID_anonymous'",68,"0005","T3CQ3","1","Paralysis","HealthProb"
"confidential: replaced by 'CLID_anonymous'",68,"0005","T5CQ6b","N/A","Sesame","T3D_04B"
"confidential: replaced by 'CLID_anonymous'",68,"0010","T3CQ15","2","Epilepsy","HandicapType"
"confidential: replaced by 'CLID_anonymous'",68,"0010","T3CQ9","2","Own gathered herbs","HealthFin"
"confidential: replaced by 'CLID_anonymous'",68,"0010","T3CQ3","2","Epilepsy","HealthProb"
"confidential: replaced by 'CLID_anonymous'",68,"0010","T5CQ6c","N/A","Groundnuts","T3D_04C"
"confidential: replaced by 'CLID_anonymous'",68,"0014","CQ2","N/A","kaya ipo mbali mno","UnavailabilityReason"
"confidential: replaced by 'CLID_anonymous'",68,"0018","T5AQ6","N/A","Helped by neighbours","TypeWater"
"confidential: replaced by 'CLID_anonymous'",68,"0019","T5CQ6c","N/A","Groundnuts","T3D_04C"
"confidential: replaced by 'CLID_anonymous'",68,"0020","T5CQ6b","N/A","Groundnuts","T3D_04B"
"confidential: replaced by 'CLID_anonymous'",68,"0022","T5CQ6b","N/A","Sesame","T3D_04B"
"confidential: replaced by 'CLID_anonymous'",8,"0001","T5CQ6c","N/A","Millet","T3D_04C"
"confidential: replaced by 'CLID_anonymous'",8,"0002","T5CQ6c","N/A","Sesame","T3D_04C"
"confidential: replaced by 'CLID_anonymous'",8,"0003","T3CQ9","1","Freely gathered herbs","HealthFin"
"confidential: replaced by 'CLID_anonymous'",8,"0014","T5CQ6c","N/A","Sesame","T3D_04C"
"confidential: replaced by 'CLID_anonymous'",8,"0018","T5CQ6b","N/A","Sesame","T3D_04B"
"confidential: replaced by 'CLID_anonymous'",8,"0024","T5CQ6c","N/A","Millet","T3D_04C"
"confidential: replaced by 'CLID_anonymous'",66,"0001","T5CQ6a","N/A","millet","T3D_04A"
"confidential: replaced by 'CLID_anonymous'",66,"0002","T5CQ6a","N/A","Millet","T3D_04A"
"confidential: replaced by 'CLID_anonymous'",66,"0003","T5CQ6a","N/A","Millet","T3D_04A"
"confidential: replaced by 'CLID_anonymous'",66,"0004","T6Q2b","N/A","Selling Shrimp","CashSource2"
"confidential: replaced by 'CLID_anonymous'",66,"0005","T5CQ6c","N/A","Millet","T3D_04C"
"confidential: replaced by 'CLID_anonymous'",66,"0006","T5CQ6b","N/A","Millet","T3D_04B"
"confidential: replaced by 'CLID_anonymous'",66,"0007","T5CQ6b","N/A","Millet","T3D_04B"
"confidential: replaced by 'CLID_anonymous'",66,"0008","T5CQ6b","N/A","Millet","T3D_04B"
"confidential: replaced by 'CLID_anonymous'",66,"0010","T3CQ3","3","Epilepsy","HealthProb"
"confidential: replaced by 'CLID_anonymous'",66,"0010","T3CQ3","4","Epilepsy","HealthProb"
"confidential: replaced by 'CLID_anonymous'",66,"0010","T3AQ6","5","Too young to work","Occupation"
"confidential: replaced by 'CLID_anonymous'",66,"0010","T5CQ6a","N/A","Millet","T3D_04A"
"confidential: replaced by 'CLID_anonymous'",66,"0012","T5GQ9","N/A","Inability to pay","CreditNone1"
"confidential: replaced by 'CLID_anonymous'",66,"0012","T5AQ6","N/A"," Windmill","TypeWater"
"confidential: replaced by 'CLID_anonymous'",66,"0013","T5CQ6a","N/A","Millet","T3D_04A"
"confidential: replaced by 'CLID_anonymous'",66,"0014","T3CQ3","1","Goitre","HealthProb"
"confidential: replaced by 'CLID_anonymous'",66,"0015","T5CQ6a","N/A","Millet","T3D_04A"
"confidential: replaced by 'CLID_anonymous'",5,"0002","T5CQ6b","N/A","Coconut.","T3D_04B"
"confidential: replaced by 'CLID_anonymous'",5,"0003","T5CQ6a","N/A","Coconut.","T3D_04A"
"confidential: replaced by 'CLID_anonymous'",5,"0004","T3CQ3","1","Fever.","HealthProb"
"confidential: replaced by 'CLID_anonymous'",5,"0004","T5CQ6a","N/A","Coconut.","T3D_04A"
"confidential: replaced by 'CLID_anonymous'",5,"0006","CQ2","N/A","The HH leave in another village called Kerege.","UnavailabilityReason"
"confidential: replaced by 'CLID_anonymous'",5,"0013","T5CQ6b","N/A","Coconut.","T3D_04B"
"confidential: replaced by 'CLID_anonymous'",5,"0015","CQ2","N/A","He leaves in another village.","UnavailabilityReason"
"confidential: replaced by 'CLID_anonymous'",5,"0020","T5CQ6a","N/A","Coconut.","T3D_04A"
"confidential: replaced by 'CLID_anonymous'",49,"0003","T5CQ6a","N/A","Coconut trees.","T3D_04A"
"confidential: replaced by 'CLID_anonymous'",49,"0010","T5CQ6c","N/A","Coconut.","T3D_04C"
"confidential: replaced by 'CLID_anonymous'",49,"0015",,"N/A","Pigeon","LivestockCode"
"confidential: replaced by 'CLID_anonymous'",49,"0018",,"N/A","Pigeon.","LivestockCode"
"confidential: replaced by 'CLID_anonymous'",49,"0024","T5CQ6a","N/A","Coconut trees.","T3D_04A"
"confidential: replaced by 'CLID_anonymous'",49,"0026","T5CQ6b","N/A","Coconut trees.","T3D_04B"
"confidential: replaced by 'CLID_anonymous'",74,"0021","T5CQ6c","N/A","Coconuts.","T3D_04C"
"confidential: replaced by 'CLID_anonymous'",62,"0002","T5CQ6c","N/A","Coconuts.","T3D_04C"
"confidential: replaced by 'CLID_anonymous'",62,"0013","T5CQ6c","N/A","Coconuts.","T3D_04C"
"confidential: replaced by 'CLID_anonymous'",21,"0002","T3CQ9","1","Home kit","HealthFin"
"confidential: replaced by 'CLID_anonymous'",21,"0007","T3CQ5","1","Doctor at home","HealthProv"
"confidential: replaced by 'CLID_anonymous'",21,"0012","T5AQ3","N/A","Poles and grass","HouseWalls"
"confidential: replaced by 'CLID_anonymous'",21,"0016","T5GQ9","N/A","Inability to repay loan","CreditNone1"
"confidential: replaced by 'CLID_anonymous'",21,"0017","T3CQ3","3","Fever","HealthProb"
"confidential: replaced by 'CLID_anonymous'",21,"0020","T5AQ3","N/A","Palm fronds","HouseWalls"
"confidential: replaced by 'CLID_anonymous'",1,"0001","T3CQ3","1","Fever","HealthProb"
"confidential: replaced by 'CLID_anonymous'",1,"0002","T5CQ6c","N/A","Pineapples","T3D_04C"
"confidential: replaced by 'CLID_anonymous'",1,"0002","T5FQShock ID","97","Child lost","T6A_01"
"confidential: replaced by 'CLID_anonymous'",1,"0004",,"N/A","Pigeon","LivestockCode"
"confidential: replaced by 'CLID_anonymous'",1,"0004","T5CQ6c","N/A","Coconut trees","T3D_04C"
"confidential: replaced by 'CLID_anonymous'",1,"0007","T3BQ16","1","Std VIII","LastExamGrade"
"confidential: replaced by 'CLID_anonymous'",1,"0009","T5DQ3","4","Killed by wild animals","ReasonChange"
"confidential: replaced by 'CLID_anonymous'",1,"0011","T5CQ6b","N/A","Coconut trees","T3D_04B"
"confidential: replaced by 'CLID_anonymous'",1,"0016","T4BQ10","7","Aged below 1 year","ReasonMUACNotMeasured"
"confidential: replaced by 'CLID_anonymous'",1,"0018","T5CQ6c","N/A","Peas","T3D_04C"
"confidential: replaced by 'CLID_anonymous'",1,"0020","T5CQ6b","N/A","Pineapple","T3D_04B"
"confidential: replaced by 'CLID_anonymous'",79,"0011","T2Q7","N/A","Nyasa","HeadTribe"
"confidential: replaced by 'CLID_anonymous'",79,"0023","T5CQ6c","N/A","Coconut","T3D_04C"
"confidential: replaced by 'CLID_anonymous'",79,"0026","T5CQ6c","N/A","Coconut","T3D_04C"
"confidential: replaced by 'CLID_anonymous'",41,"0004","T5CQ6c","N/A","sesame","T3D_04C"
"confidential: replaced by 'CLID_anonymous'",41,"0008","T5CQ6b","N/A","sesame","T3D_04B"
"confidential: replaced by 'CLID_anonymous'",41,"0009","T5CQ6c","N/A","sesame","T3D_04C"
"confidential: replaced by 'CLID_anonymous'",41,"0016","T5CQ6b","N/A","sesame","T3D_04B"
"confidential: replaced by 'CLID_anonymous'",41,"0023","T5CQ6b","N/A","sesame","T3D_04B"
"confidential: replaced by 'CLID_anonymous'",71,"0001","T4BQ2","14","Has ulcer on top of head","ReasonHeightNotMeasured"
"confidential: replaced by 'CLID_anonymous'",71,"0005","T3CQ9","7","Home kit","HealthFin"
"confidential: replaced by 'CLID_anonymous'",71,"0005","T3CQ3","3","Dizziness","HealthProb"
"confidential: replaced by 'CLID_anonymous'",71,"0005","T3CQ3","7","Normal fever","HealthProb"
"confidential: replaced by 'CLID_anonymous'",71,"0011","T3CQ15","4","Palsy","HandicapType"
"confidential: replaced by 'CLID_anonymous'",71,"0011","T3CQ9","2","Home kit","HealthFin"
"confidential: replaced by 'CLID_anonymous'",71,"0011","T3CQ5","2","Home kit","HealthProv"
"confidential: replaced by 'CLID_anonymous'",71,"0011","T5CQ6c","N/A","Coconut","T3D_04C"
"confidential: replaced by 'CLID_anonymous'",71,"0017","T4BQ10","5","Aged under one year","ReasonMUACNotMeasured"
"confidential: replaced by 'CLID_anonymous'",53,"0001","T6Q2b","N/A","Kupokea misaada kutoka kwa watoto wake.","CashSource2"
"confidential: replaced by 'CLID_anonymous'",53,"0001","T5GQ9","N/A","Inability to repay loan","CreditNone1"
"confidential: replaced by 'CLID_anonymous'",53,"0001","T5CQ6b","N/A","Pineapple","T3D_04B"
"confidential: replaced by 'CLID_anonymous'",53,"0005","T3CQ9","1","Dk.","HealthFin"
"confidential: replaced by 'CLID_anonymous'",53,"0006","T3CQ3","1","hernia","HealthProb"
"confidential: replaced by 'CLID_anonymous'",53,"0008","T5GQ9","N/A","Inability to repay loan","CreditNone1"
"confidential: replaced by 'CLID_anonymous'",53,"0012","T6Q2a","N/A","kufanya vibarua","CashSource1"
"confidential: replaced by 'CLID_anonymous'",53,"0012","T5CQ6b","N/A","pineapple","T3D_04B"
"confidential: replaced by 'CLID_anonymous'",53,"0013","T6Q2a","N/A","kuuza samaki","CashSource1"
"confidential: replaced by 'CLID_anonymous'",53,"0018","T5CQ6c","N/A","pineapple","T3D_04C"
"confidential: replaced by 'CLID_anonymous'",53,"0019","T5GQ9","N/A","Inability to repay loan","CreditNone1"
"confidential: replaced by 'CLID_anonymous'",53,"0019","T3CQ3","3","Fever","HealthProb"
"confidential: replaced by 'CLID_anonymous'",53,"0019","T3CQ3","4","Fever","HealthProb"
"confidential: replaced by 'CLID_anonymous'",53,"0019","T3AQ1","3","great grand child","RelationHead"
"confidential: replaced by 'CLID_anonymous'",53,"0019","T3AQ1","4","great grand child","RelationHead"
"confidential: replaced by 'CLID_anonymous'",75,"0001","T5CQ6b","N/A","sesame","T3D_04B"
"confidential: replaced by 'CLID_anonymous'",75,"0003","T5CQ6b","N/A","sesame","T3D_04B"
"confidential: replaced by 'CLID_anonymous'",75,"0012","T3CQ5","1","Treated at home","HealthProv"
"confidential: replaced by 'CLID_anonymous'",75,"0012","T5CQ6b","N/A","sesame","T3D_04B"
"confidential: replaced by 'CLID_anonymous'",75,"0013","T5CQ6b","N/A","jathropha","T3D_04B"
"confidential: replaced by 'CLID_anonymous'",37,"0010","T5CQ6b","N/A","Sesame","T3D_04B"
"confidential: replaced by 'CLID_anonymous'",37,"0018","T5CQ6a","N/A","sesame","T3D_04A"
"confidential: replaced by 'CLID_anonymous'",37,"0019","T5CQ6b","N/A","Sesame","T3D_04B"
"confidential: replaced by 'CLID_anonymous'",37,"0021","T5CQ6c","N/A","Sesame","T3D_04C"
"confidential: replaced by 'CLID_anonymous'",37,"0026","T5CQ6b","N/A","sesame","T3D_04B"
"confidential: replaced by 'CLID_anonymous'",61,"0001","T5CQ6b","N/A","sesame","T3D_04B"
"confidential: replaced by 'CLID_anonymous'",61,"0003","T5CQ6b","N/A","Sesame","T3D_04B"
"confidential: replaced by 'CLID_anonymous'",61,"0014","T5CQ6a","N/A","Coconut","T3D_04A"
"confidential: replaced by 'CLID_anonymous'",61,"0016","T5CQ6c","N/A","Sesame","T3D_04C"
"confidential: replaced by 'CLID_anonymous'",61,"0019","T5CQ6c","N/A","Sesame","T3D_04C"
"confidential: replaced by 'CLID_anonymous'",61,"0021","T6Q2a","N/A","Weaving and selling the ropes","CashSource1"
"confidential: replaced by 'CLID_anonymous'",61,"0021","T5CQ6b","N/A","Sesame","T3D_04B"
"confidential: replaced by 'CLID_anonymous'",61,"0022","T5CQ6c","N/A","Sesame","T3D_04C"
"confidential: replaced by 'CLID_anonymous'",60,"0002","T5CQ6b","N/A","Sesame.","T3D_04B"
"confidential: replaced by 'CLID_anonymous'",60,"0004","T4BQ10","11","Aged under one year.","ReasonMUACNotMeasured"
"confidential: replaced by 'CLID_anonymous'",60,"0004","T5CQ6b","N/A","Sesame.","T3D_04B"
"confidential: replaced by 'CLID_anonymous'",60,"0009","T5CQ6c","N/A","Sesame.","T3D_04C"
"confidential: replaced by 'CLID_anonymous'",60,"0015","T5CQ6b","N/A","Sesame.","T3D_04B"
"confidential: replaced by 'CLID_anonymous'",60,"0016","T5CQ6c","N/A","Sesame.","T3D_04C"
"confidential: replaced by 'CLID_anonymous'",60,"0018","T5CQ6b","N/A","Sesame.","T3D_04B"
"confidential: replaced by 'CLID_anonymous'",60,"0020","T5CQ6b","N/A","Sesame.","T3D_04B"
"confidential: replaced by 'CLID_anonymous'",60,"0022","T3CQ3","1","Fever.","HealthProb"
"confidential: replaced by 'CLID_anonymous'",60,"0022","T5CQ6c","N/A","Sesame.","T3D_04C"
"confidential: replaced by 'CLID_anonymous'",60,"0026","T5CQ6b","N/A","Sesame.","T3D_04B"
"confidential: replaced by 'CLID_anonymous'",4,"0001","T5CQ6c","N/A","Sesame","T3D_04C"
"confidential: replaced by 'CLID_anonymous'",4,"0006","T5GQ9","N/A","Inability to repay loan","CreditNone1"
"confidential: replaced by 'CLID_anonymous'",4,"0006","T5CQ6a","N/A","Sesame","T3D_04A"
"confidential: replaced by 'CLID_anonymous'",4,"0007","T6Q2a","N/A","anapewa mahitaji kama chakula, mavazi na mahitaji mengine","CashSource1"
"confidential: replaced by 'CLID_anonymous'",4,"0008","T5GQ9","N/A","Inability to repay loan","CreditNone1"
"confidential: replaced by 'CLID_anonymous'",4,"0008","T3CQ3","3","seizure","HealthProb"
"confidential: replaced by 'CLID_anonymous'",4,"0008","T5CQ6a","N/A","sesame","T3D_04A"
"confidential: replaced by 'CLID_anonymous'",4,"0009","T5CQ6c","N/A","sesame","T3D_04C"
"confidential: replaced by 'CLID_anonymous'",4,"0010","T5CQ6c","N/A","sesame","T3D_04C"
"confidential: replaced by 'CLID_anonymous'",4,"0011","T4BQ10","10","Bado chini ya mwaka mmoja.","ReasonMUACNotMeasured"
"confidential: replaced by 'CLID_anonymous'",4,"0017","T5CQ6b","N/A","sesame","T3D_04B"
"confidential: replaced by 'CLID_anonymous'",4,"0018","T6Q2a","N/A","Kupata misaada mbali mbali kutoka kwa watoto wake.","CashSource1"
"confidential: replaced by 'CLID_anonymous'",4,"0019","T5CQ6b","N/A","sesame","T3D_04B"
"confidential: replaced by 'CLID_anonymous'",4,"0020","T5CQ6b","N/A","sesame","T3D_04B"
"confidential: replaced by 'CLID_anonymous'",4,"0022","T5CQ6b","N/A","sesame","T3D_04B"
"confidential: replaced by 'CLID_anonymous'",4,"0026","T5CQ6a","N/A","sesame","T3D_04A"
"confidential: replaced by 'CLID_anonymous'",7,"0004","T5CQ6b","N/A","Sesame","T3D_04B"
"confidential: replaced by 'CLID_anonymous'",7,"0004",,"97","Lost Farm","T6A_01"
"confidential: replaced by 'CLID_anonymous'",7,"0005","T5CQ6b","N/A","Sesame","T3D_04B"
"confidential: replaced by 'CLID_anonymous'",7,"0006","T5CQ6b","N/A","Sesame","T3D_04B"
"confidential: replaced by 'CLID_anonymous'",7,"0007","T5CQ6b","N/A","Sesame","T3D_04B"
"confidential: replaced by 'CLID_anonymous'",7,"0010","T5CQ6b","N/A","Sesame","T3D_04B"
"confidential: replaced by 'CLID_anonymous'",7,"0013","T5GQ9","N/A","Inability to repay loan","CreditNone1"
"confidential: replaced by 'CLID_anonymous'",7,"0013","T3CQ9","5","Freely gathered","HealthFin"
"confidential: replaced by 'CLID_anonymous'",7,"0013","T3CQ3","1","Diziness","HealthProb"
"confidential: replaced by 'CLID_anonymous'",7,"0016","T5CQ6a","N/A","Sesame","T3D_04A"
"confidential: replaced by 'CLID_anonymous'",7,"0017","T5CQ6b","N/A","Sesame","T3D_04B"
"confidential: replaced by 'CLID_anonymous'",7,"0020","T5CQ6c","N/A","Sesame","T3D_04C"
"confidential: replaced by 'CLID_anonymous'",7,"0021","T5CQ6b","N/A","Sesame","T3D_04B"
"confidential: replaced by 'CLID_anonymous'",7,"0026","T3CQ3","1","Diziness","HealthProb"
"confidential: replaced by 'CLID_anonymous'",32,"0004","T5CQ6b","N/A","sesame","T3D_04B"
"confidential: replaced by 'CLID_anonymous'",32,"0008","T5CQ6b","N/A","sesame","T3D_04B"
"confidential: replaced by 'CLID_anonymous'",32,"0009","T5CQ6c","N/A","sesame","T3D_04C"
"confidential: replaced by 'CLID_anonymous'",32,"0017","T5CQ6b","N/A","sesame","T3D_04B"
"confidential: replaced by 'CLID_anonymous'",32,"0019","T5CQ6b","N/A","sesame","T3D_04B"
"confidential: replaced by 'CLID_anonymous'",32,"0020","T5CQ6b","N/A","sesame","T3D_04B"
"confidential: replaced by 'CLID_anonymous'",32,"0021","T5CQ6b","N/A","sesame","T3D_04B"
"confidential: replaced by 'CLID_anonymous'",32,"0022","T5CQ6c","N/A","sesame","T3D_04C"
"confidential: replaced by 'CLID_anonymous'",17,"0002","T5CQ6b","N/A","Sesame.","T3D_04B"
"confidential: replaced by 'CLID_anonymous'",17,"0005","T5AQ8","N/A","torch.","NrgLight"
"confidential: replaced by 'CLID_anonymous'",17,"0005","T5CQ6c","N/A","Sesame.","T3D_04C"
"confidential: replaced by 'CLID_anonymous'",17,"0006","T5CQ6c","N/A","Sesame.","T3D_04C"
"confidential: replaced by 'CLID_anonymous'",17,"0008","T5CQ6c","N/A","Sesame.","T3D_04C"
"confidential: replaced by 'CLID_anonymous'",17,"0009","T5CQ6c","N/A","Sesame.","T3D_04C"
"confidential: replaced by 'CLID_anonymous'",17,"0010","T5CQ6b","N/A","Sesame.","T3D_04B"
"confidential: replaced by 'CLID_anonymous'",17,"0012","T5CQ6b","N/A","Sesame.","T3D_04B"
"confidential: replaced by 'CLID_anonymous'",17,"0014","T5CQ6c","N/A","Sesame.","T3D_04C"
"confidential: replaced by 'CLID_anonymous'",17,"0015","T5CQ6b","N/A","Sesame.","T3D_04B"
"confidential: replaced by 'CLID_anonymous'",17,"0016","T3CQ3","1","backache.","HealthProb"
"confidential: replaced by 'CLID_anonymous'",17,"0016","T5CQ6c","N/A","Sesame.","T3D_04C"
"confidential: replaced by 'CLID_anonymous'",17,"0017","T5CQ6b","N/A","Sesame.","T3D_04B"
"confidential: replaced by 'CLID_anonymous'",17,"0018","T5CQ6b","N/A","Sesame.","T3D_04B"
"confidential: replaced by 'CLID_anonymous'",17,"0019","T5CQ6a","N/A","Sesame.","T3D_04A"
"confidential: replaced by 'CLID_anonymous'",17,"0020","T5CQ6b","N/A","Sesame.","T3D_04B"
"confidential: replaced by 'CLID_anonymous'",17,"0021","T5CQ6b","N/A","Sesame.","T3D_04B"
"confidential: replaced by 'CLID_anonymous'",3,"0017","T3CQ3","1","Hernia","HealthProb"
"confidential: replaced by 'CLID_anonymous'",43,"0001","T6Q2b","N/A","Qoranic teacher","CashSource2"
"confidential: replaced by 'CLID_anonymous'",43,"0001","T3CQ3","4","Paralysis","HealthProb"
"confidential: replaced by 'CLID_anonymous'",43,"0002","T5CQ6b","N/A","Sesame.","T3D_04B"
"confidential: replaced by 'CLID_anonymous'",43,"0003","T4BQ10","6","Age below 1 year.","ReasonMUACNotMeasured"
"confidential: replaced by 'CLID_anonymous'",43,"0004","T3CQ3","1","body pains.","HealthProb"
"confidential: replaced by 'CLID_anonymous'",43,"0004","T5DQ3","9","Received as security for loan given.","ReasonChange"
"confidential: replaced by 'CLID_anonymous'",43,"0004","T5CQ6c","N/A","Coconut.","T3D_04C"
"confidential: replaced by 'CLID_anonymous'",43,"0005","T5CQ6b","N/A","Sesame.","T3D_04B"
"confidential: replaced by 'CLID_anonymous'",43,"0006","T5CQ6b","N/A","Sesame.","T3D_04B"
"confidential: replaced by 'CLID_anonymous'",43,"0007","T5GQ9","N/A","Inability to repay loan.","CreditNone1"
"confidential: replaced by 'CLID_anonymous'",43,"0007","T5CQ6c","N/A","Sesame.","T3D_04C"
"confidential: replaced by 'CLID_anonymous'",43,"0008","CQ2","N/A","It is located in a very remote area with dangerous animals such as lions.","UnavailabilityReason"
"confidential: replaced by 'CLID_anonymous'",43,"0010","T5CQ6b","N/A","Sesame.","T3D_04B"
"confidential: replaced by 'CLID_anonymous'",43,"0012","T5CQ6b","N/A","Sesame","T3D_04B"
"confidential: replaced by 'CLID_anonymous'",43,"0013","T5CQ6b","N/A","Sesame.","T3D_04B"
"confidential: replaced by 'CLID_anonymous'",43,"0015","T4BQ10","4","Aged below one year.","ReasonMUACNotMeasured"
"confidential: replaced by 'CLID_anonymous'",43,"0016","T5CQ6b","N/A","Sesame.","T3D_04B"
"confidential: replaced by 'CLID_anonymous'",43,"0017","T3CQ3","2","Fever.","HealthProb"
"confidential: replaced by 'CLID_anonymous'",43,"0017","T3CQ3","6","Fever.","HealthProb"
"confidential: replaced by 'CLID_anonymous'",43,"0017","T5CQ6c","N/A","Sesame.","T3D_04C"
"confidential: replaced by 'CLID_anonymous'",43,"0018","T5CQ6c","N/A","Sesame.","T3D_04C"
"confidential: replaced by 'CLID_anonymous'",43,"0019","T5CQ6c","N/A","Sesame.","T3D_04C"
"confidential: replaced by 'CLID_anonymous'",43,"0020","T5CQ6b","N/A","Sesame.","T3D_04B"
"confidential: replaced by 'CLID_anonymous'",14,"0003","T5CQ6b","N/A","Sesame","T3D_04B"
"confidential: replaced by 'CLID_anonymous'",14,"0004","T4BQ10","9","Has not completed a year","ReasonMUACNotMeasured"
"confidential: replaced by 'CLID_anonymous'",14,"0005","T5CQ6b","N/A","Sesame","T3D_04B"
"confidential: replaced by 'CLID_anonymous'",14,"0006","T5GQ9","N/A","I can not afford to pay","CreditNone1"
"confidential: replaced by 'CLID_anonymous'",14,"0006","T3CQ3","3","Elderly problems","HealthProb"
"confidential: replaced by 'CLID_anonymous'",14,"0006","T5CQ6c","N/A","Sesame","T3D_04C"
"confidential: replaced by 'CLID_anonymous'",14,"0012","T5CQ6b","N/A","Sesame","T3D_04B"
"confidential: replaced by 'CLID_anonymous'",14,"0014","T5CQ6c","N/A","Sesame","T3D_04C"
"confidential: replaced by 'CLID_anonymous'",14,"0015","T5GQ9","N/A","I can not afford to pay","CreditNone1"
"confidential: replaced by 'CLID_anonymous'",14,"0018","T3CQ3","1","Paralysis","HealthProb"
"confidential: replaced by 'CLID_anonymous'",14,"0018","T3CQ3","10","Epilepsy","HealthProb"
"confidential: replaced by 'CLID_anonymous'",14,"0021","T3CQ3","4","Hernia","HealthProb"
"confidential: replaced by 'CLID_anonymous'",20,"0006","T3CQ3","2","Fever","HealthProb"
"confidential: replaced by 'CLID_anonymous'",20,"0006","T3CQ3","4","Fever","HealthProb"
"confidential: replaced by 'CLID_anonymous'",20,"0006","T3CQ3","7","Fever","HealthProb"
"confidential: replaced by 'CLID_anonymous'",20,"0006","T5CQ6c","N/A","Sesame","T3D_04C"
"confidential: replaced by 'CLID_anonymous'",20,"0008","T5CQ6c","N/A","Sesame","T3D_04C"
"confidential: replaced by 'CLID_anonymous'",20,"0013","T5GQ9","N/A","Inability to repay loan","CreditNone1"
"confidential: replaced by 'CLID_anonymous'",20,"0014","T5CQ6c","N/A","Sesame","T3D_04C"
"confidential: replaced by 'CLID_anonymous'",20,"0018","T5CQ6c","N/A","Sesame","T3D_04C"
"confidential: replaced by 'CLID_anonymous'",20,"0019","T5CQ6c","N/A","Sesame","T3D_04C"
"confidential: replaced by 'CLID_anonymous'",13,"0001","T5CQ6c","N/A","sesame","T3D_04C"
"confidential: replaced by 'CLID_anonymous'",13,"0002","T5CQ6c","N/A","sesame","T3D_04C"
"confidential: replaced by 'CLID_anonymous'",13,"0018","T5CQ6c","N/A","sesame","T3D_04C"
"confidential: replaced by 'CLID_anonymous'",13,"0022","T5CQ6c","N/A","sesame","T3D_04C"
"confidential: replaced by 'CLID_anonymous'",55,"0005","T5CQ6a","N/A","Coconut trees.","T3D_04A"
"confidential: replaced by 'CLID_anonymous'",55,"0006","T6Q2b","N/A","Fire wood sales.","CashSource2"
"confidential: replaced by 'CLID_anonymous'",55,"0018","T5CQ6a","N/A","Coconut trees.","T3D_04A"
"confidential: replaced by 'CLID_anonymous'",9,"0020","T5CQ6c","N/A","coconut","T3D_04C"
"confidential: replaced by 'CLID_anonymous'",36,"0005","T3BQ16","1","Standard VIII","LastExamGrade"
"confidential: replaced by 'CLID_anonymous'",36,"0005","T3BQ16","2","Standard VIII","LastExamGrade"
"confidential: replaced by 'CLID_anonymous'",36,"0017","T6Q2a","N/A","Collecting and selling firewood","CashSource1"
"confidential: replaced by 'CLID_anonymous'",73,"0004","T2Q7","N/A","Chuguuni","HeadTribe"
"confidential: replaced by 'CLID_anonymous'",73,"0013","T3BQ16","1","Standard VIII","LastExamGrade"
"confidential: replaced by 'CLID_anonymous'",34,"0018","T5CQ6c","N/A","coconuts","T3D_04C"
"confidential: replaced by 'CLID_anonymous'",34,"0029","T3CQ3","4","Epilepsy","HealthProb"
"confidential: replaced by 'CLID_anonymous'",64,"0014","T6Q2b","N/A","Gathering and selling firewood","CashSource2"
"confidential: replaced by 'CLID_anonymous'",64,"0015","T3CQ3","2","Anaemia","HealthProb"
"confidential: replaced by 'CLID_anonymous'",64,"0017","T3CQ3","1","Hernia","HealthProb"
"confidential: replaced by 'CLID_anonymous'",64,"0022","T6Q2a","N/A","Handicraft","CashSource1"
"confidential: replaced by 'CLID_anonymous'",64,"0022","T3CQ15","1","Elephantiasis (testicular)","HandicapType"
"confidential: replaced by 'CLID_anonymous'",64,"0022","T2Q7","N/A","Gunya","HeadTribe"
"confidential: replaced by 'CLID_anonymous'",64,"0023","T4AQ10","15","On way to clinic helped by aunt","BirthPlaceChild"
"confidential: replaced by 'CLID_anonymous'",78,"0001","T5CQ6b","N/A","Sesame","T3D_04B"
"confidential: replaced by 'CLID_anonymous'",78,"0002","T5CQ6c","N/A","Sesame","T3D_04C"
"confidential: replaced by 'CLID_anonymous'",78,"0007","T5CQ6b","N/A","Sesame","T3D_04B"
"confidential: replaced by 'CLID_anonymous'",78,"0008","T5CQ6c","N/A","Sesame","T3D_04C"
"confidential: replaced by 'CLID_anonymous'",78,"0009","T5CQ6b","N/A","Sesame","T3D_04B"
"confidential: replaced by 'CLID_anonymous'",78,"0015","T5CQ6c","N/A","Gram","T3D_04C"
"confidential: replaced by 'CLID_anonymous'",78,"0017","T5CQ6c","N/A","Sesame","T3D_04C"
"confidential: replaced by 'CLID_anonymous'",78,"0018","T5CQ6b","N/A","Sesame","T3D_04B"
"confidential: replaced by 'CLID_anonymous'",78,"0019","T5CQ6c","N/A","Sesame","T3D_04C"
"confidential: replaced by 'CLID_anonymous'",78,"0021","T5CQ6c","N/A","Sesame","T3D_04C"
"confidential: replaced by 'CLID_anonymous'",78,"0023","T5GQ9","N/A","Had an other source of help","CreditNone1"
"confidential: replaced by 'CLID_anonymous'",78,"0023","T5CQ6c","N/A","Sesame","T3D_04C"
"confidential: replaced by 'CLID_anonymous'",2,"0003","T5CQ6c","N/A","Sesame","T3D_04C"
"confidential: replaced by 'CLID_anonymous'",2,"0004","T5CQ6c","N/A","Sesame","T3D_04C"
"confidential: replaced by 'CLID_anonymous'",2,"0012","T5FQShock ID","97","House burnt down","T6A_01"
"confidential: replaced by 'CLID_anonymous'",2,"0014","T3CQ3","1","Normal fever","HealthProb"
"confidential: replaced by 'CLID_anonymous'",2,"0015","T5CQ6c","N/A","Sesame","T3D_04C"
"confidential: replaced by 'CLID_anonymous'",2,"0017","T3CQ3","1","Elephantiasis.","HealthProb"
"confidential: replaced by 'CLID_anonymous'",2,"0018","T5CQ6c","N/A","Sesame","T3D_04C"
"confidential: replaced by 'CLID_anonymous'",2,"0022","T5AQ2","N/A","Plastic sheets","HouseRoof"
"confidential: replaced by 'CLID_anonymous'",2,"0022","T5AQ3","N/A","Grass","HouseWalls"
"confidential: replaced by 'CLID_anonymous'",51,"0001","T5CQ6c","N/A","Sesame.","T3D_04C"
"confidential: replaced by 'CLID_anonymous'",51,"0003","T5CQ6c","N/A","Sesame.","T3D_04C"
"confidential: replaced by 'CLID_anonymous'",51,"0004","T5CQ6c","N/A","Sesame.","T3D_04C"
"confidential: replaced by 'CLID_anonymous'",51,"0008","T5GQ9","N/A","Inability to repay loan.","CreditNone1"
"confidential: replaced by 'CLID_anonymous'",51,"0008","T3CQ3","1","Fever.","HealthProb"
"confidential: replaced by 'CLID_anonymous'",51,"0008","T3CQ3","4","Fever.","HealthProb"
"confidential: replaced by 'CLID_anonymous'",51,"0008","T5CQ6b","N/A","Sesame.","T3D_04B"
"confidential: replaced by 'CLID_anonymous'",51,"0012","T5CQ6c","N/A","Sesame.","T3D_04C"
"confidential: replaced by 'CLID_anonymous'",51,"0014","T5CQ6c","N/A","Sesame.","T3D_04C"
"confidential: replaced by 'CLID_anonymous'",51,"0022","CQ2","N/A","HH live in the next village.","UnavailabilityReason"
"confidential: replaced by 'CLID_anonymous'",51,"0023","T5CQ6c","N/A","Sesame.","T3D_04C"
"confidential: replaced by 'CLID_anonymous'",51,"0025","T5CQ6b","N/A","Sesame.","T3D_04B"
"confidential: replaced by 'CLID_anonymous'",51,"0027","T5CQ6b","N/A","Sesame.","T3D_04B"
"confidential: replaced by 'CLID_anonymous'",57,"0007","T3CQ3","1","Elephantiasis","HealthProb"
"confidential: replaced by 'CLID_anonymous'",57,"0007","T3CQ3","2","Elephantiasis","HealthProb"
"confidential: replaced by 'CLID_anonymous'",57,"0011","T3CQ3","1","Elephantiasis","HealthProb"
"confidential: replaced by 'CLID_anonymous'",57,"0027","T3BQ12","3","She was tired she wanted a rest.","AbsentSchoolWhy"
"confidential: replaced by 'CLID_anonymous'",76,"0002","T6Q2a","N/A","Assistance from children","CashSource1"
"confidential: replaced by 'CLID_anonymous'",76,"0003","T3CQ9","2","Herbs freely gathered","HealthFin"
"confidential: replaced by 'CLID_anonymous'",76,"0004","T6Q2a","N/A","Assistance from children","CashSource1"
"confidential: replaced by 'CLID_anonymous'",76,"0012","T4BQ2","4","Child left at home","ReasonHeightNotMeasured"
"confidential: replaced by 'CLID_anonymous'",76,"0012","T4BQ10","4","Child left at home","ReasonMUACNotMeasured"
"confidential: replaced by 'CLID_anonymous'",76,"0012","T4BQ13","4","Child left at home","ReasonOedemaNotMeasured"
"confidential: replaced by 'CLID_anonymous'",76,"0012","T4BQ7","4","Child left at home","ReasonWeightNotMeasured"
"confidential: replaced by 'CLID_anonymous'",76,"0013","T4BQ2","10","Child left at home","ReasonHeightNotMeasured"
"confidential: replaced by 'CLID_anonymous'",76,"0013","T4BQ2","11","Child left home","ReasonHeightNotMeasured"
"confidential: replaced by 'CLID_anonymous'",76,"0013","T4BQ10","10","Child left at home","ReasonMUACNotMeasured"
"confidential: replaced by 'CLID_anonymous'",76,"0013","T4BQ10","11","Child left home","ReasonMUACNotMeasured"
"confidential: replaced by 'CLID_anonymous'",76,"0013","T4BQ13","10","Child left at home","ReasonOedemaNotMeasured"
"confidential: replaced by 'CLID_anonymous'",76,"0013","T4BQ13","11","Child left home","ReasonOedemaNotMeasured"
"confidential: replaced by 'CLID_anonymous'",76,"0013","T4BQ7","10","Child left at home","ReasonWeightNotMeasured"
"confidential: replaced by 'CLID_anonymous'",76,"0013","T4BQ7","11","Child left home","ReasonWeightNotMeasured"
"confidential: replaced by 'CLID_anonymous'",76,"0016","T4BQ2","5","Child left at home","ReasonHeightNotMeasured"
"confidential: replaced by 'CLID_anonymous'",76,"0016","T4BQ10","5","Child left at home","ReasonMUACNotMeasured"
"confidential: replaced by 'CLID_anonymous'",76,"0016","T4BQ13","5","Child left at home","ReasonOedemaNotMeasured"
"confidential: replaced by 'CLID_anonymous'",76,"0016","T4BQ7","5","Child left at home","ReasonWeightNotMeasured"
"confidential: replaced by 'CLID_anonymous'",76,"0021","T3CQ3","1","Normal fever","HealthProb"
"confidential: replaced by 'CLID_anonymous'",76,"0021","T3CQ3","3","Normal fever","HealthProb"
"confidential: replaced by 'CLID_anonymous'",59,"0003","T3CQ3","8","epilepsy","HealthProb"
"confidential: replaced by 'CLID_anonymous'",59,"0003","T5CQ6c","N/A","sesame","T3D_04C"
"confidential: replaced by 'CLID_anonymous'",59,"0005","T5CQ6b","N/A","sesame","T3D_04B"
"confidential: replaced by 'CLID_anonymous'",59,"0006","T5CQ6c","N/A","Sesame","T3D_04C"
"confidential: replaced by 'CLID_anonymous'",59,"0007","T3BQ12","3","Hunger","AbsentSchoolWhy"
"confidential: replaced by 'CLID_anonymous'",59,"0007","T3BQ12","4","Hunger","AbsentSchoolWhy"
"confidential: replaced by 'CLID_anonymous'",59,"0007","T5CQ6b","N/A","sesame","T3D_04B"
"confidential: replaced by 'CLID_anonymous'",59,"0008","T4BQ10","5","Aged under 1 year","ReasonMUACNotMeasured"
"confidential: replaced by 'CLID_anonymous'",59,"0008","T5CQ6b","N/A","sesame","T3D_04B"
"confidential: replaced by 'CLID_anonymous'",59,"0010","T5CQ6b","N/A","sesame","T3D_04B"
"confidential: replaced by 'CLID_anonymous'",59,"0011","T5GQ9","N/A","Inability to repay loan","CreditNone1"
"confidential: replaced by 'CLID_anonymous'",59,"0011","T3CQ3","1","Body pains","HealthProb"
"confidential: replaced by 'CLID_anonymous'",59,"0014","T5GQ9","N/A","Inability to repay loan","CreditNone1"
"confidential: replaced by 'CLID_anonymous'",59,"0017","T5CQ6b","N/A","sesame","T3D_04B"
"confidential: replaced by 'CLID_anonymous'",59,"0018","T5CQ6b","N/A","sesame","T3D_04B"
"confidential: replaced by 'CLID_anonymous'",59,"0020","T5CQ6b","N/A","sesame","T3D_04B"
"confidential: replaced by 'CLID_anonymous'",59,"0021","T5CQ6b","N/A","sesame","T3D_04B"
"confidential: replaced by 'CLID_anonymous'",59,"0022","T5GQ9","N/A","Inability to repay loan","CreditNone1"
"confidential: replaced by 'CLID_anonymous'",59,"0022","T5CQ6c","N/A","sesame","T3D_04C"
"confidential: replaced by 'CLID_anonymous'",59,"0023","T5CQ6c","N/A","sesame","T3D_04C"
"confidential: replaced by 'CLID_anonymous'",35,"0048","T5CQ6c","N/A","Coconut","T3D_04C"
"confidential: replaced by 'CLID_anonymous'",72,"0027","T3CQ9","1","Freely gathered herbs","HealthFin"
"confidential: replaced by 'CLID_anonymous'",72,"0027","T3CQ5","1","Freely gathered herbs","HealthProv"
"confidential: replaced by 'CLID_anonymous'",69,"0044","T3AQ1","2","Ex wife of HH head","RelationHead"
"confidential: replaced by 'CLID_anonymous'",10,"0008","T5CQ6c","N/A","Sesame","T3D_04C"
"confidential: replaced by 'CLID_anonymous'",10,"0010","T5CQ6c","N/A","Sesame","T3D_04C"
"confidential: replaced by 'CLID_anonymous'",10,"0014","T5CQ6c","N/A","Sesame","T3D_04C"
"confidential: replaced by 'CLID_anonymous'",10,"0039","T5CQ6c","N/A","Sesame","T3D_04C"
"confidential: replaced by 'CLID_anonymous'",10,"0045","T5CQ6c","N/A","Sesame","T3D_04C"
"confidential: replaced by 'CLID_anonymous'",33,"0002","T2Q7","N/A","Raduan (Tanzanian with Oman origin)","HeadTribe"
"confidential: replaced by 'CLID_anonymous'",33,"0048","T3CQ9","2","Waiting for an operation","HealthFin"
"confidential: replaced by 'CLID_anonymous'",28,"0003","T3AQ1","2","Former co-wife","RelationHead"
"confidential: replaced by 'CLID_anonymous'",11,"0037","T5GQ8","N/A","Ward leaders","CreditFailWho"
"confidential: replaced by 'CLID_anonymous'",11,"0039","T3CQ3","1","Fever","HealthProb"
"confidential: replaced by 'CLID_anonymous'",11,"0040","T3CQ3","1","Elephantiasis","HealthProb"
"confidential: replaced by 'CLID_anonymous'",11,"0041","T3CQ3","1","Fever","HealthProb"
"confidential: replaced by 'CLID_anonymous'",81,"0001","T3CQ9","1","Herbs freely gathered","HealthFin"
"confidential: replaced by 'CLID_anonymous'",81,"0001","T3CQ9","2","Herbs freely gathered","HealthFin"
"confidential: replaced by 'CLID_anonymous'",81,"0003","T3CQ3","1","Elephantiasis","HealthProb"
"confidential: replaced by 'CLID_anonymous'",81,"0011","T3CQ3","2","Defecation problem","HealthProb"
"confidential: replaced by 'CLID_anonymous'",81,"0017","T3CQ3","1","Elephantiasis","HealthProb"
"confidential: replaced by 'CLID_anonymous'",81,"0023","T3CQ3","1","Swollen breast","HealthProb"
"confidential: replaced by 'CLID_anonymous'",81,"0026","T3CQ3","4","Swollen hand","HealthProb"
"confidential: replaced by 'CLID_anonymous'",81,"0026","T5DQ3","5","Eaten by wild animals","ReasonChange"
"confidential: replaced by 'CLID_anonymous'",81,"0029","T3CQ3","3","Epilepsy","HealthProb"
"confidential: replaced by 'CLID_anonymous'",81,"0033",,"N/A","KANGA","LivestockCode"
"confidential: replaced by 'CLID_anonymous'",29,"0011","T5DQ3","5","Attack by wild animals","ReasonChange"
"confidential: replaced by 'CLID_anonymous'",29,"0015","T3CQ3","1","Elephantiasis","HealthProb"
"confidential: replaced by 'CLID_anonymous'",29,"0034","T3CQ3","3","Fever","HealthProb"
"confidential: replaced by 'CLID_anonymous'",39,"0004","T4BQ10","7","Aged less than 12 months","ReasonMUACNotMeasured"
"confidential: replaced by 'CLID_anonymous'",39,"0026","T3CQ3","2","Normal fever","HealthProb"
"confidential: replaced by 'CLID_anonymous'",39,"0026","T5FQShock ID","97","No market for cashew nuts","T6A_01"
"confidential: replaced by 'CLID_anonymous'",39,"0030","T5GAQ4","1","Funeral expenses","CreditWhy"
"confidential: replaced by 'CLID_anonymous'",39,"0030","T3CQ3","1","Normal fever","HealthProb"
"confidential: replaced by 'CLID_anonymous'",39,"0036","T5GQ9","N/A","Inability to repay","CreditNone1"
"confidential: replaced by 'CLID_anonymous'",39,"0044","T5GAQ4","1","Funeral expenses","CreditWhy"
"confidential: replaced by 'CLID_anonymous'",39,"0049","T4BQ10","4","Aged less than 12 months","ReasonMUACNotMeasured"
"confidential: replaced by 'CLID_anonymous'",18,"0001",,"N/A","HH data lost in boat accident","UnavailabilityReason"
"confidential: replaced by 'CLID_anonymous'",18,"0003",,"N/A","HH data lost in boat accident","UnavailabilityReason"
"confidential: replaced by 'CLID_anonymous'",18,"0004",,"N/A","HH data lost in boat accident","UnavailabilityReason"
"confidential: replaced by 'CLID_anonymous'",18,"0040","CQ2","N/A","Kaya hii inaishi kijiji tofauti na Kwala.","UnavailabilityReason"
"confidential: replaced by 'CLID_anonymous'",12,"0002","T3CQ3","1","waist pains.","HealthProb"
"confidential: replaced by 'CLID_anonymous'",12,"0025","T5GAQ2","1","village fund.","CreditSource"
"confidential: replaced by 'CLID_anonymous'",12,"0038","T5AQ3","N/A","bamboo and grass","HouseWalls"
"confidential: replaced by 'CLID_anonymous'",12,"0039","T3CQ9","2","traditional herbs freely gathered","HealthFin"
"confidential: replaced by 'CLID_anonymous'",12,"0044","T3CQ9","1","traditional herbs freely gathered","HealthFin"
"confidential: replaced by 'CLID_anonymous'",12,"0048","T5GAQ2","1","village fund.","CreditSource"
"confidential: replaced by 'CLID_anonymous'",65,"0006","T3CQ9","1","Freely gathered herbs","HealthFin"
"confidential: replaced by 'CLID_anonymous'",65,"0006","T3CQ3","1","Waist pains","HealthProb"
"confidential: replaced by 'CLID_anonymous'",65,"0006","T5FQShock ID","97","Court case","T6A_01"
"confidential: replaced by 'CLID_anonymous'",65,"0007","T3CQ9","3","Freely gathered herbs","HealthFin"
"confidential: replaced by 'CLID_anonymous'",65,"0029","T4BQ10","6","Child aged below 12 months","ReasonMUACNotMeasured"
"confidential: replaced by 'CLID_anonymous'",54,"0005","CQ2","N/A","HH data was lost in a boat accident","UnavailabilityReason"
"confidential: replaced by 'CLID_anonymous'",54,"0009","CQ2","N/A","HH data lost in boat accident","UnavailabilityReason"
"confidential: replaced by 'CLID_anonymous'",54,"0012","CQ2","N/A","HH data lost in boat accident","UnavailabilityReason"
"confidential: replaced by 'CLID_anonymous'",38,"0005","CQ2","N/A","kaya imehamia kijiji kingine","UnavailabilityReason"
"confidential: replaced by 'CLID_anonymous'",38,"0008","T3CQ3","4","Fever","HealthProb"
"confidential: replaced by 'CLID_anonymous'",38,"0008","T3CQ3","5","Fever","HealthProb"
"confidential: replaced by 'CLID_anonymous'",38,"0008","T5CQ6a","N/A","Coconuts","T3D_04A"
"confidential: replaced by 'CLID_anonymous'",38,"0034","T3CQ3","1","Chicken pox","HealthProb"
"confidential: replaced by 'CLID_anonymous'",38,"0035","T5CQ6c","N/A","Coconuts","T3D_04C"
"confidential: replaced by 'CLID_anonymous'",38,"0044","T4BQ10","6","The age is below one year.","ReasonMUACNotMeasured"
"confidential: replaced by 'CLID_anonymous'",38,"0044","T4BQ10","7","The age is below one year.","ReasonMUACNotMeasured"
"confidential: replaced by 'CLID_anonymous'",25,"0013","T3CQ3","1","Elephantiasis","HealthProb"
"confidential: replaced by 'CLID_anonymous'",25,"0029","T5GAQ4","1","Funeral expenses","CreditWhy"
"confidential: replaced by 'CLID_anonymous'",25,"0029","T3CQ3","1","Elephantiasis","HealthProb"
"confidential: replaced by 'CLID_anonymous'",25,"0029","T3CQ3","4","Fever","HealthProb"
"confidential: replaced by 'CLID_anonymous'",25,"0030","T3CQ3","1","Fever","HealthProb"
"confidential: replaced by 'CLID_anonymous'",25,"0032","T4BQ10","5","The child's age is below 12 months","ReasonMUACNotMeasured"
"confidential: replaced by 'CLID_anonymous'",23,"0018","T3CQ3","1","Elephantiasis","HealthProb"
"confidential: replaced by 'CLID_anonymous'",23,"0046","T5CQ6c","N/A","Sesame","T3D_04C"
"confidential: replaced by 'CLID_anonymous'",31,"0002","T3CQ15","5","Sikosel","HandicapType"
"confidential: replaced by 'CLID_anonymous'",31,"0005","T3BQ12","2","Mwanafunzi hajarudi toka alipokwenda likizoni","AbsentSchoolWhy"
"confidential: replaced by 'CLID_anonymous'",31,"0005","T3BQ12","3","Mwanafunzi hajarudi toka kwa wazazi wake alikoenda kwa likizo","AbsentSchoolWhy"
"confidential: replaced by 'CLID_anonymous'",31,"0010","T5AQ2","N/A","Turubai/ sheeting","HouseRoof"
"confidential: replaced by 'CLID_anonymous'",31,"0011","T5AQ3","N/A","Nyasi.","HouseWalls"
"confidential: replaced by 'CLID_anonymous'",31,"0029","T3CQ3","1","athma","HealthProb"
"confidential: replaced by 'CLID_anonymous'",24,"0026","T3CQ3","1","Elephantiasis","HealthProb"
"confidential: replaced by 'CLID_anonymous'",24,"0032","T5CQ6a","N/A","Coconuts","T3D_04A"
"confidential: replaced by 'CLID_anonymous'",24,"0047","T3CQ9","4","From home first aid kit.","HealthFin"
"confidential: replaced by 'CLID_anonymous'",24,"0047","T3CQ3","4","Normal fever","HealthProb"
