"CLID","CLID_anonymous","HHNum","MemNum","T5HQ2","T5HAQ1a","T5HAQ1b","T5HAQ1c","T5HAQ1d","T5HAQ2","T5HAQ3"
"confidential: replaced by 'CLID_anonymous'",63,"0018",3,1,1,,,,2,1
"confidential: replaced by 'CLID_anonymous'",15,"0002",2,1,4,,,,2,2
"confidential: replaced by 'CLID_anonymous'",16,"0001",1,1,6,,,,2,1
"confidential: replaced by 'CLID_anonymous'",16,"0001",2,1,6,,,,2,1
"confidential: replaced by 'CLID_anonymous'",22,"0013",1,1,4,,,,2,1
"confidential: replaced by 'CLID_anonymous'",19,"0003",1,1,1,,,,1,1
"confidential: replaced by 'CLID_anonymous'",50,"0006",1,1,4,,,,2,2
"confidential: replaced by 'CLID_anonymous'",6,"0011",2,1,1,,,,1,2
"confidential: replaced by 'CLID_anonymous'",48,"0018",2,1,4,,,,2,1
"confidential: replaced by 'CLID_anonymous'",52,"0011",1,2,1,4,,,2,1
"confidential: replaced by 'CLID_anonymous'",8,"0014",1,1,4,,,,2,1
"confidential: replaced by 'CLID_anonymous'",8,"0014",2,1,4,,,,2,1
"confidential: replaced by 'CLID_anonymous'",8,"0014",3,1,4,,,,2,1
"confidential: replaced by 'CLID_anonymous'",66,"0016",2,1,1,,,,2,1
"confidential: replaced by 'CLID_anonymous'",5,"0004",5,1,3,,,,2,1
"confidential: replaced by 'CLID_anonymous'",5,"0011",2,2,1,1,,,2,2
"confidential: replaced by 'CLID_anonymous'",49,"0018",3,1,1,,,,1,1
"confidential: replaced by 'CLID_anonymous'",49,"0026",1,1,6,,,,2,1
"confidential: replaced by 'CLID_anonymous'",49,"0027",3,1,6,,,,2,1
"confidential: replaced by 'CLID_anonymous'",74,"0002",1,2,1,6,,,1,1
"confidential: replaced by 'CLID_anonymous'",74,"0018",3,1,2,,,,2,1
"confidential: replaced by 'CLID_anonymous'",21,"0023",2,1,2,,,,2,1
"confidential: replaced by 'CLID_anonymous'",1,"0009",1,1,6,,,,2,1
"confidential: replaced by 'CLID_anonymous'",71,"0001",3,1,2,,,,2,1
"confidential: replaced by 'CLID_anonymous'",71,"0001",4,1,2,,,,2,1
"confidential: replaced by 'CLID_anonymous'",71,"0013",2,1,1,,,,2,1
"confidential: replaced by 'CLID_anonymous'",53,"0027",1,1,6,,,,1,1
"confidential: replaced by 'CLID_anonymous'",75,"0008",3,1,1,,,,2,1
"confidential: replaced by 'CLID_anonymous'",75,"0011",2,1,1,,,,2,1
"confidential: replaced by 'CLID_anonymous'",75,"0012",1,2,1,6,,,2,1
"confidential: replaced by 'CLID_anonymous'",61,"0022",1,4,4,4,4,4,1,1
"confidential: replaced by 'CLID_anonymous'",4,"0013",2,1,1,,,,2,1
"confidential: replaced by 'CLID_anonymous'",32,"0008",2,1,1,,,,2,1
"confidential: replaced by 'CLID_anonymous'",17,"0003",3,1,3,,,,1,1
"confidential: replaced by 'CLID_anonymous'",17,"0012",1,1,1,,,,2,2
"confidential: replaced by 'CLID_anonymous'",17,"0016",2,1,1,,,,1,1
"confidential: replaced by 'CLID_anonymous'",17,"0022",1,1,6,,,,1,1
"confidential: replaced by 'CLID_anonymous'",17,"0022",2,1,6,,,,1,1
"confidential: replaced by 'CLID_anonymous'",17,"0022",3,1,6,,,,1,1
"confidential: replaced by 'CLID_anonymous'",3,"0014",2,1,3,,,,2,2
"confidential: replaced by 'CLID_anonymous'",14,"0006",2,1,6,,,,2,2
"confidential: replaced by 'CLID_anonymous'",20,"0005",2,1,1,,,,1,2
"confidential: replaced by 'CLID_anonymous'",20,"0013",2,1,6,,,,1,1
"confidential: replaced by 'CLID_anonymous'",20,"0018",1,1,1,,,,2,1
"confidential: replaced by 'CLID_anonymous'",13,"0008",1,1,6,,,,2,1
"confidential: replaced by 'CLID_anonymous'",55,"0003",1,1,6,,,,2,1
"confidential: replaced by 'CLID_anonymous'",55,"0007",1,1,4,,,,2,1
"confidential: replaced by 'CLID_anonymous'",9,"0003",2,1,6,,,,2,1
"confidential: replaced by 'CLID_anonymous'",9,"0016",1,1,2,,,,2,1
"confidential: replaced by 'CLID_anonymous'",36,"0004",1,1,1,,,,2,1
"confidential: replaced by 'CLID_anonymous'",36,"0005",2,1,6,,,,1,1
"confidential: replaced by 'CLID_anonymous'",36,"0019",1,1,1,,,,2,2
"confidential: replaced by 'CLID_anonymous'",36,"0023",1,1,1,,,,1,2
"confidential: replaced by 'CLID_anonymous'",34,"0004",3,1,6,,,,2,1
"confidential: replaced by 'CLID_anonymous'",64,"0009",3,1,1,,,,2,1
"confidential: replaced by 'CLID_anonymous'",64,"0014",2,1,1,,,,2,1
"confidential: replaced by 'CLID_anonymous'",64,"0023",1,1,6,,,,1,2
"confidential: replaced by 'CLID_anonymous'",78,"0013",2,1,1,,,,2,1
"confidential: replaced by 'CLID_anonymous'",78,"0019",2,1,1,,,,1,1
"confidential: replaced by 'CLID_anonymous'",78,"0021",2,1,1,,,,1,1
"confidential: replaced by 'CLID_anonymous'",51,"0004",2,1,1,,,,2,2
"confidential: replaced by 'CLID_anonymous'",57,"0002",2,1,1,,,,1,1
"confidential: replaced by 'CLID_anonymous'",76,"0007",2,1,6,,,,2,1
"confidential: replaced by 'CLID_anonymous'",35,"0003",1,1,1,,,,2,2
"confidential: replaced by 'CLID_anonymous'",35,"0003",2,1,1,,,,2,2
"confidential: replaced by 'CLID_anonymous'",35,"0006",2,1,1,,,,2,1
"confidential: replaced by 'CLID_anonymous'",35,"0015",2,2,1,6,,,1,1
"confidential: replaced by 'CLID_anonymous'",35,"0016",1,2,2,6,,,2,1
"confidential: replaced by 'CLID_anonymous'",35,"0016",2,1,6,,,,2,1
"confidential: replaced by 'CLID_anonymous'",35,"0026",1,1,6,,,,1,1
"confidential: replaced by 'CLID_anonymous'",35,"0048",1,1,6,,,,2,2
"confidential: replaced by 'CLID_anonymous'",72,"0027",2,1,2,,,,2,1
"confidential: replaced by 'CLID_anonymous'",42,"0010",1,1,6,,,,2,2
"confidential: replaced by 'CLID_anonymous'",42,"0017",1,1,2,,,,2,1
"confidential: replaced by 'CLID_anonymous'",47,"0007",1,1,4,,,,2,1
"confidential: replaced by 'CLID_anonymous'",47,"0012",3,1,2,,,,2,1
"confidential: replaced by 'CLID_anonymous'",47,"0013",1,1,2,,,,2,1
"confidential: replaced by 'CLID_anonymous'",47,"0015",1,1,4,,,,1,1
"confidential: replaced by 'CLID_anonymous'",47,"0015",2,1,4,,,,1,1
"confidential: replaced by 'CLID_anonymous'",47,"0044",1,1,1,,,,2,1
"confidential: replaced by 'CLID_anonymous'",47,"0044",2,1,4,,,,2,1
"confidential: replaced by 'CLID_anonymous'",10,"0008",2,1,4,,,,1,1
"confidential: replaced by 'CLID_anonymous'",33,"0001",1,1,1,,,,2,1
"confidential: replaced by 'CLID_anonymous'",33,"0001",2,1,1,,,,2,1
"confidential: replaced by 'CLID_anonymous'",33,"0011",2,1,4,,,,2,1
"confidential: replaced by 'CLID_anonymous'",33,"0027",2,1,1,,,,1,1
"confidential: replaced by 'CLID_anonymous'",33,"0030",2,1,1,,,,2,1
"confidential: replaced by 'CLID_anonymous'",28,"0016",2,1,2,,,,2,1
"confidential: replaced by 'CLID_anonymous'",11,"0001",2,1,2,,,,2,1
"confidential: replaced by 'CLID_anonymous'",11,"0008",2,1,2,,,,2,1
"confidential: replaced by 'CLID_anonymous'",11,"0015",3,1,2,,,,1,1
"confidential: replaced by 'CLID_anonymous'",11,"0039",1,1,1,,,,2,2
"confidential: replaced by 'CLID_anonymous'",11,"0048",1,1,2,,,,2,1
"confidential: replaced by 'CLID_anonymous'",11,"0050",2,1,2,,,,1,1
"confidential: replaced by 'CLID_anonymous'",81,"0001",1,1,6,,,,1,2
"confidential: replaced by 'CLID_anonymous'",81,"0006",2,1,1,,,,2,1
"confidential: replaced by 'CLID_anonymous'",81,"0018",1,1,2,,,,2,1
"confidential: replaced by 'CLID_anonymous'",81,"0019",1,1,2,,,,2,1
"confidential: replaced by 'CLID_anonymous'",81,"0022",3,1,2,,,,2,2
"confidential: replaced by 'CLID_anonymous'",81,"0026",2,1,1,,,,2,2
"confidential: replaced by 'CLID_anonymous'",81,"0036",1,1,6,,,,2,2
"confidential: replaced by 'CLID_anonymous'",81,"0036",2,1,6,,,,2,2
"confidential: replaced by 'CLID_anonymous'",81,"0036",4,1,6,,,,2,2
"confidential: replaced by 'CLID_anonymous'",29,"0007",2,1,6,,,,2,1
"confidential: replaced by 'CLID_anonymous'",29,"0008",2,1,6,,,,2,1
"confidential: replaced by 'CLID_anonymous'",29,"0009",2,1,6,,,,2,1
"confidential: replaced by 'CLID_anonymous'",29,"0023",1,1,1,,,,2,1
"confidential: replaced by 'CLID_anonymous'",29,"0023",2,1,1,,,,2,1
"confidential: replaced by 'CLID_anonymous'",29,"0027",1,1,2,,,,2,1
"confidential: replaced by 'CLID_anonymous'",29,"0029",2,1,1,,,,2,1
"confidential: replaced by 'CLID_anonymous'",29,"0033",2,1,2,,,,2,1
"confidential: replaced by 'CLID_anonymous'",29,"0035",1,1,2,,,,1,1
"confidential: replaced by 'CLID_anonymous'",45,"0035",2,1,1,,,,2,1
"confidential: replaced by 'CLID_anonymous'",39,"0017",2,1,2,,,,2,1
"confidential: replaced by 'CLID_anonymous'",44,"0020",3,1,6,,,,2,1
"confidential: replaced by 'CLID_anonymous'",44,"0023",3,1,2,,,,2,1
"confidential: replaced by 'CLID_anonymous'",65,"0008",2,1,2,,,,2,1
"confidential: replaced by 'CLID_anonymous'",65,"0038",1,1,6,,,,2,2
"confidential: replaced by 'CLID_anonymous'",65,"0038",2,1,1,,,,2,2
"confidential: replaced by 'CLID_anonymous'",65,"0045",1,1,6,,,,2,1
"confidential: replaced by 'CLID_anonymous'",65,"0048",1,1,5,,,,2,1
"confidential: replaced by 'CLID_anonymous'",38,"0007",2,2,1,1,,,1,1
"confidential: replaced by 'CLID_anonymous'",38,"0013",1,1,2,,,,1,1
"confidential: replaced by 'CLID_anonymous'",38,"0026",1,1,6,,,,1,1
"confidential: replaced by 'CLID_anonymous'",38,"0026",2,1,6,,,,2,1
"confidential: replaced by 'CLID_anonymous'",38,"0030",3,1,1,,,,2,1
"confidential: replaced by 'CLID_anonymous'",25,"0001",2,1,6,,,,2,1
"confidential: replaced by 'CLID_anonymous'",25,"0002",1,1,6,,,,2,2
"confidential: replaced by 'CLID_anonymous'",25,"0009",2,1,1,,,,2,1
"confidential: replaced by 'CLID_anonymous'",25,"0020",2,1,1,,,,1,1
"confidential: replaced by 'CLID_anonymous'",25,"0032",1,1,6,,,,1,1
"confidential: replaced by 'CLID_anonymous'",24,"0010",2,1,2,,,,1,1
"confidential: replaced by 'CLID_anonymous'",24,"0022",3,1,6,,,,2,1
"confidential: replaced by 'CLID_anonymous'",24,"0022",4,1,6,,,,1,1
"confidential: replaced by 'CLID_anonymous'",24,"0026",1,1,1,,,,2,1
"confidential: replaced by 'CLID_anonymous'",24,"0034",2,1,6,,,,2,1
"confidential: replaced by 'CLID_anonymous'",24,"0041",1,2,2,2,,,1,1
"confidential: replaced by 'CLID_anonymous'",24,"0042",1,1,1,,,,2,2
"confidential: replaced by 'CLID_anonymous'",24,"0047",1,1,2,,,,2,1
