"DistID","CLID","CLID_anonymous","SchoolID","Y2ID","asstTASAF","asstTASAFamount","asstNGO","asstNGOamount","asstCommPrivat","asstCommPrivatAmount"
104,"confidential: replaced by 'CLID_anonymous'",26,1,1,2,,2,,1,4200000
104,"confidential: replaced by 'CLID_anonymous'",26,1,2,2,,2,,1,4680000
104,"confidential: replaced by 'CLID_anonymous'",26,1,3,2,,2,,1,3600000
104,"confidential: replaced by 'CLID_anonymous'",26,1,4,2,,2,,1,3155000
104,"confidential: replaced by 'CLID_anonymous'",46,1,1,2,,2,,1,1994700
104,"confidential: replaced by 'CLID_anonymous'",46,1,2,2,,2,,1,1450000
104,"confidential: replaced by 'CLID_anonymous'",46,1,3,2,,2,,1,900000
104,"confidential: replaced by 'CLID_anonymous'",46,1,4,2,,2,,1,650000
104,"confidential: replaced by 'CLID_anonymous'",77,1,1,2,,2,,2,
104,"confidential: replaced by 'CLID_anonymous'",77,1,2,2,,2,,2,
104,"confidential: replaced by 'CLID_anonymous'",77,1,3,2,,2,,2,
104,"confidential: replaced by 'CLID_anonymous'",77,1,4,2,,2,,2,
104,"confidential: replaced by 'CLID_anonymous'",63,1,1,2,,1,7200000,2,
104,"confidential: replaced by 'CLID_anonymous'",63,1,2,2,,1,450000,2,
104,"confidential: replaced by 'CLID_anonymous'",63,1,3,2,,2,,2,
104,"confidential: replaced by 'CLID_anonymous'",63,1,4,2,,2,,2,
104,"confidential: replaced by 'CLID_anonymous'",63,2,1,2,,2,,2,
104,"confidential: replaced by 'CLID_anonymous'",63,2,2,2,,2,,2,
104,"confidential: replaced by 'CLID_anonymous'",63,2,3,2,,2,,2,
104,"confidential: replaced by 'CLID_anonymous'",63,2,4,2,,2,,2,
104,"confidential: replaced by 'CLID_anonymous'",15,1,1,2,,2,,2,
104,"confidential: replaced by 'CLID_anonymous'",15,1,2,2,,2,,2,
104,"confidential: replaced by 'CLID_anonymous'",15,1,3,2,,2,,2,
104,"confidential: replaced by 'CLID_anonymous'",15,1,4,2,,2,,2,
104,"confidential: replaced by 'CLID_anonymous'",15,2,1,2,,1,9000,2,
104,"confidential: replaced by 'CLID_anonymous'",15,2,2,2,,1,9000,2,
104,"confidential: replaced by 'CLID_anonymous'",15,2,3,2,,1,9000,2,
104,"confidential: replaced by 'CLID_anonymous'",15,2,4,2,,2,,2,
104,"confidential: replaced by 'CLID_anonymous'",15,3,1,2,,2,,2,
104,"confidential: replaced by 'CLID_anonymous'",15,3,2,2,,2,,2,
104,"confidential: replaced by 'CLID_anonymous'",15,3,3,2,,2,,2,
104,"confidential: replaced by 'CLID_anonymous'",15,3,4,2,,2,,2,
104,"confidential: replaced by 'CLID_anonymous'",16,1,1,2,,2,,2,
104,"confidential: replaced by 'CLID_anonymous'",16,1,2,2,,2,,2,
104,"confidential: replaced by 'CLID_anonymous'",16,1,3,2,,2,,2,
104,"confidential: replaced by 'CLID_anonymous'",16,1,4,2,,2,,2,
104,"confidential: replaced by 'CLID_anonymous'",80,1,1,2,,2,,2,
104,"confidential: replaced by 'CLID_anonymous'",80,1,2,2,,2,,2,
104,"confidential: replaced by 'CLID_anonymous'",80,1,3,2,,2,,2,
104,"confidential: replaced by 'CLID_anonymous'",80,1,4,2,,2,,2,
104,"confidential: replaced by 'CLID_anonymous'",80,2,1,2,,2,,2,
104,"confidential: replaced by 'CLID_anonymous'",80,2,2,2,,2,,2,
104,"confidential: replaced by 'CLID_anonymous'",80,2,3,2,,2,,2,
104,"confidential: replaced by 'CLID_anonymous'",80,2,4,2,,2,,2,
104,"confidential: replaced by 'CLID_anonymous'",80,3,1,2,,2,,2,
104,"confidential: replaced by 'CLID_anonymous'",80,3,2,2,,2,,2,
104,"confidential: replaced by 'CLID_anonymous'",80,3,3,2,,2,,2,
104,"confidential: replaced by 'CLID_anonymous'",80,3,4,2,,2,,2,
104,"confidential: replaced by 'CLID_anonymous'",22,1,1,2,,2,,2,
104,"confidential: replaced by 'CLID_anonymous'",22,1,2,2,,2,,2,
104,"confidential: replaced by 'CLID_anonymous'",22,1,3,2,,2,,2,
104,"confidential: replaced by 'CLID_anonymous'",22,1,4,2,,1,80000,2,
104,"confidential: replaced by 'CLID_anonymous'",67,1,1,2,,2,,2,
104,"confidential: replaced by 'CLID_anonymous'",67,1,2,2,,2,,2,
104,"confidential: replaced by 'CLID_anonymous'",67,1,3,2,,2,,2,
104,"confidential: replaced by 'CLID_anonymous'",67,1,4,2,,2,,2,
104,"confidential: replaced by 'CLID_anonymous'",40,1,1,2,,2,,1,50000
104,"confidential: replaced by 'CLID_anonymous'",40,1,2,2,,2,,2,
104,"confidential: replaced by 'CLID_anonymous'",40,1,3,2,,2,,2,
104,"confidential: replaced by 'CLID_anonymous'",40,1,4,2,,1,180000,2,
104,"confidential: replaced by 'CLID_anonymous'",40,2,1,2,,1,46000000,1,250000
104,"confidential: replaced by 'CLID_anonymous'",40,2,2,2,,2,,1,1370000
104,"confidential: replaced by 'CLID_anonymous'",40,2,3,2,,2,,1,1330000
104,"confidential: replaced by 'CLID_anonymous'",40,2,4,2,,2,,1,1440000
104,"confidential: replaced by 'CLID_anonymous'",19,1,1,2,,2,,1,2400000
104,"confidential: replaced by 'CLID_anonymous'",19,1,2,2,,2,,1,1500000
104,"confidential: replaced by 'CLID_anonymous'",19,1,3,2,,2,,1,1470000
104,"confidential: replaced by 'CLID_anonymous'",19,1,4,2,,2,,1,1530000
104,"confidential: replaced by 'CLID_anonymous'",19,2,1,2,,2,,1,250000
104,"confidential: replaced by 'CLID_anonymous'",19,2,2,2,,2,,1,400000
104,"confidential: replaced by 'CLID_anonymous'",19,2,3,2,,2,,2,
104,"confidential: replaced by 'CLID_anonymous'",19,2,4,2,,2,,2,
104,"confidential: replaced by 'CLID_anonymous'",50,1,1,2,,2,,1,1710000
104,"confidential: replaced by 'CLID_anonymous'",50,1,2,2,,2,,1,1320000
104,"confidential: replaced by 'CLID_anonymous'",50,1,3,2,,2,,1,1400000
104,"confidential: replaced by 'CLID_anonymous'",50,1,4,2,,2,,1,325000
104,"confidential: replaced by 'CLID_anonymous'",6,1,1,2,,2,,1,150000
104,"confidential: replaced by 'CLID_anonymous'",6,1,2,2,,2,,2,
104,"confidential: replaced by 'CLID_anonymous'",6,1,3,2,,2,,2,
104,"confidential: replaced by 'CLID_anonymous'",6,1,4,2,,2,,2,
104,"confidential: replaced by 'CLID_anonymous'",48,1,1,2,,2,,2,
104,"confidential: replaced by 'CLID_anonymous'",48,1,2,2,,2,,2,
104,"confidential: replaced by 'CLID_anonymous'",48,1,3,2,,2,,2,
104,"confidential: replaced by 'CLID_anonymous'",48,1,4,2,,2,,2,
104,"confidential: replaced by 'CLID_anonymous'",56,1,1,2,,2,,2,
104,"confidential: replaced by 'CLID_anonymous'",56,1,2,2,,2,,2,
104,"confidential: replaced by 'CLID_anonymous'",56,1,3,2,,2,,2,
104,"confidential: replaced by 'CLID_anonymous'",56,1,4,2,,2,,2,
104,"confidential: replaced by 'CLID_anonymous'",56,2,1,2,,2,,2,
104,"confidential: replaced by 'CLID_anonymous'",56,2,2,2,,2,,2,
104,"confidential: replaced by 'CLID_anonymous'",56,2,3,2,,2,,2,
104,"confidential: replaced by 'CLID_anonymous'",56,2,4,2,,2,,2,
104,"confidential: replaced by 'CLID_anonymous'",82,1,1,2,,1,80888000,2,
104,"confidential: replaced by 'CLID_anonymous'",82,1,2,2,,1,32994000,2,
104,"confidential: replaced by 'CLID_anonymous'",82,1,3,2,,1,30361500,2,
104,"confidential: replaced by 'CLID_anonymous'",82,1,4,2,,2,,2,
104,"confidential: replaced by 'CLID_anonymous'",70,1,1,2,,2,,2,
104,"confidential: replaced by 'CLID_anonymous'",70,1,2,2,,2,,2,
104,"confidential: replaced by 'CLID_anonymous'",70,1,3,2,,2,,2,
104,"confidential: replaced by 'CLID_anonymous'",70,1,4,2,,2,,2,
104,"confidential: replaced by 'CLID_anonymous'",52,1,1,2,,2,,2,
104,"confidential: replaced by 'CLID_anonymous'",52,1,2,2,,2,,2,
104,"confidential: replaced by 'CLID_anonymous'",52,1,3,2,,2,,2,
104,"confidential: replaced by 'CLID_anonymous'",52,1,4,2,,2,,2,
104,"confidential: replaced by 'CLID_anonymous'",27,1,1,2,,2,,2,
104,"confidential: replaced by 'CLID_anonymous'",27,1,2,2,,2,,2,
104,"confidential: replaced by 'CLID_anonymous'",27,1,3,2,,2,,2,
104,"confidential: replaced by 'CLID_anonymous'",27,1,4,2,,2,,2,
104,"confidential: replaced by 'CLID_anonymous'",68,1,1,2,,2,,2,
104,"confidential: replaced by 'CLID_anonymous'",68,1,2,2,,2,,2,
104,"confidential: replaced by 'CLID_anonymous'",68,1,3,2,,1,60,2,
104,"confidential: replaced by 'CLID_anonymous'",68,1,4,2,,2,,2,
104,"confidential: replaced by 'CLID_anonymous'",8,1,1,2,,2,,2,
104,"confidential: replaced by 'CLID_anonymous'",8,1,2,2,,2,,2,
104,"confidential: replaced by 'CLID_anonymous'",8,1,3,2,,2,,2,
104,"confidential: replaced by 'CLID_anonymous'",8,1,4,2,,2,,2,
104,"confidential: replaced by 'CLID_anonymous'",66,1,1,2,,2,,2,
104,"confidential: replaced by 'CLID_anonymous'",66,1,2,2,,2,,2,
104,"confidential: replaced by 'CLID_anonymous'",66,1,3,1,396137146,2,,2,
104,"confidential: replaced by 'CLID_anonymous'",66,1,4,2,,2,,2,
104,"confidential: replaced by 'CLID_anonymous'",66,2,1,2,,1,700000,2,
104,"confidential: replaced by 'CLID_anonymous'",66,2,2,2,,2,,2,
104,"confidential: replaced by 'CLID_anonymous'",66,2,3,2,,2,,2,
104,"confidential: replaced by 'CLID_anonymous'",66,2,4,2,,2,,2,
601,"confidential: replaced by 'CLID_anonymous'",5,1,1,2,,2,,2,
601,"confidential: replaced by 'CLID_anonymous'",5,1,2,2,,2,,2,
601,"confidential: replaced by 'CLID_anonymous'",5,1,3,2,,2,,2,
601,"confidential: replaced by 'CLID_anonymous'",5,1,4,2,,2,,2,
601,"confidential: replaced by 'CLID_anonymous'",49,1,1,2,,2,,2,
601,"confidential: replaced by 'CLID_anonymous'",49,1,2,2,,2,,2,
601,"confidential: replaced by 'CLID_anonymous'",49,1,3,2,,2,,2,
601,"confidential: replaced by 'CLID_anonymous'",49,1,4,2,,2,,2,
601,"confidential: replaced by 'CLID_anonymous'",74,1,1,2,,2,,2,
601,"confidential: replaced by 'CLID_anonymous'",74,1,2,2,,2,,1,279500
601,"confidential: replaced by 'CLID_anonymous'",74,1,3,2,,2,,2,
601,"confidential: replaced by 'CLID_anonymous'",74,1,4,2,,2,,2,
601,"confidential: replaced by 'CLID_anonymous'",74,2,1,2,,2,,2,
601,"confidential: replaced by 'CLID_anonymous'",74,2,2,2,,2,,2,
601,"confidential: replaced by 'CLID_anonymous'",74,2,3,2,,1,660000,2,
601,"confidential: replaced by 'CLID_anonymous'",74,2,4,2,,1,66000,2,
601,"confidential: replaced by 'CLID_anonymous'",62,1,1,2,,1,280000,1,280000
601,"confidential: replaced by 'CLID_anonymous'",62,1,2,2,,1,22584500,2,
601,"confidential: replaced by 'CLID_anonymous'",62,1,3,2,,1,240000,2,
601,"confidential: replaced by 'CLID_anonymous'",62,1,4,2,,1,280000,2,
601,"confidential: replaced by 'CLID_anonymous'",62,2,1,2,,2,,1,3600000
601,"confidential: replaced by 'CLID_anonymous'",62,2,2,2,,2,,1,2800000
601,"confidential: replaced by 'CLID_anonymous'",62,2,3,2,,1,3500000,2,
601,"confidential: replaced by 'CLID_anonymous'",62,2,4,2,,1,9000000,2,
601,"confidential: replaced by 'CLID_anonymous'",62,3,1,2,,1,2900000,2,
601,"confidential: replaced by 'CLID_anonymous'",62,3,2,2,,1,100000,1,1200000
601,"confidential: replaced by 'CLID_anonymous'",62,3,3,2,,1,20000000,1,3000000
601,"confidential: replaced by 'CLID_anonymous'",62,3,4,2,,1,80000,2,
601,"confidential: replaced by 'CLID_anonymous'",21,1,1,2,,2,,2,
601,"confidential: replaced by 'CLID_anonymous'",21,1,2,2,,2,,2,
601,"confidential: replaced by 'CLID_anonymous'",21,1,3,2,,2,,2,
601,"confidential: replaced by 'CLID_anonymous'",21,1,4,2,,1,500000,2,
601,"confidential: replaced by 'CLID_anonymous'",1,1,1,2,,2,,2,
601,"confidential: replaced by 'CLID_anonymous'",1,1,2,2,,2,,2,
601,"confidential: replaced by 'CLID_anonymous'",1,1,3,2,,2,,2,
601,"confidential: replaced by 'CLID_anonymous'",1,1,4,2,,2,,2,
601,"confidential: replaced by 'CLID_anonymous'",79,1,1,2,,2,,1,50
601,"confidential: replaced by 'CLID_anonymous'",79,1,2,2,,2,,2,
601,"confidential: replaced by 'CLID_anonymous'",79,1,3,2,,2,,2,
601,"confidential: replaced by 'CLID_anonymous'",79,1,4,2,,2,,2,
601,"confidential: replaced by 'CLID_anonymous'",41,1,1,2,,2,,2,
601,"confidential: replaced by 'CLID_anonymous'",41,1,2,2,,2,,2,
601,"confidential: replaced by 'CLID_anonymous'",41,1,3,2,,2,,1,250000
601,"confidential: replaced by 'CLID_anonymous'",41,1,4,2,,2,,2,
601,"confidential: replaced by 'CLID_anonymous'",41,2,1,2,,2,,2,
601,"confidential: replaced by 'CLID_anonymous'",41,2,2,2,,2,,2,
601,"confidential: replaced by 'CLID_anonymous'",41,2,3,2,,2,,2,
601,"confidential: replaced by 'CLID_anonymous'",41,2,4,2,,2,,2,
601,"confidential: replaced by 'CLID_anonymous'",71,1,1,2,,2,,1,600000
601,"confidential: replaced by 'CLID_anonymous'",71,1,2,2,,2,,1,600000
601,"confidential: replaced by 'CLID_anonymous'",71,1,3,2,,2,,2,
601,"confidential: replaced by 'CLID_anonymous'",71,1,4,2,,2,,2,
601,"confidential: replaced by 'CLID_anonymous'",71,2,1,2,,2,,1,950000
601,"confidential: replaced by 'CLID_anonymous'",71,2,2,2,,2,,2,
601,"confidential: replaced by 'CLID_anonymous'",71,2,3,2,,2,,2,
601,"confidential: replaced by 'CLID_anonymous'",71,2,4,2,,2,,1,756200
601,"confidential: replaced by 'CLID_anonymous'",71,3,1,2,,2,,1,500000
601,"confidential: replaced by 'CLID_anonymous'",71,3,2,2,,2,,1,410000
601,"confidential: replaced by 'CLID_anonymous'",71,3,3,2,,2,,2,
601,"confidential: replaced by 'CLID_anonymous'",71,3,4,2,,2,,1,200000
601,"confidential: replaced by 'CLID_anonymous'",53,1,1,2,,2,,1,210000
601,"confidential: replaced by 'CLID_anonymous'",53,1,2,2,,2,,1,178000
601,"confidential: replaced by 'CLID_anonymous'",53,1,3,2,,2,,1,54000
601,"confidential: replaced by 'CLID_anonymous'",53,1,4,2,,2,,1,64000
601,"confidential: replaced by 'CLID_anonymous'",53,2,1,2,,2,,2,
601,"confidential: replaced by 'CLID_anonymous'",53,2,2,2,,2,,2,
601,"confidential: replaced by 'CLID_anonymous'",53,2,3,2,,2,,2,
601,"confidential: replaced by 'CLID_anonymous'",53,2,4,2,,2,,2,
601,"confidential: replaced by 'CLID_anonymous'",75,1,1,2,,2,,2,
601,"confidential: replaced by 'CLID_anonymous'",75,1,2,2,,2,,1,104000
601,"confidential: replaced by 'CLID_anonymous'",75,1,3,2,,2,,1,85000
601,"confidential: replaced by 'CLID_anonymous'",75,1,4,2,,2,,2,
601,"confidential: replaced by 'CLID_anonymous'",37,1,1,2,,2,,2,
601,"confidential: replaced by 'CLID_anonymous'",37,1,2,2,,2,,2,
601,"confidential: replaced by 'CLID_anonymous'",37,1,3,2,,2,,2,
601,"confidential: replaced by 'CLID_anonymous'",37,1,4,2,,2,,2,
601,"confidential: replaced by 'CLID_anonymous'",37,2,1,2,,2,,2,
601,"confidential: replaced by 'CLID_anonymous'",37,2,2,2,,2,,2,
601,"confidential: replaced by 'CLID_anonymous'",37,2,3,2,,2,,2,
601,"confidential: replaced by 'CLID_anonymous'",37,2,4,2,,2,,2,
601,"confidential: replaced by 'CLID_anonymous'",37,3,1,2,,2,,1,1200000
601,"confidential: replaced by 'CLID_anonymous'",37,3,2,2,,2,,2,
601,"confidential: replaced by 'CLID_anonymous'",37,3,3,2,,2,,2,
601,"confidential: replaced by 'CLID_anonymous'",37,3,4,2,,2,,2,
601,"confidential: replaced by 'CLID_anonymous'",61,1,1,2,,2,,2,
601,"confidential: replaced by 'CLID_anonymous'",61,1,2,2,,1,7000000,2,
601,"confidential: replaced by 'CLID_anonymous'",61,1,3,2,,2,,2,
601,"confidential: replaced by 'CLID_anonymous'",61,1,4,2,,2,,2,
601,"confidential: replaced by 'CLID_anonymous'",60,1,1,2,,2,,2,
601,"confidential: replaced by 'CLID_anonymous'",60,1,2,2,,2,,2,
601,"confidential: replaced by 'CLID_anonymous'",60,1,3,2,,2,,2,
601,"confidential: replaced by 'CLID_anonymous'",60,1,4,2,,2,,2,
601,"confidential: replaced by 'CLID_anonymous'",4,1,1,2,,2,,2,
601,"confidential: replaced by 'CLID_anonymous'",4,1,2,2,,2,,2,
601,"confidential: replaced by 'CLID_anonymous'",4,1,3,2,,2,,2,
601,"confidential: replaced by 'CLID_anonymous'",4,1,4,2,,2,,2,
601,"confidential: replaced by 'CLID_anonymous'",4,2,1,2,,2,,2,
601,"confidential: replaced by 'CLID_anonymous'",4,2,2,2,,2,,2,
601,"confidential: replaced by 'CLID_anonymous'",4,2,3,2,,2,,2,
601,"confidential: replaced by 'CLID_anonymous'",4,2,4,2,,2,,2,
601,"confidential: replaced by 'CLID_anonymous'",7,1,1,2,,2,,2,
601,"confidential: replaced by 'CLID_anonymous'",7,1,2,2,,2,,2,
601,"confidential: replaced by 'CLID_anonymous'",7,1,3,2,,2,,2,
601,"confidential: replaced by 'CLID_anonymous'",7,1,4,2,,2,,2,
601,"confidential: replaced by 'CLID_anonymous'",7,2,1,2,,2,,2,
601,"confidential: replaced by 'CLID_anonymous'",7,2,2,2,,2,,2,
601,"confidential: replaced by 'CLID_anonymous'",7,2,3,2,,2,,2,
601,"confidential: replaced by 'CLID_anonymous'",7,2,4,2,,2,,2,
601,"confidential: replaced by 'CLID_anonymous'",32,1,1,2,,2,,2,
601,"confidential: replaced by 'CLID_anonymous'",32,1,2,2,,2,,2,
601,"confidential: replaced by 'CLID_anonymous'",32,1,3,2,,2,,2,
601,"confidential: replaced by 'CLID_anonymous'",32,1,4,2,,2,,2,
601,"confidential: replaced by 'CLID_anonymous'",17,1,1,2,,2,,2,
601,"confidential: replaced by 'CLID_anonymous'",17,1,2,2,,2,,2,
601,"confidential: replaced by 'CLID_anonymous'",17,1,3,2,,2,,2,
601,"confidential: replaced by 'CLID_anonymous'",17,1,4,2,,2,,2,
601,"confidential: replaced by 'CLID_anonymous'",17,2,1,2,,2,,2,
601,"confidential: replaced by 'CLID_anonymous'",17,2,2,2,,2,,2,
601,"confidential: replaced by 'CLID_anonymous'",17,2,3,2,,2,,2,
601,"confidential: replaced by 'CLID_anonymous'",17,2,4,2,,2,,2,
601,"confidential: replaced by 'CLID_anonymous'",17,3,1,2,,2,,2,
601,"confidential: replaced by 'CLID_anonymous'",17,3,2,2,,2,,2,
601,"confidential: replaced by 'CLID_anonymous'",17,3,3,2,,2,,2,
601,"confidential: replaced by 'CLID_anonymous'",17,3,4,2,,2,,2,
601,"confidential: replaced by 'CLID_anonymous'",3,1,1,2,,2,,2,
601,"confidential: replaced by 'CLID_anonymous'",3,1,2,2,,2,,2,
601,"confidential: replaced by 'CLID_anonymous'",3,1,3,2,,2,,2,
601,"confidential: replaced by 'CLID_anonymous'",3,1,4,2,,2,,2,
601,"confidential: replaced by 'CLID_anonymous'",43,1,1,2,,2,,2,
601,"confidential: replaced by 'CLID_anonymous'",43,1,2,2,,2,,2,
601,"confidential: replaced by 'CLID_anonymous'",43,1,3,2,,2,,2,
601,"confidential: replaced by 'CLID_anonymous'",43,1,4,2,,2,,2,
601,"confidential: replaced by 'CLID_anonymous'",14,1,1,2,,2,,2,
601,"confidential: replaced by 'CLID_anonymous'",14,1,2,2,,2,,2,
601,"confidential: replaced by 'CLID_anonymous'",14,1,3,2,,2,,1,400000
601,"confidential: replaced by 'CLID_anonymous'",14,1,4,2,,2,,2,
601,"confidential: replaced by 'CLID_anonymous'",20,1,1,2,,1,2122500,2,
601,"confidential: replaced by 'CLID_anonymous'",20,1,2,2,,2,,2,
601,"confidential: replaced by 'CLID_anonymous'",20,1,3,2,,2,,2,
601,"confidential: replaced by 'CLID_anonymous'",20,1,4,2,,2,,2,
601,"confidential: replaced by 'CLID_anonymous'",20,2,1,2,,2,,2,
601,"confidential: replaced by 'CLID_anonymous'",20,2,2,2,,2,,1,260000
601,"confidential: replaced by 'CLID_anonymous'",20,2,3,2,,2,,2,
601,"confidential: replaced by 'CLID_anonymous'",20,2,4,2,,2,,2,
601,"confidential: replaced by 'CLID_anonymous'",13,1,1,1,200000,2,,1,70000
601,"confidential: replaced by 'CLID_anonymous'",13,1,2,2,,2,,1,30000
601,"confidential: replaced by 'CLID_anonymous'",13,1,3,2,,2,,1,30000
601,"confidential: replaced by 'CLID_anonymous'",13,1,4,2,,2,,2,
601,"confidential: replaced by 'CLID_anonymous'",13,2,1,2,,2,,1,247000
601,"confidential: replaced by 'CLID_anonymous'",13,2,2,2,,2,,1,210000
601,"confidential: replaced by 'CLID_anonymous'",13,2,3,2,,2,,1,250000
601,"confidential: replaced by 'CLID_anonymous'",13,2,4,2,,2,,2,
601,"confidential: replaced by 'CLID_anonymous'",55,1,1,2,,2,,2,
601,"confidential: replaced by 'CLID_anonymous'",55,1,2,2,,2,,2,
601,"confidential: replaced by 'CLID_anonymous'",55,1,3,2,,2,,2,
601,"confidential: replaced by 'CLID_anonymous'",55,1,4,2,,2,,2,
601,"confidential: replaced by 'CLID_anonymous'",9,1,1,2,,1,10000000,1,3000000
601,"confidential: replaced by 'CLID_anonymous'",9,1,2,2,,2,,2,
601,"confidential: replaced by 'CLID_anonymous'",9,1,3,2,,2,,2,
601,"confidential: replaced by 'CLID_anonymous'",9,1,4,2,,2,,2,
601,"confidential: replaced by 'CLID_anonymous'",36,1,1,2,,2,,2,
601,"confidential: replaced by 'CLID_anonymous'",36,1,2,2,,2,,2,
601,"confidential: replaced by 'CLID_anonymous'",36,1,3,2,,1,600000,2,
601,"confidential: replaced by 'CLID_anonymous'",36,1,4,2,,1,600000,2,
601,"confidential: replaced by 'CLID_anonymous'",73,1,1,,,,,,
601,"confidential: replaced by 'CLID_anonymous'",73,1,2,,,,,,
601,"confidential: replaced by 'CLID_anonymous'",73,1,3,,,,,,
601,"confidential: replaced by 'CLID_anonymous'",73,1,4,,,,,,
601,"confidential: replaced by 'CLID_anonymous'",73,2,1,2,,2,,2,
601,"confidential: replaced by 'CLID_anonymous'",73,2,2,2,,2,,2,
601,"confidential: replaced by 'CLID_anonymous'",73,2,3,2,,2,,2,
601,"confidential: replaced by 'CLID_anonymous'",73,2,4,2,,2,,2,
601,"confidential: replaced by 'CLID_anonymous'",73,3,1,2,,1,5000000,2,
601,"confidential: replaced by 'CLID_anonymous'",73,3,2,2,,1,5000000,1,5000000
601,"confidential: replaced by 'CLID_anonymous'",73,3,3,2,,1,5000000,2,
601,"confidential: replaced by 'CLID_anonymous'",73,3,4,2,,1,5000000,2,
601,"confidential: replaced by 'CLID_anonymous'",34,1,1,2,,2,,2,
601,"confidential: replaced by 'CLID_anonymous'",34,1,2,2,,2,,2,
601,"confidential: replaced by 'CLID_anonymous'",34,1,3,2,,2,,2,
601,"confidential: replaced by 'CLID_anonymous'",34,1,4,2,,2,,2,
601,"confidential: replaced by 'CLID_anonymous'",34,2,1,2,,2,,2,
601,"confidential: replaced by 'CLID_anonymous'",34,2,2,2,,2,,2,
601,"confidential: replaced by 'CLID_anonymous'",34,2,3,2,,2,,2,
601,"confidential: replaced by 'CLID_anonymous'",34,2,4,2,,2,,2,
601,"confidential: replaced by 'CLID_anonymous'",34,3,1,2,,2,,2,
601,"confidential: replaced by 'CLID_anonymous'",34,3,2,2,,2,,2,
601,"confidential: replaced by 'CLID_anonymous'",34,3,3,2,,2,,2,
601,"confidential: replaced by 'CLID_anonymous'",34,3,4,2,,2,,2,
601,"confidential: replaced by 'CLID_anonymous'",64,1,1,2,,2,,2,
601,"confidential: replaced by 'CLID_anonymous'",64,1,2,2,,1,500000,2,
601,"confidential: replaced by 'CLID_anonymous'",64,1,3,2,,2,,2,
601,"confidential: replaced by 'CLID_anonymous'",64,1,4,2,,1,1460000,2,
601,"confidential: replaced by 'CLID_anonymous'",64,2,1,2,,1,1800000,2,
601,"confidential: replaced by 'CLID_anonymous'",64,2,2,2,,2,,2,
601,"confidential: replaced by 'CLID_anonymous'",64,2,3,2,,2,,2,
601,"confidential: replaced by 'CLID_anonymous'",64,2,4,2,,1,4000000,2,
601,"confidential: replaced by 'CLID_anonymous'",64,3,1,2,,2,,2,
601,"confidential: replaced by 'CLID_anonymous'",64,3,2,2,,2,,1,300000
601,"confidential: replaced by 'CLID_anonymous'",64,3,3,2,,2,,2,
601,"confidential: replaced by 'CLID_anonymous'",64,3,4,2,,2,,2,
601,"confidential: replaced by 'CLID_anonymous'",64,4,1,2,,2,,2,
601,"confidential: replaced by 'CLID_anonymous'",64,4,2,2,,1,3700000,2,
601,"confidential: replaced by 'CLID_anonymous'",64,4,3,2,,1,1800000,2,
601,"confidential: replaced by 'CLID_anonymous'",64,4,4,2,,2,,2,
601,"confidential: replaced by 'CLID_anonymous'",64,5,1,2,,2,,2,
601,"confidential: replaced by 'CLID_anonymous'",64,5,2,2,,2,,2,
601,"confidential: replaced by 'CLID_anonymous'",64,5,3,2,,1,5000000,2,
601,"confidential: replaced by 'CLID_anonymous'",64,5,4,2,,2,,2,
601,"confidential: replaced by 'CLID_anonymous'",78,1,1,2,,2,,2,
601,"confidential: replaced by 'CLID_anonymous'",78,1,2,2,,2,,2,
601,"confidential: replaced by 'CLID_anonymous'",78,1,3,2,,2,,2,
601,"confidential: replaced by 'CLID_anonymous'",78,1,4,2,,2,,2,
601,"confidential: replaced by 'CLID_anonymous'",2,1,1,2,,2,,2,
601,"confidential: replaced by 'CLID_anonymous'",2,1,2,2,,2,,1,600000
601,"confidential: replaced by 'CLID_anonymous'",2,1,3,2,,2,,2,
601,"confidential: replaced by 'CLID_anonymous'",2,1,4,2,,2,,2,
601,"confidential: replaced by 'CLID_anonymous'",51,1,1,2,,2,,2,
601,"confidential: replaced by 'CLID_anonymous'",51,1,2,2,,2,,2,
601,"confidential: replaced by 'CLID_anonymous'",51,1,3,2,,2,,2,
601,"confidential: replaced by 'CLID_anonymous'",51,1,4,2,,2,,2,
601,"confidential: replaced by 'CLID_anonymous'",57,1,1,2,,2,,1,1265000
601,"confidential: replaced by 'CLID_anonymous'",57,1,2,2,,2,,2,
601,"confidential: replaced by 'CLID_anonymous'",57,1,3,2,,2,,2,
601,"confidential: replaced by 'CLID_anonymous'",57,1,4,2,,2,,2,
601,"confidential: replaced by 'CLID_anonymous'",76,1,1,2,,2,,1,1600000
601,"confidential: replaced by 'CLID_anonymous'",76,1,2,2,,2,,2,
601,"confidential: replaced by 'CLID_anonymous'",76,1,3,2,,2,,2,
601,"confidential: replaced by 'CLID_anonymous'",76,1,4,2,,2,,2,
601,"confidential: replaced by 'CLID_anonymous'",76,2,1,2,,2,,2,
601,"confidential: replaced by 'CLID_anonymous'",76,2,2,2,,2,,1,1176000
601,"confidential: replaced by 'CLID_anonymous'",76,2,3,2,,2,,2,
601,"confidential: replaced by 'CLID_anonymous'",76,2,4,2,,2,,2,
601,"confidential: replaced by 'CLID_anonymous'",59,1,1,2,,2,,2,
601,"confidential: replaced by 'CLID_anonymous'",59,1,2,2,,2,,2,
601,"confidential: replaced by 'CLID_anonymous'",59,1,3,2,,2,,2,
601,"confidential: replaced by 'CLID_anonymous'",59,1,4,2,,2,,2,
602,"confidential: replaced by 'CLID_anonymous'",35,1,1,2,,2,,1,245000
602,"confidential: replaced by 'CLID_anonymous'",35,1,2,2,,2,,1,420000
602,"confidential: replaced by 'CLID_anonymous'",35,1,3,2,,2,,2,
602,"confidential: replaced by 'CLID_anonymous'",35,1,4,2,,2,,2,
602,"confidential: replaced by 'CLID_anonymous'",72,1,1,,,,,,
602,"confidential: replaced by 'CLID_anonymous'",72,1,2,,,,,,
602,"confidential: replaced by 'CLID_anonymous'",72,1,3,,,,,,
602,"confidential: replaced by 'CLID_anonymous'",72,1,4,,,,,,
602,"confidential: replaced by 'CLID_anonymous'",42,1,1,2,,1,600000,1,500000
602,"confidential: replaced by 'CLID_anonymous'",42,1,2,2,,1,660000,2,
602,"confidential: replaced by 'CLID_anonymous'",42,1,3,2,,1,560000,2,
602,"confidential: replaced by 'CLID_anonymous'",42,1,4,2,,1,560000,2,
602,"confidential: replaced by 'CLID_anonymous'",69,1,1,2,,1,600000,1,800000
602,"confidential: replaced by 'CLID_anonymous'",69,1,2,2,,1,1200000,1,800000
602,"confidential: replaced by 'CLID_anonymous'",69,1,3,2,,1,1200000,1,850000
602,"confidential: replaced by 'CLID_anonymous'",69,1,4,2,,1,600000,1,760000
602,"confidential: replaced by 'CLID_anonymous'",69,2,1,2,,2,,1,1350000
602,"confidential: replaced by 'CLID_anonymous'",69,2,2,2,,1,560000,1,600000
602,"confidential: replaced by 'CLID_anonymous'",69,2,3,2,,1,560000,1,500000
602,"confidential: replaced by 'CLID_anonymous'",69,2,4,2,,1,560000,1,500000
602,"confidential: replaced by 'CLID_anonymous'",47,1,1,2,,1,550000,2,
602,"confidential: replaced by 'CLID_anonymous'",47,1,2,2,,1,550000,2,
602,"confidential: replaced by 'CLID_anonymous'",47,1,3,2,,1,550000,2,
602,"confidential: replaced by 'CLID_anonymous'",47,1,4,2,,1,550000,2,
602,"confidential: replaced by 'CLID_anonymous'",47,2,1,2,,1,650000,1,200000
602,"confidential: replaced by 'CLID_anonymous'",47,2,2,2,,1,610000,1,210000
602,"confidential: replaced by 'CLID_anonymous'",47,2,3,2,,1,610000,1,160000
602,"confidential: replaced by 'CLID_anonymous'",47,2,4,2,,1,560000,1,80000
602,"confidential: replaced by 'CLID_anonymous'",10,1,1,2,,1,500000,1,200000
602,"confidential: replaced by 'CLID_anonymous'",10,1,2,2,,1,800000,2,
602,"confidential: replaced by 'CLID_anonymous'",10,1,3,2,,1,600000,2,
602,"confidential: replaced by 'CLID_anonymous'",10,1,4,2,,1,560000,2,
602,"confidential: replaced by 'CLID_anonymous'",33,1,1,2,,2,,2,
602,"confidential: replaced by 'CLID_anonymous'",33,1,2,2,,2,,2,
602,"confidential: replaced by 'CLID_anonymous'",33,1,3,2,,2,,2,
602,"confidential: replaced by 'CLID_anonymous'",33,1,4,2,,2,,2,
602,"confidential: replaced by 'CLID_anonymous'",33,2,1,2,,1,560000,2,
602,"confidential: replaced by 'CLID_anonymous'",33,2,2,2,,1,560000,1,100000
602,"confidential: replaced by 'CLID_anonymous'",33,2,3,2,,1,560000,2,
602,"confidential: replaced by 'CLID_anonymous'",33,2,4,2,,1,560000,2,
602,"confidential: replaced by 'CLID_anonymous'",33,3,1,2,,2,,2,
602,"confidential: replaced by 'CLID_anonymous'",33,3,2,2,,2,,2,
602,"confidential: replaced by 'CLID_anonymous'",33,3,3,2,,2,,2,
602,"confidential: replaced by 'CLID_anonymous'",33,3,4,2,,2,,2,
602,"confidential: replaced by 'CLID_anonymous'",33,4,1,2,,2,,2,
602,"confidential: replaced by 'CLID_anonymous'",33,4,2,2,,2,,2,
602,"confidential: replaced by 'CLID_anonymous'",33,4,3,2,,2,,2,
602,"confidential: replaced by 'CLID_anonymous'",33,4,4,2,,1,3000000,2,
602,"confidential: replaced by 'CLID_anonymous'",28,1,1,,,,,,
602,"confidential: replaced by 'CLID_anonymous'",28,1,2,,,,,,
602,"confidential: replaced by 'CLID_anonymous'",28,1,3,,,,,,
602,"confidential: replaced by 'CLID_anonymous'",28,1,4,,,,,,
602,"confidential: replaced by 'CLID_anonymous'",28,2,1,,,,,,
602,"confidential: replaced by 'CLID_anonymous'",28,2,2,,,,,,
602,"confidential: replaced by 'CLID_anonymous'",28,2,3,,,,,,
602,"confidential: replaced by 'CLID_anonymous'",28,2,4,,,,,,
602,"confidential: replaced by 'CLID_anonymous'",28,3,1,,,,,,
602,"confidential: replaced by 'CLID_anonymous'",28,3,2,,,,,,
602,"confidential: replaced by 'CLID_anonymous'",28,3,3,,,,,,
602,"confidential: replaced by 'CLID_anonymous'",28,3,4,,,,,,
602,"confidential: replaced by 'CLID_anonymous'",28,4,1,,,,,,
602,"confidential: replaced by 'CLID_anonymous'",28,4,2,,,,,,
602,"confidential: replaced by 'CLID_anonymous'",28,4,3,,,,,,
602,"confidential: replaced by 'CLID_anonymous'",28,4,4,,,,,,
602,"confidential: replaced by 'CLID_anonymous'",28,5,1,2,,1,560000,2,
602,"confidential: replaced by 'CLID_anonymous'",28,5,2,2,,1,560000,2,
602,"confidential: replaced by 'CLID_anonymous'",28,5,3,2,,1,560000,2,
602,"confidential: replaced by 'CLID_anonymous'",28,5,4,2,,1,560000,2,
602,"confidential: replaced by 'CLID_anonymous'",11,1,1,2,,2,,1,3000000
602,"confidential: replaced by 'CLID_anonymous'",11,1,2,2,,2,,1,3000000
602,"confidential: replaced by 'CLID_anonymous'",11,1,3,2,,2,,1,3000000
602,"confidential: replaced by 'CLID_anonymous'",11,1,4,2,,2,,1,3000000
602,"confidential: replaced by 'CLID_anonymous'",11,2,1,2,,2,,2,
602,"confidential: replaced by 'CLID_anonymous'",11,2,2,2,,2,,2,
602,"confidential: replaced by 'CLID_anonymous'",11,2,3,2,,2,,2,
602,"confidential: replaced by 'CLID_anonymous'",11,2,4,2,,2,,2,
602,"confidential: replaced by 'CLID_anonymous'",81,1,1,2,,2,,2,
602,"confidential: replaced by 'CLID_anonymous'",81,1,2,2,,2,,2,
602,"confidential: replaced by 'CLID_anonymous'",81,1,3,2,,2,,2,
602,"confidential: replaced by 'CLID_anonymous'",81,1,4,2,,2,,2,
602,"confidential: replaced by 'CLID_anonymous'",29,1,1,2,,1,600000,2,
602,"confidential: replaced by 'CLID_anonymous'",29,1,2,2,,1,560000,2,
602,"confidential: replaced by 'CLID_anonymous'",29,1,3,2,,1,560000,2,
602,"confidential: replaced by 'CLID_anonymous'",29,1,4,2,,2,,2,
602,"confidential: replaced by 'CLID_anonymous'",45,1,1,2,,2,,2,
602,"confidential: replaced by 'CLID_anonymous'",45,1,2,2,,2,,2,
602,"confidential: replaced by 'CLID_anonymous'",45,1,3,2,,2,,2,
602,"confidential: replaced by 'CLID_anonymous'",45,1,4,2,,2,,2,
602,"confidential: replaced by 'CLID_anonymous'",39,1,1,2,,1,600000,2,
602,"confidential: replaced by 'CLID_anonymous'",39,1,2,2,,1,560000,2,
602,"confidential: replaced by 'CLID_anonymous'",39,1,3,2,,1,560000,2,
602,"confidential: replaced by 'CLID_anonymous'",39,1,4,2,,1,560000,2,
602,"confidential: replaced by 'CLID_anonymous'",44,1,1,2,,1,600000,2,
602,"confidential: replaced by 'CLID_anonymous'",44,1,2,2,,1,600000,2,
602,"confidential: replaced by 'CLID_anonymous'",44,1,3,2,,1,560000,2,
602,"confidential: replaced by 'CLID_anonymous'",44,1,4,2,,1,560000,2,
602,"confidential: replaced by 'CLID_anonymous'",44,2,1,2,,2,,1,4700000
602,"confidential: replaced by 'CLID_anonymous'",44,2,2,2,,1,6000000,2,
602,"confidential: replaced by 'CLID_anonymous'",44,2,3,2,,2,,2,
602,"confidential: replaced by 'CLID_anonymous'",44,2,4,2,,2,,2,
602,"confidential: replaced by 'CLID_anonymous'",18,1,1,2,,2,,2,
602,"confidential: replaced by 'CLID_anonymous'",18,1,2,2,,2,,2,
602,"confidential: replaced by 'CLID_anonymous'",18,1,3,2,,2,,2,
602,"confidential: replaced by 'CLID_anonymous'",18,1,4,2,,2,,2,
602,"confidential: replaced by 'CLID_anonymous'",12,1,1,,,,,,
602,"confidential: replaced by 'CLID_anonymous'",12,1,2,,,,,,
602,"confidential: replaced by 'CLID_anonymous'",12,1,3,,,,,,
602,"confidential: replaced by 'CLID_anonymous'",12,1,4,,,,,,
602,"confidential: replaced by 'CLID_anonymous'",65,1,1,2,,1,560000,2,
602,"confidential: replaced by 'CLID_anonymous'",65,1,2,2,,1,560000,2,
602,"confidential: replaced by 'CLID_anonymous'",65,1,3,2,,1,560000,2,
602,"confidential: replaced by 'CLID_anonymous'",65,1,4,2,,2,,1,600000
602,"confidential: replaced by 'CLID_anonymous'",54,1,1,2,,1,1100000,2,
602,"confidential: replaced by 'CLID_anonymous'",54,1,2,2,,1,1100000,2,
602,"confidential: replaced by 'CLID_anonymous'",54,1,3,2,,1,1100000,2,
602,"confidential: replaced by 'CLID_anonymous'",54,1,4,2,,1,1100000,2,
602,"confidential: replaced by 'CLID_anonymous'",54,2,1,2,,1,600000,2,
602,"confidential: replaced by 'CLID_anonymous'",54,2,2,2,,1,560000,2,
602,"confidential: replaced by 'CLID_anonymous'",54,2,3,2,,1,560000,2,
602,"confidential: replaced by 'CLID_anonymous'",54,2,4,2,,1,600000,2,
602,"confidential: replaced by 'CLID_anonymous'",38,1,1,2,,1,600000,2,
602,"confidential: replaced by 'CLID_anonymous'",38,1,2,2,,1,560000,2,
602,"confidential: replaced by 'CLID_anonymous'",38,1,3,2,,1,560000,2,
602,"confidential: replaced by 'CLID_anonymous'",38,1,4,2,,1,600000,2,
602,"confidential: replaced by 'CLID_anonymous'",25,1,1,2,,1,600000,2,
602,"confidential: replaced by 'CLID_anonymous'",25,1,2,2,,1,560000,2,
602,"confidential: replaced by 'CLID_anonymous'",25,1,3,2,,1,560000,2,
602,"confidential: replaced by 'CLID_anonymous'",25,1,4,2,,1,583800,2,
602,"confidential: replaced by 'CLID_anonymous'",23,1,1,2,,1,800000,2,
602,"confidential: replaced by 'CLID_anonymous'",23,1,2,2,,1,500000,2,
602,"confidential: replaced by 'CLID_anonymous'",23,1,3,2,,1,300000,2,
602,"confidential: replaced by 'CLID_anonymous'",23,1,4,2,,2,,2,
602,"confidential: replaced by 'CLID_anonymous'",31,1,1,2,,2,,2,
602,"confidential: replaced by 'CLID_anonymous'",31,1,2,2,,2,,2,
602,"confidential: replaced by 'CLID_anonymous'",31,1,3,2,,2,,2,
602,"confidential: replaced by 'CLID_anonymous'",31,1,4,2,,2,,2,
602,"confidential: replaced by 'CLID_anonymous'",31,2,1,,,,,,
602,"confidential: replaced by 'CLID_anonymous'",31,2,2,,,,,,
602,"confidential: replaced by 'CLID_anonymous'",31,2,3,,,,,,
602,"confidential: replaced by 'CLID_anonymous'",31,2,4,,,,,,
602,"confidential: replaced by 'CLID_anonymous'",24,1,1,2,,2,,2,
602,"confidential: replaced by 'CLID_anonymous'",24,1,2,2,,2,,2,
602,"confidential: replaced by 'CLID_anonymous'",24,1,3,2,,2,,2,
602,"confidential: replaced by 'CLID_anonymous'",24,1,4,2,,2,,2,
