"TableName","DistID","CLID","CLID_anonymous","VGRID","RGID","CID","CMCEID","varlabel","VariableName","Comment"
"Community",104,"confidential: replaced by 'CLID_anonymous'",26,,,,,"How  many years has the current VEO been the VEO of your village? (in completed","VEOyears","2 months"
"Community",104,"confidential: replaced by 'CLID_anonymous'",46,,,,,"How many CB-CCT beneficiaries live in this village? This information can be got","CCTBnfNo","Dk, known by TASAF officials at district level"
"Community",104,"confidential: replaced by 'CLID_anonymous'",63,,,,,"How many CB-CCT beneficiary households are there in the village? This informatio","beneficiaries","DK"
"Community",104,"confidential: replaced by 'CLID_anonymous'",63,,,,,"How many CB-CCT beneficiaries live in this village? This information can be got","CCTBnfNo","DK"
"Community",104,"confidential: replaced by 'CLID_anonymous'",16,,,,,"How many years did the most recent previous VEO serve as VEO of this village?","VEOprevYears","8 months"
"Community",104,"confidential: replaced by 'CLID_anonymous'",67,,,,,"How many CB-CCT beneficiaries live in this village? This information can be got","CCTBnfNo","DK"
"Community",104,"confidential: replaced by 'CLID_anonymous'",40,,,,,"How many years has the current Village Chairman been in his post?","VCyears","5 months"
"RespondentGov",104,"confidential: replaced by 'CLID_anonymous'",40,,1,,,"Respondent residence in community in years","RGresidence","4 months"
"Community",104,"confidential: replaced by 'CLID_anonymous'",40,,,,,"How  many years has the current VEO been the VEO of your village? (in completed","VEOyears","4 months"
"Community",104,"confidential: replaced by 'CLID_anonymous'",6,,,,,"How many people live in this village?","popNo","these are 2009 statistics records"
"Community",104,"confidential: replaced by 'CLID_anonymous'",48,,,,,"How many CB-CCT beneficiary households are there in the village? This informatio","beneficiaries","DK"
"Community",104,"confidential: replaced by 'CLID_anonymous'",48,,,,,"How many CB-CCT beneficiaries live in this village? This information can be got","CCTBnfNo","DK"
"Community",104,"confidential: replaced by 'CLID_anonymous'",82,,,,,"How many years did the most recent previous VEO serve as VEO of this village?","VEOprevYears","9 months"
"Community",104,"confidential: replaced by 'CLID_anonymous'",68,,,,,"How many CB-CCT beneficiaries live in this village? This information can be got","CCTBnfNo","DK"
"Community",104,"confidential: replaced by 'CLID_anonymous'",68,,,,,"How many CB-CCT beneficiary households are there in the village? This informatio","beneficiaries","DK"
"Community",104,"confidential: replaced by 'CLID_anonymous'",8,,,,,"How many CB-CCT beneficiaries live in this village? This information can be got","CCTBnfNo","DK"
"Community",104,"confidential: replaced by 'CLID_anonymous'",8,,,,,"How many CB-CCT beneficiary households are there in the village? This informatio","beneficiaries","DK"
"Community",601,"confidential: replaced by 'CLID_anonymous'",62,,,,,"How many CB-CCT beneficiaries live in this village? This information can be got","CCTBnfNo","information were not found in the office"
"Community",601,"confidential: replaced by 'CLID_anonymous'",1,,,,,"How many CB-CCT beneficiaries live in this village? This information can be got","CCTBnfNo","DK"
"Community",601,"confidential: replaced by 'CLID_anonymous'",79,,,,,"How many CB-CCT beneficiaries live in this village? This information can be got","CCTBnfNo","information were not found from any one"
"Community",601,"confidential: replaced by 'CLID_anonymous'",79,,,,,"How many CB-CCT beneficiary households are there in the village? This informatio","beneficiaries","information were not found from any one"
"RespondentGov",601,"confidential: replaced by 'CLID_anonymous'",60,,1,,,"Respondent residence in community in years","RGresidence","7 months"
"Community",601,"confidential: replaced by 'CLID_anonymous'",32,,,,,"How many CB-CCT beneficiaries live in this village? This information can be got","CCTBnfNo","DK"
"Community",601,"confidential: replaced by 'CLID_anonymous'",32,,,,,"How many CB-CCT beneficiary households are there in the village? This informatio","beneficiaries","DK"
"Community",601,"confidential: replaced by 'CLID_anonymous'",20,,,,,"How  many years has the current VEO been the VEO of your village? (in completed","VEOyears","4 months"
"Community",601,"confidential: replaced by 'CLID_anonymous'",13,,,,,"How  many years has the current VEO been the VEO of your village? (in completed","VEOyears","2 months"
"Community",601,"confidential: replaced by 'CLID_anonymous'",13,,,,,"How many CB-CCT beneficiaries live in this village? This information can be got","CCTBnfNo","information are available at TASAF district office"
"RespondentGov",601,"confidential: replaced by 'CLID_anonymous'",13,,1,,,"Respondent residence in community in years","RGresidence","2 months"
"Community",601,"confidential: replaced by 'CLID_anonymous'",13,,,,,"How many CB-CCT beneficiary households are there in the village? This informatio","beneficiaries","information are available at TASAF district office"
"Community",601,"confidential: replaced by 'CLID_anonymous'",36,,,,,"How many CB-CCT beneficiary households are there in the village? This informatio","beneficiaries","DK"
"Community",601,"confidential: replaced by 'CLID_anonymous'",36,,,,,"How many CB-CCT beneficiaries live in this village? This information can be got","CCTBnfNo","DK"
"Community",601,"confidential: replaced by 'CLID_anonymous'",73,,,,,"How many CB-CCT beneficiary households are there in the village? This informatio","beneficiaries","DK"
"Community",601,"confidential: replaced by 'CLID_anonymous'",73,,,,,"How many CB-CCT beneficiaries live in this village? This information can be got","CCTBnfNo","DK"
"Community",601,"confidential: replaced by 'CLID_anonymous'",64,,,,,"How many CB-CCT beneficiaries live in this village? This information can be got","CCTBnfNo","DK"
"Community",601,"confidential: replaced by 'CLID_anonymous'",64,,,,,"How many CB-CCT beneficiary households are there in the village? This informatio","beneficiaries","DK"
"Community",601,"confidential: replaced by 'CLID_anonymous'",2,,,,,"Three years ago, in 2009, how many households were there in this village?","popHHNo2009","these are estimates, original documents were not found"
"Community",601,"confidential: replaced by 'CLID_anonymous'",2,,,,,"Three years ago, in 2009, how many people lived in this village?","popNo2009","these are estimates, original documents were not found"
"Community",601,"confidential: replaced by 'CLID_anonymous'",51,,,,,"How many years did the most recent previous VEO serve as VEO of this village?","VEOprevYears","6 months"
"Community",602,"confidential: replaced by 'CLID_anonymous'",35,,,,,"How many households are there in this village?","popHHNo","DK, documents are lost"
"Community",602,"confidential: replaced by 'CLID_anonymous'",35,,,,,"Three years ago, in 2009, how many households were there in this village?","popHHNo2009","DK, documents are lost"
"Community",602,"confidential: replaced by 'CLID_anonymous'",35,,,,,"How many years did the most recent previous VEO serve as VEO of this village?","VEOprevYears","8 months"
"Community",602,"confidential: replaced by 'CLID_anonymous'",72,,,,,"How  many years has the current VEO been the VEO of your village? (in completed","VEOyears","2 months"
"RespondentGov",602,"confidential: replaced by 'CLID_anonymous'",72,,2,,,"Respondent residence in community in years","RGresidence","2 months"
"Community",602,"confidential: replaced by 'CLID_anonymous'",69,,,,,"How many CB-CCT beneficiaries live in this village? This information can be got","CCTBnfNo","DK"
"Community",602,"confidential: replaced by 'CLID_anonymous'",69,,,,,"How many CB-CCT beneficiary households are there in the village? This informatio","beneficiaries","DK"
"Community",602,"confidential: replaced by 'CLID_anonymous'",69,,,,,"How  many years has the current VEO been the VEO of your village? (in completed","VEOyears","7 months"
"Community",602,"confidential: replaced by 'CLID_anonymous'",10,,,,,"How many CB-CCT beneficiaries live in this village? This information can be got","CCTBnfNo","DK"
"Community",602,"confidential: replaced by 'CLID_anonymous'",10,,,,,"How many CB-CCT beneficiary households are there in the village? This informatio","beneficiaries","DK"
"Community",602,"confidential: replaced by 'CLID_anonymous'",33,,,,,"How many CB-CCT beneficiaries live in this village? This information can be got","CCTBnfNo","DK"
"Community",602,"confidential: replaced by 'CLID_anonymous'",33,,,,,"How many CB-CCT beneficiary households are there in the village? This informatio","beneficiaries","DK"
"Community",602,"confidential: replaced by 'CLID_anonymous'",28,,,,,"How many CB-CCT beneficiary households are there in the village? This informatio","beneficiaries","DK"
"Community",602,"confidential: replaced by 'CLID_anonymous'",28,,,,,"How many CB-CCT beneficiaries live in this village? This information can be got","CCTBnfNo","DK"
"Community",602,"confidential: replaced by 'CLID_anonymous'",11,,,,,"How many CB-CCT beneficiaries live in this village? This information can be got","CCTBnfNo","DK"
"Community",602,"confidential: replaced by 'CLID_anonymous'",11,,,,,"How many CB-CCT beneficiary households are there in the village? This informatio","beneficiaries","DK"
"Community",602,"confidential: replaced by 'CLID_anonymous'",45,,,,,"How many CB-CCT beneficiary households are there in the village? This informatio","beneficiaries","DK"
"Community",602,"confidential: replaced by 'CLID_anonymous'",45,,,,,"How many CB-CCT beneficiaries live in this village? This information can be got","CCTBnfNo","DK"
"Community",602,"confidential: replaced by 'CLID_anonymous'",31,,,,,"How many CB-CCT beneficiaries live in this village? This information can be got","CCTBnfNo","DK"
"Community",602,"confidential: replaced by 'CLID_anonymous'",31,,,,,"How many CB-CCT beneficiary households are there in the village? This informatio","beneficiaries","DK"
"RespondentGov",602,"confidential: replaced by 'CLID_anonymous'",24,,1,,,"Respondent residence in community in years","RGresidence","less than a year"
"Community",602,"confidential: replaced by 'CLID_anonymous'",24,,,,,"How  many years has the current VEO been the VEO of your village? (in completed","VEOyears","8 months"
