"DistID","CLID","CLID_anonymous","CMCEID","CMCmonth","CMCyear"
104,"confidential: replaced by 'CLID_anonymous'",26,1,10,2008
104,"confidential: replaced by 'CLID_anonymous'",46,1,9,2009
104,"confidential: replaced by 'CLID_anonymous'",46,2,7,2012
104,"confidential: replaced by 'CLID_anonymous'",77,1,2,2009
104,"confidential: replaced by 'CLID_anonymous'",77,2,8,2012
104,"confidential: replaced by 'CLID_anonymous'",63,1,6,2012
104,"confidential: replaced by 'CLID_anonymous'",15,1,10,2008
104,"confidential: replaced by 'CLID_anonymous'",15,2,6,2012
104,"confidential: replaced by 'CLID_anonymous'",16,1,6,2008
104,"confidential: replaced by 'CLID_anonymous'",16,2,7,2012
104,"confidential: replaced by 'CLID_anonymous'",80,1,10,2008
104,"confidential: replaced by 'CLID_anonymous'",80,2,6,2012
104,"confidential: replaced by 'CLID_anonymous'",22,1,2,2009
104,"confidential: replaced by 'CLID_anonymous'",22,2,7,2012
104,"confidential: replaced by 'CLID_anonymous'",67,1,7,2012
104,"confidential: replaced by 'CLID_anonymous'",40,1,9,2008
104,"confidential: replaced by 'CLID_anonymous'",40,2,7,2012
104,"confidential: replaced by 'CLID_anonymous'",19,1,8,2009
104,"confidential: replaced by 'CLID_anonymous'",19,2,6,2012
104,"confidential: replaced by 'CLID_anonymous'",50,1,10,2008
104,"confidential: replaced by 'CLID_anonymous'",50,2,6,2012
104,"confidential: replaced by 'CLID_anonymous'",6,1,4,2008
104,"confidential: replaced by 'CLID_anonymous'",6,2,7,2012
104,"confidential: replaced by 'CLID_anonymous'",48,1,8,2012
104,"confidential: replaced by 'CLID_anonymous'",56,1,6,2009
104,"confidential: replaced by 'CLID_anonymous'",56,2,7,2012
104,"confidential: replaced by 'CLID_anonymous'",82,1,6,2008
104,"confidential: replaced by 'CLID_anonymous'",82,2,8,2011
104,"confidential: replaced by 'CLID_anonymous'",82,3,7,2012
104,"confidential: replaced by 'CLID_anonymous'",70,1,4,2010
104,"confidential: replaced by 'CLID_anonymous'",70,2,7,2012
104,"confidential: replaced by 'CLID_anonymous'",52,1,1,2011
104,"confidential: replaced by 'CLID_anonymous'",52,2,6,2012
104,"confidential: replaced by 'CLID_anonymous'",27,1,10,2008
104,"confidential: replaced by 'CLID_anonymous'",27,2,6,2012
104,"confidential: replaced by 'CLID_anonymous'",68,1,6,2012
104,"confidential: replaced by 'CLID_anonymous'",8,1,6,2012
104,"confidential: replaced by 'CLID_anonymous'",66,1,2,2009
104,"confidential: replaced by 'CLID_anonymous'",66,2,6,2012
601,"confidential: replaced by 'CLID_anonymous'",5,1,8,2007
601,"confidential: replaced by 'CLID_anonymous'",5,2,6,2009
601,"confidential: replaced by 'CLID_anonymous'",5,3,8,2012
601,"confidential: replaced by 'CLID_anonymous'",49,1,1,2009
601,"confidential: replaced by 'CLID_anonymous'",49,2,7,2012
601,"confidential: replaced by 'CLID_anonymous'",74,1,8,2008
601,"confidential: replaced by 'CLID_anonymous'",74,2,7,2012
601,"confidential: replaced by 'CLID_anonymous'",21,1,5,2007
601,"confidential: replaced by 'CLID_anonymous'",21,2,3,2012
601,"confidential: replaced by 'CLID_anonymous'",1,1,7,2012
601,"confidential: replaced by 'CLID_anonymous'",79,1,9,2009
601,"confidential: replaced by 'CLID_anonymous'",79,2,6,2012
601,"confidential: replaced by 'CLID_anonymous'",41,1,9,2008
601,"confidential: replaced by 'CLID_anonymous'",41,2,4,2012
601,"confidential: replaced by 'CLID_anonymous'",71,1,9,2007
601,"confidential: replaced by 'CLID_anonymous'",71,2,7,2012
601,"confidential: replaced by 'CLID_anonymous'",75,1,9,2008
601,"confidential: replaced by 'CLID_anonymous'",75,2,7,2012
601,"confidential: replaced by 'CLID_anonymous'",37,1,11,2009
601,"confidential: replaced by 'CLID_anonymous'",37,2,7,2012
601,"confidential: replaced by 'CLID_anonymous'",61,1,8,2008
601,"confidential: replaced by 'CLID_anonymous'",61,2,8,2012
601,"confidential: replaced by 'CLID_anonymous'",60,1,7,2012
601,"confidential: replaced by 'CLID_anonymous'",4,1,8,2012
601,"confidential: replaced by 'CLID_anonymous'",7,1,1,2009
601,"confidential: replaced by 'CLID_anonymous'",7,2,7,2011
601,"confidential: replaced by 'CLID_anonymous'",7,3,8,2012
601,"confidential: replaced by 'CLID_anonymous'",32,1,7,2012
601,"confidential: replaced by 'CLID_anonymous'",17,1,10,2009
601,"confidential: replaced by 'CLID_anonymous'",17,2,7,2012
601,"confidential: replaced by 'CLID_anonymous'",3,1,9,2008
601,"confidential: replaced by 'CLID_anonymous'",3,2,5,2011
601,"confidential: replaced by 'CLID_anonymous'",3,3,6,2012
601,"confidential: replaced by 'CLID_anonymous'",43,1,6,2010
601,"confidential: replaced by 'CLID_anonymous'",43,2,8,2012
601,"confidential: replaced by 'CLID_anonymous'",14,1,6,2009
601,"confidential: replaced by 'CLID_anonymous'",14,2,7,2012
601,"confidential: replaced by 'CLID_anonymous'",20,1,7,2009
601,"confidential: replaced by 'CLID_anonymous'",20,2,4,2012
601,"confidential: replaced by 'CLID_anonymous'",13,1,7,2009
601,"confidential: replaced by 'CLID_anonymous'",13,2,7,2012
601,"confidential: replaced by 'CLID_anonymous'",55,1,8,2009
601,"confidential: replaced by 'CLID_anonymous'",55,2,5,2011
601,"confidential: replaced by 'CLID_anonymous'",55,3,6,2012
601,"confidential: replaced by 'CLID_anonymous'",9,1,6,2008
601,"confidential: replaced by 'CLID_anonymous'",9,2,6,2012
601,"confidential: replaced by 'CLID_anonymous'",36,1,2,2012
601,"confidential: replaced by 'CLID_anonymous'",73,1,2,2012
601,"confidential: replaced by 'CLID_anonymous'",34,1,9,2008
601,"confidential: replaced by 'CLID_anonymous'",34,2,7,2012
601,"confidential: replaced by 'CLID_anonymous'",64,1,2,2012
601,"confidential: replaced by 'CLID_anonymous'",78,1,6,2008
601,"confidential: replaced by 'CLID_anonymous'",78,2,7,2012
601,"confidential: replaced by 'CLID_anonymous'",2,1,8,2008
601,"confidential: replaced by 'CLID_anonymous'",2,2,6,2012
601,"confidential: replaced by 'CLID_anonymous'",51,1,8,2009
601,"confidential: replaced by 'CLID_anonymous'",51,2,7,2012
601,"confidential: replaced by 'CLID_anonymous'",57,1,8,2008
601,"confidential: replaced by 'CLID_anonymous'",57,2,6,2009
601,"confidential: replaced by 'CLID_anonymous'",57,3,6,2012
601,"confidential: replaced by 'CLID_anonymous'",76,1,8,2008
601,"confidential: replaced by 'CLID_anonymous'",76,2,8,2012
601,"confidential: replaced by 'CLID_anonymous'",59,1,7,2012
602,"confidential: replaced by 'CLID_anonymous'",35,1,10,2007
602,"confidential: replaced by 'CLID_anonymous'",35,2,7,2012
602,"confidential: replaced by 'CLID_anonymous'",72,1,8,2008
602,"confidential: replaced by 'CLID_anonymous'",72,2,7,2012
602,"confidential: replaced by 'CLID_anonymous'",42,1,12,2008
602,"confidential: replaced by 'CLID_anonymous'",69,1,10,2008
602,"confidential: replaced by 'CLID_anonymous'",47,1,3,2007
602,"confidential: replaced by 'CLID_anonymous'",47,2,6,2012
602,"confidential: replaced by 'CLID_anonymous'",10,1,,2007
602,"confidential: replaced by 'CLID_anonymous'",10,2,6,2012
602,"confidential: replaced by 'CLID_anonymous'",33,1,7,2012
602,"confidential: replaced by 'CLID_anonymous'",28,1,7,2012
602,"confidential: replaced by 'CLID_anonymous'",11,1,7,2012
602,"confidential: replaced by 'CLID_anonymous'",81,1,5,2012
602,"confidential: replaced by 'CLID_anonymous'",81,2,7,2011
602,"confidential: replaced by 'CLID_anonymous'",81,3,11,2010
602,"confidential: replaced by 'CLID_anonymous'",81,4,12,2009
602,"confidential: replaced by 'CLID_anonymous'",81,5,11,2008
602,"confidential: replaced by 'CLID_anonymous'",29,1,9,2011
602,"confidential: replaced by 'CLID_anonymous'",29,2,8,2009
602,"confidential: replaced by 'CLID_anonymous'",45,1,5,2012
602,"confidential: replaced by 'CLID_anonymous'",39,1,8,2008
602,"confidential: replaced by 'CLID_anonymous'",39,2,4,2012
602,"confidential: replaced by 'CLID_anonymous'",44,1,6,2009
602,"confidential: replaced by 'CLID_anonymous'",44,2,6,2012
602,"confidential: replaced by 'CLID_anonymous'",18,1,10,2009
602,"confidential: replaced by 'CLID_anonymous'",12,1,10,2009
602,"confidential: replaced by 'CLID_anonymous'",12,2,6,2012
602,"confidential: replaced by 'CLID_anonymous'",65,1,7,2009
602,"confidential: replaced by 'CLID_anonymous'",65,2,3,2012
602,"confidential: replaced by 'CLID_anonymous'",54,1,7,2009
602,"confidential: replaced by 'CLID_anonymous'",54,2,7,2012
602,"confidential: replaced by 'CLID_anonymous'",38,1,6,2012
602,"confidential: replaced by 'CLID_anonymous'",38,2,7,2008
602,"confidential: replaced by 'CLID_anonymous'",25,1,5,2012
602,"confidential: replaced by 'CLID_anonymous'",25,2,11,2008
602,"confidential: replaced by 'CLID_anonymous'",31,1,4,2012
602,"confidential: replaced by 'CLID_anonymous'",24,1,5,2012
