"DistID","CLID","CLID_anonymous","ClusterName","ClusterName_anonymous","intbegin","intend","n_compl","n_part","n_noex","n_ref"
602,"confidential: replaced by 'CLID_anonymous'",44,"confidential: replaced by 'ClusterName_anonymous'",44,8/23/2012,8/24/2012,17,1,4,0
601,"confidential: replaced by 'CLID_anonymous'",9,"confidential: replaced by 'ClusterName_anonymous'",9,9/13/2012,9/14/2012,16,0,3,0
601,"confidential: replaced by 'CLID_anonymous'",51,"confidential: replaced by 'ClusterName_anonymous'",51,9/21/2012,9/24/2012,19,0,0,0
601,"confidential: replaced by 'CLID_anonymous'",79,"confidential: replaced by 'ClusterName_anonymous'",79,9/7/2012,9/8/2012,19,3,0,0
104,"confidential: replaced by 'CLID_anonymous'",15,"confidential: replaced by 'ClusterName_anonymous'",15,10/8/2012,10/9/2012,20,2,0,0
104,"confidential: replaced by 'CLID_anonymous'",82,"confidential: replaced by 'ClusterName_anonymous'",82,10/8/2012,10/9/2012,22,0,0,0
602,"confidential: replaced by 'CLID_anonymous'",11,"confidential: replaced by 'ClusterName_anonymous'",11,8/25/2012,8/27/2012,22,1,0,0
601,"confidential: replaced by 'CLID_anonymous'",73,"confidential: replaced by 'ClusterName_anonymous'",73,9/11/2012,9/12/2012,16,1,6,0
602,"confidential: replaced by 'CLID_anonymous'",54,"confidential: replaced by 'ClusterName_anonymous'",54,8/30/2012,8/31/2012,20,0,1,0
601,"confidential: replaced by 'CLID_anonymous'",53,"confidential: replaced by 'ClusterName_anonymous'",53,9/6/2012,9/7/2012,21,0,2,0
602,"confidential: replaced by 'CLID_anonymous'",69,"confidential: replaced by 'ClusterName_anonymous'",69,8/28/2012,8/29/2012,20,0,1,0
104,"confidential: replaced by 'CLID_anonymous'",50,"confidential: replaced by 'ClusterName_anonymous'",50,10/10/2012,10/11/2012,19,1,0,0
602,"confidential: replaced by 'CLID_anonymous'",47,"confidential: replaced by 'ClusterName_anonymous'",47,8/25/2012,8/27/2012,22,0,0,0
104,"confidential: replaced by 'CLID_anonymous'",16,"confidential: replaced by 'ClusterName_anonymous'",16,9/28/2012,9/29/2012,22,0,0,0
104,"confidential: replaced by 'CLID_anonymous'",8,"confidential: replaced by 'ClusterName_anonymous'",8,10/1/2012,10/3/2012,15,2,3,0
601,"confidential: replaced by 'CLID_anonymous'",61,"confidential: replaced by 'ClusterName_anonymous'",61,9/19/2012,9/20/2012,18,1,2,0
104,"confidential: replaced by 'CLID_anonymous'",56,"confidential: replaced by 'ClusterName_anonymous'",56,10/5/2012,10/6/2012,21,0,1,0
104,"confidential: replaced by 'CLID_anonymous'",77,"confidential: replaced by 'ClusterName_anonymous'",77,10/4/2012,10/5/2012,15,2,2,0
104,"confidential: replaced by 'CLID_anonymous'",48,"confidential: replaced by 'ClusterName_anonymous'",48,10/8/2012,10/9/2012,15,2,4,0
104,"confidential: replaced by 'CLID_anonymous'",40,"confidential: replaced by 'ClusterName_anonymous'",40,10/5/2012,10/6/2012,23,0,2,0
601,"confidential: replaced by 'CLID_anonymous'",13,"confidential: replaced by 'ClusterName_anonymous'",13,9/17/2012,9/18/2012,21,1,1,0
601,"confidential: replaced by 'CLID_anonymous'",36,"confidential: replaced by 'ClusterName_anonymous'",36,9/13/2012,9/14/2012,21,0,1,1
601,"confidential: replaced by 'CLID_anonymous'",74,"confidential: replaced by 'ClusterName_anonymous'",74,9/8/2012,9/10/2012,18,1,3,0
601,"confidential: replaced by 'CLID_anonymous'",37,"confidential: replaced by 'ClusterName_anonymous'",37,9/24/2012,9/24/2012,19,0,2,0
601,"confidential: replaced by 'CLID_anonymous'",76,"confidential: replaced by 'ClusterName_anonymous'",76,9/24/2012,9/25/2012,17,1,3,0
601,"confidential: replaced by 'CLID_anonymous'",17,"confidential: replaced by 'ClusterName_anonymous'",17,9/20/2012,9/22/2012,18,4,2,0
602,"confidential: replaced by 'CLID_anonymous'",45,"confidential: replaced by 'ClusterName_anonymous'",45,8/28/2012,8/29/2012,21,1,1,0
602,"confidential: replaced by 'CLID_anonymous'",29,"confidential: replaced by 'ClusterName_anonymous'",29,8/28/2012,8/29/2012,17,1,3,0
601,"confidential: replaced by 'CLID_anonymous'",71,"confidential: replaced by 'ClusterName_anonymous'",71,9/2/2012,9/4/2012,22,1,3,0
601,"confidential: replaced by 'CLID_anonymous'",49,"confidential: replaced by 'ClusterName_anonymous'",49,9/13/2012,9/14/2012,17,2,3,1
601,"confidential: replaced by 'CLID_anonymous'",21,"confidential: replaced by 'ClusterName_anonymous'",21,9/5/2012,9/6/2012,19,0,4,0
602,"confidential: replaced by 'CLID_anonymous'",18,"confidential: replaced by 'ClusterName_anonymous'",18,8/29/2012,8/31/2012,20,0,2,0
601,"confidential: replaced by 'CLID_anonymous'",32,"confidential: replaced by 'ClusterName_anonymous'",32,9/15/2012,9/18/2012,18,1,3,0
601,"confidential: replaced by 'CLID_anonymous'",60,"confidential: replaced by 'ClusterName_anonymous'",60,9/19/2012,9/20/2012,18,0,4,0
602,"confidential: replaced by 'CLID_anonymous'",10,"confidential: replaced by 'ClusterName_anonymous'",10,8/21/2012,10/25/2012,23,1,0,0
602,"confidential: replaced by 'CLID_anonymous'",35,"confidential: replaced by 'ClusterName_anonymous'",35,8/23/2012,8/24/2012,23,0,2,0
602,"confidential: replaced by 'CLID_anonymous'",23,"confidential: replaced by 'ClusterName_anonymous'",23,8/23/2012,8/27/2012,22,0,3,0
601,"confidential: replaced by 'CLID_anonymous'",64,"confidential: replaced by 'ClusterName_anonymous'",64,9/8/2012,9/10/2012,24,0,1,0
104,"confidential: replaced by 'CLID_anonymous'",80,"confidential: replaced by 'ClusterName_anonymous'",80,9/29/2012,10/1/2012,18,2,2,0
601,"confidential: replaced by 'CLID_anonymous'",34,"confidential: replaced by 'ClusterName_anonymous'",34,9/11/2012,9/12/2012,20,1,2,0
601,"confidential: replaced by 'CLID_anonymous'",43,"confidential: replaced by 'ClusterName_anonymous'",43,9/25/2012,9/26/2012,19,2,0,0
104,"confidential: replaced by 'CLID_anonymous'",70,"confidential: replaced by 'ClusterName_anonymous'",70,10/10/2012,10/11/2012,22,2,0,0
601,"confidential: replaced by 'CLID_anonymous'",62,"confidential: replaced by 'ClusterName_anonymous'",62,9/10/2012,9/11/2012,20,1,0,0
601,"confidential: replaced by 'CLID_anonymous'",59,"confidential: replaced by 'ClusterName_anonymous'",59,9/21/2012,9/22/2012,22,0,0,0
601,"confidential: replaced by 'CLID_anonymous'",41,"confidential: replaced by 'ClusterName_anonymous'",41,9/8/2012,9/10/2012,19,0,3,1
601,"confidential: replaced by 'CLID_anonymous'",55,"confidential: replaced by 'ClusterName_anonymous'",55,9/11/2012,9/12/2012,20,1,1,0
601,"confidential: replaced by 'CLID_anonymous'",1,"confidential: replaced by 'ClusterName_anonymous'",1,9/5/2012,9/7/2012,20,1,1,0
104,"confidential: replaced by 'CLID_anonymous'",66,"confidential: replaced by 'ClusterName_anonymous'",66,10/9/2012,10/10/2012,20,1,1,0
601,"confidential: replaced by 'CLID_anonymous'",4,"confidential: replaced by 'ClusterName_anonymous'",4,9/23/2012,9/25/2012,20,0,1,0
602,"confidential: replaced by 'CLID_anonymous'",72,"confidential: replaced by 'ClusterName_anonymous'",72,8/31/2012,9/3/2012,19,0,4,0
601,"confidential: replaced by 'CLID_anonymous'",78,"confidential: replaced by 'ClusterName_anonymous'",78,9/17/2012,9/18/2012,19,2,1,0
601,"confidential: replaced by 'CLID_anonymous'",14,"confidential: replaced by 'ClusterName_anonymous'",14,9/12/2012,9/13/2012,19,0,2,0
601,"confidential: replaced by 'CLID_anonymous'",3,"confidential: replaced by 'ClusterName_anonymous'",3,9/15/2012,9/17/2012,25,0,0,0
602,"confidential: replaced by 'CLID_anonymous'",33,"confidential: replaced by 'ClusterName_anonymous'",33,8/23/2012,8/27/2012,21,1,0,0
602,"confidential: replaced by 'CLID_anonymous'",28,"confidential: replaced by 'ClusterName_anonymous'",28,8/21/2012,8/22/2012,19,3,0,1
104,"confidential: replaced by 'CLID_anonymous'",6,"confidential: replaced by 'ClusterName_anonymous'",6,10/1/2012,10/2/2012,20,1,1,0
104,"confidential: replaced by 'CLID_anonymous'",52,"confidential: replaced by 'ClusterName_anonymous'",52,10/2/2012,10/4/2012,20,1,1,0
104,"confidential: replaced by 'CLID_anonymous'",63,"confidential: replaced by 'ClusterName_anonymous'",63,10/3/2012,10/5/2012,20,1,0,0
602,"confidential: replaced by 'CLID_anonymous'",65,"confidential: replaced by 'ClusterName_anonymous'",65,8/25/2012,8/27/2012,25,0,0,0
602,"confidential: replaced by 'CLID_anonymous'",81,"confidential: replaced by 'ClusterName_anonymous'",81,8/21/2012,10/25/2012,22,1,1,0
602,"confidential: replaced by 'CLID_anonymous'",25,"confidential: replaced by 'ClusterName_anonymous'",25,9/1/2012,9/3/2012,19,1,3,0
602,"confidential: replaced by 'CLID_anonymous'",31,"confidential: replaced by 'ClusterName_anonymous'",31,8/30/2012,8/31/2012,23,1,1,0
602,"confidential: replaced by 'CLID_anonymous'",12,"confidential: replaced by 'ClusterName_anonymous'",12,8/28/2012,8/29/2012,18,2,1,0
104,"confidential: replaced by 'CLID_anonymous'",22,"confidential: replaced by 'ClusterName_anonymous'",22,10/3/2012,10/4/2012,18,2,2,0
602,"confidential: replaced by 'CLID_anonymous'",24,"confidential: replaced by 'ClusterName_anonymous'",24,9/1/2012,9/3/2012,20,0,2,1
104,"confidential: replaced by 'CLID_anonymous'",67,"confidential: replaced by 'ClusterName_anonymous'",67,10/6/2012,10/8/2012,20,1,0,0
104,"confidential: replaced by 'CLID_anonymous'",46,"confidential: replaced by 'ClusterName_anonymous'",46,10/3/2012,10/4/2012,23,0,1,0
104,"confidential: replaced by 'CLID_anonymous'",26,"confidential: replaced by 'ClusterName_anonymous'",26,10/1/2012,10/2/2012,21,0,0,0
601,"confidential: replaced by 'CLID_anonymous'",2,"confidential: replaced by 'ClusterName_anonymous'",2,9/19/2012,9/20/2012,18,0,1,0
601,"confidential: replaced by 'CLID_anonymous'",7,"confidential: replaced by 'ClusterName_anonymous'",7,9/21/2012,9/21/2012,19,0,1,0
602,"confidential: replaced by 'CLID_anonymous'",42,"confidential: replaced by 'ClusterName_anonymous'",42,8/21/2012,10/25/2012,22,2,0,0
601,"confidential: replaced by 'CLID_anonymous'",75,"confidential: replaced by 'ClusterName_anonymous'",75,9/14/2012,9/15/2012,19,0,1,0
104,"confidential: replaced by 'CLID_anonymous'",19,"confidential: replaced by 'ClusterName_anonymous'",19,10/8/2012,10/9/2012,19,2,0,0
602,"confidential: replaced by 'CLID_anonymous'",39,"confidential: replaced by 'ClusterName_anonymous'",39,8/25/2012,8/27/2012,21,0,2,0
104,"confidential: replaced by 'CLID_anonymous'",68,"confidential: replaced by 'ClusterName_anonymous'",68,9/28/2012,10/1/2012,23,0,0,0
601,"confidential: replaced by 'CLID_anonymous'",20,"confidential: replaced by 'ClusterName_anonymous'",20,9/19/2012,9/20/2012,21,0,1,0
601,"confidential: replaced by 'CLID_anonymous'",57,"confidential: replaced by 'ClusterName_anonymous'",57,9/21/2012,9/22/2012,23,2,2,0
602,"confidential: replaced by 'CLID_anonymous'",38,"confidential: replaced by 'ClusterName_anonymous'",38,8/30/2012,8/31/2012,22,0,1,0
601,"confidential: replaced by 'CLID_anonymous'",5,"confidential: replaced by 'ClusterName_anonymous'",5,9/6/2012,9/7/2012,22,1,1,0
104,"confidential: replaced by 'CLID_anonymous'",27,"confidential: replaced by 'ClusterName_anonymous'",27,10/6/2012,10/8/2012,20,0,1,0
