"prev_DistID","prev_CLID","prev_CLID_anonymous","prev_ClusterName","prev_ClusterName_anonymous"
602,"confidential: replaced by 'prev_CLID_anonymous'",44,"confidential: replaced by 'prev_ClusterName_anonymous'",44
601,"confidential: replaced by 'prev_CLID_anonymous'",9,"confidential: replaced by 'prev_ClusterName_anonymous'",9
601,"confidential: replaced by 'prev_CLID_anonymous'",51,"confidential: replaced by 'prev_ClusterName_anonymous'",51
601,"confidential: replaced by 'prev_CLID_anonymous'",79,"confidential: replaced by 'prev_ClusterName_anonymous'",79
104,"confidential: replaced by 'prev_CLID_anonymous'",15,"confidential: replaced by 'prev_ClusterName_anonymous'",15
104,"confidential: replaced by 'prev_CLID_anonymous'",82,"confidential: replaced by 'prev_ClusterName_anonymous'",82
602,"confidential: replaced by 'prev_CLID_anonymous'",11,"confidential: replaced by 'prev_ClusterName_anonymous'",11
601,"confidential: replaced by 'prev_CLID_anonymous'",73,"confidential: replaced by 'prev_ClusterName_anonymous'",73
602,"confidential: replaced by 'prev_CLID_anonymous'",54,"confidential: replaced by 'prev_ClusterName_anonymous'",54
601,"confidential: replaced by 'prev_CLID_anonymous'",53,"confidential: replaced by 'prev_ClusterName_anonymous'",53
602,"confidential: replaced by 'prev_CLID_anonymous'",69,"confidential: replaced by 'prev_ClusterName_anonymous'",69
104,"confidential: replaced by 'prev_CLID_anonymous'",50,"confidential: replaced by 'prev_ClusterName_anonymous'",50
602,"confidential: replaced by 'prev_CLID_anonymous'",47,"confidential: replaced by 'prev_ClusterName_anonymous'",47
104,"confidential: replaced by 'prev_CLID_anonymous'",16,"confidential: replaced by 'prev_ClusterName_anonymous'",16
104,"confidential: replaced by 'prev_CLID_anonymous'",8,"confidential: replaced by 'prev_ClusterName_anonymous'",8
601,"confidential: replaced by 'prev_CLID_anonymous'",61,"confidential: replaced by 'prev_ClusterName_anonymous'",61
104,"confidential: replaced by 'prev_CLID_anonymous'",56,"confidential: replaced by 'prev_ClusterName_anonymous'",56
104,"confidential: replaced by 'prev_CLID_anonymous'",77,"confidential: replaced by 'prev_ClusterName_anonymous'",77
104,"confidential: replaced by 'prev_CLID_anonymous'",48,"confidential: replaced by 'prev_ClusterName_anonymous'",48
104,"confidential: replaced by 'prev_CLID_anonymous'",40,"confidential: replaced by 'prev_ClusterName_anonymous'",40
601,"confidential: replaced by 'prev_CLID_anonymous'",13,"confidential: replaced by 'prev_ClusterName_anonymous'",13
601,"confidential: replaced by 'prev_CLID_anonymous'",36,"confidential: replaced by 'prev_ClusterName_anonymous'",36
601,"confidential: replaced by 'prev_CLID_anonymous'",74,"confidential: replaced by 'prev_ClusterName_anonymous'",74
601,"confidential: replaced by 'prev_CLID_anonymous'",37,"confidential: replaced by 'prev_ClusterName_anonymous'",37
601,"confidential: replaced by 'prev_CLID_anonymous'",76,"confidential: replaced by 'prev_ClusterName_anonymous'",76
601,"confidential: replaced by 'prev_CLID_anonymous'",17,"confidential: replaced by 'prev_ClusterName_anonymous'",17
602,"confidential: replaced by 'prev_CLID_anonymous'",45,"confidential: replaced by 'prev_ClusterName_anonymous'",45
602,"confidential: replaced by 'prev_CLID_anonymous'",29,"confidential: replaced by 'prev_ClusterName_anonymous'",29
601,"confidential: replaced by 'prev_CLID_anonymous'",71,"confidential: replaced by 'prev_ClusterName_anonymous'",71
601,"confidential: replaced by 'prev_CLID_anonymous'",49,"confidential: replaced by 'prev_ClusterName_anonymous'",49
601,"confidential: replaced by 'prev_CLID_anonymous'",21,"confidential: replaced by 'prev_ClusterName_anonymous'",21
602,"confidential: replaced by 'prev_CLID_anonymous'",18,"confidential: replaced by 'prev_ClusterName_anonymous'",18
601,"confidential: replaced by 'prev_CLID_anonymous'",32,"confidential: replaced by 'prev_ClusterName_anonymous'",32
601,"confidential: replaced by 'prev_CLID_anonymous'",60,"confidential: replaced by 'prev_ClusterName_anonymous'",60
602,"confidential: replaced by 'prev_CLID_anonymous'",10,"confidential: replaced by 'prev_ClusterName_anonymous'",10
602,"confidential: replaced by 'prev_CLID_anonymous'",35,"confidential: replaced by 'prev_ClusterName_anonymous'",35
602,"confidential: replaced by 'prev_CLID_anonymous'",23,"confidential: replaced by 'prev_ClusterName_anonymous'",23
601,"confidential: replaced by 'prev_CLID_anonymous'",64,"confidential: replaced by 'prev_ClusterName_anonymous'",64
104,"confidential: replaced by 'prev_CLID_anonymous'",80,"confidential: replaced by 'prev_ClusterName_anonymous'",80
601,"confidential: replaced by 'prev_CLID_anonymous'",34,"confidential: replaced by 'prev_ClusterName_anonymous'",34
601,"confidential: replaced by 'prev_CLID_anonymous'",43,"confidential: replaced by 'prev_ClusterName_anonymous'",43
104,"confidential: replaced by 'prev_CLID_anonymous'",70,"confidential: replaced by 'prev_ClusterName_anonymous'",70
601,"confidential: replaced by 'prev_CLID_anonymous'",62,"confidential: replaced by 'prev_ClusterName_anonymous'",62
601,"confidential: replaced by 'prev_CLID_anonymous'",59,"confidential: replaced by 'prev_ClusterName_anonymous'",59
601,"confidential: replaced by 'prev_CLID_anonymous'",41,"confidential: replaced by 'prev_ClusterName_anonymous'",41
601,"confidential: replaced by 'prev_CLID_anonymous'",55,"confidential: replaced by 'prev_ClusterName_anonymous'",55
601,"confidential: replaced by 'prev_CLID_anonymous'",1,"confidential: replaced by 'prev_ClusterName_anonymous'",1
104,"confidential: replaced by 'prev_CLID_anonymous'",66,"confidential: replaced by 'prev_ClusterName_anonymous'",66
601,"confidential: replaced by 'prev_CLID_anonymous'",4,"confidential: replaced by 'prev_ClusterName_anonymous'",4
602,"confidential: replaced by 'prev_CLID_anonymous'",72,"confidential: replaced by 'prev_ClusterName_anonymous'",72
601,"confidential: replaced by 'prev_CLID_anonymous'",78,"confidential: replaced by 'prev_ClusterName_anonymous'",78
601,"confidential: replaced by 'prev_CLID_anonymous'",14,"confidential: replaced by 'prev_ClusterName_anonymous'",14
601,"confidential: replaced by 'prev_CLID_anonymous'",3,"confidential: replaced by 'prev_ClusterName_anonymous'",3
602,"confidential: replaced by 'prev_CLID_anonymous'",33,"confidential: replaced by 'prev_ClusterName_anonymous'",33
602,"confidential: replaced by 'prev_CLID_anonymous'",28,"confidential: replaced by 'prev_ClusterName_anonymous'",28
104,"confidential: replaced by 'prev_CLID_anonymous'",6,"confidential: replaced by 'prev_ClusterName_anonymous'",6
104,"confidential: replaced by 'prev_CLID_anonymous'",52,"confidential: replaced by 'prev_ClusterName_anonymous'",52
104,"confidential: replaced by 'prev_CLID_anonymous'",63,"confidential: replaced by 'prev_ClusterName_anonymous'",63
602,"confidential: replaced by 'prev_CLID_anonymous'",65,"confidential: replaced by 'prev_ClusterName_anonymous'",65
602,"confidential: replaced by 'prev_CLID_anonymous'",81,"confidential: replaced by 'prev_ClusterName_anonymous'",81
602,"confidential: replaced by 'prev_CLID_anonymous'",25,"confidential: replaced by 'prev_ClusterName_anonymous'",25
602,"confidential: replaced by 'prev_CLID_anonymous'",31,"confidential: replaced by 'prev_ClusterName_anonymous'",31
602,"confidential: replaced by 'prev_CLID_anonymous'",12,"confidential: replaced by 'prev_ClusterName_anonymous'",12
104,"confidential: replaced by 'prev_CLID_anonymous'",22,"confidential: replaced by 'prev_ClusterName_anonymous'",22
602,"confidential: replaced by 'prev_CLID_anonymous'",24,"confidential: replaced by 'prev_ClusterName_anonymous'",24
104,"confidential: replaced by 'prev_CLID_anonymous'",67,"confidential: replaced by 'prev_ClusterName_anonymous'",67
104,"confidential: replaced by 'prev_CLID_anonymous'",46,"confidential: replaced by 'prev_ClusterName_anonymous'",46
104,"confidential: replaced by 'prev_CLID_anonymous'",26,"confidential: replaced by 'prev_ClusterName_anonymous'",26
601,"confidential: replaced by 'prev_CLID_anonymous'",2,"confidential: replaced by 'prev_ClusterName_anonymous'",2
601,"confidential: replaced by 'prev_CLID_anonymous'",7,"confidential: replaced by 'prev_ClusterName_anonymous'",7
602,"confidential: replaced by 'prev_CLID_anonymous'",42,"confidential: replaced by 'prev_ClusterName_anonymous'",42
601,"confidential: replaced by 'prev_CLID_anonymous'",75,"confidential: replaced by 'prev_ClusterName_anonymous'",75
104,"confidential: replaced by 'prev_CLID_anonymous'",19,"confidential: replaced by 'prev_ClusterName_anonymous'",19
602,"confidential: replaced by 'prev_CLID_anonymous'",39,"confidential: replaced by 'prev_ClusterName_anonymous'",39
104,"confidential: replaced by 'prev_CLID_anonymous'",68,"confidential: replaced by 'prev_ClusterName_anonymous'",68
601,"confidential: replaced by 'prev_CLID_anonymous'",20,"confidential: replaced by 'prev_ClusterName_anonymous'",20
601,"confidential: replaced by 'prev_CLID_anonymous'",57,"confidential: replaced by 'prev_ClusterName_anonymous'",57
602,"confidential: replaced by 'prev_CLID_anonymous'",38,"confidential: replaced by 'prev_ClusterName_anonymous'",38
601,"confidential: replaced by 'prev_CLID_anonymous'",5,"confidential: replaced by 'prev_ClusterName_anonymous'",5
104,"confidential: replaced by 'prev_CLID_anonymous'",27,"confidential: replaced by 'prev_ClusterName_anonymous'",27
