"TABLENAME","DistID","closestCLID","closestCLID_anonymous","SeqID","RHID","HVID","YearsID","varlabel","VARIABLENAME","Comment","anonymous_data_ID"
"HealthFacility",104,"confidential: replaced by 'closestCLID_anonymous'",77,1,,,,"Location of health facility (village)","vlgLocation","confidential: removed from data",1
"HealthFacility",104,"confidential: replaced by 'closestCLID_anonymous'",80,1,,,,"Location of health facility (village)","vlgLocation","confidential: removed from data",2
"HealthFacility",104,"confidential: replaced by 'closestCLID_anonymous'",82,1,,,,"For how many hours last week was a doctor present and attending patients?","doctorHrsPresent","confidential: removed from data",3
"HealthFacility",104,"confidential: replaced by 'closestCLID_anonymous'",70,1,,,,"For how many hours last week was a doctor present and attending patients?","doctorHrsPresent","confidential: removed from data",4
"HealthFacility",104,"confidential: replaced by 'closestCLID_anonymous'",68,1,,,,"Location of health facility (village)","vlgLocation","confidential: removed from data",5
"HealthFacility",601,"confidential: replaced by 'closestCLID_anonymous'",75,1,,,,"Location of health facility (village)","vlgLocation","confidential: removed from data",6
"HealthFacility",601,"confidential: replaced by 'closestCLID_anonymous'",9,1,,,,"A bed for maternal deliveries","deliveryBedYN","confidential: removed from data",7
"HealthFacility",601,"confidential: replaced by 'closestCLID_anonymous'",78,1,,,,"Location of health facility (village)","vlgLocation","confidential: removed from data",8
"HealthFacility",601,"confidential: replaced by 'closestCLID_anonymous'",2,1,,,,"Location of health facility (village)","vlgLocation","confidential: removed from data",9
"RespondentHealth",601,"confidential: replaced by 'closestCLID_anonymous'",57,1,2,,,"Respondent residence in community in years","RHresidence","confidential: removed from data",10
"RespondentHealth",602,"confidential: replaced by 'closestCLID_anonymous'",69,1,2,,,"Respondent residence in community in years","RHresidence","confidential: removed from data",11
"RespondentHealth",602,"confidential: replaced by 'closestCLID_anonymous'",28,1,1,,,"Respondent residence in community in years","RHresidence","confidential: removed from data",12
"Years",602,"confidential: replaced by 'closestCLID_anonymous'",11,1,,,4,"How many doctors does this facility have?","doctorsNo","confidential: removed from data",13
"HealthFacility",602,"confidential: replaced by 'closestCLID_anonymous'",11,1,,,,"What was it in 2009?","CHFcontrib2009","confidential: removed from data",14
