"DistID","CLID","CLID_anonymous","CID","reportMonth","reportYear","reportPubMonth","reportPubYear"
104,"confidential: replaced by 'CLID_anonymous'",26,1,3,2012,-99,
104,"confidential: replaced by 'CLID_anonymous'",26,2,9,2012,-99,
104,"confidential: replaced by 'CLID_anonymous'",26,3,-99,,-99,
104,"confidential: replaced by 'CLID_anonymous'",26,4,9,2012,-99,
104,"confidential: replaced by 'CLID_anonymous'",26,5,9,2012,-99,
104,"confidential: replaced by 'CLID_anonymous'",26,6,7,2012,-99,
104,"confidential: replaced by 'CLID_anonymous'",46,1,9,2012,-99,
104,"confidential: replaced by 'CLID_anonymous'",46,2,8,2012,-99,
104,"confidential: replaced by 'CLID_anonymous'",46,3,6,2012,-99,
104,"confidential: replaced by 'CLID_anonymous'",46,4,9,2011,-99,
104,"confidential: replaced by 'CLID_anonymous'",46,5,6,2012,-99,
104,"confidential: replaced by 'CLID_anonymous'",46,6,-99,,-99,
104,"confidential: replaced by 'CLID_anonymous'",77,1,8,2012,-99,
104,"confidential: replaced by 'CLID_anonymous'",77,2,8,2012,-99,
104,"confidential: replaced by 'CLID_anonymous'",77,3,3,2012,-99,
104,"confidential: replaced by 'CLID_anonymous'",77,4,-99,,-99,
104,"confidential: replaced by 'CLID_anonymous'",77,5,-99,,-99,
104,"confidential: replaced by 'CLID_anonymous'",77,6,-99,,-99,
104,"confidential: replaced by 'CLID_anonymous'",63,1,6,2012,-99,
104,"confidential: replaced by 'CLID_anonymous'",63,2,6,2012,-99,
104,"confidential: replaced by 'CLID_anonymous'",63,3,8,2012,-99,
104,"confidential: replaced by 'CLID_anonymous'",63,4,9,2012,-99,
104,"confidential: replaced by 'CLID_anonymous'",63,5,6,2012,-99,
104,"confidential: replaced by 'CLID_anonymous'",63,6,7,2012,-99,
104,"confidential: replaced by 'CLID_anonymous'",15,1,-99,,-99,
104,"confidential: replaced by 'CLID_anonymous'",15,2,-99,,-99,
104,"confidential: replaced by 'CLID_anonymous'",15,3,-99,,-99,
104,"confidential: replaced by 'CLID_anonymous'",15,4,-99,,-99,
104,"confidential: replaced by 'CLID_anonymous'",15,5,-99,,-99,
104,"confidential: replaced by 'CLID_anonymous'",15,6,-99,,-99,
104,"confidential: replaced by 'CLID_anonymous'",16,1,8,2012,-99,
104,"confidential: replaced by 'CLID_anonymous'",16,2,7,2012,-99,
104,"confidential: replaced by 'CLID_anonymous'",16,3,8,2012,-99,
104,"confidential: replaced by 'CLID_anonymous'",16,4,7,2012,-99,
104,"confidential: replaced by 'CLID_anonymous'",16,5,6,2012,-99,
104,"confidential: replaced by 'CLID_anonymous'",16,6,6,2012,-99,
104,"confidential: replaced by 'CLID_anonymous'",80,1,-99,,2,2009
104,"confidential: replaced by 'CLID_anonymous'",80,2,9,2012,-99,
104,"confidential: replaced by 'CLID_anonymous'",80,3,-99,,-99,
104,"confidential: replaced by 'CLID_anonymous'",80,4,-99,,-99,
104,"confidential: replaced by 'CLID_anonymous'",80,5,-99,,6,2011
104,"confidential: replaced by 'CLID_anonymous'",80,6,-99,,-99,
104,"confidential: replaced by 'CLID_anonymous'",22,1,9,2012,-99,
104,"confidential: replaced by 'CLID_anonymous'",22,2,8,2012,-99,
104,"confidential: replaced by 'CLID_anonymous'",22,3,8,2012,-99,
104,"confidential: replaced by 'CLID_anonymous'",22,4,8,2012,-99,
104,"confidential: replaced by 'CLID_anonymous'",22,5,8,2012,-99,
104,"confidential: replaced by 'CLID_anonymous'",22,6,7,2012,-99,
104,"confidential: replaced by 'CLID_anonymous'",67,1,9,2012,-99,
104,"confidential: replaced by 'CLID_anonymous'",67,2,7,2012,-99,
104,"confidential: replaced by 'CLID_anonymous'",67,3,9,2012,-99,
104,"confidential: replaced by 'CLID_anonymous'",67,4,9,2012,-99,
104,"confidential: replaced by 'CLID_anonymous'",67,5,-99,,-99,
104,"confidential: replaced by 'CLID_anonymous'",67,6,9,2012,-99,
104,"confidential: replaced by 'CLID_anonymous'",40,1,9,2012,-99,
104,"confidential: replaced by 'CLID_anonymous'",40,2,6,2012,-99,
104,"confidential: replaced by 'CLID_anonymous'",40,3,6,2012,-99,
104,"confidential: replaced by 'CLID_anonymous'",40,4,8,2012,-99,
104,"confidential: replaced by 'CLID_anonymous'",40,5,8,2012,-99,
104,"confidential: replaced by 'CLID_anonymous'",40,6,8,2012,-99,
104,"confidential: replaced by 'CLID_anonymous'",19,1,6,2012,-99,
104,"confidential: replaced by 'CLID_anonymous'",19,2,6,2012,-99,
104,"confidential: replaced by 'CLID_anonymous'",19,3,9,2012,-99,
104,"confidential: replaced by 'CLID_anonymous'",19,4,-99,,-99,
104,"confidential: replaced by 'CLID_anonymous'",19,5,-99,,-99,
104,"confidential: replaced by 'CLID_anonymous'",19,6,7,2012,-99,
104,"confidential: replaced by 'CLID_anonymous'",50,1,8,2012,-99,
104,"confidential: replaced by 'CLID_anonymous'",50,2,7,2012,-99,
104,"confidential: replaced by 'CLID_anonymous'",50,3,5,2011,-99,
104,"confidential: replaced by 'CLID_anonymous'",50,4,-99,,-99,
104,"confidential: replaced by 'CLID_anonymous'",50,5,9,2012,-99,
104,"confidential: replaced by 'CLID_anonymous'",50,6,8,2011,-99,
104,"confidential: replaced by 'CLID_anonymous'",6,1,7,2012,-99,
104,"confidential: replaced by 'CLID_anonymous'",6,2,7,2012,-99,
104,"confidential: replaced by 'CLID_anonymous'",6,3,11,2011,-99,
104,"confidential: replaced by 'CLID_anonymous'",6,4,5,2012,-99,
104,"confidential: replaced by 'CLID_anonymous'",6,5,9,2012,-99,
104,"confidential: replaced by 'CLID_anonymous'",6,6,9,2012,-99,
104,"confidential: replaced by 'CLID_anonymous'",48,1,10,2012,-99,
104,"confidential: replaced by 'CLID_anonymous'",48,2,7,2012,-99,
104,"confidential: replaced by 'CLID_anonymous'",48,3,10,2012,-99,
104,"confidential: replaced by 'CLID_anonymous'",48,4,9,2012,-99,
104,"confidential: replaced by 'CLID_anonymous'",48,5,10,2012,-99,
104,"confidential: replaced by 'CLID_anonymous'",48,6,9,2012,-99,
104,"confidential: replaced by 'CLID_anonymous'",56,1,9,2012,-99,
104,"confidential: replaced by 'CLID_anonymous'",56,2,6,2012,-99,
104,"confidential: replaced by 'CLID_anonymous'",56,3,6,2012,-99,
104,"confidential: replaced by 'CLID_anonymous'",56,4,12,2011,-99,
104,"confidential: replaced by 'CLID_anonymous'",56,5,7,2012,-99,
104,"confidential: replaced by 'CLID_anonymous'",56,6,7,2012,-99,
104,"confidential: replaced by 'CLID_anonymous'",82,1,9,2012,-99,
104,"confidential: replaced by 'CLID_anonymous'",82,2,10,2012,-99,
104,"confidential: replaced by 'CLID_anonymous'",82,3,6,2011,-99,
104,"confidential: replaced by 'CLID_anonymous'",82,4,9,2012,-99,
104,"confidential: replaced by 'CLID_anonymous'",82,5,6,2012,-99,
104,"confidential: replaced by 'CLID_anonymous'",82,6,9,2012,-99,
104,"confidential: replaced by 'CLID_anonymous'",70,1,8,2012,-99,
104,"confidential: replaced by 'CLID_anonymous'",70,2,6,2012,-99,
104,"confidential: replaced by 'CLID_anonymous'",70,3,8,2012,-99,
104,"confidential: replaced by 'CLID_anonymous'",70,4,9,2012,-99,
104,"confidential: replaced by 'CLID_anonymous'",70,5,8,2012,-99,
104,"confidential: replaced by 'CLID_anonymous'",70,6,7,2012,-99,
104,"confidential: replaced by 'CLID_anonymous'",52,1,6,2012,-99,
104,"confidential: replaced by 'CLID_anonymous'",52,2,6,2012,-99,
104,"confidential: replaced by 'CLID_anonymous'",52,3,-99,,-99,
104,"confidential: replaced by 'CLID_anonymous'",52,4,-99,,-99,
104,"confidential: replaced by 'CLID_anonymous'",52,5,-99,,-99,
104,"confidential: replaced by 'CLID_anonymous'",52,6,-99,,-99,
104,"confidential: replaced by 'CLID_anonymous'",27,1,9,2012,-99,
104,"confidential: replaced by 'CLID_anonymous'",27,2,9,2012,-99,
104,"confidential: replaced by 'CLID_anonymous'",27,3,-99,,-99,
104,"confidential: replaced by 'CLID_anonymous'",27,4,-99,,-99,
104,"confidential: replaced by 'CLID_anonymous'",27,5,-99,,-99,
104,"confidential: replaced by 'CLID_anonymous'",27,6,-99,,-99,
104,"confidential: replaced by 'CLID_anonymous'",68,1,8,2012,-99,
104,"confidential: replaced by 'CLID_anonymous'",68,2,8,2012,-99,
104,"confidential: replaced by 'CLID_anonymous'",68,3,9,2011,-99,
104,"confidential: replaced by 'CLID_anonymous'",68,4,6,2012,-99,
104,"confidential: replaced by 'CLID_anonymous'",68,5,8,2012,-99,
104,"confidential: replaced by 'CLID_anonymous'",68,6,-99,,-99,
104,"confidential: replaced by 'CLID_anonymous'",8,1,9,2012,-99,
104,"confidential: replaced by 'CLID_anonymous'",8,2,6,2012,-99,
104,"confidential: replaced by 'CLID_anonymous'",8,3,9,2012,-99,
104,"confidential: replaced by 'CLID_anonymous'",8,4,5,2012,-99,
104,"confidential: replaced by 'CLID_anonymous'",8,5,9,2012,-99,
104,"confidential: replaced by 'CLID_anonymous'",8,6,7,2012,-99,
104,"confidential: replaced by 'CLID_anonymous'",66,1,9,2012,-99,
104,"confidential: replaced by 'CLID_anonymous'",66,2,6,2012,-99,
104,"confidential: replaced by 'CLID_anonymous'",66,3,9,2012,4,2012
104,"confidential: replaced by 'CLID_anonymous'",66,4,6,2012,-99,
104,"confidential: replaced by 'CLID_anonymous'",66,5,7,2012,11,2011
104,"confidential: replaced by 'CLID_anonymous'",66,6,9,2012,-99,
601,"confidential: replaced by 'CLID_anonymous'",5,1,7,2012,-99,
601,"confidential: replaced by 'CLID_anonymous'",5,2,6,2012,-99,
601,"confidential: replaced by 'CLID_anonymous'",5,3,8,2012,-99,
601,"confidential: replaced by 'CLID_anonymous'",5,4,7,2012,-99,
601,"confidential: replaced by 'CLID_anonymous'",5,5,6,2012,-99,
601,"confidential: replaced by 'CLID_anonymous'",5,6,8,2012,-99,
601,"confidential: replaced by 'CLID_anonymous'",49,1,5,2012,5,2012
601,"confidential: replaced by 'CLID_anonymous'",49,2,8,2012,8,2012
601,"confidential: replaced by 'CLID_anonymous'",49,3,9,2012,8,2012
601,"confidential: replaced by 'CLID_anonymous'",49,4,3,2012,8,2012
601,"confidential: replaced by 'CLID_anonymous'",49,5,-99,,-99,
601,"confidential: replaced by 'CLID_anonymous'",49,6,-99,,-99,
601,"confidential: replaced by 'CLID_anonymous'",74,1,9,2012,-99,
601,"confidential: replaced by 'CLID_anonymous'",74,2,3,2012,-99,
601,"confidential: replaced by 'CLID_anonymous'",74,3,8,2012,-99,
601,"confidential: replaced by 'CLID_anonymous'",74,4,6,2012,-99,
601,"confidential: replaced by 'CLID_anonymous'",74,5,5,2012,-99,
601,"confidential: replaced by 'CLID_anonymous'",74,6,7,2012,-99,
601,"confidential: replaced by 'CLID_anonymous'",62,1,7,2012,-99,
601,"confidential: replaced by 'CLID_anonymous'",62,2,2,2012,-99,
601,"confidential: replaced by 'CLID_anonymous'",62,3,9,2012,-99,
601,"confidential: replaced by 'CLID_anonymous'",62,4,9,2012,-99,
601,"confidential: replaced by 'CLID_anonymous'",62,5,6,2012,-99,
601,"confidential: replaced by 'CLID_anonymous'",62,6,1,2012,-99,
601,"confidential: replaced by 'CLID_anonymous'",21,1,7,2012,-99,
601,"confidential: replaced by 'CLID_anonymous'",21,2,4,2012,-99,
601,"confidential: replaced by 'CLID_anonymous'",21,3,7,2012,-99,
601,"confidential: replaced by 'CLID_anonymous'",21,4,5,2012,-99,
601,"confidential: replaced by 'CLID_anonymous'",21,5,5,2012,-99,
601,"confidential: replaced by 'CLID_anonymous'",21,6,8,2012,-99,
601,"confidential: replaced by 'CLID_anonymous'",1,1,8,2012,-99,
601,"confidential: replaced by 'CLID_anonymous'",1,2,4,2012,-99,
601,"confidential: replaced by 'CLID_anonymous'",1,3,9,2012,-99,
601,"confidential: replaced by 'CLID_anonymous'",1,4,7,2012,-99,
601,"confidential: replaced by 'CLID_anonymous'",1,5,6,2012,-99,
601,"confidential: replaced by 'CLID_anonymous'",1,6,12,2011,-99,
601,"confidential: replaced by 'CLID_anonymous'",79,1,8,2012,1,2012
601,"confidential: replaced by 'CLID_anonymous'",79,2,8,2012,4,2012
601,"confidential: replaced by 'CLID_anonymous'",79,3,8,2012,4,2012
601,"confidential: replaced by 'CLID_anonymous'",79,4,7,2012,1,2012
601,"confidential: replaced by 'CLID_anonymous'",79,5,8,2012,-99,
601,"confidential: replaced by 'CLID_anonymous'",79,6,8,2012,-99,
601,"confidential: replaced by 'CLID_anonymous'",41,1,8,2012,-99,
601,"confidential: replaced by 'CLID_anonymous'",41,2,7,2012,-99,
601,"confidential: replaced by 'CLID_anonymous'",41,3,8,2012,-99,
601,"confidential: replaced by 'CLID_anonymous'",41,4,8,2012,-99,
601,"confidential: replaced by 'CLID_anonymous'",41,5,8,2012,-99,
601,"confidential: replaced by 'CLID_anonymous'",41,6,8,2012,-99,
601,"confidential: replaced by 'CLID_anonymous'",71,1,8,2012,12,2011
601,"confidential: replaced by 'CLID_anonymous'",71,2,7,2012,12,2011
601,"confidential: replaced by 'CLID_anonymous'",71,3,8,2012,12,2011
601,"confidential: replaced by 'CLID_anonymous'",71,4,8,2012,12,2011
601,"confidential: replaced by 'CLID_anonymous'",71,5,8,2012,12,2011
601,"confidential: replaced by 'CLID_anonymous'",71,6,8,2012,12,2011
601,"confidential: replaced by 'CLID_anonymous'",53,1,9,2012,-99,
601,"confidential: replaced by 'CLID_anonymous'",53,2,4,2012,-99,
601,"confidential: replaced by 'CLID_anonymous'",53,3,8,2012,-99,
601,"confidential: replaced by 'CLID_anonymous'",53,4,9,2012,-99,
601,"confidential: replaced by 'CLID_anonymous'",53,5,6,2012,-99,
601,"confidential: replaced by 'CLID_anonymous'",53,6,6,2012,-99,
601,"confidential: replaced by 'CLID_anonymous'",75,1,6,2012,-99,
601,"confidential: replaced by 'CLID_anonymous'",75,2,7,2012,-99,
601,"confidential: replaced by 'CLID_anonymous'",75,3,6,2012,-99,
601,"confidential: replaced by 'CLID_anonymous'",75,4,5,2012,-99,
601,"confidential: replaced by 'CLID_anonymous'",75,5,4,2012,-99,
601,"confidential: replaced by 'CLID_anonymous'",75,6,4,2012,-99,
601,"confidential: replaced by 'CLID_anonymous'",37,1,7,2012,-99,
601,"confidential: replaced by 'CLID_anonymous'",37,2,7,2012,-99,
601,"confidential: replaced by 'CLID_anonymous'",37,3,7,2012,-99,
601,"confidential: replaced by 'CLID_anonymous'",37,4,-99,,-99,
601,"confidential: replaced by 'CLID_anonymous'",37,5,-99,,-99,
601,"confidential: replaced by 'CLID_anonymous'",37,6,-99,,-99,
601,"confidential: replaced by 'CLID_anonymous'",61,1,7,2012,5,2009
601,"confidential: replaced by 'CLID_anonymous'",61,2,3,2012,-99,
601,"confidential: replaced by 'CLID_anonymous'",61,3,7,2012,12,2009
601,"confidential: replaced by 'CLID_anonymous'",61,4,8,2012,-99,
601,"confidential: replaced by 'CLID_anonymous'",61,5,-99,,-99,
601,"confidential: replaced by 'CLID_anonymous'",61,6,8,2012,-99,
601,"confidential: replaced by 'CLID_anonymous'",60,1,9,2012,-99,
601,"confidential: replaced by 'CLID_anonymous'",60,2,4,2012,-99,
601,"confidential: replaced by 'CLID_anonymous'",60,3,8,2012,-99,
601,"confidential: replaced by 'CLID_anonymous'",60,4,7,2012,-99,
601,"confidential: replaced by 'CLID_anonymous'",60,5,8,2012,-99,
601,"confidential: replaced by 'CLID_anonymous'",60,6,7,2012,-99,
601,"confidential: replaced by 'CLID_anonymous'",4,1,1,2012,2,2012
601,"confidential: replaced by 'CLID_anonymous'",4,2,2,2012,2,2012
601,"confidential: replaced by 'CLID_anonymous'",4,3,6,2012,6,2012
601,"confidential: replaced by 'CLID_anonymous'",4,4,5,2012,6,2012
601,"confidential: replaced by 'CLID_anonymous'",4,5,7,2012,-99,
601,"confidential: replaced by 'CLID_anonymous'",4,6,8,2012,-99,
601,"confidential: replaced by 'CLID_anonymous'",7,1,8,2012,-99,
601,"confidential: replaced by 'CLID_anonymous'",7,2,7,2012,-99,
601,"confidential: replaced by 'CLID_anonymous'",7,3,7,2012,-99,
601,"confidential: replaced by 'CLID_anonymous'",7,4,9,2012,-99,
601,"confidential: replaced by 'CLID_anonymous'",7,5,-99,,-99,
601,"confidential: replaced by 'CLID_anonymous'",7,6,7,2012,-99,
601,"confidential: replaced by 'CLID_anonymous'",32,1,9,2012,-99,
601,"confidential: replaced by 'CLID_anonymous'",32,2,9,2012,-99,
601,"confidential: replaced by 'CLID_anonymous'",32,3,7,2012,-99,
601,"confidential: replaced by 'CLID_anonymous'",32,4,6,2012,-99,
601,"confidential: replaced by 'CLID_anonymous'",32,5,-99,,-99,
601,"confidential: replaced by 'CLID_anonymous'",32,6,-99,,-99,
601,"confidential: replaced by 'CLID_anonymous'",17,1,3,2012,-99,
601,"confidential: replaced by 'CLID_anonymous'",17,2,7,2012,-99,
601,"confidential: replaced by 'CLID_anonymous'",17,3,3,2012,-99,
601,"confidential: replaced by 'CLID_anonymous'",17,4,7,2012,-99,
601,"confidential: replaced by 'CLID_anonymous'",17,5,-99,,-99,
601,"confidential: replaced by 'CLID_anonymous'",17,6,-99,,-99,
601,"confidential: replaced by 'CLID_anonymous'",3,1,8,2012,-99,
601,"confidential: replaced by 'CLID_anonymous'",3,2,6,2012,-99,
601,"confidential: replaced by 'CLID_anonymous'",3,3,8,2012,-99,
601,"confidential: replaced by 'CLID_anonymous'",3,4,8,2012,-99,
601,"confidential: replaced by 'CLID_anonymous'",3,5,8,2012,-99,
601,"confidential: replaced by 'CLID_anonymous'",3,6,9,2012,-99,
601,"confidential: replaced by 'CLID_anonymous'",43,1,8,2012,-99,
601,"confidential: replaced by 'CLID_anonymous'",43,2,6,2012,-99,
601,"confidential: replaced by 'CLID_anonymous'",43,3,8,2012,-99,
601,"confidential: replaced by 'CLID_anonymous'",43,4,8,2012,-99,
601,"confidential: replaced by 'CLID_anonymous'",43,5,6,2012,-99,
601,"confidential: replaced by 'CLID_anonymous'",43,6,6,2012,-99,
601,"confidential: replaced by 'CLID_anonymous'",14,1,9,2012,-99,
601,"confidential: replaced by 'CLID_anonymous'",14,2,9,2012,-99,
601,"confidential: replaced by 'CLID_anonymous'",14,3,8,2012,-99,
601,"confidential: replaced by 'CLID_anonymous'",14,4,7,2012,-99,
601,"confidential: replaced by 'CLID_anonymous'",14,5,7,2012,-99,
601,"confidential: replaced by 'CLID_anonymous'",14,6,7,2012,-99,
601,"confidential: replaced by 'CLID_anonymous'",20,1,7,2012,5,2012
601,"confidential: replaced by 'CLID_anonymous'",20,2,7,2012,5,2012
601,"confidential: replaced by 'CLID_anonymous'",20,3,8,2012,5,2012
601,"confidential: replaced by 'CLID_anonymous'",20,4,9,2012,-99,
601,"confidential: replaced by 'CLID_anonymous'",20,5,8,2012,-99,
601,"confidential: replaced by 'CLID_anonymous'",20,6,8,2012,-99,
601,"confidential: replaced by 'CLID_anonymous'",13,1,8,2012,-99,
601,"confidential: replaced by 'CLID_anonymous'",13,2,-99,,-99,
601,"confidential: replaced by 'CLID_anonymous'",13,3,6,2012,-99,
601,"confidential: replaced by 'CLID_anonymous'",13,4,8,2012,-99,
601,"confidential: replaced by 'CLID_anonymous'",13,5,6,2012,-99,
601,"confidential: replaced by 'CLID_anonymous'",13,6,6,2012,-99,
601,"confidential: replaced by 'CLID_anonymous'",55,1,8,2012,-99,
601,"confidential: replaced by 'CLID_anonymous'",55,2,6,2012,-99,
601,"confidential: replaced by 'CLID_anonymous'",55,3,6,2012,-99,
601,"confidential: replaced by 'CLID_anonymous'",55,4,4,2012,-99,
601,"confidential: replaced by 'CLID_anonymous'",55,5,6,2012,-99,
601,"confidential: replaced by 'CLID_anonymous'",55,6,5,2012,-99,
601,"confidential: replaced by 'CLID_anonymous'",9,1,8,2012,-99,
601,"confidential: replaced by 'CLID_anonymous'",9,2,7,2012,-99,
601,"confidential: replaced by 'CLID_anonymous'",9,3,8,2012,-99,
601,"confidential: replaced by 'CLID_anonymous'",9,4,9,2012,-99,
601,"confidential: replaced by 'CLID_anonymous'",9,5,6,2012,-99,
601,"confidential: replaced by 'CLID_anonymous'",9,6,6,2012,-99,
601,"confidential: replaced by 'CLID_anonymous'",36,1,6,2012,-99,
601,"confidential: replaced by 'CLID_anonymous'",36,2,1,2012,-99,
601,"confidential: replaced by 'CLID_anonymous'",36,3,7,2012,-99,
601,"confidential: replaced by 'CLID_anonymous'",36,4,6,2012,-99,
601,"confidential: replaced by 'CLID_anonymous'",36,5,7,2012,-99,
601,"confidential: replaced by 'CLID_anonymous'",36,6,5,2012,-99,
601,"confidential: replaced by 'CLID_anonymous'",73,1,8,2012,-99,
601,"confidential: replaced by 'CLID_anonymous'",73,2,2,2012,-99,
601,"confidential: replaced by 'CLID_anonymous'",73,3,7,2012,-99,
601,"confidential: replaced by 'CLID_anonymous'",73,4,6,2012,-99,
601,"confidential: replaced by 'CLID_anonymous'",73,5,7,2012,-99,
601,"confidential: replaced by 'CLID_anonymous'",73,6,5,2012,-99,
601,"confidential: replaced by 'CLID_anonymous'",34,1,-99,,-99,
601,"confidential: replaced by 'CLID_anonymous'",34,2,6,2012,-99,
601,"confidential: replaced by 'CLID_anonymous'",34,3,6,2012,-99,
601,"confidential: replaced by 'CLID_anonymous'",34,4,-99,,-99,
601,"confidential: replaced by 'CLID_anonymous'",34,5,-99,,-99,
601,"confidential: replaced by 'CLID_anonymous'",34,6,10,2010,-99,
601,"confidential: replaced by 'CLID_anonymous'",64,1,6,2012,-99,
601,"confidential: replaced by 'CLID_anonymous'",64,2,-99,,-99,
601,"confidential: replaced by 'CLID_anonymous'",64,3,7,2012,-99,
601,"confidential: replaced by 'CLID_anonymous'",64,4,7,2012,-99,
601,"confidential: replaced by 'CLID_anonymous'",64,5,6,2012,-99,
601,"confidential: replaced by 'CLID_anonymous'",64,6,8,2012,-99,
601,"confidential: replaced by 'CLID_anonymous'",78,1,3,2012,-99,
601,"confidential: replaced by 'CLID_anonymous'",78,2,4,2012,-99,
601,"confidential: replaced by 'CLID_anonymous'",78,3,6,2012,-99,
601,"confidential: replaced by 'CLID_anonymous'",78,4,8,2012,-99,
601,"confidential: replaced by 'CLID_anonymous'",78,5,8,2012,-99,
601,"confidential: replaced by 'CLID_anonymous'",78,6,6,2012,-99,
601,"confidential: replaced by 'CLID_anonymous'",2,1,-99,,-99,
601,"confidential: replaced by 'CLID_anonymous'",2,2,8,2012,-99,
601,"confidential: replaced by 'CLID_anonymous'",2,3,9,2011,-99,
601,"confidential: replaced by 'CLID_anonymous'",2,4,10,2011,-99,
601,"confidential: replaced by 'CLID_anonymous'",2,5,9,2012,-99,
601,"confidential: replaced by 'CLID_anonymous'",2,6,9,2012,-99,
601,"confidential: replaced by 'CLID_anonymous'",51,1,9,2012,-99,
601,"confidential: replaced by 'CLID_anonymous'",51,2,6,2012,-99,
601,"confidential: replaced by 'CLID_anonymous'",51,3,8,2012,-99,
601,"confidential: replaced by 'CLID_anonymous'",51,4,8,2012,-99,
601,"confidential: replaced by 'CLID_anonymous'",51,5,9,2012,-99,
601,"confidential: replaced by 'CLID_anonymous'",51,6,8,2012,-99,
601,"confidential: replaced by 'CLID_anonymous'",57,1,7,2012,-99,
601,"confidential: replaced by 'CLID_anonymous'",57,2,3,2012,-99,
601,"confidential: replaced by 'CLID_anonymous'",57,3,5,2012,-99,
601,"confidential: replaced by 'CLID_anonymous'",57,4,6,2012,-99,
601,"confidential: replaced by 'CLID_anonymous'",57,5,8,2012,-99,
601,"confidential: replaced by 'CLID_anonymous'",57,6,7,2012,-99,
601,"confidential: replaced by 'CLID_anonymous'",76,1,12,2012,-99,
601,"confidential: replaced by 'CLID_anonymous'",76,2,7,2012,-99,
601,"confidential: replaced by 'CLID_anonymous'",76,3,7,2012,-99,
601,"confidential: replaced by 'CLID_anonymous'",76,4,7,2012,-99,
601,"confidential: replaced by 'CLID_anonymous'",76,5,7,2012,-99,
601,"confidential: replaced by 'CLID_anonymous'",76,6,6,2012,-99,
601,"confidential: replaced by 'CLID_anonymous'",59,1,8,2012,-99,
601,"confidential: replaced by 'CLID_anonymous'",59,2,7,2012,-99,
601,"confidential: replaced by 'CLID_anonymous'",59,3,9,2012,-99,
601,"confidential: replaced by 'CLID_anonymous'",59,4,8,2012,-99,
601,"confidential: replaced by 'CLID_anonymous'",59,5,8,2012,-99,
601,"confidential: replaced by 'CLID_anonymous'",59,6,9,2011,-99,
602,"confidential: replaced by 'CLID_anonymous'",35,1,6,2012,-99,
602,"confidential: replaced by 'CLID_anonymous'",35,2,6,2012,-99,
602,"confidential: replaced by 'CLID_anonymous'",35,3,5,2012,-99,
602,"confidential: replaced by 'CLID_anonymous'",35,4,-99,,-99,
602,"confidential: replaced by 'CLID_anonymous'",35,5,5,2012,-99,
602,"confidential: replaced by 'CLID_anonymous'",35,6,8,2012,-99,
602,"confidential: replaced by 'CLID_anonymous'",72,1,8,2012,-99,
602,"confidential: replaced by 'CLID_anonymous'",72,2,8,2012,-99,
602,"confidential: replaced by 'CLID_anonymous'",72,3,8,2012,6,2012
602,"confidential: replaced by 'CLID_anonymous'",72,4,8,2012,-99,
602,"confidential: replaced by 'CLID_anonymous'",72,5,8,2012,-99,
602,"confidential: replaced by 'CLID_anonymous'",72,6,8,2012,-99,
602,"confidential: replaced by 'CLID_anonymous'",42,1,8,2012,8,2012
602,"confidential: replaced by 'CLID_anonymous'",42,2,8,2012,8,2012
602,"confidential: replaced by 'CLID_anonymous'",42,3,7,2012,-99,
602,"confidential: replaced by 'CLID_anonymous'",42,4,8,2012,8,2012
602,"confidential: replaced by 'CLID_anonymous'",42,5,-99,,-99,
602,"confidential: replaced by 'CLID_anonymous'",42,6,6,2012,-99,
602,"confidential: replaced by 'CLID_anonymous'",69,1,7,2012,-99,
602,"confidential: replaced by 'CLID_anonymous'",69,2,7,2012,-99,
602,"confidential: replaced by 'CLID_anonymous'",69,3,8,2012,-99,
602,"confidential: replaced by 'CLID_anonymous'",69,4,7,2012,-99,
602,"confidential: replaced by 'CLID_anonymous'",69,5,7,2012,-99,
602,"confidential: replaced by 'CLID_anonymous'",69,6,7,2012,-99,
602,"confidential: replaced by 'CLID_anonymous'",47,1,4,2012,5,2012
602,"confidential: replaced by 'CLID_anonymous'",47,2,5,2012,5,2012
602,"confidential: replaced by 'CLID_anonymous'",47,3,4,2012,-99,
602,"confidential: replaced by 'CLID_anonymous'",47,4,7,2012,-99,
602,"confidential: replaced by 'CLID_anonymous'",47,5,6,2012,-99,
602,"confidential: replaced by 'CLID_anonymous'",47,6,8,2012,-99,
602,"confidential: replaced by 'CLID_anonymous'",10,1,5,2012,10,2009
602,"confidential: replaced by 'CLID_anonymous'",10,2,7,2012,10,2011
602,"confidential: replaced by 'CLID_anonymous'",10,3,5,2012,-99,
602,"confidential: replaced by 'CLID_anonymous'",10,4,5,2012,-99,
602,"confidential: replaced by 'CLID_anonymous'",10,5,7,2012,-99,
602,"confidential: replaced by 'CLID_anonymous'",10,6,8,2012,-99,
602,"confidential: replaced by 'CLID_anonymous'",33,1,5,2012,-99,
602,"confidential: replaced by 'CLID_anonymous'",33,2,6,2012,-99,
602,"confidential: replaced by 'CLID_anonymous'",33,3,4,2012,-99,
602,"confidential: replaced by 'CLID_anonymous'",33,4,7,2012,-99,
602,"confidential: replaced by 'CLID_anonymous'",33,5,-99,,-99,
602,"confidential: replaced by 'CLID_anonymous'",33,6,-99,,-99,
602,"confidential: replaced by 'CLID_anonymous'",28,1,6,2012,-99,
602,"confidential: replaced by 'CLID_anonymous'",28,2,-99,,-99,
602,"confidential: replaced by 'CLID_anonymous'",28,3,8,2012,-99,
602,"confidential: replaced by 'CLID_anonymous'",28,4,4,2012,-99,
602,"confidential: replaced by 'CLID_anonymous'",28,5,-99,,-99,
602,"confidential: replaced by 'CLID_anonymous'",28,6,2,2012,-99,
602,"confidential: replaced by 'CLID_anonymous'",11,1,-99,,-99,
602,"confidential: replaced by 'CLID_anonymous'",11,2,7,2012,-99,
602,"confidential: replaced by 'CLID_anonymous'",11,3,7,2012,-99,
602,"confidential: replaced by 'CLID_anonymous'",11,4,4,2012,-99,
602,"confidential: replaced by 'CLID_anonymous'",11,5,-99,,-99,
602,"confidential: replaced by 'CLID_anonymous'",11,6,-99,,-99,
602,"confidential: replaced by 'CLID_anonymous'",81,1,7,2012,-99,
602,"confidential: replaced by 'CLID_anonymous'",81,2,7,2012,-99,
602,"confidential: replaced by 'CLID_anonymous'",81,3,6,2012,-99,
602,"confidential: replaced by 'CLID_anonymous'",81,4,-99,,-99,
602,"confidential: replaced by 'CLID_anonymous'",81,5,8,2012,-99,
602,"confidential: replaced by 'CLID_anonymous'",81,6,-99,,-99,
602,"confidential: replaced by 'CLID_anonymous'",29,1,-99,,-99,
602,"confidential: replaced by 'CLID_anonymous'",29,2,-99,,-99,
602,"confidential: replaced by 'CLID_anonymous'",29,3,-99,,-99,
602,"confidential: replaced by 'CLID_anonymous'",29,4,-99,,-99,
602,"confidential: replaced by 'CLID_anonymous'",29,5,-99,,-99,
602,"confidential: replaced by 'CLID_anonymous'",29,6,-99,,-99,
602,"confidential: replaced by 'CLID_anonymous'",45,1,7,2012,-99,
602,"confidential: replaced by 'CLID_anonymous'",45,2,7,2012,-99,
602,"confidential: replaced by 'CLID_anonymous'",45,3,7,2012,-99,
602,"confidential: replaced by 'CLID_anonymous'",45,4,6,2012,-99,
602,"confidential: replaced by 'CLID_anonymous'",45,5,7,2012,-99,
602,"confidential: replaced by 'CLID_anonymous'",45,6,8,2012,-99,
602,"confidential: replaced by 'CLID_anonymous'",39,1,7,2012,-99,
602,"confidential: replaced by 'CLID_anonymous'",39,2,7,2012,-99,
602,"confidential: replaced by 'CLID_anonymous'",39,3,7,2012,-99,
602,"confidential: replaced by 'CLID_anonymous'",39,4,7,2012,-99,
602,"confidential: replaced by 'CLID_anonymous'",39,5,-99,,-99,
602,"confidential: replaced by 'CLID_anonymous'",39,6,7,2012,-99,
602,"confidential: replaced by 'CLID_anonymous'",44,1,-99,,-99,
602,"confidential: replaced by 'CLID_anonymous'",44,2,-99,,-99,
602,"confidential: replaced by 'CLID_anonymous'",44,3,7,2012,-99,
602,"confidential: replaced by 'CLID_anonymous'",44,4,-99,,-99,
602,"confidential: replaced by 'CLID_anonymous'",44,5,-99,,-99,
602,"confidential: replaced by 'CLID_anonymous'",44,6,-99,,-99,
602,"confidential: replaced by 'CLID_anonymous'",18,1,8,2012,12,2011
602,"confidential: replaced by 'CLID_anonymous'",18,2,3,2012,12,2011
602,"confidential: replaced by 'CLID_anonymous'",18,3,8,2012,12,2011
602,"confidential: replaced by 'CLID_anonymous'",18,4,7,2012,12,2011
602,"confidential: replaced by 'CLID_anonymous'",18,5,7,2012,12,2011
602,"confidential: replaced by 'CLID_anonymous'",18,6,8,2012,12,2011
602,"confidential: replaced by 'CLID_anonymous'",12,1,7,2012,-99,
602,"confidential: replaced by 'CLID_anonymous'",12,2,6,2012,-99,
602,"confidential: replaced by 'CLID_anonymous'",12,3,7,2012,-99,
602,"confidential: replaced by 'CLID_anonymous'",12,4,7,2012,-99,
602,"confidential: replaced by 'CLID_anonymous'",12,5,7,2012,-99,
602,"confidential: replaced by 'CLID_anonymous'",12,6,6,2012,-99,
602,"confidential: replaced by 'CLID_anonymous'",65,1,7,2012,-99,
602,"confidential: replaced by 'CLID_anonymous'",65,2,6,2012,-99,
602,"confidential: replaced by 'CLID_anonymous'",65,3,-99,,-99,
602,"confidential: replaced by 'CLID_anonymous'",65,4,-99,,-99,
602,"confidential: replaced by 'CLID_anonymous'",65,5,7,2012,-99,
602,"confidential: replaced by 'CLID_anonymous'",65,6,-99,,-99,
602,"confidential: replaced by 'CLID_anonymous'",54,1,8,2012,-99,
602,"confidential: replaced by 'CLID_anonymous'",54,2,7,2012,-99,
602,"confidential: replaced by 'CLID_anonymous'",54,3,7,2012,-99,
602,"confidential: replaced by 'CLID_anonymous'",54,4,5,2012,-99,
602,"confidential: replaced by 'CLID_anonymous'",54,5,8,2012,-99,
602,"confidential: replaced by 'CLID_anonymous'",54,6,7,2012,-99,
602,"confidential: replaced by 'CLID_anonymous'",38,1,9,2011,-99,
602,"confidential: replaced by 'CLID_anonymous'",38,2,8,2012,-99,
602,"confidential: replaced by 'CLID_anonymous'",38,3,6,2012,-99,
602,"confidential: replaced by 'CLID_anonymous'",38,4,8,2012,-99,
602,"confidential: replaced by 'CLID_anonymous'",38,5,-99,,-99,
602,"confidential: replaced by 'CLID_anonymous'",38,6,-99,,-99,
602,"confidential: replaced by 'CLID_anonymous'",25,1,5,2012,-99,
602,"confidential: replaced by 'CLID_anonymous'",25,2,5,2012,-99,
602,"confidential: replaced by 'CLID_anonymous'",25,3,5,2012,-99,
602,"confidential: replaced by 'CLID_anonymous'",25,4,5,2012,-99,
602,"confidential: replaced by 'CLID_anonymous'",25,5,-99,,-99,
602,"confidential: replaced by 'CLID_anonymous'",25,6,5,2012,-99,
602,"confidential: replaced by 'CLID_anonymous'",23,1,7,2012,6,2010
602,"confidential: replaced by 'CLID_anonymous'",23,2,5,2012,-99,
602,"confidential: replaced by 'CLID_anonymous'",23,3,6,2012,-99,
602,"confidential: replaced by 'CLID_anonymous'",23,4,5,2012,-99,
602,"confidential: replaced by 'CLID_anonymous'",23,5,6,2012,-99,
602,"confidential: replaced by 'CLID_anonymous'",23,6,5,2012,-99,
602,"confidential: replaced by 'CLID_anonymous'",31,1,8,2012,-99,
602,"confidential: replaced by 'CLID_anonymous'",31,2,6,2012,-99,
602,"confidential: replaced by 'CLID_anonymous'",31,3,7,2012,-99,
602,"confidential: replaced by 'CLID_anonymous'",31,4,1,2012,-99,
602,"confidential: replaced by 'CLID_anonymous'",31,5,6,2012,-99,
602,"confidential: replaced by 'CLID_anonymous'",31,6,8,2012,-99,
602,"confidential: replaced by 'CLID_anonymous'",24,1,8,2012,-99,
602,"confidential: replaced by 'CLID_anonymous'",24,2,7,2012,-99,
602,"confidential: replaced by 'CLID_anonymous'",24,3,8,2012,-99,
602,"confidential: replaced by 'CLID_anonymous'",24,4,8,2012,-99,
602,"confidential: replaced by 'CLID_anonymous'",24,5,8,2012,-99,
602,"confidential: replaced by 'CLID_anonymous'",24,6,7,2012,-99,
