"ItemCode","ConsCategory","ItemLabel","KCal100g","MinPriceKg","MaxPriceKg"
102,1,"Rice (husked)",335,500,1300
103,1,"Maize (green, cob)",43,123,1387
104,1,"Maize (flour) Dona",345,150,1000
105,1,"Maize (flour) Super/sembe",363,214,1000
106,1,"Other cereal flour (Millet, sorghum, barley..)",310,51,1500
109,1,"Buns, cakes and biscuits",302,500,6429
111,1,"Other cereal products",370,,
201,2,"Cassava fresh",104,33,392
203,2,"Sweet potatoes",83,75,1143
206,2,"Cooking bananas, plantains",60,18,2388
207,2,"Other starches (like irish potatoes, yams etc)",84,,
301,3,"Sugar",375,833,1500
401,4,"Dried Beans",320,180,3077
402,4,"Fresh Beans",320,,
403,4,"Peas, lentils and other pulses",320,180,3077
501,5,"Groundnuts without shell",399,120,10000
503,5,"Coconuts (immature)",180,183,916
504,5,"Coconuts (mature)",351,183,916
601,6,"Tomatoes",20,200,3000
602,6,"Onions",34,57,1143
603,6,"Spinach",22,200,3000
604,6,"Carrots, green pepper, cabbage or other vegetables",27,200,3000
801,8,"Goat meat",126,361,4000
802,8,"Beef including minced sausage",150,1000,3600
803,8,"Pork including sausages and bacon",188,500,4000
804,8,"Chicken and other poultry",147,68,4000
807,8,"Eggs",132,833,5000
808,8,"Fresh fish and seafood Excl. dagaa)",230,85,3650
809,8,"Dried fish and seafood (Excl. dagaa)",255,333,6667
810,8,"Fresh Dagaa",,,
811,8,"Dried Dagaa",,,
901,9,"Fresh milk",79,150,2000
1001,10,"Cooking oil",900,1000,4444
1003,10,"Salt",0,250,2500
1104,11,"Bottled/canned soft drinks (soda, juice, water)",45,300,1778
1201,12,"Full meals (breakfast, lunch, dinner)",290,500,12000
1202,12,"Barbecued meat, chips, roast bananas, and other snacks",250,600,10000
1203,12,"Kibuku and other local brews",231,100,6000
1204,12,"Wine, commercial beers, and spirits",70,200,10000
1205,12,"Sodas and other non-acoholic drinks",45,300,5000
1206,12,"Sweets and ice-cream",288,3000,30000
1207,12,"Tea, cofffee, Samosa, cake,and other hoteli snacks",150,1800,15000
