"DistID","FacType","facilid","FacName","CLID","CLID_anonymous","anonymous_data_ID"
104,"Primary School","confidential: removed from data","confidential: removed from data","confidential: replaced by 'CLID_anonymous'",26,1
104,"Dispensary","confidential: removed from data","confidential: removed from data","confidential: replaced by 'CLID_anonymous'",26,2
104,"Dispensary","confidential: removed from data","confidential: removed from data","confidential: replaced by 'CLID_anonymous'",46,3
104,"Primary School","confidential: removed from data","confidential: removed from data","confidential: replaced by 'CLID_anonymous'",77,4
104,"Primary School","confidential: removed from data","confidential: removed from data","confidential: replaced by 'CLID_anonymous'",77,5
104,"Dispensary","confidential: removed from data","confidential: removed from data","confidential: replaced by 'CLID_anonymous'",77,6
104,"Dispensary","confidential: removed from data","confidential: removed from data","confidential: replaced by 'CLID_anonymous'",77,7
104,"Dispensary","confidential: removed from data","confidential: removed from data","confidential: replaced by 'CLID_anonymous'",63,8
104,"Primary School","confidential: removed from data","confidential: removed from data","confidential: replaced by 'CLID_anonymous'",63,9
104,"Dispensary","confidential: removed from data","confidential: removed from data","confidential: replaced by 'CLID_anonymous'",63,10
104,"Secondary School","confidential: removed from data","confidential: removed from data","confidential: replaced by 'CLID_anonymous'",15,11
104,"Primary School","confidential: removed from data","confidential: removed from data","confidential: replaced by 'CLID_anonymous'",15,12
104,"Secondary School","confidential: removed from data","confidential: removed from data","confidential: replaced by 'CLID_anonymous'",15,13
104,"Primary School","confidential: removed from data","confidential: removed from data","confidential: replaced by 'CLID_anonymous'",15,14
104,"Hospital","confidential: removed from data","confidential: removed from data","confidential: replaced by 'CLID_anonymous'",16,15
104,"Primary School","confidential: removed from data","confidential: removed from data","confidential: replaced by 'CLID_anonymous'",16,16
104,"Secondary School","confidential: removed from data","confidential: removed from data","confidential: replaced by 'CLID_anonymous'",16,17
104,"Primary School","confidential: removed from data","confidential: removed from data","confidential: replaced by 'CLID_anonymous'",80,18
104,"Secondary School","confidential: removed from data","confidential: removed from data","confidential: replaced by 'CLID_anonymous'",80,19
104,"Secondary School","confidential: removed from data","confidential: removed from data","confidential: replaced by 'CLID_anonymous'",80,20
104,"Secondary School","confidential: removed from data","confidential: removed from data","confidential: replaced by 'CLID_anonymous'",80,21
104,"Primary School","confidential: removed from data","confidential: removed from data","confidential: replaced by 'CLID_anonymous'",80,22
104,"Dispensary","confidential: removed from data","confidential: removed from data","confidential: replaced by 'CLID_anonymous'",80,23
104,"Hospital","confidential: removed from data","confidential: removed from data","confidential: replaced by 'CLID_anonymous'",80,24
104,"Secondary School","confidential: removed from data","confidential: removed from data","confidential: replaced by 'CLID_anonymous'",80,25
104,"Dispensary","confidential: removed from data","confidential: removed from data","confidential: replaced by 'CLID_anonymous'",80,26
104,"Primary School","confidential: removed from data","confidential: removed from data","confidential: replaced by 'CLID_anonymous'",80,27
104,"Dispensary","confidential: removed from data","confidential: removed from data","confidential: replaced by 'CLID_anonymous'",22,28
104,"Primary School","confidential: removed from data","confidential: removed from data","confidential: replaced by 'CLID_anonymous'",22,29
104,"Hospital","confidential: removed from data","confidential: removed from data","confidential: replaced by 'CLID_anonymous'",22,30
104,"Primary School","confidential: removed from data","confidential: removed from data","confidential: replaced by 'CLID_anonymous'",67,31
104,"Primary School","confidential: removed from data","confidential: removed from data","confidential: replaced by 'CLID_anonymous'",40,32
104,"Dispensary","confidential: removed from data","confidential: removed from data","confidential: replaced by 'CLID_anonymous'",19,33
104,"**Not included**","confidential: removed from data","confidential: removed from data","confidential: replaced by 'CLID_anonymous'",19,34
104,"Primary School","confidential: removed from data","confidential: removed from data","confidential: replaced by 'CLID_anonymous'",19,35
104,"Dispensary","confidential: removed from data","confidential: removed from data","confidential: replaced by 'CLID_anonymous'",19,36
104,"Dispensary","confidential: removed from data","confidential: removed from data","confidential: replaced by 'CLID_anonymous'",50,37
104,"Primary School","confidential: removed from data","confidential: removed from data","confidential: replaced by 'CLID_anonymous'",50,38
104,"Other (Clinic)","confidential: removed from data","confidential: removed from data","confidential: replaced by 'CLID_anonymous'",6,39
104,"Dispensary","confidential: removed from data","confidential: removed from data","confidential: replaced by 'CLID_anonymous'",6,40
104,"Education Facility","confidential: removed from data","confidential: removed from data","confidential: replaced by 'CLID_anonymous'",6,41
104,"Primary School","confidential: removed from data","confidential: removed from data","confidential: replaced by 'CLID_anonymous'",6,42
104,"Dispensary","confidential: removed from data","confidential: removed from data","confidential: replaced by 'CLID_anonymous'",48,43
104,"Primary School","confidential: removed from data","confidential: removed from data","confidential: replaced by 'CLID_anonymous'",48,44
104,"Dispensary","confidential: removed from data","confidential: removed from data","confidential: replaced by 'CLID_anonymous'",56,45
104,"Dispensary","confidential: removed from data","confidential: removed from data","confidential: replaced by 'CLID_anonymous'",56,46
104,"Primary School","confidential: removed from data","confidential: removed from data","confidential: replaced by 'CLID_anonymous'",56,47
104,"Hospital","confidential: removed from data","confidential: removed from data","confidential: replaced by 'CLID_anonymous'",82,48
104,"Primary School","confidential: removed from data","confidential: removed from data","confidential: replaced by 'CLID_anonymous'",82,49
104,"Secondary School","confidential: removed from data","confidential: removed from data","confidential: replaced by 'CLID_anonymous'",82,50
104,"Dispensary","confidential: removed from data","confidential: removed from data","confidential: replaced by 'CLID_anonymous'",82,51
104,"Dispensary","confidential: removed from data","confidential: removed from data","confidential: replaced by 'CLID_anonymous'",70,52
104,"Primary School","confidential: removed from data","confidential: removed from data","confidential: replaced by 'CLID_anonymous'",70,53
104,"Dispensary","confidential: removed from data","confidential: removed from data","confidential: replaced by 'CLID_anonymous'",70,54
104,"Primary School","confidential: removed from data","confidential: removed from data","confidential: replaced by 'CLID_anonymous'",70,55
104,"Primary School","confidential: removed from data","confidential: removed from data","confidential: replaced by 'CLID_anonymous'",70,56
104,"Dispensary","confidential: removed from data","confidential: removed from data","confidential: replaced by 'CLID_anonymous'",70,57
104,"Primary School","confidential: removed from data","confidential: removed from data","confidential: replaced by 'CLID_anonymous'",52,58
104,"Dispensary","confidential: removed from data","confidential: removed from data","confidential: replaced by 'CLID_anonymous'",52,59
104,"Dispensary","confidential: removed from data","confidential: removed from data","confidential: replaced by 'CLID_anonymous'",52,60
104,"Dispensary","confidential: removed from data","confidential: removed from data","confidential: replaced by 'CLID_anonymous'",52,61
104,"Primary School","confidential: removed from data","confidential: removed from data","confidential: replaced by 'CLID_anonymous'",27,62
104,"Dispensary","confidential: removed from data","confidential: removed from data","confidential: replaced by 'CLID_anonymous'",27,63
104,"Secondary School","confidential: removed from data","confidential: removed from data","confidential: replaced by 'CLID_anonymous'",68,64
104,"Dispensary","confidential: removed from data","confidential: removed from data","confidential: replaced by 'CLID_anonymous'",68,65
104,"Primary School","confidential: removed from data","confidential: removed from data","confidential: replaced by 'CLID_anonymous'",68,66
104,"Dispensary","confidential: removed from data","confidential: removed from data","confidential: replaced by 'CLID_anonymous'",68,67
104,"Dispensary","confidential: removed from data","confidential: removed from data","confidential: replaced by 'CLID_anonymous'",68,68
104,"Dispensary","confidential: removed from data","confidential: removed from data","confidential: replaced by 'CLID_anonymous'",68,69
104,"Primary School","confidential: removed from data","confidential: removed from data","confidential: replaced by 'CLID_anonymous'",8,70
104,"Dispensary","confidential: removed from data","confidential: removed from data","confidential: replaced by 'CLID_anonymous'",66,71
104,"Secondary School","confidential: removed from data","confidential: removed from data","confidential: replaced by 'CLID_anonymous'",66,72
104,"Secondary School","confidential: removed from data","confidential: removed from data","confidential: replaced by 'CLID_anonymous'",66,73
104,"Primary School","confidential: removed from data","confidential: removed from data","confidential: replaced by 'CLID_anonymous'",66,74
104,"Primary School","confidential: removed from data","confidential: removed from data","confidential: replaced by 'CLID_anonymous'",66,75
601,"Secondary School","confidential: removed from data","confidential: removed from data","confidential: replaced by 'CLID_anonymous'",5,76
601,"Primary School","confidential: removed from data","confidential: removed from data","confidential: replaced by 'CLID_anonymous'",5,77
601,"Secondary School","confidential: removed from data","confidential: removed from data","confidential: replaced by 'CLID_anonymous'",5,78
601,"Secondary School","confidential: removed from data","confidential: removed from data","confidential: replaced by 'CLID_anonymous'",5,79
601,"Dispensary","confidential: removed from data","confidential: removed from data","confidential: replaced by 'CLID_anonymous'",5,80
601,"Dispensary","confidential: removed from data","confidential: removed from data","confidential: replaced by 'CLID_anonymous'",5,81
601,"Hospital","confidential: removed from data","confidential: removed from data","confidential: replaced by 'CLID_anonymous'",5,82
601,"Secondary School","confidential: removed from data","confidential: removed from data","confidential: replaced by 'CLID_anonymous'",5,83
601,"Secondary School","confidential: removed from data","confidential: removed from data","confidential: replaced by 'CLID_anonymous'",5,84
601,"Dispensary","confidential: removed from data","confidential: removed from data","confidential: replaced by 'CLID_anonymous'",49,85
601,"Primary School","confidential: removed from data","confidential: removed from data","confidential: replaced by 'CLID_anonymous'",49,86
601,"Secondary School","confidential: removed from data","confidential: removed from data","confidential: replaced by 'CLID_anonymous'",49,87
601,"Primary School","confidential: removed from data","confidential: removed from data","confidential: replaced by 'CLID_anonymous'",49,88
601,"Education Facility","confidential: removed from data","confidential: removed from data","confidential: replaced by 'CLID_anonymous'",49,89
601,"Secondary School","confidential: removed from data","confidential: removed from data","confidential: replaced by 'CLID_anonymous'",49,90
601,"Primary School","confidential: removed from data","confidential: removed from data","confidential: replaced by 'CLID_anonymous'",49,91
601,"Secondary School","confidential: removed from data","confidential: removed from data","confidential: replaced by 'CLID_anonymous'",49,92
601,"Secondary School","confidential: removed from data","confidential: removed from data","confidential: replaced by 'CLID_anonymous'",74,93
601,"Primary School","confidential: removed from data","confidential: removed from data","confidential: replaced by 'CLID_anonymous'",74,94
601,"Secondary School","confidential: removed from data","confidential: removed from data","confidential: replaced by 'CLID_anonymous'",74,95
601,"Primary School","confidential: removed from data","confidential: removed from data","confidential: replaced by 'CLID_anonymous'",74,96
601,"Kindergarten","confidential: removed from data","confidential: removed from data","confidential: replaced by 'CLID_anonymous'",74,97
601,"Primary School","confidential: removed from data","confidential: removed from data","confidential: replaced by 'CLID_anonymous'",74,98
601,"Primary School","confidential: removed from data","confidential: removed from data","confidential: replaced by 'CLID_anonymous'",74,99
601,"Primary School","confidential: removed from data","confidential: removed from data","confidential: replaced by 'CLID_anonymous'",62,100
601,"Dispensary","confidential: removed from data","confidential: removed from data","confidential: replaced by 'CLID_anonymous'",62,101
601,"Primary School","confidential: removed from data","confidential: removed from data","confidential: replaced by 'CLID_anonymous'",62,102
601,"Primary School","confidential: removed from data","confidential: removed from data","confidential: replaced by 'CLID_anonymous'",62,103
601,"Primary School","confidential: removed from data","confidential: removed from data","confidential: replaced by 'CLID_anonymous'",62,104
601,"Primary School","confidential: removed from data","confidential: removed from data","confidential: replaced by 'CLID_anonymous'",62,105
601,"Dispensary","confidential: removed from data","confidential: removed from data","confidential: replaced by 'CLID_anonymous'",62,106
601,"Primary School","confidential: removed from data","confidential: removed from data","confidential: replaced by 'CLID_anonymous'",62,107
601,"Dispensary","confidential: removed from data","confidential: removed from data","confidential: replaced by 'CLID_anonymous'",62,108
601,"Primary School","confidential: removed from data","confidential: removed from data","confidential: replaced by 'CLID_anonymous'",62,109
601,"Secondary School","confidential: removed from data","confidential: removed from data","confidential: replaced by 'CLID_anonymous'",62,110
601,"Secondary School","confidential: removed from data","confidential: removed from data","confidential: replaced by 'CLID_anonymous'",62,111
601,"Dispensary","confidential: removed from data","confidential: removed from data","confidential: replaced by 'CLID_anonymous'",62,112
601,"Kindergarten","confidential: removed from data","confidential: removed from data","confidential: replaced by 'CLID_anonymous'",62,113
601,"Dispensary","confidential: removed from data","confidential: removed from data","confidential: replaced by 'CLID_anonymous'",62,114
601,"Secondary School","confidential: removed from data","confidential: removed from data","confidential: replaced by 'CLID_anonymous'",62,115
601,"Dispensary","confidential: removed from data","confidential: removed from data","confidential: replaced by 'CLID_anonymous'",62,116
601,"Hospital","confidential: removed from data","confidential: removed from data","confidential: replaced by 'CLID_anonymous'",62,117
601,"Dispensary","confidential: removed from data","confidential: removed from data","confidential: replaced by 'CLID_anonymous'",62,118
601,"Secondary School","confidential: removed from data","confidential: removed from data","confidential: replaced by 'CLID_anonymous'",21,119
601,"Dispensary","confidential: removed from data","confidential: removed from data","confidential: replaced by 'CLID_anonymous'",1,120
601,"Primary School","confidential: removed from data","confidential: removed from data","confidential: replaced by 'CLID_anonymous'",1,121
601,"Secondary School","confidential: removed from data","confidential: removed from data","confidential: replaced by 'CLID_anonymous'",1,122
601,"Primary School","confidential: removed from data","confidential: removed from data","confidential: replaced by 'CLID_anonymous'",1,123
601,"Primary School","confidential: removed from data","confidential: removed from data","confidential: replaced by 'CLID_anonymous'",1,124
601,"Dispensary","confidential: removed from data","confidential: removed from data","confidential: replaced by 'CLID_anonymous'",79,125
601,"Primary School","confidential: removed from data","confidential: removed from data","confidential: replaced by 'CLID_anonymous'",79,126
601,"Primary School","confidential: removed from data","confidential: removed from data","confidential: replaced by 'CLID_anonymous'",41,127
601,"Dispensary","confidential: removed from data","confidential: removed from data","confidential: replaced by 'CLID_anonymous'",41,128
601,"Secondary School","confidential: removed from data","confidential: removed from data","confidential: replaced by 'CLID_anonymous'",41,129
601,"Primary School","confidential: removed from data","confidential: removed from data","confidential: replaced by 'CLID_anonymous'",41,130
601,"Primary School","confidential: removed from data","confidential: removed from data","confidential: replaced by 'CLID_anonymous'",41,131
601,"Secondary School","confidential: removed from data","confidential: removed from data","confidential: replaced by 'CLID_anonymous'",41,132
601,"Primary School","confidential: removed from data","confidential: removed from data","confidential: replaced by 'CLID_anonymous'",41,133
601,"Primary School","confidential: removed from data","confidential: removed from data","confidential: replaced by 'CLID_anonymous'",41,134
601,"Hospital","confidential: removed from data","confidential: removed from data","confidential: replaced by 'CLID_anonymous'",41,135
601,"Primary School","confidential: removed from data","confidential: removed from data","confidential: replaced by 'CLID_anonymous'",41,136
601,"Dispensary","confidential: removed from data","confidential: removed from data","confidential: replaced by 'CLID_anonymous'",41,137
601,"Secondary School","confidential: removed from data","confidential: removed from data","confidential: replaced by 'CLID_anonymous'",41,138
601,"Secondary School","confidential: removed from data","confidential: removed from data","confidential: replaced by 'CLID_anonymous'",41,139
601,"Secondary School","confidential: removed from data","confidential: removed from data","confidential: replaced by 'CLID_anonymous'",41,140
601,"Dispensary","confidential: removed from data","confidential: removed from data","confidential: replaced by 'CLID_anonymous'",41,141
601,"Secondary School","confidential: removed from data","confidential: removed from data","confidential: replaced by 'CLID_anonymous'",71,142
601,"Secondary School","confidential: removed from data","confidential: removed from data","confidential: replaced by 'CLID_anonymous'",71,143
601,"Secondary School","confidential: removed from data","confidential: removed from data","confidential: replaced by 'CLID_anonymous'",71,144
601,"Healthy facility","confidential: removed from data","confidential: removed from data","confidential: replaced by 'CLID_anonymous'",71,145
601,"Dispensary","confidential: removed from data","confidential: removed from data","confidential: replaced by 'CLID_anonymous'",71,146
601,"Hospital","confidential: removed from data","confidential: removed from data","confidential: replaced by 'CLID_anonymous'",71,147
601,"Secondary School","confidential: removed from data","confidential: removed from data","confidential: replaced by 'CLID_anonymous'",71,148
601,"Dispensary","confidential: removed from data","confidential: removed from data","confidential: replaced by 'CLID_anonymous'",71,149
601,"Secondary School","confidential: removed from data","confidential: removed from data","confidential: replaced by 'CLID_anonymous'",71,150
601,"Secondary School","confidential: removed from data","confidential: removed from data","confidential: replaced by 'CLID_anonymous'",71,151
601,"Primary School","confidential: removed from data","confidential: removed from data","confidential: replaced by 'CLID_anonymous'",71,152
601,"Primary School","confidential: removed from data","confidential: removed from data","confidential: replaced by 'CLID_anonymous'",53,153
601,"Primary School","confidential: removed from data","confidential: removed from data","confidential: replaced by 'CLID_anonymous'",53,154
601,"Dispensary","confidential: removed from data","confidential: removed from data","confidential: replaced by 'CLID_anonymous'",53,155
601,"Dispensary","confidential: removed from data","confidential: removed from data","confidential: replaced by 'CLID_anonymous'",53,156
601,"Primary School","confidential: removed from data","confidential: removed from data","confidential: replaced by 'CLID_anonymous'",53,157
601,"Primary School","confidential: removed from data","confidential: removed from data","confidential: replaced by 'CLID_anonymous'",75,158
601,"Secondary School","confidential: removed from data","confidential: removed from data","confidential: replaced by 'CLID_anonymous'",75,159
601,"Health Centre","confidential: removed from data","confidential: removed from data","confidential: replaced by 'CLID_anonymous'",75,160
601,"Dispensary","confidential: removed from data","confidential: removed from data","confidential: replaced by 'CLID_anonymous'",37,161
601,"Dispensary","confidential: removed from data","confidential: removed from data","confidential: replaced by 'CLID_anonymous'",37,162
601,"Dispensary","confidential: removed from data","confidential: removed from data","confidential: replaced by 'CLID_anonymous'",37,163
601,"Primary School","confidential: removed from data","confidential: removed from data","confidential: replaced by 'CLID_anonymous'",37,164
601,"Secondary School","confidential: removed from data","confidential: removed from data","confidential: replaced by 'CLID_anonymous'",37,165
601,"Dispensary","confidential: removed from data","confidential: removed from data","confidential: replaced by 'CLID_anonymous'",37,166
601,"Primary School","confidential: removed from data","confidential: removed from data","confidential: replaced by 'CLID_anonymous'",37,167
601,"Dispensary","confidential: removed from data","confidential: removed from data","confidential: replaced by 'CLID_anonymous'",61,168
601,"Primary School","confidential: removed from data","confidential: removed from data","confidential: replaced by 'CLID_anonymous'",61,169
601,"Hospital","confidential: removed from data","confidential: removed from data","confidential: replaced by 'CLID_anonymous'",60,170
601,"Primary School","confidential: removed from data","confidential: removed from data","confidential: replaced by 'CLID_anonymous'",60,171
601,"Primary School","confidential: removed from data","confidential: removed from data","confidential: replaced by 'CLID_anonymous'",60,172
601,"Primary School","confidential: removed from data","confidential: removed from data","confidential: replaced by 'CLID_anonymous'",4,173
601,"Primary School","confidential: removed from data","confidential: removed from data","confidential: replaced by 'CLID_anonymous'",4,174
601,"Dispensary","confidential: removed from data","confidential: removed from data","confidential: replaced by 'CLID_anonymous'",4,175
601,"Hospital","confidential: removed from data","confidential: removed from data","confidential: replaced by 'CLID_anonymous'",7,176
601,"Primary School","confidential: removed from data","confidential: removed from data","confidential: replaced by 'CLID_anonymous'",7,177
601,"Primary School","confidential: removed from data","confidential: removed from data","confidential: replaced by 'CLID_anonymous'",7,178
601,"Dispensary","confidential: removed from data","confidential: removed from data","confidential: replaced by 'CLID_anonymous'",7,179
601,"Secondary School","confidential: removed from data","confidential: removed from data","confidential: replaced by 'CLID_anonymous'",7,180
601,"Primary School","confidential: removed from data","confidential: removed from data","confidential: replaced by 'CLID_anonymous'",32,181
601,"Dispensary","confidential: removed from data","confidential: removed from data","confidential: replaced by 'CLID_anonymous'",32,182
601,"Primary School","confidential: removed from data","confidential: removed from data","confidential: replaced by 'CLID_anonymous'",32,183
601,"Dispensary","confidential: removed from data","confidential: removed from data","confidential: replaced by 'CLID_anonymous'",32,184
601,"Primary School","confidential: removed from data","confidential: removed from data","confidential: replaced by 'CLID_anonymous'",17,185
601,"Healthy facility","confidential: removed from data","confidential: removed from data","confidential: replaced by 'CLID_anonymous'",17,186
601,"Primary School","confidential: removed from data","confidential: removed from data","confidential: replaced by 'CLID_anonymous'",17,187
601,"Hospital","confidential: removed from data","confidential: removed from data","confidential: replaced by 'CLID_anonymous'",17,188
601,"Primary School","confidential: removed from data","confidential: removed from data","confidential: replaced by 'CLID_anonymous'",17,189
601,"Primary School","confidential: removed from data","confidential: removed from data","confidential: replaced by 'CLID_anonymous'",17,190
601,"Hospital","confidential: removed from data","confidential: removed from data","confidential: replaced by 'CLID_anonymous'",17,191
601,"Dispensary","confidential: removed from data","confidential: removed from data","confidential: replaced by 'CLID_anonymous'",17,192
601,"Secondary School","confidential: removed from data","confidential: removed from data","confidential: replaced by 'CLID_anonymous'",17,193
601,"Primary School","confidential: removed from data","confidential: removed from data","confidential: replaced by 'CLID_anonymous'",17,194
601,"Primary School","confidential: removed from data","confidential: removed from data","confidential: replaced by 'CLID_anonymous'",3,195
601,"Secondary School","confidential: removed from data","confidential: removed from data","confidential: replaced by 'CLID_anonymous'",3,196
601,"Primary School","confidential: removed from data","confidential: removed from data","confidential: replaced by 'CLID_anonymous'",3,197
601,"Dispensary","confidential: removed from data","confidential: removed from data","confidential: replaced by 'CLID_anonymous'",3,198
601,"Dispensary","confidential: removed from data","confidential: removed from data","confidential: replaced by 'CLID_anonymous'",43,199
601,"Health Centre","confidential: removed from data","confidential: removed from data","confidential: replaced by 'CLID_anonymous'",43,200
601,"Secondary School","confidential: removed from data","confidential: removed from data","confidential: replaced by 'CLID_anonymous'",43,201
601,"Primary School","confidential: removed from data","confidential: removed from data","confidential: replaced by 'CLID_anonymous'",43,202
601,"Hospital","confidential: removed from data","confidential: removed from data","confidential: replaced by 'CLID_anonymous'",14,203
601,"Dispensary","confidential: removed from data","confidential: removed from data","confidential: replaced by 'CLID_anonymous'",14,204
601,"Primary School","confidential: removed from data","confidential: removed from data","confidential: replaced by 'CLID_anonymous'",14,205
601,"Secondary School","confidential: removed from data","confidential: removed from data","confidential: replaced by 'CLID_anonymous'",14,206
601,"Primary School","confidential: removed from data","confidential: removed from data","confidential: replaced by 'CLID_anonymous'",14,207
601,"Hospital","confidential: removed from data","confidential: removed from data","confidential: replaced by 'CLID_anonymous'",20,208
601,"Dispensary","confidential: removed from data","confidential: removed from data","confidential: replaced by 'CLID_anonymous'",20,209
601,"Primary School","confidential: removed from data","confidential: removed from data","confidential: replaced by 'CLID_anonymous'",20,210
601,"Primary School","confidential: removed from data","confidential: removed from data","confidential: replaced by 'CLID_anonymous'",20,211
601,"Primary School","confidential: removed from data","confidential: removed from data","confidential: replaced by 'CLID_anonymous'",20,212
601,"Hospital","confidential: removed from data","confidential: removed from data","confidential: replaced by 'CLID_anonymous'",20,213
601,"Hospital","confidential: removed from data","confidential: removed from data","confidential: replaced by 'CLID_anonymous'",20,214
601,"Hospital","confidential: removed from data","confidential: removed from data","confidential: replaced by 'CLID_anonymous'",20,215
601,"Secondary School","confidential: removed from data","confidential: removed from data","confidential: replaced by 'CLID_anonymous'",13,216
601,"Secondary School","confidential: removed from data","confidential: removed from data","confidential: replaced by 'CLID_anonymous'",13,217
601,"Primary School","confidential: removed from data","confidential: removed from data","confidential: replaced by 'CLID_anonymous'",13,218
601,"Dispensary","confidential: removed from data","confidential: removed from data","confidential: replaced by 'CLID_anonymous'",13,219
601,"Primary School","confidential: removed from data","confidential: removed from data","confidential: replaced by 'CLID_anonymous'",13,220
601,"Primary School","confidential: removed from data","confidential: removed from data","confidential: replaced by 'CLID_anonymous'",13,221
601,"Dispensary","confidential: removed from data","confidential: removed from data","confidential: replaced by 'CLID_anonymous'",13,222
601,"Dispensary","confidential: removed from data","confidential: removed from data","confidential: replaced by 'CLID_anonymous'",13,223
601,"Secondary School","confidential: removed from data","confidential: removed from data","confidential: replaced by 'CLID_anonymous'",55,224
601,"Primary School","confidential: removed from data","confidential: removed from data","confidential: replaced by 'CLID_anonymous'",55,225
601,"Dispensary","confidential: removed from data","confidential: removed from data","confidential: replaced by 'CLID_anonymous'",55,226
601,"Hospital","confidential: removed from data","confidential: removed from data","confidential: replaced by 'CLID_anonymous'",55,227
601,"Secondary School","confidential: removed from data","confidential: removed from data","confidential: replaced by 'CLID_anonymous'",55,228
601,"Secondary School","confidential: removed from data","confidential: removed from data","confidential: replaced by 'CLID_anonymous'",55,229
601,"Primary School","confidential: removed from data","confidential: removed from data","confidential: replaced by 'CLID_anonymous'",55,230
601,"Primary School","confidential: removed from data","confidential: removed from data","confidential: replaced by 'CLID_anonymous'",55,231
601,"Primary School","confidential: removed from data","confidential: removed from data","confidential: replaced by 'CLID_anonymous'",9,232
601,"Secondary School","confidential: removed from data","confidential: removed from data","confidential: replaced by 'CLID_anonymous'",9,233
601,"Education Facility","confidential: removed from data","confidential: removed from data","confidential: replaced by 'CLID_anonymous'",9,234
601,"Dispensary","confidential: removed from data","confidential: removed from data","confidential: replaced by 'CLID_anonymous'",9,235
601,"Secondary School","confidential: removed from data","confidential: removed from data","confidential: replaced by 'CLID_anonymous'",9,236
601,"Primary School","confidential: removed from data","confidential: removed from data","confidential: replaced by 'CLID_anonymous'",9,237
601,"Secondary School","confidential: removed from data","confidential: removed from data","confidential: replaced by 'CLID_anonymous'",9,238
601,"Hospital","confidential: removed from data","confidential: removed from data","confidential: replaced by 'CLID_anonymous'",36,239
601,"Secondary School","confidential: removed from data","confidential: removed from data","confidential: replaced by 'CLID_anonymous'",36,240
601,"Primary School","confidential: removed from data","confidential: removed from data","confidential: replaced by 'CLID_anonymous'",36,241
601,"Dispensary","confidential: removed from data","confidential: removed from data","confidential: replaced by 'CLID_anonymous'",36,242
601,"Kindergarten","confidential: removed from data","confidential: removed from data","confidential: replaced by 'CLID_anonymous'",36,243
601,"Secondary School","confidential: removed from data","confidential: removed from data","confidential: replaced by 'CLID_anonymous'",73,244
601,"Primary School","confidential: removed from data","confidential: removed from data","confidential: replaced by 'CLID_anonymous'",73,245
601,"Secondary School","confidential: removed from data","confidential: removed from data","confidential: replaced by 'CLID_anonymous'",73,246
601,"Primary School","confidential: removed from data","confidential: removed from data","confidential: replaced by 'CLID_anonymous'",73,247
601,"Kindergarten","confidential: removed from data","confidential: removed from data","confidential: replaced by 'CLID_anonymous'",73,248
601,"Dispensary","confidential: removed from data","confidential: removed from data","confidential: replaced by 'CLID_anonymous'",73,249
601,"Dispensary","confidential: removed from data","confidential: removed from data","confidential: replaced by 'CLID_anonymous'",34,250
601,"Primary School","confidential: removed from data","confidential: removed from data","confidential: replaced by 'CLID_anonymous'",34,251
601,"Hospital","confidential: removed from data","confidential: removed from data","confidential: replaced by 'CLID_anonymous'",34,252
601,"Secondary School","confidential: removed from data","confidential: removed from data","confidential: replaced by 'CLID_anonymous'",34,253
601,"Primary School","confidential: removed from data","confidential: removed from data","confidential: replaced by 'CLID_anonymous'",34,254
601,"Health Centre","confidential: removed from data","confidential: removed from data","confidential: replaced by 'CLID_anonymous'",64,255
601,"Primary School","confidential: removed from data","confidential: removed from data","confidential: replaced by 'CLID_anonymous'",64,256
601,"Secondary School","confidential: removed from data","confidential: removed from data","confidential: replaced by 'CLID_anonymous'",64,257
601,"Secondary School","confidential: removed from data","confidential: removed from data","confidential: replaced by 'CLID_anonymous'",64,258
601,"Secondary School","confidential: removed from data","confidential: removed from data","confidential: replaced by 'CLID_anonymous'",64,259
601,"Secondary School","confidential: removed from data","confidential: removed from data","confidential: replaced by 'CLID_anonymous'",64,260
601,"Secondary School","confidential: removed from data","confidential: removed from data","confidential: replaced by 'CLID_anonymous'",64,261
601,"Hospital","confidential: removed from data","confidential: removed from data","confidential: replaced by 'CLID_anonymous'",64,262
601,"Primary School","confidential: removed from data","confidential: removed from data","confidential: replaced by 'CLID_anonymous'",64,263
601,"Primary School","confidential: removed from data","confidential: removed from data","confidential: replaced by 'CLID_anonymous'",64,264
601,"Secondary School","confidential: removed from data","confidential: removed from data","confidential: replaced by 'CLID_anonymous'",64,265
601,"Primary School","confidential: removed from data","confidential: removed from data","confidential: replaced by 'CLID_anonymous'",64,266
601,"Education Facility","confidential: removed from data","confidential: removed from data","confidential: replaced by 'CLID_anonymous'",64,267
601,"Kindergarten","confidential: removed from data","confidential: removed from data","confidential: replaced by 'CLID_anonymous'",64,268
601,"Primary School","confidential: removed from data","confidential: removed from data","confidential: replaced by 'CLID_anonymous'",64,269
601,"Primary School","confidential: removed from data","confidential: removed from data","confidential: replaced by 'CLID_anonymous'",64,270
601,"Primary School","confidential: removed from data","confidential: removed from data","confidential: replaced by 'CLID_anonymous'",78,271
601,"Dispensary","confidential: removed from data","confidential: removed from data","confidential: replaced by 'CLID_anonymous'",78,272
601,"Dispensary","confidential: removed from data","confidential: removed from data","confidential: replaced by 'CLID_anonymous'",78,273
601,"Education Facility","confidential: removed from data","confidential: removed from data","confidential: replaced by 'CLID_anonymous'",78,274
601,"Dispensary","confidential: removed from data","confidential: removed from data","confidential: replaced by 'CLID_anonymous'",2,275
601,"Primary School","confidential: removed from data","confidential: removed from data","confidential: replaced by 'CLID_anonymous'",2,276
601,"Primary School","confidential: removed from data","confidential: removed from data","confidential: replaced by 'CLID_anonymous'",2,277
601,"Secondary School","confidential: removed from data","confidential: removed from data","confidential: replaced by 'CLID_anonymous'",2,278
601,"Primary School","confidential: removed from data","confidential: removed from data","confidential: replaced by 'CLID_anonymous'",2,279
601,"Secondary School","confidential: removed from data","confidential: removed from data","confidential: replaced by 'CLID_anonymous'",51,280
601,"Dispensary","confidential: removed from data","confidential: removed from data","confidential: replaced by 'CLID_anonymous'",51,281
601,"Primary School","confidential: removed from data","confidential: removed from data","confidential: replaced by 'CLID_anonymous'",51,282
601,"Secondary School","confidential: removed from data","confidential: removed from data","confidential: replaced by 'CLID_anonymous'",51,283
601,"Primary School","confidential: removed from data","confidential: removed from data","confidential: replaced by 'CLID_anonymous'",51,284
601,"Dispensary","confidential: removed from data","confidential: removed from data","confidential: replaced by 'CLID_anonymous'",51,285
601,"Health Centre","confidential: removed from data","confidential: removed from data","confidential: replaced by 'CLID_anonymous'",51,286
601,"Hospital","confidential: removed from data","confidential: removed from data","confidential: replaced by 'CLID_anonymous'",51,287
601,"Primary School","confidential: removed from data","confidential: removed from data","confidential: replaced by 'CLID_anonymous'",57,288
601,"Hospital","confidential: removed from data","confidential: removed from data","confidential: replaced by 'CLID_anonymous'",57,289
601,"Secondary School","confidential: removed from data","confidential: removed from data","confidential: replaced by 'CLID_anonymous'",57,290
601,"Dispensary","confidential: removed from data","confidential: removed from data","confidential: replaced by 'CLID_anonymous'",57,291
601,"Dispensary","confidential: removed from data","confidential: removed from data","confidential: replaced by 'CLID_anonymous'",57,292
601,"Primary School","confidential: removed from data","confidential: removed from data","confidential: replaced by 'CLID_anonymous'",57,293
601,"Dispensary","confidential: removed from data","confidential: removed from data","confidential: replaced by 'CLID_anonymous'",57,294
601,"Hospital","confidential: removed from data","confidential: removed from data","confidential: replaced by 'CLID_anonymous'",57,295
601,"Primary School","confidential: removed from data","confidential: removed from data","confidential: replaced by 'CLID_anonymous'",76,296
601,"Dispensary","confidential: removed from data","confidential: removed from data","confidential: replaced by 'CLID_anonymous'",76,297
601,"Primary School","confidential: removed from data","confidential: removed from data","confidential: replaced by 'CLID_anonymous'",76,298
601,"Primary School","confidential: removed from data","confidential: removed from data","confidential: replaced by 'CLID_anonymous'",76,299
601,"Primary School","confidential: removed from data","confidential: removed from data","confidential: replaced by 'CLID_anonymous'",76,300
601,"Primary School","confidential: removed from data","confidential: removed from data","confidential: replaced by 'CLID_anonymous'",76,301
601,"Dispensary","confidential: removed from data","confidential: removed from data","confidential: replaced by 'CLID_anonymous'",76,302
601,"Hospital","confidential: removed from data","confidential: removed from data","confidential: replaced by 'CLID_anonymous'",76,303
601,"Secondary School","confidential: removed from data","confidential: removed from data","confidential: replaced by 'CLID_anonymous'",76,304
601,"Dispensary","confidential: removed from data","confidential: removed from data","confidential: replaced by 'CLID_anonymous'",76,305
601,"Primary School","confidential: removed from data","confidential: removed from data","confidential: replaced by 'CLID_anonymous'",59,306
601,"Health Centre","confidential: removed from data","confidential: removed from data","confidential: replaced by 'CLID_anonymous'",59,307
601,"Dispensary","confidential: removed from data","confidential: removed from data","confidential: replaced by 'CLID_anonymous'",59,308
601,"Dispensary","confidential: removed from data","confidential: removed from data","confidential: replaced by 'CLID_anonymous'",59,309
601,"Dispensary","confidential: removed from data","confidential: removed from data","confidential: replaced by 'CLID_anonymous'",59,310
602,"Primary School","confidential: removed from data","confidential: removed from data","confidential: replaced by 'CLID_anonymous'",35,311
602,"Dispensary","confidential: removed from data","confidential: removed from data","confidential: replaced by 'CLID_anonymous'",35,312
602,"Primary School","confidential: removed from data","confidential: removed from data","confidential: replaced by 'CLID_anonymous'",35,313
602,"Dispensary","confidential: removed from data","confidential: removed from data","confidential: replaced by 'CLID_anonymous'",72,314
602,"Healthy facility","confidential: removed from data","confidential: removed from data","confidential: replaced by 'CLID_anonymous'",72,315
602,"Dispensary","confidential: removed from data","confidential: removed from data","confidential: replaced by 'CLID_anonymous'",72,316
602,"Hospital","confidential: removed from data","confidential: removed from data","confidential: replaced by 'CLID_anonymous'",72,317
602,"Dispensary","confidential: removed from data","confidential: removed from data","confidential: replaced by 'CLID_anonymous'",42,318
602,"Dispensary","confidential: removed from data","confidential: removed from data","confidential: replaced by 'CLID_anonymous'",42,319
602,"Primary School","confidential: removed from data","confidential: removed from data","confidential: replaced by 'CLID_anonymous'",42,320
602,"Primary School","confidential: removed from data","confidential: removed from data","confidential: replaced by 'CLID_anonymous'",42,321
602,"Hospital","confidential: removed from data","confidential: removed from data","confidential: replaced by 'CLID_anonymous'",42,322
602,"Primary School","confidential: removed from data","confidential: removed from data","confidential: replaced by 'CLID_anonymous'",42,323
602,"Secondary School","confidential: removed from data","confidential: removed from data","confidential: replaced by 'CLID_anonymous'",42,324
602,"Dispensary","confidential: removed from data","confidential: removed from data","confidential: replaced by 'CLID_anonymous'",69,325
602,"Hospital","confidential: removed from data","confidential: removed from data","confidential: replaced by 'CLID_anonymous'",69,326
602,"Primary School","confidential: removed from data","confidential: removed from data","confidential: replaced by 'CLID_anonymous'",69,327
602,"Dispensary","confidential: removed from data","confidential: removed from data","confidential: replaced by 'CLID_anonymous'",69,328
602,"Primary School","confidential: removed from data","confidential: removed from data","confidential: replaced by 'CLID_anonymous'",47,329
602,"Dispensary","confidential: removed from data","confidential: removed from data","confidential: replaced by 'CLID_anonymous'",47,330
602,"Secondary School","confidential: removed from data","confidential: removed from data","confidential: replaced by 'CLID_anonymous'",47,331
602,"Hospital","confidential: removed from data","confidential: removed from data","confidential: replaced by 'CLID_anonymous'",47,332
602,"Primary School","confidential: removed from data","confidential: removed from data","confidential: replaced by 'CLID_anonymous'",47,333
602,"Primary School","confidential: removed from data","confidential: removed from data","confidential: replaced by 'CLID_anonymous'",10,334
602,"Primary School","confidential: removed from data","confidential: removed from data","confidential: replaced by 'CLID_anonymous'",33,335
602,"Secondary School","confidential: removed from data","confidential: removed from data","confidential: replaced by 'CLID_anonymous'",33,336
602,"Secondary School","confidential: removed from data","confidential: removed from data","confidential: replaced by 'CLID_anonymous'",33,337
602,"Secondary School","confidential: removed from data","confidential: removed from data","confidential: replaced by 'CLID_anonymous'",33,338
602,"Dispensary","confidential: removed from data","confidential: removed from data","confidential: replaced by 'CLID_anonymous'",33,339
602,"Dispensary","confidential: removed from data","confidential: removed from data","confidential: replaced by 'CLID_anonymous'",33,340
602,"Primary School","confidential: removed from data","confidential: removed from data","confidential: replaced by 'CLID_anonymous'",33,341
602,"Primary School","confidential: removed from data","confidential: removed from data","confidential: replaced by 'CLID_anonymous'",33,342
602,"Hospital","confidential: removed from data","confidential: removed from data","confidential: replaced by 'CLID_anonymous'",33,343
602,"Primary School","confidential: removed from data","confidential: removed from data","confidential: replaced by 'CLID_anonymous'",33,344
602,"Primary School","confidential: removed from data","confidential: removed from data","confidential: replaced by 'CLID_anonymous'",33,345
602,"Secondary School","confidential: removed from data","confidential: removed from data","confidential: replaced by 'CLID_anonymous'",33,346
602,"Education Facility","confidential: removed from data","confidential: removed from data","confidential: replaced by 'CLID_anonymous'",33,347
602,"Primary School","confidential: removed from data","confidential: removed from data","confidential: replaced by 'CLID_anonymous'",28,348
602,"Secondary School","confidential: removed from data","confidential: removed from data","confidential: replaced by 'CLID_anonymous'",28,349
602,"Secondary School","confidential: removed from data","confidential: removed from data","confidential: replaced by 'CLID_anonymous'",28,350
602,"Primary School","confidential: removed from data","confidential: removed from data","confidential: replaced by 'CLID_anonymous'",28,351
602,"Primary School","confidential: removed from data","confidential: removed from data","confidential: replaced by 'CLID_anonymous'",28,352
602,"Secondary School","confidential: removed from data","confidential: removed from data","confidential: replaced by 'CLID_anonymous'",28,353
602,"Primary School","confidential: removed from data","confidential: removed from data","confidential: replaced by 'CLID_anonymous'",28,354
602,"Hospital","confidential: removed from data","confidential: removed from data","confidential: replaced by 'CLID_anonymous'",28,355
602,"Education Facility","confidential: removed from data","confidential: removed from data","confidential: replaced by 'CLID_anonymous'",28,356
602,"Dispensary","confidential: removed from data","confidential: removed from data","confidential: replaced by 'CLID_anonymous'",28,357
602,"Primary School","confidential: removed from data","confidential: removed from data","confidential: replaced by 'CLID_anonymous'",11,358
602,"Primary School","confidential: removed from data","confidential: removed from data","confidential: replaced by 'CLID_anonymous'",11,359
602,"Primary School","confidential: removed from data","confidential: removed from data","confidential: replaced by 'CLID_anonymous'",11,360
602,"Dispensary","confidential: removed from data","confidential: removed from data","confidential: replaced by 'CLID_anonymous'",11,361
602,"Hospital","confidential: removed from data","confidential: removed from data","confidential: replaced by 'CLID_anonymous'",11,362
602,"Secondary School","confidential: removed from data","confidential: removed from data","confidential: replaced by 'CLID_anonymous'",81,363
602,"Primary School","confidential: removed from data","confidential: removed from data","confidential: replaced by 'CLID_anonymous'",81,364
602,"Primary School","confidential: removed from data","confidential: removed from data","confidential: replaced by 'CLID_anonymous'",29,365
602,"Primary School","confidential: removed from data","confidential: removed from data","confidential: replaced by 'CLID_anonymous'",29,366
602,"Primary School","confidential: removed from data","confidential: removed from data","confidential: replaced by 'CLID_anonymous'",45,367
602,"Secondary School","confidential: removed from data","confidential: removed from data","confidential: replaced by 'CLID_anonymous'",45,368
602,"Primary School","confidential: removed from data","confidential: removed from data","confidential: replaced by 'CLID_anonymous'",39,369
602,"Dispensary","confidential: removed from data","confidential: removed from data","confidential: replaced by 'CLID_anonymous'",39,370
602,"Primary School","confidential: removed from data","confidential: removed from data","confidential: replaced by 'CLID_anonymous'",44,371
602,"Primary School","confidential: removed from data","confidential: removed from data","confidential: replaced by 'CLID_anonymous'",44,372
602,"Secondary School","confidential: removed from data","confidential: removed from data","confidential: replaced by 'CLID_anonymous'",44,373
602,"Education Facility","confidential: removed from data","confidential: removed from data","confidential: replaced by 'CLID_anonymous'",44,374
602,"Dispensary","confidential: removed from data","confidential: removed from data","confidential: replaced by 'CLID_anonymous'",18,375
602,"Dispensary","confidential: removed from data","confidential: removed from data","confidential: replaced by 'CLID_anonymous'",18,376
602,"Primary School","confidential: removed from data","confidential: removed from data","confidential: replaced by 'CLID_anonymous'",18,377
602,"Hospital","confidential: removed from data","confidential: removed from data","confidential: replaced by 'CLID_anonymous'",18,378
602,"Secondary School","confidential: removed from data","confidential: removed from data","confidential: replaced by 'CLID_anonymous'",12,379
602,"Primary School","confidential: removed from data","confidential: removed from data","confidential: replaced by 'CLID_anonymous'",65,380
602,"Dispensary","confidential: removed from data","confidential: removed from data","confidential: replaced by 'CLID_anonymous'",65,381
602,"Primary School","confidential: removed from data","confidential: removed from data","confidential: replaced by 'CLID_anonymous'",65,382
602,"Primary School","confidential: removed from data","confidential: removed from data","confidential: replaced by 'CLID_anonymous'",65,383
602,"Primary School","confidential: removed from data","confidential: removed from data","confidential: replaced by 'CLID_anonymous'",65,384
602,"Kindergarten","confidential: removed from data","confidential: removed from data","confidential: replaced by 'CLID_anonymous'",65,385
602,"Dispensary","confidential: removed from data","confidential: removed from data","confidential: replaced by 'CLID_anonymous'",65,386
602,"Dispensary","confidential: removed from data","confidential: removed from data","confidential: replaced by 'CLID_anonymous'",65,387
602,"Primary School","confidential: removed from data","confidential: removed from data","confidential: replaced by 'CLID_anonymous'",54,388
602,"Dispensary","confidential: removed from data","confidential: removed from data","confidential: replaced by 'CLID_anonymous'",54,389
602,"Dispensary","confidential: removed from data","confidential: removed from data","confidential: replaced by 'CLID_anonymous'",54,390
602,"Hospital","confidential: removed from data","confidential: removed from data","confidential: replaced by 'CLID_anonymous'",38,391
602,"Primary School","confidential: removed from data","confidential: removed from data","confidential: replaced by 'CLID_anonymous'",38,392
602,"Dispensary","confidential: removed from data","confidential: removed from data","confidential: replaced by 'CLID_anonymous'",38,393
602,"Primary School","confidential: removed from data","confidential: removed from data","confidential: replaced by 'CLID_anonymous'",38,394
602,"Secondary School","confidential: removed from data","confidential: removed from data","confidential: replaced by 'CLID_anonymous'",38,395
602,"Hospital","confidential: removed from data","confidential: removed from data","confidential: replaced by 'CLID_anonymous'",25,396
602,"Dispensary","confidential: removed from data","confidential: removed from data","confidential: replaced by 'CLID_anonymous'",25,397
602,"Secondary School","confidential: removed from data","confidential: removed from data","confidential: replaced by 'CLID_anonymous'",25,398
602,"Secondary School","confidential: removed from data","confidential: removed from data","confidential: replaced by 'CLID_anonymous'",25,399
602,"Dispensary","confidential: removed from data","confidential: removed from data","confidential: replaced by 'CLID_anonymous'",25,400
602,"Primary School","confidential: removed from data","confidential: removed from data","confidential: replaced by 'CLID_anonymous'",25,401
602,"Dispensary","confidential: removed from data","confidential: removed from data","confidential: replaced by 'CLID_anonymous'",23,402
602,"Primary School","confidential: removed from data","confidential: removed from data","confidential: replaced by 'CLID_anonymous'",23,403
602,"Primary School","confidential: removed from data","confidential: removed from data","confidential: replaced by 'CLID_anonymous'",23,404
602,"Dispensary","confidential: removed from data","confidential: removed from data","confidential: replaced by 'CLID_anonymous'",23,405
602,"Dispensary","confidential: removed from data","confidential: removed from data","confidential: replaced by 'CLID_anonymous'",23,406
602,"Hospital","confidential: removed from data","confidential: removed from data","confidential: replaced by 'CLID_anonymous'",23,407
602,"Primary School","confidential: removed from data","confidential: removed from data","confidential: replaced by 'CLID_anonymous'",31,408
602,"Primary School","confidential: removed from data","confidential: removed from data","confidential: replaced by 'CLID_anonymous'",31,409
602,"Dispensary","confidential: removed from data","confidential: removed from data","confidential: replaced by 'CLID_anonymous'",31,410
602,"Dispensary","confidential: removed from data","confidential: removed from data","confidential: replaced by 'CLID_anonymous'",24,411
602,"Primary School","confidential: removed from data","confidential: removed from data","confidential: replaced by 'CLID_anonymous'",24,412
