"UnitCode","UnitLabel","FU_Picture"
1,"Kilograms","<img src = file:\\\C:\photos\CCT\FU-01.jpg />"
2,"Gram","<img src = file:\\\C:\photos\CCT\FU-02.jpg />"
3,"Millilitre","<img src = file:\\\C:\photos\CCT\FU-03.jpg />"
4,"Litre","<img src = file:\\\C:\photos\CCT\FU-04.jpg />"
5,"25 KG Bag","<img src = file:\\\C:\photos\CCT\FU-05.jpg />"
6,"50 KG Bag","<img src = file:\\\C:\photos\CCT\FU-06.jpg />"
7,"90 KG Bag","<img src = file:\\\C:\photos\CCT\FU-07.jpg />"
8,"Debe","<img src = file:\\\C:\photos\CCT\FU-08.jpg />"
9,"Table spoon","<img src = file:\\\C:\photos\CCT\FU-09.jpg />"
10,"Bunch","<img src = file:\\\C:\photos\CCT\FU-010.jpg />"
11,"Hand","<img src = file:\\\C:\photos\CCT\FU-011.jpg />"
12,"Piece/Number","<img src = file:\\\C:\photos\CCT\FU-012.jpg />"
13,"Heap","<img src = file:\\\C:\photos\CCT\FU-013.jpg />"
14,"Handful","<img src = file:\\\C:\photos\CCT\FU-014.jpg />"
15,"Pakacha/Tenga","<img src = file:\\\C:\photos\CCT\FU-015.jpg />"
17,"1/4 KG Tin","<img src = file:\\\C:\photos\CCT\FU-017.jpg />"
18,"1/2 KG Tin","<img src = file:\\\C:\photos\CCT\FU-018.jpg />"
19,"1 KG Tin","<img src = file:\\\C:\photos\CCT\FU-019.jpg />"
20,"Bowl","<img src = file:\\\C:\photos\CCT\FU-020.jpg />"
21,"Cup","<img src = file:\\\C:\photos\CCT\FU-021.jpg />"
22,"Glass","<img src = file:\\\C:\photos\CCT\FU-022.jpg />"
23,"Tsh.","<img src = file:\\\C:\photos\CCT\FU-023.jpg />"
32,"Kibaba","<img src = file:\\\C:\photos\CCT\FU-032.jpg />"
34,"Kisadoline","<img src = file:\\\C:\photos\CCT\FU-034.jpg />"
36,"ndoo lita 10","<img src = file:\\\C:\photos\CCT\FU-036.jpg />"
37,"350 ml Fanta bottle","<img src = file:\\\C:\photos\CCT\FU-037.jpg />"
99,"Other","<img src = file:\\\C:\photos\CCT\FU-099.jpg />"
10301,"Large cob maize","<img src = file:\\\C:\photos\CCT\FU-010301.jpg />"
10302,"Medium cob maize","<img src = file:\\\C:\photos\CCT\FU-010302.jpg />"
10401,"Handful","<img src = file:\\\C:\photos\CCT\FU-010401.jpg />"
10501,"Handful","<img src = file:\\\C:\photos\CCT\FU-010501.jpg />"
20101,"Large piece","<img src = file:\\\C:\photos\CCT\FU-020101.jpg />"
20102,"Medium piece","<img src = file:\\\C:\photos\CCT\FU-020102.jpg />"
20103,"Small piece","<img src = file:\\\C:\photos\CCT\FU-020103.jpg />"
20301,"Large piece","<img src = file:\\\C:\photos\CCT\FU-020301.jpg />"
20302,"Medium piece","<img src = file:\\\C:\photos\CCT\FU-020302.jpg />"
20303,"Small piece","<img src = file:\\\C:\photos\CCT\FU-020303.jpg />"
20601,"Large bunch","<img src = file:\\\C:\photos\CCT\FU-020601.jpg />"
20602,"Medium bunch","<img src = file:\\\C:\photos\CCT\FU-020602.jpg />"
20603,"Small bunch","<img src = file:\\\C:\photos\CCT\FU-020603.jpg />"
20611,"Large hand","<img src = file:\\\C:\photos\CCT\FU-020611.jpg />"
20612,"Medium hand","<img src = file:\\\C:\photos\CCT\FU-020612.jpg />"
20613,"Small hand","<img src = file:\\\C:\photos\CCT\FU-020613.jpg />"
20621,"Large piece","<img src = file:\\\C:\photos\CCT\FU-020621.jpg />"
20622,"Medium piece","<img src = file:\\\C:\photos\CCT\FU-020622.jpg />"
20623,"Small piece","<img src = file:\\\C:\photos\CCT\FU-020623.jpg />"
40201,"Large heap","<img src = file:\\\C:\photos\CCT\FU-040201.jpg />"
40202,"Medium heap","<img src = file:\\\C:\photos\CCT\FU-040202.jpg />"
40203,"Small heap","<img src = file:\\\C:\photos\CCT\FU-040203.jpg />"
60101,"Large piece","<img src = file:\\\C:\photos\CCT\FU-060101.jpg />"
60102,"Medium piece","<img src = file:\\\C:\photos\CCT\FU-060102.jpg />"
60103,"Small piece","<img src = file:\\\C:\photos\CCT\FU-060103.jpg />"
60111,"Large heap","<img src = file:\\\C:\photos\CCT\FU-060111.jpg />"
60112,"Medium heap","<img src = file:\\\C:\photos\CCT\FU-060112.jpg />"
60113,"Small heap","<img src = file:\\\C:\photos\CCT\FU-060113.jpg />"
60201,"Large piece","<img src = file:\\\C:\photos\CCT\FU-060201.jpg />"
60202,"Medium piece","<img src = file:\\\C:\photos\CCT\FU-060202.jpg />"
60203,"Small piece","<img src = file:\\\C:\photos\CCT\FU-060203.jpg />"
60211,"Large heap","<img src = file:\\\C:\photos\CCT\FU-060211.jpg />"
60212,"Medium heap","<img src = file:\\\C:\photos\CCT\FU-060212.jpg />"
60213,"Small heap","<img src = file:\\\C:\photos\CCT\FU-060213.jpg />"
60301,"Bundle","<img src = file:\\\C:\photos\CCT\FU-060301.jpg />"
80101,"1 kg heap","<img src = file:\\\C:\photos\CCT\FU-080101.jpg />"
80102,"0.5 kg heap","<img src = file:\\\C:\photos\CCT\FU-080102.jpg />"
80103,"0.25 kg heap","<img src = file:\\\C:\photos\CCT\FU-080103.jpg />"
80201,"1 kg heap","<img src = file:\\\C:\photos\CCT\FU-080201.jpg />"
80202,"0.5 kg heap","<img src = file:\\\C:\photos\CCT\FU-080202.jpg />"
80203,"0.25 kg heap","<img src = file:\\\C:\photos\CCT\FU-080203.jpg />"
80301,"1 kg heap","<img src = file:\\\C:\photos\CCT\FU-080301.jpg />"
80302,"0.5 kg heap","<img src = file:\\\C:\photos\CCT\FU-080302.jpg />"
80303,"0.25 kg heap","<img src = file:\\\C:\photos\CCT\FU-080303.jpg />"
80801,"Big fish","<img src = file:\\\C:\photos\CCT\FU-080801.jpg />"
80802,"Medium fish","<img src = file:\\\C:\photos\CCT\FU-080802.jpg />"
80803,"Small fish","<img src = file:\\\C:\photos\CCT\FU-080803.jpg />"
80901,"Big fish","<img src = file:\\\C:\photos\CCT\FU-080901.jpg />"
80902,"Medium fish","<img src = file:\\\C:\photos\CCT\FU-080902.jpg />"
80903,"Small fish","<img src = file:\\\C:\photos\CCT\FU-080903.jpg />"
81001,"Large heap","<img src = file:\\\C:\photos\CCT\FU-081001.jpg />"
81002,"Medium heap","<img src = file:\\\C:\photos\CCT\FU-081002.jpg />"
81003,"Small heap","<img src = file:\\\C:\photos\CCT\FU-081003.jpg />"
81101,"Large heap","<img src = file:\\\C:\photos\CCT\FU-081101.jpg />"
81102,"Medium heap","<img src = file:\\\C:\photos\CCT\FU-081102.jpg />"
81103,"Small heap","<img src = file:\\\C:\photos\CCT\FU-081103.jpg />"
100102,"Kibaba","<img src = file:\\\C:\photos\CCT\FU-0100102.jpg />"
