"DistID","CLID","CLID_anonymous","SchoolID","GID","studentNo","shiftNo","roomNo","teacherNo"
104,"confidential: replaced by 'CLID_anonymous'",26,1,1,0,,,
104,"confidential: replaced by 'CLID_anonymous'",26,1,2,128,1,1,1
104,"confidential: replaced by 'CLID_anonymous'",26,1,3,115,1,1,1
104,"confidential: replaced by 'CLID_anonymous'",26,1,4,112,1,1,1
104,"confidential: replaced by 'CLID_anonymous'",26,1,5,119,1,1,6
104,"confidential: replaced by 'CLID_anonymous'",26,1,6,84,1,1,5
104,"confidential: replaced by 'CLID_anonymous'",26,1,7,84,1,1,5
104,"confidential: replaced by 'CLID_anonymous'",26,1,8,57,1,1,5
104,"confidential: replaced by 'CLID_anonymous'",26,1,9,57,1,1,4
104,"confidential: replaced by 'CLID_anonymous'",46,1,1,0,,,
104,"confidential: replaced by 'CLID_anonymous'",46,1,2,156,1,0,1
104,"confidential: replaced by 'CLID_anonymous'",46,1,3,142,1,1,1
104,"confidential: replaced by 'CLID_anonymous'",46,1,4,97,1,1,1
104,"confidential: replaced by 'CLID_anonymous'",46,1,5,129,1,1,6
104,"confidential: replaced by 'CLID_anonymous'",46,1,6,99,1,1,7
104,"confidential: replaced by 'CLID_anonymous'",46,1,7,120,1,1,7
104,"confidential: replaced by 'CLID_anonymous'",46,1,8,133,1,1,7
104,"confidential: replaced by 'CLID_anonymous'",46,1,9,59,1,1,6
104,"confidential: replaced by 'CLID_anonymous'",77,1,1,0,,,
104,"confidential: replaced by 'CLID_anonymous'",77,1,2,53,1,1,1
104,"confidential: replaced by 'CLID_anonymous'",77,1,3,42,1,1,1
104,"confidential: replaced by 'CLID_anonymous'",77,1,4,50,1,1,1
104,"confidential: replaced by 'CLID_anonymous'",77,1,5,46,1,1,5
104,"confidential: replaced by 'CLID_anonymous'",77,1,6,63,1,1,5
104,"confidential: replaced by 'CLID_anonymous'",77,1,7,63,1,1,5
104,"confidential: replaced by 'CLID_anonymous'",77,1,8,34,1,1,5
104,"confidential: replaced by 'CLID_anonymous'",77,1,9,24,1,1,5
104,"confidential: replaced by 'CLID_anonymous'",63,1,1,0,,,
104,"confidential: replaced by 'CLID_anonymous'",63,1,2,182,1,1,1
104,"confidential: replaced by 'CLID_anonymous'",63,1,3,250,1,1,2
104,"confidential: replaced by 'CLID_anonymous'",63,1,4,124,1,1,2
104,"confidential: replaced by 'CLID_anonymous'",63,1,5,187,1,1,6
104,"confidential: replaced by 'CLID_anonymous'",63,1,6,136,1,1,8
104,"confidential: replaced by 'CLID_anonymous'",63,1,7,63,1,1,6
104,"confidential: replaced by 'CLID_anonymous'",63,1,8,90,1,1,7
104,"confidential: replaced by 'CLID_anonymous'",63,1,9,38,1,1,6
104,"confidential: replaced by 'CLID_anonymous'",63,2,1,0,,,
104,"confidential: replaced by 'CLID_anonymous'",63,2,2,75,1,1,1
104,"confidential: replaced by 'CLID_anonymous'",63,2,3,130,1,1,1
104,"confidential: replaced by 'CLID_anonymous'",63,2,4,124,1,1,1
104,"confidential: replaced by 'CLID_anonymous'",63,2,5,177,1,1,5
104,"confidential: replaced by 'CLID_anonymous'",63,2,6,147,1,1,5
104,"confidential: replaced by 'CLID_anonymous'",63,2,7,56,1,1,5
104,"confidential: replaced by 'CLID_anonymous'",63,2,8,76,1,1,4
104,"confidential: replaced by 'CLID_anonymous'",63,2,9,68,1,1,4
104,"confidential: replaced by 'CLID_anonymous'",15,1,1,0,,,
104,"confidential: replaced by 'CLID_anonymous'",15,1,2,93,1,1,1
104,"confidential: replaced by 'CLID_anonymous'",15,1,3,114,2,1,1
104,"confidential: replaced by 'CLID_anonymous'",15,1,4,79,2,1,1
104,"confidential: replaced by 'CLID_anonymous'",15,1,5,86,1,1,9
104,"confidential: replaced by 'CLID_anonymous'",15,1,6,67,1,1,7
104,"confidential: replaced by 'CLID_anonymous'",15,1,7,82,1,1,8
104,"confidential: replaced by 'CLID_anonymous'",15,1,8,90,1,1,9
104,"confidential: replaced by 'CLID_anonymous'",15,1,9,90,1,1,9
104,"confidential: replaced by 'CLID_anonymous'",15,2,1,12,1,1,5
104,"confidential: replaced by 'CLID_anonymous'",15,2,2,83,1,1,1
104,"confidential: replaced by 'CLID_anonymous'",15,2,3,149,1,1,3
104,"confidential: replaced by 'CLID_anonymous'",15,2,4,166,1,1,3
104,"confidential: replaced by 'CLID_anonymous'",15,2,5,134,1,1,9
104,"confidential: replaced by 'CLID_anonymous'",15,2,6,97,1,1,9
104,"confidential: replaced by 'CLID_anonymous'",15,2,7,110,1,1,9
104,"confidential: replaced by 'CLID_anonymous'",15,2,8,104,1,1,9
104,"confidential: replaced by 'CLID_anonymous'",15,2,9,116,1,1,9
104,"confidential: replaced by 'CLID_anonymous'",15,3,1,0,,,
104,"confidential: replaced by 'CLID_anonymous'",15,3,2,116,1,2,1
104,"confidential: replaced by 'CLID_anonymous'",15,3,3,210,2,2,2
104,"confidential: replaced by 'CLID_anonymous'",15,3,4,175,2,2,2
104,"confidential: replaced by 'CLID_anonymous'",15,3,5,131,1,2,8
104,"confidential: replaced by 'CLID_anonymous'",15,3,6,144,1,2,9
104,"confidential: replaced by 'CLID_anonymous'",15,3,7,100,1,1,7
104,"confidential: replaced by 'CLID_anonymous'",15,3,8,119,1,1,9
104,"confidential: replaced by 'CLID_anonymous'",15,3,9,122,1,2,9
104,"confidential: replaced by 'CLID_anonymous'",16,1,1,0,,,
104,"confidential: replaced by 'CLID_anonymous'",16,1,2,188,2,1,1
104,"confidential: replaced by 'CLID_anonymous'",16,1,3,118,2,2,2
104,"confidential: replaced by 'CLID_anonymous'",16,1,4,141,2,1,1
104,"confidential: replaced by 'CLID_anonymous'",16,1,5,77,1,1,9
104,"confidential: replaced by 'CLID_anonymous'",16,1,6,122,1,1,9
104,"confidential: replaced by 'CLID_anonymous'",16,1,7,115,1,1,9
104,"confidential: replaced by 'CLID_anonymous'",16,1,8,110,1,1,9
104,"confidential: replaced by 'CLID_anonymous'",16,1,9,81,1,1,1
104,"confidential: replaced by 'CLID_anonymous'",80,1,1,0,,,
104,"confidential: replaced by 'CLID_anonymous'",80,1,2,79,1,1,1
104,"confidential: replaced by 'CLID_anonymous'",80,1,3,76,1,1,1
104,"confidential: replaced by 'CLID_anonymous'",80,1,4,80,1,1,1
104,"confidential: replaced by 'CLID_anonymous'",80,1,5,0,,,
104,"confidential: replaced by 'CLID_anonymous'",80,1,6,0,,,
104,"confidential: replaced by 'CLID_anonymous'",80,1,7,0,,,
104,"confidential: replaced by 'CLID_anonymous'",80,1,8,0,,,
104,"confidential: replaced by 'CLID_anonymous'",80,1,9,0,,,
104,"confidential: replaced by 'CLID_anonymous'",80,2,1,14,1,1,1
104,"confidential: replaced by 'CLID_anonymous'",80,2,2,92,1,1,1
104,"confidential: replaced by 'CLID_anonymous'",80,2,3,184,2,1,1
104,"confidential: replaced by 'CLID_anonymous'",80,2,4,155,2,1,1
104,"confidential: replaced by 'CLID_anonymous'",80,2,5,124,1,1,6
104,"confidential: replaced by 'CLID_anonymous'",80,2,6,120,1,1,6
104,"confidential: replaced by 'CLID_anonymous'",80,2,7,93,1,1,6
104,"confidential: replaced by 'CLID_anonymous'",80,2,8,87,1,1,6
104,"confidential: replaced by 'CLID_anonymous'",80,2,9,66,1,1,6
104,"confidential: replaced by 'CLID_anonymous'",80,3,1,0,,,
104,"confidential: replaced by 'CLID_anonymous'",80,3,2,58,1,1,1
104,"confidential: replaced by 'CLID_anonymous'",80,3,3,70,1,1,1
104,"confidential: replaced by 'CLID_anonymous'",80,3,4,95,1,1,1
104,"confidential: replaced by 'CLID_anonymous'",80,3,5,132,1,1,6
104,"confidential: replaced by 'CLID_anonymous'",80,3,6,117,1,1,6
104,"confidential: replaced by 'CLID_anonymous'",80,3,7,70,1,1,6
104,"confidential: replaced by 'CLID_anonymous'",80,3,8,90,1,1,6
104,"confidential: replaced by 'CLID_anonymous'",80,3,9,59,1,1,6
104,"confidential: replaced by 'CLID_anonymous'",22,1,1,0,,,
104,"confidential: replaced by 'CLID_anonymous'",22,1,2,55,1,0,0
104,"confidential: replaced by 'CLID_anonymous'",22,1,3,60,1,1,1
104,"confidential: replaced by 'CLID_anonymous'",22,1,4,52,1,1,1
104,"confidential: replaced by 'CLID_anonymous'",22,1,5,36,1,1,3
104,"confidential: replaced by 'CLID_anonymous'",22,1,6,37,1,1,3
104,"confidential: replaced by 'CLID_anonymous'",22,1,7,13,1,1,3
104,"confidential: replaced by 'CLID_anonymous'",22,1,8,24,1,1,3
104,"confidential: replaced by 'CLID_anonymous'",22,1,9,23,1,1,3
104,"confidential: replaced by 'CLID_anonymous'",67,1,1,0,,,
104,"confidential: replaced by 'CLID_anonymous'",67,1,2,38,1,1,1
104,"confidential: replaced by 'CLID_anonymous'",67,1,3,68,1,1,1
104,"confidential: replaced by 'CLID_anonymous'",67,1,4,42,1,1,1
104,"confidential: replaced by 'CLID_anonymous'",67,1,5,77,1,1,3
104,"confidential: replaced by 'CLID_anonymous'",67,1,6,47,1,1,3
104,"confidential: replaced by 'CLID_anonymous'",67,1,7,45,1,1,3
104,"confidential: replaced by 'CLID_anonymous'",67,1,8,40,1,1,2
104,"confidential: replaced by 'CLID_anonymous'",67,1,9,25,1,1,2
104,"confidential: replaced by 'CLID_anonymous'",40,1,1,0,,,
104,"confidential: replaced by 'CLID_anonymous'",40,1,2,94,1,0,1
104,"confidential: replaced by 'CLID_anonymous'",40,1,3,95,1,1,1
104,"confidential: replaced by 'CLID_anonymous'",40,1,4,111,1,1,1
104,"confidential: replaced by 'CLID_anonymous'",40,1,5,136,1,1,3
104,"confidential: replaced by 'CLID_anonymous'",40,1,6,77,1,1,4
104,"confidential: replaced by 'CLID_anonymous'",40,1,7,84,1,1,4
104,"confidential: replaced by 'CLID_anonymous'",40,1,8,82,1,1,5
104,"confidential: replaced by 'CLID_anonymous'",40,1,9,70,1,1,3
104,"confidential: replaced by 'CLID_anonymous'",40,2,1,0,,,
104,"confidential: replaced by 'CLID_anonymous'",40,2,2,20,1,0,1
104,"confidential: replaced by 'CLID_anonymous'",40,2,3,46,1,1,1
104,"confidential: replaced by 'CLID_anonymous'",40,2,4,21,1,1,1
104,"confidential: replaced by 'CLID_anonymous'",40,2,5,22,1,1,2
104,"confidential: replaced by 'CLID_anonymous'",40,2,6,49,1,1,2
104,"confidential: replaced by 'CLID_anonymous'",40,2,7,17,1,1,2
104,"confidential: replaced by 'CLID_anonymous'",40,2,8,41,1,1,2
104,"confidential: replaced by 'CLID_anonymous'",40,2,9,26,1,1,2
104,"confidential: replaced by 'CLID_anonymous'",19,1,1,0,,,
104,"confidential: replaced by 'CLID_anonymous'",19,1,2,35,1,0,1
104,"confidential: replaced by 'CLID_anonymous'",19,1,3,66,1,1,1
104,"confidential: replaced by 'CLID_anonymous'",19,1,4,70,1,1,1
104,"confidential: replaced by 'CLID_anonymous'",19,1,5,68,1,1,4
104,"confidential: replaced by 'CLID_anonymous'",19,1,6,45,1,1,4
104,"confidential: replaced by 'CLID_anonymous'",19,1,7,25,1,1,4
104,"confidential: replaced by 'CLID_anonymous'",19,1,8,43,1,1,4
104,"confidential: replaced by 'CLID_anonymous'",19,1,9,33,1,1,4
104,"confidential: replaced by 'CLID_anonymous'",19,2,1,0,,,
104,"confidential: replaced by 'CLID_anonymous'",19,2,2,87,1,0,1
104,"confidential: replaced by 'CLID_anonymous'",19,2,3,48,1,1,1
104,"confidential: replaced by 'CLID_anonymous'",19,2,4,60,1,1,1
104,"confidential: replaced by 'CLID_anonymous'",19,2,5,35,1,1,3
104,"confidential: replaced by 'CLID_anonymous'",19,2,6,47,1,1,3
104,"confidential: replaced by 'CLID_anonymous'",19,2,7,33,1,1,3
104,"confidential: replaced by 'CLID_anonymous'",19,2,8,45,1,1,4
104,"confidential: replaced by 'CLID_anonymous'",19,2,9,31,1,1,4
104,"confidential: replaced by 'CLID_anonymous'",50,1,1,0,,,
104,"confidential: replaced by 'CLID_anonymous'",50,1,2,92,1,0,1
104,"confidential: replaced by 'CLID_anonymous'",50,1,3,96,1,1,1
104,"confidential: replaced by 'CLID_anonymous'",50,1,4,130,1,1,1
104,"confidential: replaced by 'CLID_anonymous'",50,1,5,79,1,1,5
104,"confidential: replaced by 'CLID_anonymous'",50,1,6,82,1,1,5
104,"confidential: replaced by 'CLID_anonymous'",50,1,7,57,1,1,5
104,"confidential: replaced by 'CLID_anonymous'",50,1,8,55,1,1,5
104,"confidential: replaced by 'CLID_anonymous'",50,1,9,46,1,1,5
104,"confidential: replaced by 'CLID_anonymous'",6,1,1,26,3,1,1
104,"confidential: replaced by 'CLID_anonymous'",6,1,2,24,1,1,1
104,"confidential: replaced by 'CLID_anonymous'",6,1,3,51,1,1,1
104,"confidential: replaced by 'CLID_anonymous'",6,1,4,58,1,1,1
104,"confidential: replaced by 'CLID_anonymous'",6,1,5,57,1,1,3
104,"confidential: replaced by 'CLID_anonymous'",6,1,6,65,1,1,3
104,"confidential: replaced by 'CLID_anonymous'",6,1,7,58,1,1,3
104,"confidential: replaced by 'CLID_anonymous'",6,1,8,44,1,1,3
104,"confidential: replaced by 'CLID_anonymous'",6,1,9,17,1,1,1
104,"confidential: replaced by 'CLID_anonymous'",48,1,1,0,,,
104,"confidential: replaced by 'CLID_anonymous'",48,1,2,90,1,1,1
104,"confidential: replaced by 'CLID_anonymous'",48,1,3,87,1,1,1
104,"confidential: replaced by 'CLID_anonymous'",48,1,4,85,1,1,1
104,"confidential: replaced by 'CLID_anonymous'",48,1,5,91,1,1,4
104,"confidential: replaced by 'CLID_anonymous'",48,1,6,67,1,1,5
104,"confidential: replaced by 'CLID_anonymous'",48,1,7,68,1,1,5
104,"confidential: replaced by 'CLID_anonymous'",48,1,8,59,1,1,7
104,"confidential: replaced by 'CLID_anonymous'",48,1,9,42,1,1,8
104,"confidential: replaced by 'CLID_anonymous'",56,1,1,0,,,
104,"confidential: replaced by 'CLID_anonymous'",56,1,2,56,1,1,1
104,"confidential: replaced by 'CLID_anonymous'",56,1,3,74,1,1,1
104,"confidential: replaced by 'CLID_anonymous'",56,1,4,60,1,1,1
104,"confidential: replaced by 'CLID_anonymous'",56,1,5,82,1,1,6
104,"confidential: replaced by 'CLID_anonymous'",56,1,6,58,1,1,6
104,"confidential: replaced by 'CLID_anonymous'",56,1,7,70,1,1,6
104,"confidential: replaced by 'CLID_anonymous'",56,1,8,75,1,1,6
104,"confidential: replaced by 'CLID_anonymous'",56,1,9,70,1,1,6
104,"confidential: replaced by 'CLID_anonymous'",56,2,1,0,,,
104,"confidential: replaced by 'CLID_anonymous'",56,2,2,45,1,0,1
104,"confidential: replaced by 'CLID_anonymous'",56,2,3,21,1,0,1
104,"confidential: replaced by 'CLID_anonymous'",56,2,4,47,1,0,1
104,"confidential: replaced by 'CLID_anonymous'",56,2,5,34,1,0,5
104,"confidential: replaced by 'CLID_anonymous'",56,2,6,18,1,0,5
104,"confidential: replaced by 'CLID_anonymous'",56,2,7,10,1,0,5
104,"confidential: replaced by 'CLID_anonymous'",56,2,8,17,1,1,5
104,"confidential: replaced by 'CLID_anonymous'",56,2,9,13,1,1,5
104,"confidential: replaced by 'CLID_anonymous'",82,1,1,0,,,
104,"confidential: replaced by 'CLID_anonymous'",82,1,2,44,1,0,0
104,"confidential: replaced by 'CLID_anonymous'",82,1,3,47,1,0,0
104,"confidential: replaced by 'CLID_anonymous'",82,1,4,45,1,1,1
104,"confidential: replaced by 'CLID_anonymous'",82,1,5,48,1,1,5
104,"confidential: replaced by 'CLID_anonymous'",82,1,6,71,1,1,5
104,"confidential: replaced by 'CLID_anonymous'",82,1,7,13,1,1,5
104,"confidential: replaced by 'CLID_anonymous'",82,1,8,35,1,1,5
104,"confidential: replaced by 'CLID_anonymous'",82,1,9,49,1,1,5
104,"confidential: replaced by 'CLID_anonymous'",70,1,1,0,,,
104,"confidential: replaced by 'CLID_anonymous'",70,1,2,54,1,1,0
104,"confidential: replaced by 'CLID_anonymous'",70,1,3,44,1,1,0
104,"confidential: replaced by 'CLID_anonymous'",70,1,4,57,1,1,1
104,"confidential: replaced by 'CLID_anonymous'",70,1,5,41,1,1,2
104,"confidential: replaced by 'CLID_anonymous'",70,1,6,29,1,1,2
104,"confidential: replaced by 'CLID_anonymous'",70,1,7,17,1,1,2
104,"confidential: replaced by 'CLID_anonymous'",70,1,8,13,1,1,2
104,"confidential: replaced by 'CLID_anonymous'",70,1,9,29,1,1,2
104,"confidential: replaced by 'CLID_anonymous'",52,1,1,0,,,
104,"confidential: replaced by 'CLID_anonymous'",52,1,2,70,1,1,1
104,"confidential: replaced by 'CLID_anonymous'",52,1,3,70,1,1,1
104,"confidential: replaced by 'CLID_anonymous'",52,1,4,72,1,1,1
104,"confidential: replaced by 'CLID_anonymous'",52,1,5,74,1,1,6
104,"confidential: replaced by 'CLID_anonymous'",52,1,6,74,1,1,6
104,"confidential: replaced by 'CLID_anonymous'",52,1,7,70,1,1,6
104,"confidential: replaced by 'CLID_anonymous'",52,1,8,67,1,1,6
104,"confidential: replaced by 'CLID_anonymous'",52,1,9,64,1,1,6
104,"confidential: replaced by 'CLID_anonymous'",27,1,1,0,,,
104,"confidential: replaced by 'CLID_anonymous'",27,1,2,66,1,1,1
104,"confidential: replaced by 'CLID_anonymous'",27,1,3,98,1,1,1
104,"confidential: replaced by 'CLID_anonymous'",27,1,4,46,1,1,1
104,"confidential: replaced by 'CLID_anonymous'",27,1,5,19,2,1,4
104,"confidential: replaced by 'CLID_anonymous'",27,1,6,13,1,1,4
104,"confidential: replaced by 'CLID_anonymous'",27,1,7,30,2,1,4
104,"confidential: replaced by 'CLID_anonymous'",27,1,8,22,1,1,4
104,"confidential: replaced by 'CLID_anonymous'",27,1,9,14,1,1,4
104,"confidential: replaced by 'CLID_anonymous'",68,1,1,0,,,
104,"confidential: replaced by 'CLID_anonymous'",68,1,2,25,1,1,1
104,"confidential: replaced by 'CLID_anonymous'",68,1,3,88,1,1,1
104,"confidential: replaced by 'CLID_anonymous'",68,1,4,68,1,1,1
104,"confidential: replaced by 'CLID_anonymous'",68,1,5,44,1,1,5
104,"confidential: replaced by 'CLID_anonymous'",68,1,6,67,1,1,5
104,"confidential: replaced by 'CLID_anonymous'",68,1,7,18,1,1,5
104,"confidential: replaced by 'CLID_anonymous'",68,1,8,23,1,1,4
104,"confidential: replaced by 'CLID_anonymous'",68,1,9,32,1,1,4
104,"confidential: replaced by 'CLID_anonymous'",8,1,1,0,,,
104,"confidential: replaced by 'CLID_anonymous'",8,1,2,48,1,1,1
104,"confidential: replaced by 'CLID_anonymous'",8,1,3,102,1,1,1
104,"confidential: replaced by 'CLID_anonymous'",8,1,4,87,1,1,1
104,"confidential: replaced by 'CLID_anonymous'",8,1,5,82,1,1,5
104,"confidential: replaced by 'CLID_anonymous'",8,1,6,59,1,1,5
104,"confidential: replaced by 'CLID_anonymous'",8,1,7,94,1,1,5
104,"confidential: replaced by 'CLID_anonymous'",8,1,8,64,1,1,4
104,"confidential: replaced by 'CLID_anonymous'",8,1,9,53,1,1,4
104,"confidential: replaced by 'CLID_anonymous'",66,1,1,0,,,
104,"confidential: replaced by 'CLID_anonymous'",66,1,2,121,1,1,1
104,"confidential: replaced by 'CLID_anonymous'",66,1,3,57,1,1,1
104,"confidential: replaced by 'CLID_anonymous'",66,1,4,64,1,1,1
104,"confidential: replaced by 'CLID_anonymous'",66,1,5,64,1,1,4
104,"confidential: replaced by 'CLID_anonymous'",66,1,6,126,1,1,4
104,"confidential: replaced by 'CLID_anonymous'",66,1,7,56,1,1,4
104,"confidential: replaced by 'CLID_anonymous'",66,1,8,60,1,1,4
104,"confidential: replaced by 'CLID_anonymous'",66,1,9,65,1,1,3
104,"confidential: replaced by 'CLID_anonymous'",66,2,1,0,,,
104,"confidential: replaced by 'CLID_anonymous'",66,2,2,119,1,1,1
104,"confidential: replaced by 'CLID_anonymous'",66,2,3,163,1,1,1
104,"confidential: replaced by 'CLID_anonymous'",66,2,4,112,1,1,1
104,"confidential: replaced by 'CLID_anonymous'",66,2,5,130,1,1,5
104,"confidential: replaced by 'CLID_anonymous'",66,2,6,123,1,1,5
104,"confidential: replaced by 'CLID_anonymous'",66,2,7,64,1,1,5
104,"confidential: replaced by 'CLID_anonymous'",66,2,8,66,1,1,5
104,"confidential: replaced by 'CLID_anonymous'",66,2,9,38,1,1,4
601,"confidential: replaced by 'CLID_anonymous'",5,1,1,0,,,
601,"confidential: replaced by 'CLID_anonymous'",5,1,2,142,1,1,2
601,"confidential: replaced by 'CLID_anonymous'",5,1,3,174,1,2,2
601,"confidential: replaced by 'CLID_anonymous'",5,1,4,127,1,1,2
601,"confidential: replaced by 'CLID_anonymous'",5,1,5,107,1,1,18
601,"confidential: replaced by 'CLID_anonymous'",5,1,6,84,1,1,18
601,"confidential: replaced by 'CLID_anonymous'",5,1,7,90,1,1,18
601,"confidential: replaced by 'CLID_anonymous'",5,1,8,112,1,1,18
601,"confidential: replaced by 'CLID_anonymous'",5,1,9,93,1,1,18
601,"confidential: replaced by 'CLID_anonymous'",49,1,1,0,,,
601,"confidential: replaced by 'CLID_anonymous'",49,1,2,66,1,1,1
601,"confidential: replaced by 'CLID_anonymous'",49,1,3,55,1,1,1
601,"confidential: replaced by 'CLID_anonymous'",49,1,4,27,1,1,1
601,"confidential: replaced by 'CLID_anonymous'",49,1,5,31,1,1,5
601,"confidential: replaced by 'CLID_anonymous'",49,1,6,41,1,1,5
601,"confidential: replaced by 'CLID_anonymous'",49,1,7,42,1,1,5
601,"confidential: replaced by 'CLID_anonymous'",49,1,8,35,1,1,5
601,"confidential: replaced by 'CLID_anonymous'",49,1,9,48,1,1,5
601,"confidential: replaced by 'CLID_anonymous'",74,1,1,0,,,
601,"confidential: replaced by 'CLID_anonymous'",74,1,2,88,1,1,1
601,"confidential: replaced by 'CLID_anonymous'",74,1,3,106,1,2,2
601,"confidential: replaced by 'CLID_anonymous'",74,1,4,97,1,2,2
601,"confidential: replaced by 'CLID_anonymous'",74,1,5,115,1,1,19
601,"confidential: replaced by 'CLID_anonymous'",74,1,6,62,1,1,19
601,"confidential: replaced by 'CLID_anonymous'",74,1,7,48,1,1,19
601,"confidential: replaced by 'CLID_anonymous'",74,1,8,70,1,1,19
601,"confidential: replaced by 'CLID_anonymous'",74,1,9,52,1,1,19
601,"confidential: replaced by 'CLID_anonymous'",74,2,1,0,,,
601,"confidential: replaced by 'CLID_anonymous'",74,2,2,84,2,1,2
601,"confidential: replaced by 'CLID_anonymous'",74,2,3,96,2,1,2
601,"confidential: replaced by 'CLID_anonymous'",74,2,4,63,1,1,2
601,"confidential: replaced by 'CLID_anonymous'",74,2,5,72,1,1,18
601,"confidential: replaced by 'CLID_anonymous'",74,2,6,79,1,1,18
601,"confidential: replaced by 'CLID_anonymous'",74,2,7,54,1,1,18
601,"confidential: replaced by 'CLID_anonymous'",74,2,8,55,1,1,18
601,"confidential: replaced by 'CLID_anonymous'",74,2,9,72,1,1,18
601,"confidential: replaced by 'CLID_anonymous'",62,1,1,0,,,
601,"confidential: replaced by 'CLID_anonymous'",62,1,2,58,1,1,1
601,"confidential: replaced by 'CLID_anonymous'",62,1,3,91,1,1,1
601,"confidential: replaced by 'CLID_anonymous'",62,1,4,93,1,1,2
601,"confidential: replaced by 'CLID_anonymous'",62,1,5,62,1,1,7
601,"confidential: replaced by 'CLID_anonymous'",62,1,6,49,1,1,7
601,"confidential: replaced by 'CLID_anonymous'",62,1,7,41,1,1,7
601,"confidential: replaced by 'CLID_anonymous'",62,1,8,40,1,1,7
601,"confidential: replaced by 'CLID_anonymous'",62,1,9,0,,,
601,"confidential: replaced by 'CLID_anonymous'",62,2,1,0,,,
601,"confidential: replaced by 'CLID_anonymous'",62,2,2,140,1,1,1
601,"confidential: replaced by 'CLID_anonymous'",62,2,3,208,1,2,3
601,"confidential: replaced by 'CLID_anonymous'",62,2,4,209,1,2,4
601,"confidential: replaced by 'CLID_anonymous'",62,2,5,193,1,2,4
601,"confidential: replaced by 'CLID_anonymous'",62,2,6,177,1,2,4
601,"confidential: replaced by 'CLID_anonymous'",62,2,7,135,1,1,4
601,"confidential: replaced by 'CLID_anonymous'",62,2,8,85,1,1,4
601,"confidential: replaced by 'CLID_anonymous'",62,2,9,97,1,1,4
601,"confidential: replaced by 'CLID_anonymous'",62,3,1,0,,,
601,"confidential: replaced by 'CLID_anonymous'",62,3,2,44,1,1,1
601,"confidential: replaced by 'CLID_anonymous'",62,3,3,234,1,2,3
601,"confidential: replaced by 'CLID_anonymous'",62,3,4,252,1,2,3
601,"confidential: replaced by 'CLID_anonymous'",62,3,5,260,1,2,5
601,"confidential: replaced by 'CLID_anonymous'",62,3,6,314,1,2,4
601,"confidential: replaced by 'CLID_anonymous'",62,3,7,282,1,2,6
601,"confidential: replaced by 'CLID_anonymous'",62,3,8,260,1,2,5
601,"confidential: replaced by 'CLID_anonymous'",62,3,9,167,1,1,4
601,"confidential: replaced by 'CLID_anonymous'",21,1,1,0,,,
601,"confidential: replaced by 'CLID_anonymous'",21,1,2,26,1,1,1
601,"confidential: replaced by 'CLID_anonymous'",21,1,3,104,1,1,1
601,"confidential: replaced by 'CLID_anonymous'",21,1,4,67,1,1,1
601,"confidential: replaced by 'CLID_anonymous'",21,1,5,72,1,1,5
601,"confidential: replaced by 'CLID_anonymous'",21,1,6,63,1,1,5
601,"confidential: replaced by 'CLID_anonymous'",21,1,7,79,1,1,5
601,"confidential: replaced by 'CLID_anonymous'",21,1,8,52,1,1,6
601,"confidential: replaced by 'CLID_anonymous'",21,1,9,73,1,1,6
601,"confidential: replaced by 'CLID_anonymous'",1,1,1,0,,,
601,"confidential: replaced by 'CLID_anonymous'",1,1,2,30,1,1,1
601,"confidential: replaced by 'CLID_anonymous'",1,1,3,63,1,1,1
601,"confidential: replaced by 'CLID_anonymous'",1,1,4,81,1,1,2
601,"confidential: replaced by 'CLID_anonymous'",1,1,5,54,1,1,3
601,"confidential: replaced by 'CLID_anonymous'",1,1,6,67,1,1,3
601,"confidential: replaced by 'CLID_anonymous'",1,1,7,78,1,1,5
601,"confidential: replaced by 'CLID_anonymous'",1,1,8,56,1,1,5
601,"confidential: replaced by 'CLID_anonymous'",1,1,9,63,1,1,5
601,"confidential: replaced by 'CLID_anonymous'",79,1,1,0,,,
601,"confidential: replaced by 'CLID_anonymous'",79,1,2,99,1,2,1
601,"confidential: replaced by 'CLID_anonymous'",79,1,3,77,1,2,2
601,"confidential: replaced by 'CLID_anonymous'",79,1,4,115,1,2,2
601,"confidential: replaced by 'CLID_anonymous'",79,1,5,67,1,1,6
601,"confidential: replaced by 'CLID_anonymous'",79,1,6,50,1,1,7
601,"confidential: replaced by 'CLID_anonymous'",79,1,7,77,1,1,7
601,"confidential: replaced by 'CLID_anonymous'",79,1,8,77,1,1,7
601,"confidential: replaced by 'CLID_anonymous'",79,1,9,60,1,1,7
601,"confidential: replaced by 'CLID_anonymous'",41,1,1,0,,,
601,"confidential: replaced by 'CLID_anonymous'",41,1,2,30,1,1,1
601,"confidential: replaced by 'CLID_anonymous'",41,1,3,37,1,1,1
601,"confidential: replaced by 'CLID_anonymous'",41,1,4,24,1,1,1
601,"confidential: replaced by 'CLID_anonymous'",41,1,5,25,1,1,5
601,"confidential: replaced by 'CLID_anonymous'",41,1,6,32,1,1,5
601,"confidential: replaced by 'CLID_anonymous'",41,1,7,28,1,1,5
601,"confidential: replaced by 'CLID_anonymous'",41,1,8,23,1,1,5
601,"confidential: replaced by 'CLID_anonymous'",41,1,9,35,1,1,5
601,"confidential: replaced by 'CLID_anonymous'",41,2,1,0,,,
601,"confidential: replaced by 'CLID_anonymous'",41,2,2,17,1,1,1
601,"confidential: replaced by 'CLID_anonymous'",41,2,3,28,2,1,1
601,"confidential: replaced by 'CLID_anonymous'",41,2,4,32,2,1,3
601,"confidential: replaced by 'CLID_anonymous'",41,2,5,21,1,1,3
601,"confidential: replaced by 'CLID_anonymous'",41,2,6,28,1,1,3
601,"confidential: replaced by 'CLID_anonymous'",41,2,7,30,1,1,3
601,"confidential: replaced by 'CLID_anonymous'",41,2,8,29,1,1,3
601,"confidential: replaced by 'CLID_anonymous'",41,2,9,36,1,1,3
601,"confidential: replaced by 'CLID_anonymous'",71,1,1,0,,,
601,"confidential: replaced by 'CLID_anonymous'",71,1,2,15,1,1,1
601,"confidential: replaced by 'CLID_anonymous'",71,1,3,101,1,1,1
601,"confidential: replaced by 'CLID_anonymous'",71,1,4,89,1,1,1
601,"confidential: replaced by 'CLID_anonymous'",71,1,5,85,1,1,5
601,"confidential: replaced by 'CLID_anonymous'",71,1,6,102,1,1,4
601,"confidential: replaced by 'CLID_anonymous'",71,1,7,80,1,1,5
601,"confidential: replaced by 'CLID_anonymous'",71,1,8,53,1,1,5
601,"confidential: replaced by 'CLID_anonymous'",71,1,9,0,,,
601,"confidential: replaced by 'CLID_anonymous'",71,2,1,0,,,
601,"confidential: replaced by 'CLID_anonymous'",71,2,2,60,1,1,1
601,"confidential: replaced by 'CLID_anonymous'",71,2,3,104,1,1,2
601,"confidential: replaced by 'CLID_anonymous'",71,2,4,178,1,1,2
601,"confidential: replaced by 'CLID_anonymous'",71,2,5,142,1,1,5
601,"confidential: replaced by 'CLID_anonymous'",71,2,6,102,1,1,6
601,"confidential: replaced by 'CLID_anonymous'",71,2,7,130,1,1,6
601,"confidential: replaced by 'CLID_anonymous'",71,2,8,126,1,1,6
601,"confidential: replaced by 'CLID_anonymous'",71,2,9,92,1,1,6
601,"confidential: replaced by 'CLID_anonymous'",71,3,1,0,,,
601,"confidential: replaced by 'CLID_anonymous'",71,3,2,68,1,1,1
601,"confidential: replaced by 'CLID_anonymous'",71,3,3,145,1,1,3
601,"confidential: replaced by 'CLID_anonymous'",71,3,4,104,1,1,2
601,"confidential: replaced by 'CLID_anonymous'",71,3,5,92,1,1,4
601,"confidential: replaced by 'CLID_anonymous'",71,3,6,61,1,1,4
601,"confidential: replaced by 'CLID_anonymous'",71,3,7,61,1,1,4
601,"confidential: replaced by 'CLID_anonymous'",71,3,8,62,1,1,4
601,"confidential: replaced by 'CLID_anonymous'",71,3,9,83,1,1,4
601,"confidential: replaced by 'CLID_anonymous'",53,1,1,0,,,
601,"confidential: replaced by 'CLID_anonymous'",53,1,2,18,1,1,1
601,"confidential: replaced by 'CLID_anonymous'",53,1,3,66,1,1,1
601,"confidential: replaced by 'CLID_anonymous'",53,1,4,87,1,1,1
601,"confidential: replaced by 'CLID_anonymous'",53,1,5,42,1,1,5
601,"confidential: replaced by 'CLID_anonymous'",53,1,6,42,1,1,5
601,"confidential: replaced by 'CLID_anonymous'",53,1,7,50,1,1,5
601,"confidential: replaced by 'CLID_anonymous'",53,1,8,61,1,1,5
601,"confidential: replaced by 'CLID_anonymous'",53,1,9,43,1,1,5
601,"confidential: replaced by 'CLID_anonymous'",53,2,1,0,,,
601,"confidential: replaced by 'CLID_anonymous'",53,2,2,105,1,1,1
601,"confidential: replaced by 'CLID_anonymous'",53,2,3,107,1,1,1
601,"confidential: replaced by 'CLID_anonymous'",53,2,4,0,,,
601,"confidential: replaced by 'CLID_anonymous'",53,2,5,0,,,
601,"confidential: replaced by 'CLID_anonymous'",53,2,6,0,,,
601,"confidential: replaced by 'CLID_anonymous'",53,2,7,0,,,
601,"confidential: replaced by 'CLID_anonymous'",53,2,8,0,,,
601,"confidential: replaced by 'CLID_anonymous'",53,2,9,0,,,
601,"confidential: replaced by 'CLID_anonymous'",75,1,1,0,,,
601,"confidential: replaced by 'CLID_anonymous'",75,1,2,13,1,1,1
601,"confidential: replaced by 'CLID_anonymous'",75,1,3,78,2,1,1
601,"confidential: replaced by 'CLID_anonymous'",75,1,4,25,1,1,1
601,"confidential: replaced by 'CLID_anonymous'",75,1,5,26,1,1,5
601,"confidential: replaced by 'CLID_anonymous'",75,1,6,22,1,1,6
601,"confidential: replaced by 'CLID_anonymous'",75,1,7,22,1,1,5
601,"confidential: replaced by 'CLID_anonymous'",75,1,8,20,1,1,5
601,"confidential: replaced by 'CLID_anonymous'",75,1,9,18,1,1,5
601,"confidential: replaced by 'CLID_anonymous'",37,1,1,0,,,
601,"confidential: replaced by 'CLID_anonymous'",37,1,2,0,,,
601,"confidential: replaced by 'CLID_anonymous'",37,1,3,49,1,1,1
601,"confidential: replaced by 'CLID_anonymous'",37,1,4,24,1,1,1
601,"confidential: replaced by 'CLID_anonymous'",37,1,5,37,1,1,2
601,"confidential: replaced by 'CLID_anonymous'",37,1,6,30,1,1,2
601,"confidential: replaced by 'CLID_anonymous'",37,1,7,0,,,
601,"confidential: replaced by 'CLID_anonymous'",37,1,8,0,,,
601,"confidential: replaced by 'CLID_anonymous'",37,1,9,0,,,
601,"confidential: replaced by 'CLID_anonymous'",37,2,1,0,,,
601,"confidential: replaced by 'CLID_anonymous'",37,2,2,0,,,
601,"confidential: replaced by 'CLID_anonymous'",37,2,3,44,1,1,1
601,"confidential: replaced by 'CLID_anonymous'",37,2,4,52,1,1,1
601,"confidential: replaced by 'CLID_anonymous'",37,2,5,84,1,1,3
601,"confidential: replaced by 'CLID_anonymous'",37,2,6,38,1,1,3
601,"confidential: replaced by 'CLID_anonymous'",37,2,7,0,,,
601,"confidential: replaced by 'CLID_anonymous'",37,2,8,0,,,
601,"confidential: replaced by 'CLID_anonymous'",37,2,9,0,,,
601,"confidential: replaced by 'CLID_anonymous'",37,3,1,0,,,
601,"confidential: replaced by 'CLID_anonymous'",37,3,2,20,1,1,1
601,"confidential: replaced by 'CLID_anonymous'",37,3,3,229,2,1,1
601,"confidential: replaced by 'CLID_anonymous'",37,3,4,128,2,1,1
601,"confidential: replaced by 'CLID_anonymous'",37,3,5,171,1,1,8
601,"confidential: replaced by 'CLID_anonymous'",37,3,6,131,1,1,8
601,"confidential: replaced by 'CLID_anonymous'",37,3,7,115,1,1,8
601,"confidential: replaced by 'CLID_anonymous'",37,3,8,86,1,1,8
601,"confidential: replaced by 'CLID_anonymous'",37,3,9,72,1,1,8
601,"confidential: replaced by 'CLID_anonymous'",61,1,1,0,,,
601,"confidential: replaced by 'CLID_anonymous'",61,1,2,27,1,1,1
601,"confidential: replaced by 'CLID_anonymous'",61,1,3,46,1,1,1
601,"confidential: replaced by 'CLID_anonymous'",61,1,4,50,1,1,1
601,"confidential: replaced by 'CLID_anonymous'",61,1,5,33,1,1,3
601,"confidential: replaced by 'CLID_anonymous'",61,1,6,38,1,1,3
601,"confidential: replaced by 'CLID_anonymous'",61,1,7,37,1,1,3
601,"confidential: replaced by 'CLID_anonymous'",61,1,8,39,1,1,3
601,"confidential: replaced by 'CLID_anonymous'",61,1,9,28,1,1,3
601,"confidential: replaced by 'CLID_anonymous'",60,1,1,0,,,
601,"confidential: replaced by 'CLID_anonymous'",60,1,2,22,1,1,1
601,"confidential: replaced by 'CLID_anonymous'",60,1,3,77,1,1,1
601,"confidential: replaced by 'CLID_anonymous'",60,1,4,51,1,1,1
601,"confidential: replaced by 'CLID_anonymous'",60,1,5,37,1,1,2
601,"confidential: replaced by 'CLID_anonymous'",60,1,6,72,1,1,2
601,"confidential: replaced by 'CLID_anonymous'",60,1,7,21,1,1,2
601,"confidential: replaced by 'CLID_anonymous'",60,1,8,40,1,1,2
601,"confidential: replaced by 'CLID_anonymous'",60,1,9,23,1,1,2
601,"confidential: replaced by 'CLID_anonymous'",4,1,1,0,,,
601,"confidential: replaced by 'CLID_anonymous'",4,1,2,15,1,1,1
601,"confidential: replaced by 'CLID_anonymous'",4,1,3,41,1,1,1
601,"confidential: replaced by 'CLID_anonymous'",4,1,4,34,1,1,1
601,"confidential: replaced by 'CLID_anonymous'",4,1,5,39,1,1,3
601,"confidential: replaced by 'CLID_anonymous'",4,1,6,42,1,1,3
601,"confidential: replaced by 'CLID_anonymous'",4,1,7,17,1,1,3
601,"confidential: replaced by 'CLID_anonymous'",4,1,8,32,1,1,3
601,"confidential: replaced by 'CLID_anonymous'",4,1,9,26,1,1,3
601,"confidential: replaced by 'CLID_anonymous'",4,2,1,0,,,
601,"confidential: replaced by 'CLID_anonymous'",4,2,2,6,1,1,0
601,"confidential: replaced by 'CLID_anonymous'",4,2,3,24,1,1,0
601,"confidential: replaced by 'CLID_anonymous'",4,2,4,20,1,1,0
601,"confidential: replaced by 'CLID_anonymous'",4,2,5,15,1,1,0
601,"confidential: replaced by 'CLID_anonymous'",4,2,6,15,1,1,0
601,"confidential: replaced by 'CLID_anonymous'",4,2,7,14,1,1,0
601,"confidential: replaced by 'CLID_anonymous'",4,2,8,12,1,1,0
601,"confidential: replaced by 'CLID_anonymous'",4,2,9,0,,,
601,"confidential: replaced by 'CLID_anonymous'",7,1,1,0,,,
601,"confidential: replaced by 'CLID_anonymous'",7,1,2,7,1,1,1
601,"confidential: replaced by 'CLID_anonymous'",7,1,3,74,1,1,1
601,"confidential: replaced by 'CLID_anonymous'",7,1,4,50,1,1,1
601,"confidential: replaced by 'CLID_anonymous'",7,1,5,48,1,1,3
601,"confidential: replaced by 'CLID_anonymous'",7,1,6,62,1,1,3
601,"confidential: replaced by 'CLID_anonymous'",7,1,7,52,1,1,3
601,"confidential: replaced by 'CLID_anonymous'",7,1,8,34,1,1,3
601,"confidential: replaced by 'CLID_anonymous'",7,1,9,45,1,1,3
601,"confidential: replaced by 'CLID_anonymous'",7,2,1,0,,,
601,"confidential: replaced by 'CLID_anonymous'",7,2,2,0,,,
601,"confidential: replaced by 'CLID_anonymous'",7,2,3,47,2,1,1
601,"confidential: replaced by 'CLID_anonymous'",7,2,4,34,2,1,1
601,"confidential: replaced by 'CLID_anonymous'",7,2,5,40,1,1,5
601,"confidential: replaced by 'CLID_anonymous'",7,2,6,48,1,1,5
601,"confidential: replaced by 'CLID_anonymous'",7,2,7,26,1,1,5
601,"confidential: replaced by 'CLID_anonymous'",7,2,8,36,1,1,5
601,"confidential: replaced by 'CLID_anonymous'",7,2,9,0,,,
601,"confidential: replaced by 'CLID_anonymous'",32,1,1,0,,,
601,"confidential: replaced by 'CLID_anonymous'",32,1,2,40,1,1,1
601,"confidential: replaced by 'CLID_anonymous'",32,1,3,102,1,1,1
601,"confidential: replaced by 'CLID_anonymous'",32,1,4,71,1,1,2
601,"confidential: replaced by 'CLID_anonymous'",32,1,5,99,1,1,2
601,"confidential: replaced by 'CLID_anonymous'",32,1,6,46,1,1,2
601,"confidential: replaced by 'CLID_anonymous'",32,1,7,28,1,1,2
601,"confidential: replaced by 'CLID_anonymous'",32,1,8,35,1,1,1
601,"confidential: replaced by 'CLID_anonymous'",32,1,9,26,1,1,1
601,"confidential: replaced by 'CLID_anonymous'",17,1,1,0,,,
601,"confidential: replaced by 'CLID_anonymous'",17,1,2,15,2,1,1
601,"confidential: replaced by 'CLID_anonymous'",17,1,3,62,2,1,1
601,"confidential: replaced by 'CLID_anonymous'",17,1,4,55,2,1,1
601,"confidential: replaced by 'CLID_anonymous'",17,1,5,28,1,1,7
601,"confidential: replaced by 'CLID_anonymous'",17,1,6,40,1,1,7
601,"confidential: replaced by 'CLID_anonymous'",17,1,7,49,1,1,7
601,"confidential: replaced by 'CLID_anonymous'",17,1,8,35,1,1,7
601,"confidential: replaced by 'CLID_anonymous'",17,1,9,25,1,1,7
601,"confidential: replaced by 'CLID_anonymous'",17,2,1,0,,,
601,"confidential: replaced by 'CLID_anonymous'",17,2,2,11,1,1,1
601,"confidential: replaced by 'CLID_anonymous'",17,2,3,94,1,1,1
601,"confidential: replaced by 'CLID_anonymous'",17,2,4,59,1,1,1
601,"confidential: replaced by 'CLID_anonymous'",17,2,5,39,1,1,4
601,"confidential: replaced by 'CLID_anonymous'",17,2,6,36,1,1,4
601,"confidential: replaced by 'CLID_anonymous'",17,2,7,29,1,1,4
601,"confidential: replaced by 'CLID_anonymous'",17,2,8,36,1,1,4
601,"confidential: replaced by 'CLID_anonymous'",17,2,9,17,1,1,4
601,"confidential: replaced by 'CLID_anonymous'",17,3,1,0,,,
601,"confidential: replaced by 'CLID_anonymous'",17,3,2,0,,,
601,"confidential: replaced by 'CLID_anonymous'",17,3,3,22,1,1,1
601,"confidential: replaced by 'CLID_anonymous'",17,3,4,21,1,1,1
601,"confidential: replaced by 'CLID_anonymous'",17,3,5,16,1,1,2
601,"confidential: replaced by 'CLID_anonymous'",17,3,6,14,1,1,2
601,"confidential: replaced by 'CLID_anonymous'",17,3,7,16,1,1,2
601,"confidential: replaced by 'CLID_anonymous'",17,3,8,0,,,
601,"confidential: replaced by 'CLID_anonymous'",17,3,9,10,1,1,2
601,"confidential: replaced by 'CLID_anonymous'",3,1,1,0,,,
601,"confidential: replaced by 'CLID_anonymous'",3,1,2,20,1,1,1
601,"confidential: replaced by 'CLID_anonymous'",3,1,3,20,2,1,1
601,"confidential: replaced by 'CLID_anonymous'",3,1,4,18,2,1,1
601,"confidential: replaced by 'CLID_anonymous'",3,1,5,39,1,1,3
601,"confidential: replaced by 'CLID_anonymous'",3,1,6,39,1,1,3
601,"confidential: replaced by 'CLID_anonymous'",3,1,7,28,1,1,3
601,"confidential: replaced by 'CLID_anonymous'",3,1,8,32,1,1,3
601,"confidential: replaced by 'CLID_anonymous'",3,1,9,18,1,1,3
601,"confidential: replaced by 'CLID_anonymous'",43,1,1,0,,,
601,"confidential: replaced by 'CLID_anonymous'",43,1,2,9,1,1,1
601,"confidential: replaced by 'CLID_anonymous'",43,1,3,78,1,1,1
601,"confidential: replaced by 'CLID_anonymous'",43,1,4,73,1,1,1
601,"confidential: replaced by 'CLID_anonymous'",43,1,5,80,1,1,3
601,"confidential: replaced by 'CLID_anonymous'",43,1,6,95,1,1,3
601,"confidential: replaced by 'CLID_anonymous'",43,1,7,43,1,1,3
601,"confidential: replaced by 'CLID_anonymous'",43,1,8,22,1,1,3
601,"confidential: replaced by 'CLID_anonymous'",43,1,9,22,1,1,3
601,"confidential: replaced by 'CLID_anonymous'",14,1,1,0,,,
601,"confidential: replaced by 'CLID_anonymous'",14,1,2,0,,,
601,"confidential: replaced by 'CLID_anonymous'",14,1,3,139,1,1,1
601,"confidential: replaced by 'CLID_anonymous'",14,1,4,122,1,1,1
601,"confidential: replaced by 'CLID_anonymous'",14,1,5,123,1,1,3
601,"confidential: replaced by 'CLID_anonymous'",14,1,6,105,1,1,3
601,"confidential: replaced by 'CLID_anonymous'",14,1,7,69,1,1,3
601,"confidential: replaced by 'CLID_anonymous'",14,1,8,86,1,1,3
601,"confidential: replaced by 'CLID_anonymous'",14,1,9,56,1,1,2
601,"confidential: replaced by 'CLID_anonymous'",20,1,1,0,,,
601,"confidential: replaced by 'CLID_anonymous'",20,1,2,48,1,1,1
601,"confidential: replaced by 'CLID_anonymous'",20,1,3,80,1,1,1
601,"confidential: replaced by 'CLID_anonymous'",20,1,4,81,1,1,1
601,"confidential: replaced by 'CLID_anonymous'",20,1,5,50,1,1,3
601,"confidential: replaced by 'CLID_anonymous'",20,1,6,114,1,1,3
601,"confidential: replaced by 'CLID_anonymous'",20,1,7,37,1,1,3
601,"confidential: replaced by 'CLID_anonymous'",20,1,8,50,1,1,3
601,"confidential: replaced by 'CLID_anonymous'",20,1,9,50,1,1,3
601,"confidential: replaced by 'CLID_anonymous'",20,2,1,0,,,
601,"confidential: replaced by 'CLID_anonymous'",20,2,2,10,1,1,1
601,"confidential: replaced by 'CLID_anonymous'",20,2,3,38,1,1,1
601,"confidential: replaced by 'CLID_anonymous'",20,2,4,33,1,1,1
601,"confidential: replaced by 'CLID_anonymous'",20,2,5,26,1,1,3
601,"confidential: replaced by 'CLID_anonymous'",20,2,6,34,1,1,3
601,"confidential: replaced by 'CLID_anonymous'",20,2,7,23,1,1,3
601,"confidential: replaced by 'CLID_anonymous'",20,2,8,12,1,1,3
601,"confidential: replaced by 'CLID_anonymous'",20,2,9,12,1,1,3
601,"confidential: replaced by 'CLID_anonymous'",13,1,1,0,,,
601,"confidential: replaced by 'CLID_anonymous'",13,1,2,35,1,1,1
601,"confidential: replaced by 'CLID_anonymous'",13,1,3,56,1,1,1
601,"confidential: replaced by 'CLID_anonymous'",13,1,4,42,1,1,1
601,"confidential: replaced by 'CLID_anonymous'",13,1,5,27,1,1,5
601,"confidential: replaced by 'CLID_anonymous'",13,1,6,46,1,1,5
601,"confidential: replaced by 'CLID_anonymous'",13,1,7,25,1,1,5
601,"confidential: replaced by 'CLID_anonymous'",13,1,8,36,1,1,4
601,"confidential: replaced by 'CLID_anonymous'",13,1,9,34,1,1,5
601,"confidential: replaced by 'CLID_anonymous'",13,2,1,0,,,
601,"confidential: replaced by 'CLID_anonymous'",13,2,2,8,1,1,1
601,"confidential: replaced by 'CLID_anonymous'",13,2,3,44,1,1,1
601,"confidential: replaced by 'CLID_anonymous'",13,2,4,46,1,1,1
601,"confidential: replaced by 'CLID_anonymous'",13,2,5,28,1,1,2
601,"confidential: replaced by 'CLID_anonymous'",13,2,6,58,1,1,2
601,"confidential: replaced by 'CLID_anonymous'",13,2,7,16,1,1,2
601,"confidential: replaced by 'CLID_anonymous'",13,2,8,33,1,1,2
601,"confidential: replaced by 'CLID_anonymous'",13,2,9,21,1,1,2
601,"confidential: replaced by 'CLID_anonymous'",55,1,1,0,,,
601,"confidential: replaced by 'CLID_anonymous'",55,1,2,62,1,1,1
601,"confidential: replaced by 'CLID_anonymous'",55,1,3,25,1,1,1
601,"confidential: replaced by 'CLID_anonymous'",55,1,4,28,1,1,1
601,"confidential: replaced by 'CLID_anonymous'",55,1,5,35,1,1,7
601,"confidential: replaced by 'CLID_anonymous'",55,1,6,26,1,1,7
601,"confidential: replaced by 'CLID_anonymous'",55,1,7,35,1,1,7
601,"confidential: replaced by 'CLID_anonymous'",55,1,8,20,1,1,7
601,"confidential: replaced by 'CLID_anonymous'",55,1,9,30,1,1,7
601,"confidential: replaced by 'CLID_anonymous'",9,1,1,0,,,
601,"confidential: replaced by 'CLID_anonymous'",9,1,2,44,1,1,0
601,"confidential: replaced by 'CLID_anonymous'",9,1,3,43,1,1,1
601,"confidential: replaced by 'CLID_anonymous'",9,1,4,53,1,1,1
601,"confidential: replaced by 'CLID_anonymous'",9,1,5,36,1,1,4
601,"confidential: replaced by 'CLID_anonymous'",9,1,6,32,1,1,4
601,"confidential: replaced by 'CLID_anonymous'",9,1,7,34,1,1,4
601,"confidential: replaced by 'CLID_anonymous'",9,1,8,32,1,1,4
601,"confidential: replaced by 'CLID_anonymous'",9,1,9,22,1,1,4
601,"confidential: replaced by 'CLID_anonymous'",36,1,1,0,,,
601,"confidential: replaced by 'CLID_anonymous'",36,1,2,47,1,1,1
601,"confidential: replaced by 'CLID_anonymous'",36,1,3,30,1,1,1
601,"confidential: replaced by 'CLID_anonymous'",36,1,4,32,1,1,1
601,"confidential: replaced by 'CLID_anonymous'",36,1,5,20,1,1,5
601,"confidential: replaced by 'CLID_anonymous'",36,1,6,24,1,1,5
601,"confidential: replaced by 'CLID_anonymous'",36,1,7,11,1,1,5
601,"confidential: replaced by 'CLID_anonymous'",36,1,8,17,1,1,5
601,"confidential: replaced by 'CLID_anonymous'",36,1,9,23,1,1,4
601,"confidential: replaced by 'CLID_anonymous'",73,1,1,,,,
601,"confidential: replaced by 'CLID_anonymous'",73,1,2,,,,
601,"confidential: replaced by 'CLID_anonymous'",73,1,3,,,,
601,"confidential: replaced by 'CLID_anonymous'",73,1,4,,,,
601,"confidential: replaced by 'CLID_anonymous'",73,1,5,,,,
601,"confidential: replaced by 'CLID_anonymous'",73,1,6,,,,
601,"confidential: replaced by 'CLID_anonymous'",73,1,7,,,,
601,"confidential: replaced by 'CLID_anonymous'",73,1,8,,,,
601,"confidential: replaced by 'CLID_anonymous'",73,1,9,,,,
601,"confidential: replaced by 'CLID_anonymous'",73,2,1,0,,,
601,"confidential: replaced by 'CLID_anonymous'",73,2,2,51,1,1,1
601,"confidential: replaced by 'CLID_anonymous'",73,2,3,96,1,1,2
601,"confidential: replaced by 'CLID_anonymous'",73,2,4,68,1,1,2
601,"confidential: replaced by 'CLID_anonymous'",73,2,5,58,1,1,5
601,"confidential: replaced by 'CLID_anonymous'",73,2,6,68,1,1,7
601,"confidential: replaced by 'CLID_anonymous'",73,2,7,47,1,1,5
601,"confidential: replaced by 'CLID_anonymous'",73,2,8,67,1,1,6
601,"confidential: replaced by 'CLID_anonymous'",73,2,9,48,1,1,8
601,"confidential: replaced by 'CLID_anonymous'",73,3,1,0,,,
601,"confidential: replaced by 'CLID_anonymous'",73,3,2,52,1,1,1
601,"confidential: replaced by 'CLID_anonymous'",73,3,3,83,1,1,2
601,"confidential: replaced by 'CLID_anonymous'",73,3,4,55,1,1,3
601,"confidential: replaced by 'CLID_anonymous'",73,3,5,43,1,1,4
601,"confidential: replaced by 'CLID_anonymous'",73,3,6,55,1,1,4
601,"confidential: replaced by 'CLID_anonymous'",73,3,7,63,1,1,4
601,"confidential: replaced by 'CLID_anonymous'",73,3,8,52,1,1,4
601,"confidential: replaced by 'CLID_anonymous'",73,3,9,41,1,1,3
601,"confidential: replaced by 'CLID_anonymous'",34,1,1,0,,,
601,"confidential: replaced by 'CLID_anonymous'",34,1,2,0,,,
601,"confidential: replaced by 'CLID_anonymous'",34,1,3,11,1,1,2
601,"confidential: replaced by 'CLID_anonymous'",34,1,4,0,,,
601,"confidential: replaced by 'CLID_anonymous'",34,1,5,0,,,
601,"confidential: replaced by 'CLID_anonymous'",34,1,6,8,1,1,2
601,"confidential: replaced by 'CLID_anonymous'",34,1,7,0,,,
601,"confidential: replaced by 'CLID_anonymous'",34,1,8,0,,,
601,"confidential: replaced by 'CLID_anonymous'",34,1,9,0,,,
601,"confidential: replaced by 'CLID_anonymous'",34,2,1,0,,,
601,"confidential: replaced by 'CLID_anonymous'",34,2,2,0,,,
601,"confidential: replaced by 'CLID_anonymous'",34,2,3,83,2,1,1
601,"confidential: replaced by 'CLID_anonymous'",34,2,4,79,2,1,1
601,"confidential: replaced by 'CLID_anonymous'",34,2,5,64,1,1,5
601,"confidential: replaced by 'CLID_anonymous'",34,2,6,63,1,1,5
601,"confidential: replaced by 'CLID_anonymous'",34,2,7,48,1,1,5
601,"confidential: replaced by 'CLID_anonymous'",34,2,8,46,1,1,5
601,"confidential: replaced by 'CLID_anonymous'",34,2,9,32,1,1,5
601,"confidential: replaced by 'CLID_anonymous'",34,3,1,0,,,
601,"confidential: replaced by 'CLID_anonymous'",34,3,2,11,1,1,1
601,"confidential: replaced by 'CLID_anonymous'",34,3,3,10,1,1,1
601,"confidential: replaced by 'CLID_anonymous'",34,3,4,0,,,
601,"confidential: replaced by 'CLID_anonymous'",34,3,5,12,1,1,1
601,"confidential: replaced by 'CLID_anonymous'",34,3,6,14,1,1,2
601,"confidential: replaced by 'CLID_anonymous'",34,3,7,0,,,
601,"confidential: replaced by 'CLID_anonymous'",34,3,8,9,1,1,2
601,"confidential: replaced by 'CLID_anonymous'",34,3,9,11,1,1,2
601,"confidential: replaced by 'CLID_anonymous'",64,1,1,0,,,
601,"confidential: replaced by 'CLID_anonymous'",64,1,2,60,1,1,2
601,"confidential: replaced by 'CLID_anonymous'",64,1,3,160,1,1,2
601,"confidential: replaced by 'CLID_anonymous'",64,1,4,109,1,1,3
601,"confidential: replaced by 'CLID_anonymous'",64,1,5,111,1,1,3
601,"confidential: replaced by 'CLID_anonymous'",64,1,6,144,1,1,4
601,"confidential: replaced by 'CLID_anonymous'",64,1,7,105,1,1,3
601,"confidential: replaced by 'CLID_anonymous'",64,1,8,130,1,1,4
601,"confidential: replaced by 'CLID_anonymous'",64,1,9,90,1,1,4
601,"confidential: replaced by 'CLID_anonymous'",64,2,1,0,,,
601,"confidential: replaced by 'CLID_anonymous'",64,2,2,104,1,1,2
601,"confidential: replaced by 'CLID_anonymous'",64,2,3,268,1,1,4
601,"confidential: replaced by 'CLID_anonymous'",64,2,4,246,1,1,4
601,"confidential: replaced by 'CLID_anonymous'",64,2,5,254,1,1,4
601,"confidential: replaced by 'CLID_anonymous'",64,2,6,138,1,1,4
601,"confidential: replaced by 'CLID_anonymous'",64,2,7,155,1,1,5
601,"confidential: replaced by 'CLID_anonymous'",64,2,8,145,1,1,4
601,"confidential: replaced by 'CLID_anonymous'",64,2,9,122,1,1,4
601,"confidential: replaced by 'CLID_anonymous'",64,3,1,0,,,
601,"confidential: replaced by 'CLID_anonymous'",64,3,2,105,1,1,1
601,"confidential: replaced by 'CLID_anonymous'",64,3,3,170,1,1,2
601,"confidential: replaced by 'CLID_anonymous'",64,3,4,94,1,1,2
601,"confidential: replaced by 'CLID_anonymous'",64,3,5,115,1,1,4
601,"confidential: replaced by 'CLID_anonymous'",64,3,6,119,1,1,4
601,"confidential: replaced by 'CLID_anonymous'",64,3,7,86,1,1,4
601,"confidential: replaced by 'CLID_anonymous'",64,3,8,67,1,1,3
601,"confidential: replaced by 'CLID_anonymous'",64,3,9,73,1,1,3
601,"confidential: replaced by 'CLID_anonymous'",64,4,1,0,,,
601,"confidential: replaced by 'CLID_anonymous'",64,4,2,70,1,1,1
601,"confidential: replaced by 'CLID_anonymous'",64,4,3,203,1,1,3
601,"confidential: replaced by 'CLID_anonymous'",64,4,4,157,1,1,3
601,"confidential: replaced by 'CLID_anonymous'",64,4,5,146,1,1,4
601,"confidential: replaced by 'CLID_anonymous'",64,4,6,112,1,1,4
601,"confidential: replaced by 'CLID_anonymous'",64,4,7,140,1,1,4
601,"confidential: replaced by 'CLID_anonymous'",64,4,8,129,1,1,4
601,"confidential: replaced by 'CLID_anonymous'",64,4,9,119,1,1,5
601,"confidential: replaced by 'CLID_anonymous'",64,5,1,0,,,
601,"confidential: replaced by 'CLID_anonymous'",64,5,2,45,1,1,1
601,"confidential: replaced by 'CLID_anonymous'",64,5,3,103,1,1,2
601,"confidential: replaced by 'CLID_anonymous'",64,5,4,99,1,1,2
601,"confidential: replaced by 'CLID_anonymous'",64,5,5,96,1,1,3
601,"confidential: replaced by 'CLID_anonymous'",64,5,6,106,1,1,4
601,"confidential: replaced by 'CLID_anonymous'",64,5,7,113,1,1,4
601,"confidential: replaced by 'CLID_anonymous'",64,5,8,71,1,1,3
601,"confidential: replaced by 'CLID_anonymous'",64,5,9,48,1,1,3
601,"confidential: replaced by 'CLID_anonymous'",78,1,1,0,,,
601,"confidential: replaced by 'CLID_anonymous'",78,1,2,0,,,
601,"confidential: replaced by 'CLID_anonymous'",78,1,3,70,1,1,1
601,"confidential: replaced by 'CLID_anonymous'",78,1,4,41,1,1,1
601,"confidential: replaced by 'CLID_anonymous'",78,1,5,53,1,1,4
601,"confidential: replaced by 'CLID_anonymous'",78,1,6,40,1,1,4
601,"confidential: replaced by 'CLID_anonymous'",78,1,7,53,1,1,4
601,"confidential: replaced by 'CLID_anonymous'",78,1,8,25,1,1,4
601,"confidential: replaced by 'CLID_anonymous'",78,1,9,40,1,1,4
601,"confidential: replaced by 'CLID_anonymous'",2,1,1,0,,,
601,"confidential: replaced by 'CLID_anonymous'",2,1,2,42,1,1,1
601,"confidential: replaced by 'CLID_anonymous'",2,1,3,50,1,1,1
601,"confidential: replaced by 'CLID_anonymous'",2,1,4,91,1,1,1
601,"confidential: replaced by 'CLID_anonymous'",2,1,5,93,1,1,7
601,"confidential: replaced by 'CLID_anonymous'",2,1,6,57,1,1,7
601,"confidential: replaced by 'CLID_anonymous'",2,1,7,68,1,1,7
601,"confidential: replaced by 'CLID_anonymous'",2,1,8,38,1,1,7
601,"confidential: replaced by 'CLID_anonymous'",2,1,9,47,1,1,7
601,"confidential: replaced by 'CLID_anonymous'",51,1,1,0,,,
601,"confidential: replaced by 'CLID_anonymous'",51,1,2,7,1,1,1
601,"confidential: replaced by 'CLID_anonymous'",51,1,3,60,1,1,1
601,"confidential: replaced by 'CLID_anonymous'",51,1,4,50,1,1,1
601,"confidential: replaced by 'CLID_anonymous'",51,1,5,50,1,1,4
601,"confidential: replaced by 'CLID_anonymous'",51,1,6,45,1,1,4
601,"confidential: replaced by 'CLID_anonymous'",51,1,7,54,1,1,4
601,"confidential: replaced by 'CLID_anonymous'",51,1,8,50,1,1,4
601,"confidential: replaced by 'CLID_anonymous'",51,1,9,24,1,1,3
601,"confidential: replaced by 'CLID_anonymous'",57,1,1,0,,,
601,"confidential: replaced by 'CLID_anonymous'",57,1,2,63,2,1,1
601,"confidential: replaced by 'CLID_anonymous'",57,1,3,162,4,2,3
601,"confidential: replaced by 'CLID_anonymous'",57,1,4,170,5,2,3
601,"confidential: replaced by 'CLID_anonymous'",57,1,5,132,3,1,19
601,"confidential: replaced by 'CLID_anonymous'",57,1,6,104,3,1,19
601,"confidential: replaced by 'CLID_anonymous'",57,1,7,183,5,2,19
601,"confidential: replaced by 'CLID_anonymous'",57,1,8,104,3,1,19
601,"confidential: replaced by 'CLID_anonymous'",57,1,9,111,3,2,19
601,"confidential: replaced by 'CLID_anonymous'",76,1,1,0,,,
601,"confidential: replaced by 'CLID_anonymous'",76,1,2,22,1,1,1
601,"confidential: replaced by 'CLID_anonymous'",76,1,3,35,1,1,1
601,"confidential: replaced by 'CLID_anonymous'",76,1,4,53,1,1,1
601,"confidential: replaced by 'CLID_anonymous'",76,1,5,37,1,1,6
601,"confidential: replaced by 'CLID_anonymous'",76,1,6,39,1,1,6
601,"confidential: replaced by 'CLID_anonymous'",76,1,7,54,1,1,6
601,"confidential: replaced by 'CLID_anonymous'",76,1,8,34,1,1,6
601,"confidential: replaced by 'CLID_anonymous'",76,1,9,38,1,1,6
601,"confidential: replaced by 'CLID_anonymous'",76,2,1,0,,,
601,"confidential: replaced by 'CLID_anonymous'",76,2,2,14,1,1,1
601,"confidential: replaced by 'CLID_anonymous'",76,2,3,61,1,1,1
601,"confidential: replaced by 'CLID_anonymous'",76,2,4,26,1,1,1
601,"confidential: replaced by 'CLID_anonymous'",76,2,5,17,1,1,5
601,"confidential: replaced by 'CLID_anonymous'",76,2,6,19,1,1,5
601,"confidential: replaced by 'CLID_anonymous'",76,2,7,14,1,1,5
601,"confidential: replaced by 'CLID_anonymous'",76,2,8,14,1,1,5
601,"confidential: replaced by 'CLID_anonymous'",76,2,9,12,1,1,5
601,"confidential: replaced by 'CLID_anonymous'",59,1,1,0,,,
601,"confidential: replaced by 'CLID_anonymous'",59,1,2,11,1,1,1
601,"confidential: replaced by 'CLID_anonymous'",59,1,3,82,1,1,1
601,"confidential: replaced by 'CLID_anonymous'",59,1,4,44,1,1,1
601,"confidential: replaced by 'CLID_anonymous'",59,1,5,46,1,1,3
601,"confidential: replaced by 'CLID_anonymous'",59,1,6,30,1,1,3
601,"confidential: replaced by 'CLID_anonymous'",59,1,7,20,1,1,3
601,"confidential: replaced by 'CLID_anonymous'",59,1,8,31,1,1,3
601,"confidential: replaced by 'CLID_anonymous'",59,1,9,23,1,1,3
602,"confidential: replaced by 'CLID_anonymous'",35,1,1,0,,,
602,"confidential: replaced by 'CLID_anonymous'",35,1,2,25,1,1,0
602,"confidential: replaced by 'CLID_anonymous'",35,1,3,40,1,1,1
602,"confidential: replaced by 'CLID_anonymous'",35,1,4,15,1,1,1
602,"confidential: replaced by 'CLID_anonymous'",35,1,5,19,1,1,5
602,"confidential: replaced by 'CLID_anonymous'",35,1,6,20,1,1,4
602,"confidential: replaced by 'CLID_anonymous'",35,1,7,23,1,1,4
602,"confidential: replaced by 'CLID_anonymous'",35,1,8,25,1,1,5
602,"confidential: replaced by 'CLID_anonymous'",35,1,9,12,1,1,5
602,"confidential: replaced by 'CLID_anonymous'",72,1,1,,,,
602,"confidential: replaced by 'CLID_anonymous'",72,1,2,,,,
602,"confidential: replaced by 'CLID_anonymous'",72,1,3,,,,
602,"confidential: replaced by 'CLID_anonymous'",72,1,4,,,,
602,"confidential: replaced by 'CLID_anonymous'",72,1,5,,,,
602,"confidential: replaced by 'CLID_anonymous'",72,1,6,,,,
602,"confidential: replaced by 'CLID_anonymous'",72,1,7,,,,
602,"confidential: replaced by 'CLID_anonymous'",72,1,8,,,,
602,"confidential: replaced by 'CLID_anonymous'",72,1,9,,,,
602,"confidential: replaced by 'CLID_anonymous'",42,1,1,0,,,
602,"confidential: replaced by 'CLID_anonymous'",42,1,2,79,2,1,1
602,"confidential: replaced by 'CLID_anonymous'",42,1,3,96,2,1,1
602,"confidential: replaced by 'CLID_anonymous'",42,1,4,96,2,1,1
602,"confidential: replaced by 'CLID_anonymous'",42,1,5,54,1,1,5
602,"confidential: replaced by 'CLID_anonymous'",42,1,6,56,1,1,5
602,"confidential: replaced by 'CLID_anonymous'",42,1,7,51,1,1,5
602,"confidential: replaced by 'CLID_anonymous'",42,1,8,37,1,1,5
602,"confidential: replaced by 'CLID_anonymous'",42,1,9,56,1,1,1
602,"confidential: replaced by 'CLID_anonymous'",69,1,1,0,,,
602,"confidential: replaced by 'CLID_anonymous'",69,1,2,36,1,1,1
602,"confidential: replaced by 'CLID_anonymous'",69,1,3,70,1,1,4
602,"confidential: replaced by 'CLID_anonymous'",69,1,4,62,1,1,4
602,"confidential: replaced by 'CLID_anonymous'",69,1,5,70,1,1,5
602,"confidential: replaced by 'CLID_anonymous'",69,1,6,64,1,1,6
602,"confidential: replaced by 'CLID_anonymous'",69,1,7,62,1,1,6
602,"confidential: replaced by 'CLID_anonymous'",69,1,8,71,1,1,6
602,"confidential: replaced by 'CLID_anonymous'",69,1,9,41,1,1,5
602,"confidential: replaced by 'CLID_anonymous'",69,2,1,0,,,
602,"confidential: replaced by 'CLID_anonymous'",69,2,2,23,1,1,1
602,"confidential: replaced by 'CLID_anonymous'",69,2,3,24,1,1,1
602,"confidential: replaced by 'CLID_anonymous'",69,2,4,34,1,1,1
602,"confidential: replaced by 'CLID_anonymous'",69,2,5,33,1,1,5
602,"confidential: replaced by 'CLID_anonymous'",69,2,6,8,1,1,5
602,"confidential: replaced by 'CLID_anonymous'",69,2,7,19,1,1,5
602,"confidential: replaced by 'CLID_anonymous'",69,2,8,36,1,1,5
602,"confidential: replaced by 'CLID_anonymous'",69,2,9,26,1,1,5
602,"confidential: replaced by 'CLID_anonymous'",47,1,1,0,,,
602,"confidential: replaced by 'CLID_anonymous'",47,1,2,25,1,1,1
602,"confidential: replaced by 'CLID_anonymous'",47,1,3,48,1,1,1
602,"confidential: replaced by 'CLID_anonymous'",47,1,4,41,1,1,1
602,"confidential: replaced by 'CLID_anonymous'",47,1,5,57,1,1,7
602,"confidential: replaced by 'CLID_anonymous'",47,1,6,41,1,1,7
602,"confidential: replaced by 'CLID_anonymous'",47,1,7,50,1,1,7
602,"confidential: replaced by 'CLID_anonymous'",47,1,8,51,1,1,7
602,"confidential: replaced by 'CLID_anonymous'",47,1,9,37,1,1,7
602,"confidential: replaced by 'CLID_anonymous'",47,2,1,0,,,
602,"confidential: replaced by 'CLID_anonymous'",47,2,2,14,1,1,1
602,"confidential: replaced by 'CLID_anonymous'",47,2,3,24,1,1,1
602,"confidential: replaced by 'CLID_anonymous'",47,2,4,18,1,1,1
602,"confidential: replaced by 'CLID_anonymous'",47,2,5,20,1,1,4
602,"confidential: replaced by 'CLID_anonymous'",47,2,6,24,1,1,4
602,"confidential: replaced by 'CLID_anonymous'",47,2,7,28,1,1,4
602,"confidential: replaced by 'CLID_anonymous'",47,2,8,25,1,1,3
602,"confidential: replaced by 'CLID_anonymous'",47,2,9,33,1,1,3
602,"confidential: replaced by 'CLID_anonymous'",10,1,1,0,,,
602,"confidential: replaced by 'CLID_anonymous'",10,1,2,54,1,1,1
602,"confidential: replaced by 'CLID_anonymous'",10,1,3,40,1,1,1
602,"confidential: replaced by 'CLID_anonymous'",10,1,4,43,1,1,1
602,"confidential: replaced by 'CLID_anonymous'",10,1,5,55,1,1,4
602,"confidential: replaced by 'CLID_anonymous'",10,1,6,45,1,1,4
602,"confidential: replaced by 'CLID_anonymous'",10,1,7,39,1,1,4
602,"confidential: replaced by 'CLID_anonymous'",10,1,8,22,1,1,4
602,"confidential: replaced by 'CLID_anonymous'",10,1,9,25,1,1,4
602,"confidential: replaced by 'CLID_anonymous'",33,1,1,0,,,
602,"confidential: replaced by 'CLID_anonymous'",33,1,2,53,1,1,1
602,"confidential: replaced by 'CLID_anonymous'",33,1,3,109,1,2,2
602,"confidential: replaced by 'CLID_anonymous'",33,1,4,117,1,2,2
602,"confidential: replaced by 'CLID_anonymous'",33,1,5,130,1,2,7
602,"confidential: replaced by 'CLID_anonymous'",33,1,6,94,1,2,8
602,"confidential: replaced by 'CLID_anonymous'",33,1,7,122,1,2,9
602,"confidential: replaced by 'CLID_anonymous'",33,1,8,128,1,2,9
602,"confidential: replaced by 'CLID_anonymous'",33,1,9,83,1,2,10
602,"confidential: replaced by 'CLID_anonymous'",33,2,1,0,,,
602,"confidential: replaced by 'CLID_anonymous'",33,2,2,50,2,1,1
602,"confidential: replaced by 'CLID_anonymous'",33,2,3,120,2,2,2
602,"confidential: replaced by 'CLID_anonymous'",33,2,4,111,2,2,2
602,"confidential: replaced by 'CLID_anonymous'",33,2,5,91,2,2,6
602,"confidential: replaced by 'CLID_anonymous'",33,2,6,113,2,2,6
602,"confidential: replaced by 'CLID_anonymous'",33,2,7,102,2,2,7
602,"confidential: replaced by 'CLID_anonymous'",33,2,8,113,2,2,6
602,"confidential: replaced by 'CLID_anonymous'",33,2,9,84,2,2,8
602,"confidential: replaced by 'CLID_anonymous'",33,3,1,0,,,
602,"confidential: replaced by 'CLID_anonymous'",33,3,2,54,1,1,1
602,"confidential: replaced by 'CLID_anonymous'",33,3,3,52,1,1,1
602,"confidential: replaced by 'CLID_anonymous'",33,3,4,53,1,1,5
602,"confidential: replaced by 'CLID_anonymous'",33,3,5,55,1,1,5
602,"confidential: replaced by 'CLID_anonymous'",33,3,6,32,1,1,6
602,"confidential: replaced by 'CLID_anonymous'",33,3,7,51,1,1,5
602,"confidential: replaced by 'CLID_anonymous'",33,3,8,48,1,1,5
602,"confidential: replaced by 'CLID_anonymous'",33,3,9,37,1,1,6
602,"confidential: replaced by 'CLID_anonymous'",33,4,1,0,,,
602,"confidential: replaced by 'CLID_anonymous'",33,4,2,64,1,2,2
602,"confidential: replaced by 'CLID_anonymous'",33,4,3,147,1,2,4
602,"confidential: replaced by 'CLID_anonymous'",33,4,4,88,1,2,4
602,"confidential: replaced by 'CLID_anonymous'",33,4,5,92,1,2,5
602,"confidential: replaced by 'CLID_anonymous'",33,4,6,100,1,2,5
602,"confidential: replaced by 'CLID_anonymous'",33,4,7,141,1,2,4
602,"confidential: replaced by 'CLID_anonymous'",33,4,8,141,1,2,4
602,"confidential: replaced by 'CLID_anonymous'",33,4,9,116,1,2,4
602,"confidential: replaced by 'CLID_anonymous'",28,1,1,,,,
602,"confidential: replaced by 'CLID_anonymous'",28,1,2,,,,
602,"confidential: replaced by 'CLID_anonymous'",28,1,3,,,,
602,"confidential: replaced by 'CLID_anonymous'",28,1,4,,,,
602,"confidential: replaced by 'CLID_anonymous'",28,1,5,,,,
602,"confidential: replaced by 'CLID_anonymous'",28,1,6,,,,
602,"confidential: replaced by 'CLID_anonymous'",28,1,7,,,,
602,"confidential: replaced by 'CLID_anonymous'",28,1,8,,,,
602,"confidential: replaced by 'CLID_anonymous'",28,1,9,,,,
602,"confidential: replaced by 'CLID_anonymous'",28,2,1,,,,
602,"confidential: replaced by 'CLID_anonymous'",28,2,2,,,,
602,"confidential: replaced by 'CLID_anonymous'",28,2,3,,,,
602,"confidential: replaced by 'CLID_anonymous'",28,2,4,,,,
602,"confidential: replaced by 'CLID_anonymous'",28,2,5,,,,
602,"confidential: replaced by 'CLID_anonymous'",28,2,6,,,,
602,"confidential: replaced by 'CLID_anonymous'",28,2,7,,,,
602,"confidential: replaced by 'CLID_anonymous'",28,2,8,,,,
602,"confidential: replaced by 'CLID_anonymous'",28,2,9,,,,
602,"confidential: replaced by 'CLID_anonymous'",28,3,1,,,,
602,"confidential: replaced by 'CLID_anonymous'",28,3,2,,,,
602,"confidential: replaced by 'CLID_anonymous'",28,3,3,,,,
602,"confidential: replaced by 'CLID_anonymous'",28,3,4,,,,
602,"confidential: replaced by 'CLID_anonymous'",28,3,5,,,,
602,"confidential: replaced by 'CLID_anonymous'",28,3,6,,,,
602,"confidential: replaced by 'CLID_anonymous'",28,3,7,,,,
602,"confidential: replaced by 'CLID_anonymous'",28,3,8,,,,
602,"confidential: replaced by 'CLID_anonymous'",28,3,9,,,,
602,"confidential: replaced by 'CLID_anonymous'",28,4,1,,,,
602,"confidential: replaced by 'CLID_anonymous'",28,4,2,,,,
602,"confidential: replaced by 'CLID_anonymous'",28,4,3,,,,
602,"confidential: replaced by 'CLID_anonymous'",28,4,4,,,,
602,"confidential: replaced by 'CLID_anonymous'",28,4,5,,,,
602,"confidential: replaced by 'CLID_anonymous'",28,4,6,,,,
602,"confidential: replaced by 'CLID_anonymous'",28,4,7,,,,
602,"confidential: replaced by 'CLID_anonymous'",28,4,8,,,,
602,"confidential: replaced by 'CLID_anonymous'",28,4,9,,,,
602,"confidential: replaced by 'CLID_anonymous'",28,5,1,0,,,
602,"confidential: replaced by 'CLID_anonymous'",28,5,2,53,1,1,1
602,"confidential: replaced by 'CLID_anonymous'",28,5,3,361,1,4,4
602,"confidential: replaced by 'CLID_anonymous'",28,5,4,257,1,3,3
602,"confidential: replaced by 'CLID_anonymous'",28,5,5,256,1,3,26
602,"confidential: replaced by 'CLID_anonymous'",28,5,6,263,1,3,26
602,"confidential: replaced by 'CLID_anonymous'",28,5,7,189,1,2,26
602,"confidential: replaced by 'CLID_anonymous'",28,5,8,187,1,2,26
602,"confidential: replaced by 'CLID_anonymous'",28,5,9,1631,1,2,26
602,"confidential: replaced by 'CLID_anonymous'",11,1,1,0,,,
602,"confidential: replaced by 'CLID_anonymous'",11,1,2,34,1,1,1
602,"confidential: replaced by 'CLID_anonymous'",11,1,3,17,1,1,2
602,"confidential: replaced by 'CLID_anonymous'",11,1,4,19,1,1,2
602,"confidential: replaced by 'CLID_anonymous'",11,1,5,25,1,1,3
602,"confidential: replaced by 'CLID_anonymous'",11,1,6,12,1,1,4
602,"confidential: replaced by 'CLID_anonymous'",11,1,7,21,1,1,5
602,"confidential: replaced by 'CLID_anonymous'",11,1,8,15,1,1,5
602,"confidential: replaced by 'CLID_anonymous'",11,1,9,18,1,1,6
602,"confidential: replaced by 'CLID_anonymous'",11,2,1,0,,,
602,"confidential: replaced by 'CLID_anonymous'",11,2,2,42,1,1,1
602,"confidential: replaced by 'CLID_anonymous'",11,2,3,40,1,1,1
602,"confidential: replaced by 'CLID_anonymous'",11,2,4,47,1,1,1
602,"confidential: replaced by 'CLID_anonymous'",11,2,5,30,1,1,2
602,"confidential: replaced by 'CLID_anonymous'",11,2,6,36,1,1,3
602,"confidential: replaced by 'CLID_anonymous'",11,2,7,46,1,1,3
602,"confidential: replaced by 'CLID_anonymous'",11,2,8,49,1,1,3
602,"confidential: replaced by 'CLID_anonymous'",11,2,9,25,1,1,4
602,"confidential: replaced by 'CLID_anonymous'",81,1,1,0,,,
602,"confidential: replaced by 'CLID_anonymous'",81,1,2,30,1,1,1
602,"confidential: replaced by 'CLID_anonymous'",81,1,3,32,2,1,1
602,"confidential: replaced by 'CLID_anonymous'",81,1,4,33,2,1,1
602,"confidential: replaced by 'CLID_anonymous'",81,1,5,34,1,1,4
602,"confidential: replaced by 'CLID_anonymous'",81,1,6,27,1,1,4
602,"confidential: replaced by 'CLID_anonymous'",81,1,7,30,1,1,4
602,"confidential: replaced by 'CLID_anonymous'",81,1,8,23,1,1,4
602,"confidential: replaced by 'CLID_anonymous'",81,1,9,18,1,1,4
602,"confidential: replaced by 'CLID_anonymous'",29,1,1,0,,,
602,"confidential: replaced by 'CLID_anonymous'",29,1,2,13,1,1,1
602,"confidential: replaced by 'CLID_anonymous'",29,1,3,15,1,1,1
602,"confidential: replaced by 'CLID_anonymous'",29,1,4,9,1,1,1
602,"confidential: replaced by 'CLID_anonymous'",29,1,5,11,2,1,3
602,"confidential: replaced by 'CLID_anonymous'",29,1,6,7,2,1,3
602,"confidential: replaced by 'CLID_anonymous'",29,1,7,7,1,1,3
602,"confidential: replaced by 'CLID_anonymous'",29,1,8,10,1,1,3
602,"confidential: replaced by 'CLID_anonymous'",29,1,9,0,,,
602,"confidential: replaced by 'CLID_anonymous'",45,1,1,0,,,
602,"confidential: replaced by 'CLID_anonymous'",45,1,2,23,1,1,1
602,"confidential: replaced by 'CLID_anonymous'",45,1,3,37,1,1,1
602,"confidential: replaced by 'CLID_anonymous'",45,1,4,12,1,1,2
602,"confidential: replaced by 'CLID_anonymous'",45,1,5,14,1,1,3
602,"confidential: replaced by 'CLID_anonymous'",45,1,6,28,1,1,3
602,"confidential: replaced by 'CLID_anonymous'",45,1,7,12,1,1,3
602,"confidential: replaced by 'CLID_anonymous'",45,1,8,21,1,1,4
602,"confidential: replaced by 'CLID_anonymous'",45,1,9,20,1,1,4
602,"confidential: replaced by 'CLID_anonymous'",39,1,1,0,,,
602,"confidential: replaced by 'CLID_anonymous'",39,1,2,55,1,1,1
602,"confidential: replaced by 'CLID_anonymous'",39,1,3,47,1,2,1
602,"confidential: replaced by 'CLID_anonymous'",39,1,4,68,1,2,1
602,"confidential: replaced by 'CLID_anonymous'",39,1,5,51,1,1,4
602,"confidential: replaced by 'CLID_anonymous'",39,1,6,55,1,1,6
602,"confidential: replaced by 'CLID_anonymous'",39,1,7,45,1,1,7
602,"confidential: replaced by 'CLID_anonymous'",39,1,8,44,1,1,7
602,"confidential: replaced by 'CLID_anonymous'",39,1,9,33,1,1,7
602,"confidential: replaced by 'CLID_anonymous'",44,1,1,0,,,
602,"confidential: replaced by 'CLID_anonymous'",44,1,2,110,1,1,1
602,"confidential: replaced by 'CLID_anonymous'",44,1,3,58,1,1,3
602,"confidential: replaced by 'CLID_anonymous'",44,1,4,67,1,1,5
602,"confidential: replaced by 'CLID_anonymous'",44,1,5,67,1,1,5
602,"confidential: replaced by 'CLID_anonymous'",44,1,6,55,1,1,4
602,"confidential: replaced by 'CLID_anonymous'",44,1,7,60,1,1,5
602,"confidential: replaced by 'CLID_anonymous'",44,1,8,42,1,1,5
602,"confidential: replaced by 'CLID_anonymous'",44,1,9,57,1,1,6
602,"confidential: replaced by 'CLID_anonymous'",44,2,1,0,,,
602,"confidential: replaced by 'CLID_anonymous'",44,2,2,39,1,1,1
602,"confidential: replaced by 'CLID_anonymous'",44,2,3,78,2,1,1
602,"confidential: replaced by 'CLID_anonymous'",44,2,4,59,2,1,1
602,"confidential: replaced by 'CLID_anonymous'",44,2,5,52,1,1,9
602,"confidential: replaced by 'CLID_anonymous'",44,2,6,44,1,1,9
602,"confidential: replaced by 'CLID_anonymous'",44,2,7,33,1,1,9
602,"confidential: replaced by 'CLID_anonymous'",44,2,8,49,1,1,9
602,"confidential: replaced by 'CLID_anonymous'",44,2,9,36,1,1,9
602,"confidential: replaced by 'CLID_anonymous'",18,1,1,25,1,1,1
602,"confidential: replaced by 'CLID_anonymous'",18,1,2,0,,,
602,"confidential: replaced by 'CLID_anonymous'",18,1,3,98,1,1,2
602,"confidential: replaced by 'CLID_anonymous'",18,1,4,51,1,1,3
602,"confidential: replaced by 'CLID_anonymous'",18,1,5,60,1,1,6
602,"confidential: replaced by 'CLID_anonymous'",18,1,6,64,1,1,6
602,"confidential: replaced by 'CLID_anonymous'",18,1,7,64,1,1,6
602,"confidential: replaced by 'CLID_anonymous'",18,1,8,72,1,1,6
602,"confidential: replaced by 'CLID_anonymous'",18,1,9,47,1,1,6
602,"confidential: replaced by 'CLID_anonymous'",12,1,1,,,,
602,"confidential: replaced by 'CLID_anonymous'",12,1,2,,,,
602,"confidential: replaced by 'CLID_anonymous'",12,1,3,,,,
602,"confidential: replaced by 'CLID_anonymous'",12,1,4,,,,
602,"confidential: replaced by 'CLID_anonymous'",12,1,5,,,,
602,"confidential: replaced by 'CLID_anonymous'",12,1,6,,,,
602,"confidential: replaced by 'CLID_anonymous'",12,1,7,,,,
602,"confidential: replaced by 'CLID_anonymous'",12,1,8,,,,
602,"confidential: replaced by 'CLID_anonymous'",12,1,9,,,,
602,"confidential: replaced by 'CLID_anonymous'",65,1,1,0,,,
602,"confidential: replaced by 'CLID_anonymous'",65,1,2,5,1,1,1
602,"confidential: replaced by 'CLID_anonymous'",65,1,3,29,1,1,1
602,"confidential: replaced by 'CLID_anonymous'",65,1,4,0,,,
602,"confidential: replaced by 'CLID_anonymous'",65,1,5,11,1,1,4
602,"confidential: replaced by 'CLID_anonymous'",65,1,6,12,1,1,4
602,"confidential: replaced by 'CLID_anonymous'",65,1,7,17,1,1,3
602,"confidential: replaced by 'CLID_anonymous'",65,1,8,20,1,1,3
602,"confidential: replaced by 'CLID_anonymous'",65,1,9,12,1,1,3
602,"confidential: replaced by 'CLID_anonymous'",54,1,1,0,,,
602,"confidential: replaced by 'CLID_anonymous'",54,1,2,78,2,1,1
602,"confidential: replaced by 'CLID_anonymous'",54,1,3,72,2,1,1
602,"confidential: replaced by 'CLID_anonymous'",54,1,4,70,2,1,1
602,"confidential: replaced by 'CLID_anonymous'",54,1,5,62,1,1,4
602,"confidential: replaced by 'CLID_anonymous'",54,1,6,24,1,1,4
602,"confidential: replaced by 'CLID_anonymous'",54,1,7,65,1,1,4
602,"confidential: replaced by 'CLID_anonymous'",54,1,8,60,1,1,4
602,"confidential: replaced by 'CLID_anonymous'",54,1,9,23,1,1,4
602,"confidential: replaced by 'CLID_anonymous'",54,2,1,0,,,
602,"confidential: replaced by 'CLID_anonymous'",54,2,2,17,1,1,1
602,"confidential: replaced by 'CLID_anonymous'",54,2,3,19,1,1,1
602,"confidential: replaced by 'CLID_anonymous'",54,2,4,20,1,1,1
602,"confidential: replaced by 'CLID_anonymous'",54,2,5,25,1,1,3
602,"confidential: replaced by 'CLID_anonymous'",54,2,6,21,1,1,3
602,"confidential: replaced by 'CLID_anonymous'",54,2,7,27,1,1,3
602,"confidential: replaced by 'CLID_anonymous'",54,2,8,24,1,1,3
602,"confidential: replaced by 'CLID_anonymous'",54,2,9,0,,,
602,"confidential: replaced by 'CLID_anonymous'",38,1,1,0,,,
602,"confidential: replaced by 'CLID_anonymous'",38,1,2,64,1,1,1
602,"confidential: replaced by 'CLID_anonymous'",38,1,3,97,1,1,1
602,"confidential: replaced by 'CLID_anonymous'",38,1,4,66,1,1,1
602,"confidential: replaced by 'CLID_anonymous'",38,1,5,47,1,1,1
602,"confidential: replaced by 'CLID_anonymous'",38,1,6,40,1,1,7
602,"confidential: replaced by 'CLID_anonymous'",38,1,7,39,1,1,7
602,"confidential: replaced by 'CLID_anonymous'",38,1,8,53,1,1,7
602,"confidential: replaced by 'CLID_anonymous'",38,1,9,39,1,1,7
602,"confidential: replaced by 'CLID_anonymous'",25,1,1,0,,,
602,"confidential: replaced by 'CLID_anonymous'",25,1,2,18,1,1,1
602,"confidential: replaced by 'CLID_anonymous'",25,1,3,22,1,1,1
602,"confidential: replaced by 'CLID_anonymous'",25,1,4,26,1,1,1
602,"confidential: replaced by 'CLID_anonymous'",25,1,5,25,1,1,5
602,"confidential: replaced by 'CLID_anonymous'",25,1,6,0,,,
602,"confidential: replaced by 'CLID_anonymous'",25,1,7,15,1,1,5
602,"confidential: replaced by 'CLID_anonymous'",25,1,8,0,,,
602,"confidential: replaced by 'CLID_anonymous'",25,1,9,13,1,1,5
602,"confidential: replaced by 'CLID_anonymous'",23,1,1,0,,,
602,"confidential: replaced by 'CLID_anonymous'",23,1,2,60,1,1,1
602,"confidential: replaced by 'CLID_anonymous'",23,1,3,93,1,1,1
602,"confidential: replaced by 'CLID_anonymous'",23,1,4,81,1,1,1
602,"confidential: replaced by 'CLID_anonymous'",23,1,5,88,1,1,6
602,"confidential: replaced by 'CLID_anonymous'",23,1,6,95,1,1,6
602,"confidential: replaced by 'CLID_anonymous'",23,1,7,67,1,1,6
602,"confidential: replaced by 'CLID_anonymous'",23,1,8,71,1,1,6
602,"confidential: replaced by 'CLID_anonymous'",23,1,9,46,1,1,6
602,"confidential: replaced by 'CLID_anonymous'",31,1,1,0,,,
602,"confidential: replaced by 'CLID_anonymous'",31,1,2,62,1,1,1
602,"confidential: replaced by 'CLID_anonymous'",31,1,3,47,1,1,1
602,"confidential: replaced by 'CLID_anonymous'",31,1,4,42,1,1,2
602,"confidential: replaced by 'CLID_anonymous'",31,1,5,36,1,1,2
602,"confidential: replaced by 'CLID_anonymous'",31,1,6,38,1,1,3
602,"confidential: replaced by 'CLID_anonymous'",31,1,7,32,1,1,3
602,"confidential: replaced by 'CLID_anonymous'",31,1,8,56,1,1,3
602,"confidential: replaced by 'CLID_anonymous'",31,1,9,43,1,1,3
602,"confidential: replaced by 'CLID_anonymous'",31,2,1,,,,
602,"confidential: replaced by 'CLID_anonymous'",31,2,2,,,,
602,"confidential: replaced by 'CLID_anonymous'",31,2,3,,,,
602,"confidential: replaced by 'CLID_anonymous'",31,2,4,,,,
602,"confidential: replaced by 'CLID_anonymous'",31,2,5,,,,
602,"confidential: replaced by 'CLID_anonymous'",31,2,6,,,,
602,"confidential: replaced by 'CLID_anonymous'",31,2,7,,,,
602,"confidential: replaced by 'CLID_anonymous'",31,2,8,,,,
602,"confidential: replaced by 'CLID_anonymous'",31,2,9,,,,
602,"confidential: replaced by 'CLID_anonymous'",24,1,1,0,,,
602,"confidential: replaced by 'CLID_anonymous'",24,1,2,56,1,1,1
602,"confidential: replaced by 'CLID_anonymous'",24,1,3,70,1,1,1
602,"confidential: replaced by 'CLID_anonymous'",24,1,4,47,1,1,2
602,"confidential: replaced by 'CLID_anonymous'",24,1,5,26,1,1,2
602,"confidential: replaced by 'CLID_anonymous'",24,1,6,52,1,1,3
602,"confidential: replaced by 'CLID_anonymous'",24,1,7,14,1,1,3
602,"confidential: replaced by 'CLID_anonymous'",24,1,8,24,1,1,3
602,"confidential: replaced by 'CLID_anonymous'",24,1,9,52,1,1,3
