"DistID","CLID","CLID_anonymous","HHID","SplitOffID","HHEnterpriseID","T5JQ3"
104,"confidential: replaced by 'CLID_anonymous'",26,30,1,1,"Selling bites"
104,"confidential: replaced by 'CLID_anonymous'",26,30,1,2,"Selling winno-wing basket"
104,"confidential: replaced by 'CLID_anonymous'",46,20,1,1,"Small business"
104,"confidential: replaced by 'CLID_anonymous'",46,120,1,1,"Selling fruits"
104,"confidential: replaced by 'CLID_anonymous'",77,20,1,1,"Fish monger"
104,"confidential: replaced by 'CLID_anonymous'",77,30,1,1,"Weeving livestock ropes"
104,"confidential: replaced by 'CLID_anonymous'",77,120,1,1,"Selling firewood"
104,"confidential: replaced by 'CLID_anonymous'",77,170,1,1,"Making charcoal"
104,"confidential: replaced by 'CLID_anonymous'",77,200,1,1,"Butcher"
104,"confidential: replaced by 'CLID_anonymous'",63,50,1,1,"Selling firewood"
104,"confidential: replaced by 'CLID_anonymous'",63,130,1,1,"Selling fruits"
104,"confidential: replaced by 'CLID_anonymous'",63,150,1,1,"Selling firewood"
104,"confidential: replaced by 'CLID_anonymous'",63,190,1,1,"Making and sellings pots"
104,"confidential: replaced by 'CLID_anonymous'",15,50,1,1,"Selling kerosene"
104,"confidential: replaced by 'CLID_anonymous'",15,100,1,1,"Selling local brews"
104,"confidential: replaced by 'CLID_anonymous'",15,140,1,1,"Weeving ropes"
104,"confidential: replaced by 'CLID_anonymous'",15,190,1,1,"Making and selling panga's handle"
104,"confidential: replaced by 'CLID_anonymous'",16,30,1,1,"Selling firewood"
104,"confidential: replaced by 'CLID_anonymous'",16,130,1,1,"Selling vegetable"
104,"confidential: replaced by 'CLID_anonymous'",16,190,1,1,"Selling charcoal"
104,"confidential: replaced by 'CLID_anonymous'",80,70,1,1,"Making charcoal"
104,"confidential: replaced by 'CLID_anonymous'",80,100,1,1,"Sellings bites"
104,"confidential: replaced by 'CLID_anonymous'",80,110,1,1,"Butcher"
104,"confidential: replaced by 'CLID_anonymous'",80,170,1,1,"Selling brews"
104,"confidential: replaced by 'CLID_anonymous'",80,190,1,1,"Making and selling local brews"
104,"confidential: replaced by 'CLID_anonymous'",80,200,1,1,"Making and selling local brews"
104,"confidential: replaced by 'CLID_anonymous'",80,210,1,1,"Selling vegetable"
104,"confidential: replaced by 'CLID_anonymous'",80,220,1,1,"Selling fruits"
104,"confidential: replaced by 'CLID_anonymous'",22,130,1,1,"Selling charcoal"
104,"confidential: replaced by 'CLID_anonymous'",22,220,1,1,"Selling roofing grass"
104,"confidential: replaced by 'CLID_anonymous'",22,230,1,1,"Making chairs"
104,"confidential: replaced by 'CLID_anonymous'",67,190,1,1,"kiosk"
104,"confidential: replaced by 'CLID_anonymous'",67,231,2,1,"shopkeeper"
104,"confidential: replaced by 'CLID_anonymous'",67,231,3,1,"Shop"
104,"confidential: replaced by 'CLID_anonymous'",40,80,1,1,"Making and selling local brews"
104,"confidential: replaced by 'CLID_anonymous'",40,100,1,1,"Carpenter"
104,"confidential: replaced by 'CLID_anonymous'",19,30,1,1,"Kiosk"
104,"confidential: replaced by 'CLID_anonymous'",19,50,1,1,"Selling vegetable"
104,"confidential: replaced by 'CLID_anonymous'",19,140,1,1,"Kiosk"
104,"confidential: replaced by 'CLID_anonymous'",19,190,1,1,"Selling local brews"
104,"confidential: replaced by 'CLID_anonymous'",50,220,1,1,"Selling bites"
104,"confidential: replaced by 'CLID_anonymous'",50,250,1,1,"Small business"
104,"confidential: replaced by 'CLID_anonymous'",6,150,1,1,"Selling fish"
104,"confidential: replaced by 'CLID_anonymous'",6,150,1,2,"Making and selling local brews"
104,"confidential: replaced by 'CLID_anonymous'",6,160,1,1,"Selling charcoal"
104,"confidential: replaced by 'CLID_anonymous'",48,90,1,1,"Selling vegetable"
104,"confidential: replaced by 'CLID_anonymous'",48,180,1,1,"Selling local brews"
104,"confidential: replaced by 'CLID_anonymous'",56,20,1,1,"Selling fruits"
104,"confidential: replaced by 'CLID_anonymous'",56,90,1,1,"Selling firewood"
104,"confidential: replaced by 'CLID_anonymous'",56,230,1,1,"Making and selling local brews"
104,"confidential: replaced by 'CLID_anonymous'",56,241,1,1,"Weeving mats"
104,"confidential: replaced by 'CLID_anonymous'",56,242,1,1,"Processing and selling salt"
104,"confidential: replaced by 'CLID_anonymous'",82,120,1,1,"Sellings fruits"
104,"confidential: replaced by 'CLID_anonymous'",70,21,1,1,"Tradition healer"
104,"confidential: replaced by 'CLID_anonymous'",70,40,1,1,"Sellings fruits"
104,"confidential: replaced by 'CLID_anonymous'",70,100,1,1,"Selling vegetable"
104,"confidential: replaced by 'CLID_anonymous'",70,112,1,1,"Selling local brews"
104,"confidential: replaced by 'CLID_anonymous'",70,120,1,1,"Selling local brews"
104,"confidential: replaced by 'CLID_anonymous'",70,180,1,1,"Iron smith"
104,"confidential: replaced by 'CLID_anonymous'",70,270,1,1,"Selling local brews"
104,"confidential: replaced by 'CLID_anonymous'",52,20,1,1,"Carvings"
104,"confidential: replaced by 'CLID_anonymous'",52,30,1,1,"Selling baobao fruit"
104,"confidential: replaced by 'CLID_anonymous'",52,60,1,1,"Making charcoal"
104,"confidential: replaced by 'CLID_anonymous'",52,60,1,2,"Selling local brews"
104,"confidential: replaced by 'CLID_anonymous'",52,80,1,1,"Making and selling pots"
104,"confidential: replaced by 'CLID_anonymous'",52,90,1,1,"Weevings beds"
104,"confidential: replaced by 'CLID_anonymous'",52,100,1,1,"Carvings"
104,"confidential: replaced by 'CLID_anonymous'",52,110,1,1,"Selling fruits"
104,"confidential: replaced by 'CLID_anonymous'",52,120,1,1,"Making and sellings pots"
104,"confidential: replaced by 'CLID_anonymous'",52,150,1,1,"Selling baobao fruit"
104,"confidential: replaced by 'CLID_anonymous'",52,190,1,1,"Small business"
104,"confidential: replaced by 'CLID_anonymous'",52,190,1,2,"Selling brews"
104,"confidential: replaced by 'CLID_anonymous'",52,190,1,3,"Making charcoal"
104,"confidential: replaced by 'CLID_anonymous'",52,240,1,1,"Making and selling local brews"
104,"confidential: replaced by 'CLID_anonymous'",68,41,1,1,"Selling local brews"
104,"confidential: replaced by 'CLID_anonymous'",68,230,1,1,"Making and selling local brews"
104,"confidential: replaced by 'CLID_anonymous'",8,10,1,1,"Selling vegetable"
104,"confidential: replaced by 'CLID_anonymous'",8,80,1,1,"Making and selling local brews"
104,"confidential: replaced by 'CLID_anonymous'",8,130,1,1,"Selling vegetable"
104,"confidential: replaced by 'CLID_anonymous'",8,160,1,1,"Kiosk"
104,"confidential: replaced by 'CLID_anonymous'",66,100,1,1,"Selling firewood"
104,"confidential: replaced by 'CLID_anonymous'",66,140,1,1,"Making and selling local brews"
601,"confidential: replaced by 'CLID_anonymous'",5,11,1,1,"Small business"
601,"confidential: replaced by 'CLID_anonymous'",5,30,1,1,"Sell fish"
601,"confidential: replaced by 'CLID_anonymous'",5,40,1,1,"Sell coconut"
601,"confidential: replaced by 'CLID_anonymous'",5,50,1,1,"Shoemaker"
601,"confidential: replaced by 'CLID_anonymous'",5,80,1,1,"Sell fish and charcoal"
601,"confidential: replaced by 'CLID_anonymous'",5,101,1,1,"Food vendor"
601,"confidential: replaced by 'CLID_anonymous'",5,110,1,1,"Transportation"
601,"confidential: replaced by 'CLID_anonymous'",5,140,1,1,"Food vendor"
601,"confidential: replaced by 'CLID_anonymous'",5,220,1,1,"Sell charcoal"
601,"confidential: replaced by 'CLID_anonymous'",5,250,1,1,"Sell charcoal"
601,"confidential: replaced by 'CLID_anonymous'",49,30,1,1,"Water vendor"
601,"confidential: replaced by 'CLID_anonymous'",49,70,1,1,"Weeving mats"
601,"confidential: replaced by 'CLID_anonymous'",49,170,1,1,"Weeving palm leaf and mats"
601,"confidential: replaced by 'CLID_anonymous'",49,180,1,1,"Weeving palm leaf"
601,"confidential: replaced by 'CLID_anonymous'",49,180,1,2,"Water vendor"
601,"confidential: replaced by 'CLID_anonymous'",49,200,1,1,"Making charcoal"
601,"confidential: replaced by 'CLID_anonymous'",49,220,1,1,"Weeving mats"
601,"confidential: replaced by 'CLID_anonymous'",49,230,1,1,"Sell fish"
601,"confidential: replaced by 'CLID_anonymous'",49,240,1,1,"Sell fish"
601,"confidential: replaced by 'CLID_anonymous'",49,240,1,2,"Tailoring"
601,"confidential: replaced by 'CLID_anonymous'",49,250,1,1,"Kiosk"
601,"confidential: replaced by 'CLID_anonymous'",49,260,1,1,"Small business"
601,"confidential: replaced by 'CLID_anonymous'",49,272,1,1,"Small business"
601,"confidential: replaced by 'CLID_anonymous'",74,40,1,1,"Sell charcoal"
601,"confidential: replaced by 'CLID_anonymous'",74,60,1,1,"Make local beds"
601,"confidential: replaced by 'CLID_anonymous'",74,90,1,1,"Hairstylist"
601,"confidential: replaced by 'CLID_anonymous'",74,90,1,2,"Sell firewood"
601,"confidential: replaced by 'CLID_anonymous'",74,121,1,1,"Sell charcoal"
601,"confidential: replaced by 'CLID_anonymous'",74,130,1,1,"Kiosk"
601,"confidential: replaced by 'CLID_anonymous'",74,180,1,1,"Poultry keeping"
601,"confidential: replaced by 'CLID_anonymous'",74,220,1,1,"Traditional hea;er"
601,"confidential: replaced by 'CLID_anonymous'",62,40,1,1,"Weeving mats"
601,"confidential: replaced by 'CLID_anonymous'",62,110,1,1,"Food vendor"
601,"confidential: replaced by 'CLID_anonymous'",62,130,1,1,"Food vendor"
601,"confidential: replaced by 'CLID_anonymous'",62,250,1,1,"Water vendor"
601,"confidential: replaced by 'CLID_anonymous'",21,40,1,1,"Making carvings"
601,"confidential: replaced by 'CLID_anonymous'",21,70,1,1,"Rent house"
601,"confidential: replaced by 'CLID_anonymous'",21,90,1,1,"Sell bites"
601,"confidential: replaced by 'CLID_anonymous'",21,100,1,1,"Food vendor"
601,"confidential: replaced by 'CLID_anonymous'",21,160,1,1,"Weeving mats"
601,"confidential: replaced by 'CLID_anonymous'",1,30,1,1,"Sell local brew"
601,"confidential: replaced by 'CLID_anonymous'",1,60,1,1,"Making charcoal"
601,"confidential: replaced by 'CLID_anonymous'",1,110,1,1,"Weeving mats"
601,"confidential: replaced by 'CLID_anonymous'",1,110,1,2,"Transportation"
601,"confidential: replaced by 'CLID_anonymous'",1,220,1,1,"Small business"
601,"confidential: replaced by 'CLID_anonymous'",79,110,1,1,"Weeving mats"
601,"confidential: replaced by 'CLID_anonymous'",79,220,1,1,"Sell charcoal"
601,"confidential: replaced by 'CLID_anonymous'",79,240,1,1,"Small business"
601,"confidential: replaced by 'CLID_anonymous'",41,40,1,1,"Making charcoal"
601,"confidential: replaced by 'CLID_anonymous'",41,80,1,1,"Small business"
601,"confidential: replaced by 'CLID_anonymous'",41,101,1,1,"Shop"
601,"confidential: replaced by 'CLID_anonymous'",41,140,1,1,"Making charcoal"
601,"confidential: replaced by 'CLID_anonymous'",41,180,1,1,"Making charcoal"
601,"confidential: replaced by 'CLID_anonymous'",41,190,1,1,"Making charcoal"
601,"confidential: replaced by 'CLID_anonymous'",41,190,1,2,"Vegetable vendor"
601,"confidential: replaced by 'CLID_anonymous'",41,210,1,1,"Making charcoal"
601,"confidential: replaced by 'CLID_anonymous'",71,10,1,1,"Kiosk"
601,"confidential: replaced by 'CLID_anonymous'",71,71,1,1,"Food vendor"
601,"confidential: replaced by 'CLID_anonymous'",71,103,1,1,"Make bread"
601,"confidential: replaced by 'CLID_anonymous'",71,160,1,1,"Weeving palm leaf"
601,"confidential: replaced by 'CLID_anonymous'",53,41,1,1,"Weeving mats"
601,"confidential: replaced by 'CLID_anonymous'",53,60,1,1,"Sell decorations"
601,"confidential: replaced by 'CLID_anonymous'",53,60,1,2,"Making charcoal"
601,"confidential: replaced by 'CLID_anonymous'",53,70,1,1,"Weeving mats"
601,"confidential: replaced by 'CLID_anonymous'",53,150,1,1,"Weeving mats"
601,"confidential: replaced by 'CLID_anonymous'",53,160,1,1,"Weeving mats"
601,"confidential: replaced by 'CLID_anonymous'",53,240,1,1,"Making charcoal"
601,"confidential: replaced by 'CLID_anonymous'",75,20,1,1,"Sell charcoal"
601,"confidential: replaced by 'CLID_anonymous'",75,30,1,1,"Sell charcoal"
601,"confidential: replaced by 'CLID_anonymous'",75,70,1,1,"Sell charcoal"
601,"confidential: replaced by 'CLID_anonymous'",75,210,1,1,"Water vendor"
601,"confidential: replaced by 'CLID_anonymous'",37,70,1,1,"selling local brew"
601,"confidential: replaced by 'CLID_anonymous'",37,110,1,1,"Selling food to students"
601,"confidential: replaced by 'CLID_anonymous'",37,130,1,1,"House rental"
601,"confidential: replaced by 'CLID_anonymous'",37,170,1,1,"Making charcoal"
601,"confidential: replaced by 'CLID_anonymous'",37,270,2,1,"Weeving strap's rope"
601,"confidential: replaced by 'CLID_anonymous'",61,70,1,1,"Weeving mats"
601,"confidential: replaced by 'CLID_anonymous'",61,80,1,1,"Weeving mats"
601,"confidential: replaced by 'CLID_anonymous'",61,130,1,1,"Weeving mats"
601,"confidential: replaced by 'CLID_anonymous'",61,140,1,1,"Traditional hea;er"
601,"confidential: replaced by 'CLID_anonymous'",61,200,1,1,"Small business"
601,"confidential: replaced by 'CLID_anonymous'",61,210,1,1,"Bicycle mechanics"
601,"confidential: replaced by 'CLID_anonymous'",60,180,1,1,"Weeving mats"
601,"confidential: replaced by 'CLID_anonymous'",60,190,1,1,"Food vendor"
601,"confidential: replaced by 'CLID_anonymous'",4,40,1,1,"Kiosk"
601,"confidential: replaced by 'CLID_anonymous'",4,100,1,1,"Sell charcoal"
601,"confidential: replaced by 'CLID_anonymous'",4,110,1,1,"Kiosk"
601,"confidential: replaced by 'CLID_anonymous'",4,180,1,1,"Shop"
601,"confidential: replaced by 'CLID_anonymous'",4,180,1,2,"Kiosk"
601,"confidential: replaced by 'CLID_anonymous'",4,190,1,1,"Kiosk"
601,"confidential: replaced by 'CLID_anonymous'",4,260,1,1,"Food vendor"
601,"confidential: replaced by 'CLID_anonymous'",7,20,1,1,"Weeving mats"
601,"confidential: replaced by 'CLID_anonymous'",7,50,1,1,"Weeving mats"
601,"confidential: replaced by 'CLID_anonymous'",7,70,1,1,"Sell bread"
601,"confidential: replaced by 'CLID_anonymous'",7,80,1,1,"Small business"
601,"confidential: replaced by 'CLID_anonymous'",7,120,1,1,"Weeving mats"
601,"confidential: replaced by 'CLID_anonymous'",7,130,1,1,"Weeving mats"
601,"confidential: replaced by 'CLID_anonymous'",7,230,1,1,"Make bed ropes"
601,"confidential: replaced by 'CLID_anonymous'",32,20,1,1,"Making charcoal"
601,"confidential: replaced by 'CLID_anonymous'",32,30,1,1,"Making charcoal"
601,"confidential: replaced by 'CLID_anonymous'",32,90,1,1,"Making charcoal"
601,"confidential: replaced by 'CLID_anonymous'",32,150,1,1,"Making charcoal"
601,"confidential: replaced by 'CLID_anonymous'",32,190,1,1,"Kiosk"
601,"confidential: replaced by 'CLID_anonymous'",32,190,1,2,"Making charcoal"
601,"confidential: replaced by 'CLID_anonymous'",32,220,1,1,"Making charcoal"
601,"confidential: replaced by 'CLID_anonymous'",17,40,1,1,"Weeving baskets"
601,"confidential: replaced by 'CLID_anonymous'",17,70,1,1,"Making charcoal"
601,"confidential: replaced by 'CLID_anonymous'",17,201,1,1,"Making charcoal"
601,"confidential: replaced by 'CLID_anonymous'",3,22,1,1,"Sell drinks"
601,"confidential: replaced by 'CLID_anonymous'",3,62,3,1,"Kiosk"
601,"confidential: replaced by 'CLID_anonymous'",3,70,1,1,"Wood trader"
601,"confidential: replaced by 'CLID_anonymous'",3,80,1,1,"Weeving mats"
601,"confidential: replaced by 'CLID_anonymous'",3,90,1,1,"Making charcoal"
601,"confidential: replaced by 'CLID_anonymous'",3,100,1,1,"Weeving mats"
601,"confidential: replaced by 'CLID_anonymous'",3,140,1,1,"Making charcoal"
601,"confidential: replaced by 'CLID_anonymous'",3,160,1,1,"Making charcoal"
601,"confidential: replaced by 'CLID_anonymous'",3,180,1,1,"Carpenter"
601,"confidential: replaced by 'CLID_anonymous'",3,200,1,1,"Transpotation"
601,"confidential: replaced by 'CLID_anonymous'",3,220,1,1,"Weeving mats"
601,"confidential: replaced by 'CLID_anonymous'",43,70,1,1,"Small business"
601,"confidential: replaced by 'CLID_anonymous'",43,120,1,1,"Kiosk"
601,"confidential: replaced by 'CLID_anonymous'",43,120,1,2,"Kiosk"
601,"confidential: replaced by 'CLID_anonymous'",43,150,1,1,"Shop"
601,"confidential: replaced by 'CLID_anonymous'",43,150,1,2,"Sell charcoal"
601,"confidential: replaced by 'CLID_anonymous'",43,220,1,1,"Kiosk"
601,"confidential: replaced by 'CLID_anonymous'",14,40,1,1,"Shop"
601,"confidential: replaced by 'CLID_anonymous'",14,70,1,1,"Make winno-wing basket"
601,"confidential: replaced by 'CLID_anonymous'",14,80,1,1,"Sell local brew"
601,"confidential: replaced by 'CLID_anonymous'",20,40,1,1,"Food vendor"
601,"confidential: replaced by 'CLID_anonymous'",20,70,1,1,"Weeving mats"
601,"confidential: replaced by 'CLID_anonymous'",20,130,1,1,"Small business"
601,"confidential: replaced by 'CLID_anonymous'",20,190,1,1,"Sell local brew"
601,"confidential: replaced by 'CLID_anonymous'",13,21,1,1,"Sell charcoal"
601,"confidential: replaced by 'CLID_anonymous'",13,30,1,1,"Food vendor"
601,"confidential: replaced by 'CLID_anonymous'",13,50,1,1,"Kiosk"
601,"confidential: replaced by 'CLID_anonymous'",13,81,1,1,"Weeving mats"
601,"confidential: replaced by 'CLID_anonymous'",13,90,1,1,"Tailoring"
601,"confidential: replaced by 'CLID_anonymous'",13,100,1,1,"Transportation"
601,"confidential: replaced by 'CLID_anonymous'",13,100,1,2,"Weeving mats"
601,"confidential: replaced by 'CLID_anonymous'",55,70,1,1,"Weeving mats"
601,"confidential: replaced by 'CLID_anonymous'",55,110,1,1,"Food vendor"
601,"confidential: replaced by 'CLID_anonymous'",55,130,1,1,"Sell bites"
601,"confidential: replaced by 'CLID_anonymous'",55,140,1,1,"Sell bites"
601,"confidential: replaced by 'CLID_anonymous'",55,160,2,1,"Food vendor"
601,"confidential: replaced by 'CLID_anonymous'",55,210,1,1,"Sell palm leaf"
601,"confidential: replaced by 'CLID_anonymous'",55,230,2,1,"Weeving mats"
601,"confidential: replaced by 'CLID_anonymous'",9,20,1,1,"Weeving mats"
601,"confidential: replaced by 'CLID_anonymous'",9,180,1,1,"Food vendor"
601,"confidential: replaced by 'CLID_anonymous'",9,200,1,1,"Sell charcoal"
601,"confidential: replaced by 'CLID_anonymous'",36,20,1,1,"Sell fish"
601,"confidential: replaced by 'CLID_anonymous'",36,110,1,1,"Kiosk"
601,"confidential: replaced by 'CLID_anonymous'",36,160,1,1,"Kiosk"
601,"confidential: replaced by 'CLID_anonymous'",36,170,1,1,"Sell kerosene"
601,"confidential: replaced by 'CLID_anonymous'",36,180,1,1,"Food vendor"
601,"confidential: replaced by 'CLID_anonymous'",36,180,1,2,"Kiosk"
601,"confidential: replaced by 'CLID_anonymous'",36,190,1,1,"Food vendor"
601,"confidential: replaced by 'CLID_anonymous'",36,200,1,1,"Kiosk"
601,"confidential: replaced by 'CLID_anonymous'",36,210,1,1,"Hire bicycles"
601,"confidential: replaced by 'CLID_anonymous'",36,230,1,1,"Small business"
601,"confidential: replaced by 'CLID_anonymous'",73,10,1,1,"Kiosk"
601,"confidential: replaced by 'CLID_anonymous'",73,70,1,1,"Transportation"
601,"confidential: replaced by 'CLID_anonymous'",73,70,1,2,"Small business"
601,"confidential: replaced by 'CLID_anonymous'",73,80,1,1,"Food vendor"
601,"confidential: replaced by 'CLID_anonymous'",73,111,1,1,"Food vendor"
601,"confidential: replaced by 'CLID_anonymous'",73,120,1,1,"Sell fish"
601,"confidential: replaced by 'CLID_anonymous'",73,132,1,1,"Small business"
601,"confidential: replaced by 'CLID_anonymous'",73,200,1,1,"Kiosk"
601,"confidential: replaced by 'CLID_anonymous'",73,200,1,2,"Kiosk"
601,"confidential: replaced by 'CLID_anonymous'",73,210,1,1,"Kiosk"
601,"confidential: replaced by 'CLID_anonymous'",34,20,1,1,"Food vendor"
601,"confidential: replaced by 'CLID_anonymous'",34,80,1,1,"Weeving mats"
601,"confidential: replaced by 'CLID_anonymous'",34,100,1,1,"Sell charcoal"
601,"confidential: replaced by 'CLID_anonymous'",34,130,1,1,"Small business"
601,"confidential: replaced by 'CLID_anonymous'",34,160,1,1,"Weeving mats"
601,"confidential: replaced by 'CLID_anonymous'",34,180,1,1,"Sell fish"
601,"confidential: replaced by 'CLID_anonymous'",34,240,1,1,"Weeving mats"
601,"confidential: replaced by 'CLID_anonymous'",34,280,1,1,"Weeving mats"
601,"confidential: replaced by 'CLID_anonymous'",34,331,1,1,"Making charcoal"
601,"confidential: replaced by 'CLID_anonymous'",64,10,1,1,"Make and sell bites"
601,"confidential: replaced by 'CLID_anonymous'",64,40,1,1,"Food vendor"
601,"confidential: replaced by 'CLID_anonymous'",64,70,1,1,"Kiosk"
601,"confidential: replaced by 'CLID_anonymous'",64,90,1,1,"Kiosk"
601,"confidential: replaced by 'CLID_anonymous'",64,180,1,1,"Food vendor"
601,"confidential: replaced by 'CLID_anonymous'",64,190,1,1,"Making charcoal"
601,"confidential: replaced by 'CLID_anonymous'",64,231,1,1,"Food vendor"
601,"confidential: replaced by 'CLID_anonymous'",64,240,1,1,"Sell fish"
601,"confidential: replaced by 'CLID_anonymous'",64,250,1,1,"Food vendor"
601,"confidential: replaced by 'CLID_anonymous'",64,270,1,1,"Sell charcoal"
601,"confidential: replaced by 'CLID_anonymous'",78,130,1,1,"Sell charcoal"
601,"confidential: replaced by 'CLID_anonymous'",78,140,1,1,"Transportation"
601,"confidential: replaced by 'CLID_anonymous'",78,150,1,1,"Weeving mats"
601,"confidential: replaced by 'CLID_anonymous'",78,160,1,1,"Sell firewood"
601,"confidential: replaced by 'CLID_anonymous'",78,160,1,2,"Sell charcoal"
601,"confidential: replaced by 'CLID_anonymous'",2,60,1,1,"Sell diesel"
601,"confidential: replaced by 'CLID_anonymous'",2,80,1,1,"Sell local brew"
601,"confidential: replaced by 'CLID_anonymous'",2,120,1,1,"Sell local brew"
601,"confidential: replaced by 'CLID_anonymous'",2,130,1,1,"Food vendor"
601,"confidential: replaced by 'CLID_anonymous'",2,150,1,1,"Sell firewood"
601,"confidential: replaced by 'CLID_anonymous'",2,190,1,1,"Kiosk"
601,"confidential: replaced by 'CLID_anonymous'",2,210,1,1,"Sell grain"
601,"confidential: replaced by 'CLID_anonymous'",51,10,1,1,"Small business"
601,"confidential: replaced by 'CLID_anonymous'",51,20,1,1,"Small business"
601,"confidential: replaced by 'CLID_anonymous'",51,40,1,1,"Sell local brew"
601,"confidential: replaced by 'CLID_anonymous'",51,60,1,1,"Small business"
601,"confidential: replaced by 'CLID_anonymous'",51,70,1,1,"Sell pebbles"
601,"confidential: replaced by 'CLID_anonymous'",51,120,1,1,"Sell local brew"
601,"confidential: replaced by 'CLID_anonymous'",51,130,1,1,"Tailoring"
601,"confidential: replaced by 'CLID_anonymous'",51,150,1,1,"Sell charcoal"
601,"confidential: replaced by 'CLID_anonymous'",51,200,1,1,"Food vendor"
601,"confidential: replaced by 'CLID_anonymous'",51,260,1,1,"Small business"
601,"confidential: replaced by 'CLID_anonymous'",57,10,1,1,"Make local beds"
601,"confidential: replaced by 'CLID_anonymous'",57,20,1,1,"Sell charcoal"
601,"confidential: replaced by 'CLID_anonymous'",57,60,1,1,"Sell charcoal"
601,"confidential: replaced by 'CLID_anonymous'",57,70,1,1,"Weeving baskets"
601,"confidential: replaced by 'CLID_anonymous'",57,80,1,1,"Food vendor"
601,"confidential: replaced by 'CLID_anonymous'",57,80,1,2,"Sell charcoal"
601,"confidential: replaced by 'CLID_anonymous'",57,90,1,1,"Sell bites"
601,"confidential: replaced by 'CLID_anonymous'",57,101,1,1,"Sell charcoal"
601,"confidential: replaced by 'CLID_anonymous'",57,110,2,1,"Food vendor"
601,"confidential: replaced by 'CLID_anonymous'",57,211,2,1,"Food vendor"
601,"confidential: replaced by 'CLID_anonymous'",57,211,2,2,"Sell charcoal"
601,"confidential: replaced by 'CLID_anonymous'",57,230,1,1,"Small business"
601,"confidential: replaced by 'CLID_anonymous'",76,50,1,1,"Weeving mats"
601,"confidential: replaced by 'CLID_anonymous'",76,70,1,1,"Vegetable vendor"
601,"confidential: replaced by 'CLID_anonymous'",59,200,1,1,"Sell clothes"
601,"confidential: replaced by 'CLID_anonymous'",59,210,1,1,"Shop"
602,"confidential: replaced by 'CLID_anonymous'",35,12,1,1,"Transportation"
602,"confidential: replaced by 'CLID_anonymous'",35,60,1,1,"Carpenter"
602,"confidential: replaced by 'CLID_anonymous'",35,80,1,1,"Food vendor"
602,"confidential: replaced by 'CLID_anonymous'",35,110,1,1,"Food vendor"
602,"confidential: replaced by 'CLID_anonymous'",35,390,1,1,"Food vendor"
602,"confidential: replaced by 'CLID_anonymous'",72,161,1,1,"Sell charcoal"
602,"confidential: replaced by 'CLID_anonymous'",72,162,1,1,"Sell charcoal"
602,"confidential: replaced by 'CLID_anonymous'",72,400,1,1,"Sell fish"
602,"confidential: replaced by 'CLID_anonymous'",42,10,1,1,"Sell charcoal"
602,"confidential: replaced by 'CLID_anonymous'",42,80,1,1,"Hairstylist"
602,"confidential: replaced by 'CLID_anonymous'",42,90,1,1,"Tailoring"
602,"confidential: replaced by 'CLID_anonymous'",42,90,1,2,"Food vendor"
602,"confidential: replaced by 'CLID_anonymous'",42,110,1,1,"Food vendor"
602,"confidential: replaced by 'CLID_anonymous'",42,143,1,1,"Sell onions"
602,"confidential: replaced by 'CLID_anonymous'",42,190,1,1,"Food vendor"
602,"confidential: replaced by 'CLID_anonymous'",42,201,1,1,"Sell tomatoes"
602,"confidential: replaced by 'CLID_anonymous'",42,210,1,1,"Food vendor"
602,"confidential: replaced by 'CLID_anonymous'",69,410,1,1,"Sell tobacco"
602,"confidential: replaced by 'CLID_anonymous'",69,440,1,1,"Make hand milling machine"
602,"confidential: replaced by 'CLID_anonymous'",47,120,1,1,"Making charcoal"
602,"confidential: replaced by 'CLID_anonymous'",47,340,1,1,"Make bed ropes"
602,"confidential: replaced by 'CLID_anonymous'",47,400,1,1,"Sell sugarcane"
602,"confidential: replaced by 'CLID_anonymous'",10,80,1,1,"Weeving mats"
602,"confidential: replaced by 'CLID_anonymous'",10,90,1,1,"Sell charcoal"
602,"confidential: replaced by 'CLID_anonymous'",10,160,1,1,"Sell charcoal"
602,"confidential: replaced by 'CLID_anonymous'",10,190,1,1,"Making charcoal"
602,"confidential: replaced by 'CLID_anonymous'",10,390,1,1,"Weeving mats"
602,"confidential: replaced by 'CLID_anonymous'",10,420,1,1,"Sell charcoal"
602,"confidential: replaced by 'CLID_anonymous'",10,450,1,1,"Making charcoal"
602,"confidential: replaced by 'CLID_anonymous'",33,30,1,1,"Vegetable vendor"
602,"confidential: replaced by 'CLID_anonymous'",33,60,1,1,"Making charcoal"
602,"confidential: replaced by 'CLID_anonymous'",33,110,1,1,"Sell decorations"
602,"confidential: replaced by 'CLID_anonymous'",33,140,1,1,"Sell charcoal"
602,"confidential: replaced by 'CLID_anonymous'",33,180,1,1,"Food vendor"
602,"confidential: replaced by 'CLID_anonymous'",33,300,1,1,"Cashewnut trader"
602,"confidential: replaced by 'CLID_anonymous'",33,340,1,1,"Making charcoal"
602,"confidential: replaced by 'CLID_anonymous'",33,370,1,1,"Food vendor"
602,"confidential: replaced by 'CLID_anonymous'",33,430,1,1,"Sell bites"
602,"confidential: replaced by 'CLID_anonymous'",28,20,1,1,"Make and sell bites"
602,"confidential: replaced by 'CLID_anonymous'",28,160,1,1,"Sell bites"
602,"confidential: replaced by 'CLID_anonymous'",28,310,1,1,"Sell charcoal"
602,"confidential: replaced by 'CLID_anonymous'",28,350,1,1,"Water vendor"
602,"confidential: replaced by 'CLID_anonymous'",28,460,1,1,"Kiosk"
602,"confidential: replaced by 'CLID_anonymous'",28,490,1,1,"Sell firewood"
602,"confidential: replaced by 'CLID_anonymous'",28,500,1,1,"Food vendor"
602,"confidential: replaced by 'CLID_anonymous'",11,70,1,1,"Food vendor"
602,"confidential: replaced by 'CLID_anonymous'",11,170,1,1,"Sell tobacco"
602,"confidential: replaced by 'CLID_anonymous'",11,500,1,1,"Sell tomatoes"
602,"confidential: replaced by 'CLID_anonymous'",81,10,1,1,"Sell charcoal"
602,"confidential: replaced by 'CLID_anonymous'",81,110,1,1,"Small business"
602,"confidential: replaced by 'CLID_anonymous'",81,110,1,2,"Making charcoal"
602,"confidential: replaced by 'CLID_anonymous'",81,130,1,1,"Food vendor"
602,"confidential: replaced by 'CLID_anonymous'",29,10,1,1,"Make bed ropes"
602,"confidential: replaced by 'CLID_anonymous'",29,60,1,1,"Tailoring"
602,"confidential: replaced by 'CLID_anonymous'",29,330,1,1,"Sell charcoal"
602,"confidential: replaced by 'CLID_anonymous'",29,330,1,2,"Food vendor"
602,"confidential: replaced by 'CLID_anonymous'",45,130,2,1,"Water vendor"
602,"confidential: replaced by 'CLID_anonymous'",45,220,1,1,"Food vendor"
602,"confidential: replaced by 'CLID_anonymous'",45,250,1,1,"Making charcoal"
602,"confidential: replaced by 'CLID_anonymous'",45,270,1,1,"Kiosk"
602,"confidential: replaced by 'CLID_anonymous'",39,50,1,1,"Sell fish"
602,"confidential: replaced by 'CLID_anonymous'",39,80,1,1,"Food vendor"
602,"confidential: replaced by 'CLID_anonymous'",39,170,1,1,"Kiosk"
602,"confidential: replaced by 'CLID_anonymous'",44,20,1,1,"Sell mats"
602,"confidential: replaced by 'CLID_anonymous'",44,200,1,1,"Sell tobacco"
602,"confidential: replaced by 'CLID_anonymous'",44,200,1,2,"Make bread"
602,"confidential: replaced by 'CLID_anonymous'",44,230,1,1,"Food vendor"
602,"confidential: replaced by 'CLID_anonymous'",44,230,2,1,"Sell bites"
602,"confidential: replaced by 'CLID_anonymous'",44,430,1,1,"Weeving mats"
602,"confidential: replaced by 'CLID_anonymous'",44,490,1,1,"Make bed ropes"
602,"confidential: replaced by 'CLID_anonymous'",44,490,1,2,"Weeving mats"
602,"confidential: replaced by 'CLID_anonymous'",18,200,1,1,"Sell charcoal"
602,"confidential: replaced by 'CLID_anonymous'",18,210,1,1,"Sell charcoal"
602,"confidential: replaced by 'CLID_anonymous'",18,280,1,1,"Sell charcoal"
602,"confidential: replaced by 'CLID_anonymous'",18,390,1,1,"Food vendor"
602,"confidential: replaced by 'CLID_anonymous'",18,390,1,2,"Sell local brew"
602,"confidential: replaced by 'CLID_anonymous'",18,430,1,1,"Small business"
602,"confidential: replaced by 'CLID_anonymous'",12,480,1,1,"Sell grass, charcoal and firewood"
602,"confidential: replaced by 'CLID_anonymous'",65,30,1,1,"Sell weeving leaf"
602,"confidential: replaced by 'CLID_anonymous'",65,122,1,1,"Sell charcoal"
602,"confidential: replaced by 'CLID_anonymous'",65,160,1,1,"Sell charcoal"
602,"confidential: replaced by 'CLID_anonymous'",65,190,1,1,"Kiosk"
602,"confidential: replaced by 'CLID_anonymous'",65,220,1,1,"Sell charcoal"
602,"confidential: replaced by 'CLID_anonymous'",65,291,1,1,"Sell charcoal"
602,"confidential: replaced by 'CLID_anonymous'",65,292,1,1,"Sell charcoal"
602,"confidential: replaced by 'CLID_anonymous'",65,340,2,1,"Sell charcoal"
602,"confidential: replaced by 'CLID_anonymous'",65,340,2,2,"Sell clothes"
602,"confidential: replaced by 'CLID_anonymous'",65,360,1,1,"Sell charcoal"
602,"confidential: replaced by 'CLID_anonymous'",65,380,1,1,"Sell charcoal"
602,"confidential: replaced by 'CLID_anonymous'",65,450,1,1,"Sell charcoal"
602,"confidential: replaced by 'CLID_anonymous'",65,471,1,1,"Sell charcoal"
602,"confidential: replaced by 'CLID_anonymous'",65,472,1,1,"Sell charcoal"
602,"confidential: replaced by 'CLID_anonymous'",54,170,1,1,"Sell charcoal"
602,"confidential: replaced by 'CLID_anonymous'",54,180,1,1,"Sell charcoal"
602,"confidential: replaced by 'CLID_anonymous'",54,330,1,1,"Sell fish"
602,"confidential: replaced by 'CLID_anonymous'",54,330,1,2,"Sell bites"
602,"confidential: replaced by 'CLID_anonymous'",54,390,1,1,"Sell charcoal"
602,"confidential: replaced by 'CLID_anonymous'",54,440,1,1,"Selling salt"
602,"confidential: replaced by 'CLID_anonymous'",38,252,1,1,"Small business"
602,"confidential: replaced by 'CLID_anonymous'",38,380,1,1,"Food vendor"
602,"confidential: replaced by 'CLID_anonymous'",25,10,1,1,"Sell local brew"
602,"confidential: replaced by 'CLID_anonymous'",25,10,1,2,"Sell bread"
602,"confidential: replaced by 'CLID_anonymous'",25,20,1,1,"Shop"
602,"confidential: replaced by 'CLID_anonymous'",25,30,1,1,"Make bed ropes"
602,"confidential: replaced by 'CLID_anonymous'",25,130,1,1,"Making charcoal"
602,"confidential: replaced by 'CLID_anonymous'",25,150,1,1,"Food vendor"
602,"confidential: replaced by 'CLID_anonymous'",25,260,1,1,"Making charcoal"
602,"confidential: replaced by 'CLID_anonymous'",25,280,1,1,"Grocery"
602,"confidential: replaced by 'CLID_anonymous'",25,361,1,1,"Making charcoal"
602,"confidential: replaced by 'CLID_anonymous'",23,181,1,1,"Sell charcoal"
602,"confidential: replaced by 'CLID_anonymous'",23,230,1,1,"Food vendor"
602,"confidential: replaced by 'CLID_anonymous'",24,110,1,1,"Food vendor"
602,"confidential: replaced by 'CLID_anonymous'",24,120,1,1,"Food vendor"
602,"confidential: replaced by 'CLID_anonymous'",24,230,1,1,"Food vendor"
602,"confidential: replaced by 'CLID_anonymous'",24,410,1,1,"Making charcoal"
602,"confidential: replaced by 'CLID_anonymous'",24,500,1,1,"Sell bites"
