"DistID","closestCLID","closestCLID_anonymous","SeqID","HVID","vlgName","vlgName_other","anonymous_data_ID"
104,"confidential: replaced by 'closestCLID_anonymous'",26,1,1,"confidential: removed from data","confidential: removed from data",1
104,"confidential: replaced by 'closestCLID_anonymous'",46,1,1,"confidential: removed from data","confidential: removed from data",2
104,"confidential: replaced by 'closestCLID_anonymous'",77,1,1,"confidential: removed from data","confidential: removed from data",3
104,"confidential: replaced by 'closestCLID_anonymous'",77,1,2,"confidential: removed from data","confidential: removed from data",4
104,"confidential: replaced by 'closestCLID_anonymous'",63,1,1,"confidential: removed from data","confidential: removed from data",5
104,"confidential: replaced by 'closestCLID_anonymous'",15,1,1,"confidential: removed from data","confidential: removed from data",6
104,"confidential: replaced by 'closestCLID_anonymous'",16,1,1,"confidential: removed from data","confidential: removed from data",7
104,"confidential: replaced by 'closestCLID_anonymous'",16,1,2,"confidential: removed from data","confidential: removed from data",8
104,"confidential: replaced by 'closestCLID_anonymous'",16,1,3,"confidential: removed from data","confidential: removed from data",9
104,"confidential: replaced by 'closestCLID_anonymous'",16,1,4,"confidential: removed from data","confidential: removed from data",10
104,"confidential: replaced by 'closestCLID_anonymous'",16,1,5,"confidential: removed from data","confidential: removed from data",11
104,"confidential: replaced by 'closestCLID_anonymous'",16,1,6,"confidential: removed from data","confidential: removed from data",12
104,"confidential: replaced by 'closestCLID_anonymous'",16,1,7,"confidential: removed from data","confidential: removed from data",13
104,"confidential: replaced by 'closestCLID_anonymous'",16,1,8,"confidential: removed from data","confidential: removed from data",14
104,"confidential: replaced by 'closestCLID_anonymous'",16,1,9,"confidential: removed from data","confidential: removed from data",15
104,"confidential: replaced by 'closestCLID_anonymous'",16,1,10,"confidential: removed from data","confidential: removed from data",16
104,"confidential: replaced by 'closestCLID_anonymous'",16,1,11,"confidential: removed from data","confidential: removed from data",17
104,"confidential: replaced by 'closestCLID_anonymous'",16,1,12,"confidential: removed from data","confidential: removed from data",18
104,"confidential: replaced by 'closestCLID_anonymous'",16,1,13,"confidential: removed from data","confidential: removed from data",19
104,"confidential: replaced by 'closestCLID_anonymous'",16,1,14,"confidential: removed from data","confidential: removed from data",20
104,"confidential: replaced by 'closestCLID_anonymous'",16,1,15,"confidential: removed from data","confidential: removed from data",21
104,"confidential: replaced by 'closestCLID_anonymous'",16,1,16,"confidential: removed from data","confidential: removed from data",22
104,"confidential: replaced by 'closestCLID_anonymous'",80,1,1,"confidential: removed from data","confidential: removed from data",23
104,"confidential: replaced by 'closestCLID_anonymous'",80,1,2,"confidential: removed from data","confidential: removed from data",24
104,"confidential: replaced by 'closestCLID_anonymous'",80,1,3,"confidential: removed from data","confidential: removed from data",25
104,"confidential: replaced by 'closestCLID_anonymous'",40,1,1,"confidential: removed from data","confidential: removed from data",26
104,"confidential: replaced by 'closestCLID_anonymous'",19,1,1,"confidential: removed from data","confidential: removed from data",27
104,"confidential: replaced by 'closestCLID_anonymous'",50,1,1,"confidential: removed from data","confidential: removed from data",28
104,"confidential: replaced by 'closestCLID_anonymous'",50,1,2,"confidential: removed from data","confidential: removed from data",29
104,"confidential: replaced by 'closestCLID_anonymous'",50,1,3,"confidential: removed from data","confidential: removed from data",30
104,"confidential: replaced by 'closestCLID_anonymous'",50,1,4,"confidential: removed from data","confidential: removed from data",31
104,"confidential: replaced by 'closestCLID_anonymous'",6,1,1,"confidential: removed from data","confidential: removed from data",32
104,"confidential: replaced by 'closestCLID_anonymous'",6,1,2,"confidential: removed from data","confidential: removed from data",33
104,"confidential: replaced by 'closestCLID_anonymous'",6,1,3,"confidential: removed from data","confidential: removed from data",34
104,"confidential: replaced by 'closestCLID_anonymous'",48,1,1,"confidential: removed from data","confidential: removed from data",35
104,"confidential: replaced by 'closestCLID_anonymous'",56,1,1,"confidential: removed from data","confidential: removed from data",36
104,"confidential: replaced by 'closestCLID_anonymous'",82,1,1,"confidential: removed from data","confidential: removed from data",37
104,"confidential: replaced by 'closestCLID_anonymous'",82,1,2,"confidential: removed from data","confidential: removed from data",38
104,"confidential: replaced by 'closestCLID_anonymous'",70,1,1,"confidential: removed from data","confidential: removed from data",39
104,"confidential: replaced by 'closestCLID_anonymous'",70,1,2,"confidential: removed from data","confidential: removed from data",40
104,"confidential: replaced by 'closestCLID_anonymous'",70,1,3,"confidential: removed from data","confidential: removed from data",41
104,"confidential: replaced by 'closestCLID_anonymous'",70,1,4,"confidential: removed from data","confidential: removed from data",42
104,"confidential: replaced by 'closestCLID_anonymous'",52,1,1,"confidential: removed from data","confidential: removed from data",43
104,"confidential: replaced by 'closestCLID_anonymous'",52,1,2,"confidential: removed from data","confidential: removed from data",44
104,"confidential: replaced by 'closestCLID_anonymous'",52,1,3,"confidential: removed from data","confidential: removed from data",45
104,"confidential: replaced by 'closestCLID_anonymous'",27,1,1,"confidential: removed from data","confidential: removed from data",46
104,"confidential: replaced by 'closestCLID_anonymous'",27,1,2,"confidential: removed from data","confidential: removed from data",47
104,"confidential: replaced by 'closestCLID_anonymous'",68,1,1,"confidential: removed from data","confidential: removed from data",48
104,"confidential: replaced by 'closestCLID_anonymous'",68,1,2,"confidential: removed from data","confidential: removed from data",49
104,"confidential: replaced by 'closestCLID_anonymous'",68,1,3,"confidential: removed from data","confidential: removed from data",50
104,"confidential: replaced by 'closestCLID_anonymous'",8,1,1,"confidential: removed from data","confidential: removed from data",51
104,"confidential: replaced by 'closestCLID_anonymous'",8,1,2,"confidential: removed from data","confidential: removed from data",52
104,"confidential: replaced by 'closestCLID_anonymous'",66,1,1,"confidential: removed from data","confidential: removed from data",53
104,"confidential: replaced by 'closestCLID_anonymous'",66,1,2,"confidential: removed from data","confidential: removed from data",54
601,"confidential: replaced by 'closestCLID_anonymous'",5,1,1,"confidential: removed from data","confidential: removed from data",55
601,"confidential: replaced by 'closestCLID_anonymous'",49,1,1,"confidential: removed from data","confidential: removed from data",56
601,"confidential: replaced by 'closestCLID_anonymous'",49,1,2,"confidential: removed from data","confidential: removed from data",57
601,"confidential: replaced by 'closestCLID_anonymous'",49,1,3,"confidential: removed from data","confidential: removed from data",58
601,"confidential: replaced by 'closestCLID_anonymous'",74,1,1,"confidential: removed from data","confidential: removed from data",59
601,"confidential: replaced by 'closestCLID_anonymous'",62,1,1,"confidential: removed from data","confidential: removed from data",60
601,"confidential: replaced by 'closestCLID_anonymous'",21,1,1,"confidential: removed from data","confidential: removed from data",61
601,"confidential: replaced by 'closestCLID_anonymous'",21,1,2,"confidential: removed from data","confidential: removed from data",62
601,"confidential: replaced by 'closestCLID_anonymous'",21,1,3,"confidential: removed from data","confidential: removed from data",63
601,"confidential: replaced by 'closestCLID_anonymous'",79,1,1,"confidential: removed from data","confidential: removed from data",64
601,"confidential: replaced by 'closestCLID_anonymous'",79,1,2,"confidential: removed from data","confidential: removed from data",65
601,"confidential: replaced by 'closestCLID_anonymous'",79,1,3,"confidential: removed from data","confidential: removed from data",66
601,"confidential: replaced by 'closestCLID_anonymous'",41,1,1,"confidential: removed from data","confidential: removed from data",67
601,"confidential: replaced by 'closestCLID_anonymous'",71,1,1,"confidential: removed from data","confidential: removed from data",68
601,"confidential: replaced by 'closestCLID_anonymous'",53,1,1,"confidential: removed from data","confidential: removed from data",69
601,"confidential: replaced by 'closestCLID_anonymous'",75,1,1,"confidential: removed from data","confidential: removed from data",70
601,"confidential: replaced by 'closestCLID_anonymous'",75,1,2,"confidential: removed from data","confidential: removed from data",71
601,"confidential: replaced by 'closestCLID_anonymous'",75,1,3,"confidential: removed from data","confidential: removed from data",72
601,"confidential: replaced by 'closestCLID_anonymous'",37,1,1,"confidential: removed from data","confidential: removed from data",73
601,"confidential: replaced by 'closestCLID_anonymous'",61,1,1,"confidential: removed from data","confidential: removed from data",74
601,"confidential: replaced by 'closestCLID_anonymous'",61,1,2,"confidential: removed from data","confidential: removed from data",75
601,"confidential: replaced by 'closestCLID_anonymous'",60,1,1,"confidential: removed from data","confidential: removed from data",76
601,"confidential: replaced by 'closestCLID_anonymous'",60,1,2,"confidential: removed from data","confidential: removed from data",77
601,"confidential: replaced by 'closestCLID_anonymous'",4,1,1,"confidential: removed from data","confidential: removed from data",78
601,"confidential: replaced by 'closestCLID_anonymous'",7,1,1,"confidential: removed from data","confidential: removed from data",79
601,"confidential: replaced by 'closestCLID_anonymous'",32,1,1,"confidential: removed from data","confidential: removed from data",80
601,"confidential: replaced by 'closestCLID_anonymous'",32,1,2,"confidential: removed from data","confidential: removed from data",81
601,"confidential: replaced by 'closestCLID_anonymous'",17,1,1,"confidential: removed from data","confidential: removed from data",82
601,"confidential: replaced by 'closestCLID_anonymous'",17,1,2,"confidential: removed from data","confidential: removed from data",83
601,"confidential: replaced by 'closestCLID_anonymous'",17,1,3,"confidential: removed from data","confidential: removed from data",84
601,"confidential: replaced by 'closestCLID_anonymous'",3,1,1,"confidential: removed from data","confidential: removed from data",85
601,"confidential: replaced by 'closestCLID_anonymous'",3,1,2,"confidential: removed from data","confidential: removed from data",86
601,"confidential: replaced by 'closestCLID_anonymous'",3,1,3,"confidential: removed from data","confidential: removed from data",87
601,"confidential: replaced by 'closestCLID_anonymous'",43,1,1,"confidential: removed from data","confidential: removed from data",88
601,"confidential: replaced by 'closestCLID_anonymous'",43,1,2,"confidential: removed from data","confidential: removed from data",89
601,"confidential: replaced by 'closestCLID_anonymous'",14,1,1,"confidential: removed from data","confidential: removed from data",90
601,"confidential: replaced by 'closestCLID_anonymous'",20,1,1,"confidential: removed from data","confidential: removed from data",91
601,"confidential: replaced by 'closestCLID_anonymous'",13,1,1,"confidential: removed from data","confidential: removed from data",92
601,"confidential: replaced by 'closestCLID_anonymous'",13,1,2,"confidential: removed from data","confidential: removed from data",93
601,"confidential: replaced by 'closestCLID_anonymous'",55,1,1,"confidential: removed from data","confidential: removed from data",94
601,"confidential: replaced by 'closestCLID_anonymous'",55,1,2,"confidential: removed from data","confidential: removed from data",95
601,"confidential: replaced by 'closestCLID_anonymous'",9,1,1,"confidential: removed from data","confidential: removed from data",96
601,"confidential: replaced by 'closestCLID_anonymous'",36,1,1,"confidential: removed from data","confidential: removed from data",97
601,"confidential: replaced by 'closestCLID_anonymous'",73,1,1,"confidential: removed from data","confidential: removed from data",98
601,"confidential: replaced by 'closestCLID_anonymous'",34,1,1,"confidential: removed from data","confidential: removed from data",99
601,"confidential: replaced by 'closestCLID_anonymous'",34,1,2,"confidential: removed from data","confidential: removed from data",100
601,"confidential: replaced by 'closestCLID_anonymous'",78,1,1,"confidential: removed from data","confidential: removed from data",101
601,"confidential: replaced by 'closestCLID_anonymous'",78,1,2,"confidential: removed from data","confidential: removed from data",102
601,"confidential: replaced by 'closestCLID_anonymous'",78,1,3,"confidential: removed from data","confidential: removed from data",103
601,"confidential: replaced by 'closestCLID_anonymous'",78,1,4,"confidential: removed from data","confidential: removed from data",104
601,"confidential: replaced by 'closestCLID_anonymous'",78,1,5,"confidential: removed from data","confidential: removed from data",105
601,"confidential: replaced by 'closestCLID_anonymous'",2,1,1,"confidential: removed from data","confidential: removed from data",106
601,"confidential: replaced by 'closestCLID_anonymous'",2,1,2,"confidential: removed from data","confidential: removed from data",107
601,"confidential: replaced by 'closestCLID_anonymous'",2,1,3,"confidential: removed from data","confidential: removed from data",108
601,"confidential: replaced by 'closestCLID_anonymous'",2,1,4,"confidential: removed from data","confidential: removed from data",109
601,"confidential: replaced by 'closestCLID_anonymous'",2,1,5,"confidential: removed from data","confidential: removed from data",110
601,"confidential: replaced by 'closestCLID_anonymous'",2,1,6,"confidential: removed from data","confidential: removed from data",111
601,"confidential: replaced by 'closestCLID_anonymous'",2,1,7,"confidential: removed from data","confidential: removed from data",112
601,"confidential: replaced by 'closestCLID_anonymous'",2,1,8,"confidential: removed from data","confidential: removed from data",113
601,"confidential: replaced by 'closestCLID_anonymous'",57,1,1,"confidential: removed from data","confidential: removed from data",114
601,"confidential: replaced by 'closestCLID_anonymous'",57,1,2,"confidential: removed from data","confidential: removed from data",115
601,"confidential: replaced by 'closestCLID_anonymous'",76,1,1,"confidential: removed from data","confidential: removed from data",116
601,"confidential: replaced by 'closestCLID_anonymous'",76,1,2,"confidential: removed from data","confidential: removed from data",117
601,"confidential: replaced by 'closestCLID_anonymous'",76,1,3,"confidential: removed from data","confidential: removed from data",118
602,"confidential: replaced by 'closestCLID_anonymous'",35,1,1,"confidential: removed from data","confidential: removed from data",119
602,"confidential: replaced by 'closestCLID_anonymous'",35,1,2,"confidential: removed from data","confidential: removed from data",120
602,"confidential: replaced by 'closestCLID_anonymous'",72,1,1,"confidential: removed from data","confidential: removed from data",121
602,"confidential: replaced by 'closestCLID_anonymous'",72,1,2,"confidential: removed from data","confidential: removed from data",122
602,"confidential: replaced by 'closestCLID_anonymous'",72,1,3,"confidential: removed from data","confidential: removed from data",123
602,"confidential: replaced by 'closestCLID_anonymous'",72,1,4,"confidential: removed from data","confidential: removed from data",124
602,"confidential: replaced by 'closestCLID_anonymous'",69,1,1,"confidential: removed from data","confidential: removed from data",125
602,"confidential: replaced by 'closestCLID_anonymous'",47,1,1,"confidential: removed from data","confidential: removed from data",126
602,"confidential: replaced by 'closestCLID_anonymous'",10,1,1,"confidential: removed from data","confidential: removed from data",127
602,"confidential: replaced by 'closestCLID_anonymous'",10,1,2,"confidential: removed from data","confidential: removed from data",128
602,"confidential: replaced by 'closestCLID_anonymous'",10,1,3,"confidential: removed from data","confidential: removed from data",129
602,"confidential: replaced by 'closestCLID_anonymous'",10,1,4,"confidential: removed from data","confidential: removed from data",130
602,"confidential: replaced by 'closestCLID_anonymous'",28,1,1,"confidential: removed from data","confidential: removed from data",131
602,"confidential: replaced by 'closestCLID_anonymous'",28,1,2,"confidential: removed from data","confidential: removed from data",132
602,"confidential: replaced by 'closestCLID_anonymous'",28,1,3,"confidential: removed from data","confidential: removed from data",133
602,"confidential: replaced by 'closestCLID_anonymous'",28,1,4,"confidential: removed from data","confidential: removed from data",134
602,"confidential: replaced by 'closestCLID_anonymous'",28,1,5,"confidential: removed from data","confidential: removed from data",135
602,"confidential: replaced by 'closestCLID_anonymous'",28,1,6,"confidential: removed from data","confidential: removed from data",136
602,"confidential: replaced by 'closestCLID_anonymous'",11,1,1,"confidential: removed from data","confidential: removed from data",137
602,"confidential: replaced by 'closestCLID_anonymous'",11,1,2,"confidential: removed from data","confidential: removed from data",138
602,"confidential: replaced by 'closestCLID_anonymous'",45,1,1,"confidential: removed from data","confidential: removed from data",139
602,"confidential: replaced by 'closestCLID_anonymous'",39,1,1,"confidential: removed from data","confidential: removed from data",140
602,"confidential: replaced by 'closestCLID_anonymous'",39,1,2,"confidential: removed from data","confidential: removed from data",141
602,"confidential: replaced by 'closestCLID_anonymous'",44,1,1,"confidential: removed from data","confidential: removed from data",142
602,"confidential: replaced by 'closestCLID_anonymous'",44,1,2,"confidential: removed from data","confidential: removed from data",143
602,"confidential: replaced by 'closestCLID_anonymous'",18,1,1,"confidential: removed from data","confidential: removed from data",144
602,"confidential: replaced by 'closestCLID_anonymous'",18,1,2,"confidential: removed from data","confidential: removed from data",145
602,"confidential: replaced by 'closestCLID_anonymous'",65,1,1,"confidential: removed from data","confidential: removed from data",146
602,"confidential: replaced by 'closestCLID_anonymous'",54,1,1,"confidential: removed from data","confidential: removed from data",147
602,"confidential: replaced by 'closestCLID_anonymous'",54,1,2,"confidential: removed from data","confidential: removed from data",148
602,"confidential: replaced by 'closestCLID_anonymous'",54,1,3,"confidential: removed from data","confidential: removed from data",149
602,"confidential: replaced by 'closestCLID_anonymous'",38,1,1,"confidential: removed from data","confidential: removed from data",150
602,"confidential: replaced by 'closestCLID_anonymous'",38,1,2,"confidential: removed from data","confidential: removed from data",151
602,"confidential: replaced by 'closestCLID_anonymous'",23,1,1,"confidential: removed from data","confidential: removed from data",152
602,"confidential: replaced by 'closestCLID_anonymous'",23,1,2,"confidential: removed from data","confidential: removed from data",153
602,"confidential: replaced by 'closestCLID_anonymous'",23,1,3,"confidential: removed from data","confidential: removed from data",154
602,"confidential: replaced by 'closestCLID_anonymous'",23,1,4,"confidential: removed from data","confidential: removed from data",155
602,"confidential: replaced by 'closestCLID_anonymous'",24,1,1,"confidential: removed from data","confidential: removed from data",156
602,"confidential: replaced by 'closestCLID_anonymous'",24,1,2,"confidential: removed from data","confidential: removed from data",157
602,"confidential: replaced by 'closestCLID_anonymous'",24,1,3,"confidential: removed from data","confidential: removed from data",158
602,"confidential: replaced by 'closestCLID_anonymous'",24,1,4,"confidential: removed from data","confidential: removed from data",159
602,"confidential: replaced by 'closestCLID_anonymous'",24,1,5,"confidential: removed from data","confidential: removed from data",160
