"DistID","closestCLID","closestCLID_anonymous","SeqID","healthInterviewer","healthStartTime","HFacility","HFacilityName","vlgLocation","vlgLocationName","healthGPS","yearOpened","centreDispensary","centreDispensary_other","roomNoTreat","roomNoOther","bedsNo","patientNo","patientReferred","patientNotTreated","doctorHrsPresent","CHFYN","CHFstartMonth","CHFstartYear","CHFcontrib2012","CHFcontrib2011","CHFcontrib2010","CHFcontrib2009","deliveryBedYN","operatingRoomYN","H_electricityYN","H_pipedWaterYN","vehicleYN","laboratoryYN","refrigeratorYN","incineratorYN","HIVCouncelling","vaccinationProgYN","MCHYN","familyPlanningYN","malariaTest","HIVtestYN","bloodSugarTestYN","bloodPressureYN","wormTestYN","anaemiaTestYN","typhoidTestYN","healthIntEnd","healthIntervStatus","healthComment","anonymous_data_ID"
104,"confidential: replaced by 'closestCLID_anonymous'",26,1,200820,"01/10/2012 11:19:08","confidential: removed from data","confidential: removed from data","confidential: removed from data","confidential: removed from data","confidential: removed from data",2007,1,,2,4,2,236,2,0,40,1,5,2007,10000,5000,5000,5000,1,1,1,2,2,2,1,2,1,1,1,1,1,2,2,1,2,1,2,"01/10/2012 11:31:48",1,"OK",1
104,"confidential: replaced by 'closestCLID_anonymous'",46,1,200820,"03/10/2012 11:11:12","confidential: removed from data","confidential: removed from data","confidential: removed from data","confidential: removed from data","confidential: removed from data",2000,1,,2,4,0,76,1,25,46,1,7,2007,10000,5000,5000,5000,1,2,2,2,2,2,1,2,2,1,1,1,1,1,2,1,2,2,2,"03/10/2012 11:51:20",1,"OK",2
104,"confidential: replaced by 'closestCLID_anonymous'",77,1,201202,"04/10/2012 11:12:46","confidential: removed from data","confidential: removed from data","confidential: removed from data","confidential: removed from data","confidential: removed from data",2000,1,,5,2,2,365,3,0,72,1,7,2007,10000,10000,10000,10000,1,2,1,2,2,2,1,2,1,1,1,1,1,1,2,1,2,1,2,"04/10/2012 11:19:36",1,"OK",3
104,"confidential: replaced by 'closestCLID_anonymous'",63,1,201008,"05/10/2012 12:39:23","confidential: removed from data","confidential: removed from data","confidential: removed from data","confidential: removed from data","confidential: removed from data",2003,1,,1,4,1,141,5,51,120,1,8,2009,10000,5000,5000,5000,1,2,2,2,2,2,1,2,2,1,1,1,1,1,2,1,2,2,2,"05/10/2012 12:52:56",1,"OK",4
104,"confidential: replaced by 'closestCLID_anonymous'",15,1,201202,"08/10/2012 17:00:24","confidential: removed from data","confidential: removed from data","confidential: removed from data","confidential: removed from data","confidential: removed from data",1919,3,"hospital",21,10,280,4944,0,0,58,1,2,2006,10000,10000,10000,10000,1,1,1,1,1,1,1,1,1,1,1,1,3,1,1,1,1,1,1,"08/10/2012 17:40:18",1,"OK",5
104,"confidential: replaced by 'closestCLID_anonymous'",16,1,999999,"29/09/2012 11:32:45","confidential: removed from data","confidential: removed from data","confidential: removed from data","confidential: removed from data","confidential: removed from data",1958,2,,10,18,36,550,10,0,27,1,4,2007,5000,5000,5000,5000,1,1,1,1,2,1,1,1,1,1,1,1,1,1,1,1,1,1,1,"29/09/2012 11:55:55",1,"OK",6
104,"confidential: replaced by 'closestCLID_anonymous'",80,1,201202,"29/09/2012 09:40:43","confidential: removed from data","confidential: removed from data","confidential: removed from data","confidential: removed from data","confidential: removed from data",1965,1,,3,1,4,376,2,76,63,1,6,2005,10000,5000,5000,5000,1,2,2,2,2,2,1,2,1,1,1,1,1,1,2,1,2,1,2,"29/09/2012 09:50:28",1,"OK",7
104,"confidential: replaced by 'closestCLID_anonymous'",40,1,200820,"05/10/2012 15:11:06","confidential: removed from data","confidential: removed from data","confidential: removed from data","confidential: removed from data","confidential: removed from data",1975,1,,1,8,4,258,18,10,55,1,8,2007,10000,5000,5000,5000,1,1,1,2,2,1,1,2,1,1,1,1,1,1,2,2,2,1,2,"05/10/2012 15:32:59",1,"OK",8
104,"confidential: replaced by 'closestCLID_anonymous'",19,1,200820,"08/10/2012 12:16:23","confidential: removed from data","confidential: removed from data","confidential: removed from data","confidential: removed from data","confidential: removed from data",1995,1,,3,3,0,262,2,12,61,1,7,2010,10000,5000,5000,0,1,2,1,2,2,2,1,2,2,1,1,1,1,1,2,1,2,1,2,"08/10/2012 12:36:11",1,"OK",9
104,"confidential: replaced by 'closestCLID_anonymous'",50,1,200820,"10/10/2012 13:45:28","confidential: removed from data","confidential: removed from data","confidential: removed from data","confidential: removed from data","confidential: removed from data",2000,1,,4,6,4,493,0,0,49,1,5,2010,10000,5000,5000,0,1,1,1,1,2,2,1,2,1,1,2,1,1,1,2,1,2,1,2,"10/10/2012 14:13:35",1,"OK",10
104,"confidential: replaced by 'closestCLID_anonymous'",6,1,999999,"04/10/2012 11:51:13","confidential: removed from data","confidential: removed from data","confidential: removed from data","confidential: removed from data","confidential: removed from data",1973,1,,3,4,1,307,2,0,24,1,7,2007,10000,5000,5000,5000,1,2,2,2,2,2,1,1,1,1,2,1,1,1,2,1,2,1,2,"04/10/2012 12:10:25",1,"OK",11
104,"confidential: replaced by 'closestCLID_anonymous'",48,1,201008,"09/10/2012 11:43:47","confidential: removed from data","confidential: removed from data","confidential: removed from data","confidential: removed from data","confidential: removed from data",2009,1,,1,6,3,196,5,20,120,1,7,2009,10000,5000,5000,5000,1,1,2,1,2,2,1,2,1,1,2,1,1,1,2,1,2,2,2,"09/10/2012 11:54:56",1,"OK",12
104,"confidential: replaced by 'closestCLID_anonymous'",56,1,999999,"05/10/2012 11:13:16","confidential: removed from data","confidential: removed from data","confidential: removed from data","confidential: removed from data","confidential: removed from data",2004,1,,5,8,5,87,0,0,63,1,7,2007,10000,5000,5000,5000,1,1,1,2,2,2,1,1,1,1,2,1,1,1,2,2,2,1,2,"05/10/2012 11:31:29",1,"OK",13
104,"confidential: replaced by 'closestCLID_anonymous'",82,1,999999,"08/10/2012 10:54:38","confidential: removed from data","confidential: removed from data","confidential: removed from data","confidential: removed from data","confidential: removed from data",2006,1,,4,5,0,97,0,0,54,1,6,2009,10000,5000,5000,5000,1,1,2,1,2,2,1,2,1,1,2,1,1,1,2,1,2,2,2,"08/10/2012 11:12:02",1,"OK",14
104,"confidential: replaced by 'closestCLID_anonymous'",70,1,999999,"11/10/2012 07:42:56","confidential: removed from data","confidential: removed from data","confidential: removed from data","confidential: removed from data","confidential: removed from data",1978,1,,4,8,1,153,2,0,54,1,7,2009,10000,5000,5000,5000,1,2,1,1,2,2,1,1,1,1,2,1,1,1,2,1,2,2,2,"11/10/2012 08:21:01",1,"OK",15
104,"confidential: replaced by 'closestCLID_anonymous'",52,1,201202,"03/10/2012 09:56:00","confidential: removed from data","confidential: removed from data","confidential: removed from data","confidential: removed from data","confidential: removed from data",1965,1,,3,1,4,376,2,76,63,1,6,2006,10000,10000,10000,10000,1,2,2,2,2,2,1,2,1,1,1,1,1,1,2,1,2,1,2,"03/10/2012 10:06:59",1,"OK",16
104,"confidential: replaced by 'closestCLID_anonymous'",27,1,201202,"06/10/2012 17:08:44","confidential: removed from data","confidential: removed from data","confidential: removed from data","confidential: removed from data","confidential: removed from data",1979,1,,3,1,1,350,3,0,68,1,6,2007,10000,10000,10000,10000,1,2,2,2,2,2,1,1,1,1,1,1,1,1,2,1,2,2,2,"06/10/2012 17:15:46",1,"OK",17
104,"confidential: replaced by 'closestCLID_anonymous'",68,1,201008,"01/10/2012 11:16:46","confidential: removed from data","confidential: removed from data","confidential: removed from data","confidential: removed from data","confidential: removed from data",1999,1,,1,6,6,500,5,30,96,1,7,2008,10000,5000,5000,5000,1,2,2,2,2,1,1,2,1,1,1,1,1,1,2,1,2,2,2,"01/10/2012 11:28:19",1,"OK",18
104,"confidential: replaced by 'closestCLID_anonymous'",8,1,201008,"02/10/2012 09:40:39","confidential: removed from data","confidential: removed from data","confidential: removed from data","confidential: removed from data","confidential: removed from data",1986,2,,3,25,33,635,1,50,98,1,7,2007,10000,5000,5000,5000,1,2,1,2,1,1,1,1,1,1,1,1,3,1,2,1,1,1,2,"02/10/2012 10:08:51",1,"OK",19
104,"confidential: replaced by 'closestCLID_anonymous'",66,1,201008,"10/10/2012 09:20:37","confidential: removed from data","confidential: removed from data","confidential: removed from data","confidential: removed from data","confidential: removed from data",2000,1,,1,7,3,120,4,4,120,1,9,2005,10000,5000,5000,5000,1,1,1,1,2,2,1,2,2,1,2,1,1,1,2,2,2,2,2,"10/10/2012 09:33:50",1,"OK",20
601,"confidential: replaced by 'closestCLID_anonymous'",5,1,999999,"06/09/2012 11:04:13","confidential: removed from data","confidential: removed from data","confidential: removed from data","confidential: removed from data","confidential: removed from data",1959,1,,5,6,0,155,0,7,45,1,5,2008,10000,10000,10000,10000,1,1,1,2,2,2,1,1,1,1,1,1,1,1,2,1,2,2,2,"06/09/2012 11:22:04",1,"OK",21
601,"confidential: replaced by 'closestCLID_anonymous'",49,1,201202,"14/09/2012 08:49:15","confidential: removed from data","confidential: removed from data","confidential: removed from data","confidential: removed from data","confidential: removed from data",1964,1,,4,3,6,134,0,40,64,1,3,2005,10000,10000,10000,10000,1,2,1,1,2,2,1,1,1,1,1,1,1,1,2,1,2,1,2,"14/09/2012 09:09:52",1,"OK",22
601,"confidential: replaced by 'closestCLID_anonymous'",74,1,999999,"08/09/2012 11:52:01","confidential: removed from data","confidential: removed from data","confidential: removed from data","confidential: removed from data","confidential: removed from data",1967,1,,5,6,2,276,0,0,84,1,6,2008,10000,10000,10000,10000,1,1,1,2,2,2,1,2,1,1,1,1,1,1,2,2,2,2,2,"08/09/2012 12:11:24",1,"OK",23
601,"confidential: replaced by 'closestCLID_anonymous'",62,1,200820,"11/09/2012 13:36:33","confidential: removed from data","confidential: removed from data","confidential: removed from data","confidential: removed from data","confidential: removed from data",2005,1,,1,4,2,160,5,60,45,2,,,,,,,2,1,2,1,2,2,1,1,1,1,1,1,1,1,1,1,2,1,2,"11/09/2012 14:12:31",1,"OK",24
601,"confidential: replaced by 'closestCLID_anonymous'",21,1,200820,"06/09/2012 10:05:28","confidential: removed from data","confidential: removed from data","confidential: removed from data","confidential: removed from data","confidential: removed from data",2004,1,,1,7,0,250,0,0,40,1,6,2007,10000,10000,10000,10000,2,1,2,2,2,2,2,1,2,1,1,1,4,1,2,1,2,2,2,"06/09/2012 10:25:00",1,"OK",25
601,"confidential: replaced by 'closestCLID_anonymous'",79,1,200820,"06/09/2012 11:24:25","confidential: removed from data","confidential: removed from data","confidential: removed from data","confidential: removed from data","confidential: removed from data",1954,1,,1,3,1,330,4,2,40,1,6,2010,10000,10000,10000,0,1,1,1,1,2,2,1,2,2,1,1,1,1,1,2,1,2,2,2,"06/09/2012 11:47:22",1,"OK",26
601,"confidential: replaced by 'closestCLID_anonymous'",41,1,201202,"10/09/2012 08:47:22","confidential: removed from data","confidential: removed from data","confidential: removed from data","confidential: removed from data","confidential: removed from data",2004,1,,6,1,0,395,1,0,66,1,3,2010,10000,10000,10000,10000,1,2,2,2,2,2,1,2,1,1,1,1,1,1,2,1,2,2,2,"10/09/2012 09:32:39",1,"OK",27
601,"confidential: replaced by 'closestCLID_anonymous'",71,1,200820,"03/09/2012 15:04:06","confidential: removed from data","confidential: removed from data","confidential: removed from data","confidential: removed from data","confidential: removed from data",1953,1,,1,7,6,845,40,430,40,1,8,2008,10000,10000,10000,10000,1,2,2,2,2,1,1,1,1,1,1,1,3,1,2,1,1,2,2,"03/09/2012 15:32:08",1,"OK",28
601,"confidential: replaced by 'closestCLID_anonymous'",53,1,201202,"06/09/2012 14:39:49","confidential: removed from data","confidential: removed from data","confidential: removed from data","confidential: removed from data","confidential: removed from data",1959,1,,3,2,2,329,0,0,63,1,7,2009,10000,10000,10000,10000,1,2,2,2,2,2,1,2,1,1,1,1,4,1,2,1,2,2,2,"06/09/2012 14:50:36",1,"OK",29
601,"confidential: replaced by 'closestCLID_anonymous'",75,1,200820,"15/09/2012 15:04:58","confidential: removed from data","confidential: removed from data","confidential: removed from data","confidential: removed from data","confidential: removed from data",1975,2,,2,14,15,1567,7,250,168,1,6,2008,10000,10000,10000,10000,1,1,1,1,1,1,1,2,1,1,1,1,3,1,1,1,1,1,1,"15/09/2012 15:26:16",1,"OK",30
601,"confidential: replaced by 'closestCLID_anonymous'",37,1,201202,"24/09/2012 13:40:35","confidential: removed from data","confidential: removed from data","confidential: removed from data","confidential: removed from data","confidential: removed from data",1952,1,,2,2,0,352,50,20,61,1,6,2007,10000,10000,10000,10000,2,2,2,2,2,2,1,2,1,1,1,1,1,1,2,1,2,2,2,"24/09/2012 14:11:02",1,"OK",31
601,"confidential: replaced by 'closestCLID_anonymous'",61,1,201202,"19/09/2012 10:25:21","confidential: removed from data","confidential: removed from data","confidential: removed from data","confidential: removed from data","confidential: removed from data",1982,1,,4,1,0,121,3,0,32,1,7,2007,10000,10000,10000,10000,1,2,2,1,2,2,1,1,1,1,1,1,1,1,2,1,2,2,2,"19/09/2012 10:40:19",1,"OK",32
601,"confidential: replaced by 'closestCLID_anonymous'",60,1,201008,"20/09/2012 09:30:56","confidential: removed from data","confidential: removed from data","confidential: removed from data","confidential: removed from data","confidential: removed from data",2009,1,,1,5,0,550,1,40,80,1,12,2009,10000,10000,10000,10000,1,1,2,2,2,2,1,2,2,1,1,1,1,2,2,1,2,2,2,"20/09/2012 09:57:09",1,"OK",33
601,"confidential: replaced by 'closestCLID_anonymous'",4,1,201008,"24/09/2012 10:49:19","confidential: removed from data","confidential: removed from data","confidential: removed from data","confidential: removed from data","confidential: removed from data",2008,1,,1,6,0,250,0,100,90,1,3,2007,10000,10000,10000,10000,1,2,2,1,1,2,1,2,2,1,1,1,1,1,2,1,2,2,2,"24/09/2012 11:04:37",1,"OK",34
601,"confidential: replaced by 'closestCLID_anonymous'",7,1,201202,"21/09/2012 12:49:15","confidential: removed from data","confidential: removed from data","confidential: removed from data","confidential: removed from data","confidential: removed from data",1982,1,,4,1,0,50,1,5,53,1,8,2008,10000,10000,10000,10000,2,2,1,2,2,2,1,1,1,1,1,1,1,1,2,1,2,2,2,"21/09/2012 12:57:24",1,"OK",35
601,"confidential: replaced by 'closestCLID_anonymous'",32,1,201008,"17/09/2012 09:25:42","confidential: removed from data","confidential: removed from data","confidential: removed from data","confidential: removed from data","confidential: removed from data",2004,1,,1,5,2,360,2,2,45,1,6,2009,10000,10000,10000,10000,2,2,2,2,2,2,1,1,1,1,1,1,4,1,2,1,2,2,2,"17/09/2012 09:35:20",1,"OK",36
601,"confidential: replaced by 'closestCLID_anonymous'",17,1,201202,"20/09/2012 12:34:34","confidential: removed from data","confidential: removed from data","confidential: removed from data","confidential: removed from data","confidential: removed from data",2003,1,,3,1,0,108,0,5,72,1,4,2010,10000,10000,10000,10000,1,2,2,2,2,2,2,1,1,1,1,1,1,1,2,1,2,2,2,"20/09/2012 12:51:55",1,"OK",37
601,"confidential: replaced by 'closestCLID_anonymous'",3,1,201202,"15/09/2012 11:51:27","confidential: removed from data","confidential: removed from data","confidential: removed from data","confidential: removed from data","confidential: removed from data",2007,1,,4,1,0,270,1,0,65,1,7,2008,10000,10000,10000,10000,1,2,2,2,2,2,1,2,1,1,1,1,1,1,2,1,2,2,2,"15/09/2012 12:25:00",1,"OK",38
601,"confidential: replaced by 'closestCLID_anonymous'",43,1,201008,"26/09/2012 10:21:07","confidential: removed from data","confidential: removed from data","confidential: removed from data","confidential: removed from data","confidential: removed from data",2005,1,,1,6,2,110,0,20,80,2,,,,,,,1,2,2,2,2,2,1,2,2,1,1,1,1,1,2,1,2,2,2,"26/09/2012 10:31:11",1,"OK",39
601,"confidential: replaced by 'closestCLID_anonymous'",14,1,200820,"12/09/2012 15:03:34","confidential: removed from data","confidential: removed from data","confidential: removed from data","confidential: removed from data","confidential: removed from data",1954,1,,1,3,1,150,2,0,72,1,3,2008,10000,10000,10000,10000,1,1,2,2,2,2,1,1,1,1,1,1,1,1,2,1,2,2,2,"12/09/2012 15:23:36",1,"OK",40
601,"confidential: replaced by 'closestCLID_anonymous'",20,1,200820,"19/09/2012 12:35:11","confidential: removed from data","confidential: removed from data","confidential: removed from data","confidential: removed from data","confidential: removed from data",2006,1,,1,5,1,156,0,0,65,1,3,2009,10000,10000,10000,10000,1,2,2,2,2,2,1,1,1,1,1,1,1,1,2,1,2,2,2,"19/09/2012 12:49:07",1,"OK",41
601,"confidential: replaced by 'closestCLID_anonymous'",13,1,200820,"17/09/2012 12:16:58","confidential: removed from data","confidential: removed from data","confidential: removed from data","confidential: removed from data","confidential: removed from data",1964,1,,1,5,0,466,5,150,77,1,5,2009,10000,10000,10000,10000,2,2,2,1,2,1,2,1,1,1,1,1,3,1,1,1,1,1,2,"17/09/2012 12:42:22",1,"OK",42
601,"confidential: replaced by 'closestCLID_anonymous'",55,1,999999,"11/09/2012 09:29:21","confidential: removed from data","confidential: removed from data","confidential: removed from data","confidential: removed from data","confidential: removed from data",2004,1,,4,6,1,113,2,0,54,1,8,2009,10000,10000,10000,10000,1,2,2,2,2,2,1,2,2,1,2,1,1,1,2,1,2,2,2,"11/09/2012 09:55:26",1,"OK",43
601,"confidential: replaced by 'closestCLID_anonymous'",9,1,999999,"14/09/2012 09:00:14","confidential: removed from data","confidential: removed from data","confidential: removed from data","confidential: removed from data","confidential: removed from data",1975,1,,5,5,2,127,0,0,54,1,6,2006,10000,10000,10000,10000,1,2,1,1,2,2,1,2,1,1,2,1,1,1,2,1,2,2,2,"14/09/2012 09:31:20",1,"OK",44
601,"confidential: replaced by 'closestCLID_anonymous'",36,1,201008,"13/09/2012 09:00:53","confidential: removed from data","confidential: removed from data","confidential: removed from data","confidential: removed from data","confidential: removed from data",2005,1,,1,6,2,66,1,1,45,1,6,2008,10000,10000,10000,10000,1,1,2,2,2,2,1,1,1,1,1,1,1,1,2,1,2,2,2,"13/09/2012 09:12:19",1,"OK",45
601,"confidential: replaced by 'closestCLID_anonymous'",73,1,201008,"13/09/2012 11:32:51","confidential: removed from data","confidential: removed from data","confidential: removed from data","confidential: removed from data","confidential: removed from data",1895,3,"district hospital",9,20,125,1200,10,10,168,1,6,2008,10000,10000,10000,10000,1,1,1,1,1,1,1,1,1,1,1,1,3,1,1,1,1,1,1,"13/09/2012 11:50:40",1,"OK",46
601,"confidential: replaced by 'closestCLID_anonymous'",34,1,201202,"11/09/2012 12:26:08","confidential: removed from data","confidential: removed from data","confidential: removed from data","confidential: removed from data","confidential: removed from data",2005,1,,2,1,0,182,5,15,63,1,1,2008,10000,10000,10000,10000,2,2,1,2,2,2,1,2,2,1,1,1,1,2,2,1,2,1,2,"11/09/2012 12:45:51",1,"OK",47
601,"confidential: replaced by 'closestCLID_anonymous'",78,1,999999,"17/09/2012 11:03:51","confidential: removed from data","confidential: removed from data","confidential: removed from data","confidential: removed from data","confidential: removed from data",1954,1,,4,5,0,100,7,15,54,1,5,2008,10000,10000,10000,10000,1,2,2,2,2,2,1,1,2,1,1,1,1,1,2,2,2,2,2,"17/09/2012 11:23:36",1,"OK",48
601,"confidential: replaced by 'closestCLID_anonymous'",2,1,999999,"19/09/2012 14:35:43","confidential: removed from data","confidential: removed from data","confidential: removed from data","confidential: removed from data","confidential: removed from data",1996,2,,4,20,24,4436,20,0,70,1,5,2010,10000,10000,10000,10000,1,1,1,1,1,1,1,1,1,1,1,1,1,1,1,1,1,1,2,"19/09/2012 14:56:46",1,"OK",49
601,"confidential: replaced by 'closestCLID_anonymous'",57,1,999999,"21/09/2012 09:38:35","confidential: removed from data","confidential: removed from data","confidential: removed from data","confidential: removed from data","confidential: removed from data",2004,1,,4,6,5,618,2,0,63,1,6,2008,10000,10000,10000,10000,1,2,1,2,2,2,1,1,1,1,1,1,1,1,2,1,2,2,2,"21/09/2012 09:56:43",1,"OK",50
601,"confidential: replaced by 'closestCLID_anonymous'",76,1,999999,"24/09/2012 12:49:37","confidential: removed from data","confidential: removed from data","confidential: removed from data","confidential: removed from data","confidential: removed from data",1983,1,,9,13,2,232,5,0,54,1,5,2009,10000,10000,10000,10000,1,1,1,2,2,2,1,1,1,1,1,1,1,1,1,1,2,2,2,"24/09/2012 13:01:43",1,"OK",51
602,"confidential: replaced by 'closestCLID_anonymous'",35,1,999999,"23/08/2012 11:49:41","confidential: removed from data","confidential: removed from data","confidential: removed from data","confidential: removed from data","confidential: removed from data",2007,1,,5,2,0,79,2,7,56,1,9,2007,5000,5000,5000,5000,1,1,2,2,2,2,2,1,1,1,2,1,4,2,2,2,2,2,2,"23/08/2012 12:35:02",1,"OK",52
602,"confidential: replaced by 'closestCLID_anonymous'",72,1,999999,"01/09/2012 11:24:28","confidential: removed from data","confidential: removed from data","confidential: removed from data","confidential: removed from data","confidential: removed from data",1996,1,,4,6,0,423,2,0,45,1,6,2009,5000,5000,5000,5000,1,1,2,2,2,2,1,2,2,1,1,1,1,1,2,1,2,2,2,"01/09/2012 12:00:13",1,"OK",53
602,"confidential: replaced by 'closestCLID_anonymous'",69,1,200820,"28/08/2012 10:38:37","confidential: removed from data","confidential: removed from data","confidential: removed from data","confidential: removed from data","confidential: removed from data",2005,1,,3,3,2,140,0,0,56,1,7,2008,5000,5000,5000,5000,1,2,2,2,2,2,1,1,1,1,1,1,1,1,2,1,2,1,2,"28/08/2012 10:58:19",1,"OK",54
602,"confidential: replaced by 'closestCLID_anonymous'",47,1,200820,"27/08/2012 18:13:19","confidential: removed from data","confidential: removed from data","confidential: removed from data","confidential: removed from data","confidential: removed from data",2005,1,,1,5,2,171,3,80,65,1,10,2006,5000,5000,5000,5000,1,2,2,2,2,2,1,1,1,1,1,1,1,1,2,1,2,1,2,"27/08/2012 18:28:10",1,"OK",55
602,"confidential: replaced by 'closestCLID_anonymous'",10,1,200820,"23/08/2012 16:55:55","confidential: removed from data","confidential: removed from data","confidential: removed from data","confidential: removed from data","confidential: removed from data",2008,1,,1,7,1,95,0,80,63,1,8,2008,5000,5000,5000,5000,1,2,1,1,2,2,1,1,2,1,1,1,1,1,2,1,2,2,2,"23/08/2012 17:10:49",1,"OK",56
602,"confidential: replaced by 'closestCLID_anonymous'",28,1,201008,"23/08/2012 10:23:48","confidential: removed from data","confidential: removed from data","confidential: removed from data","confidential: removed from data","confidential: removed from data",1985,2,,7,15,53,8500,140,140,148,1,6,2004,5000,5000,5000,5000,1,1,1,1,1,1,1,1,1,1,1,1,3,1,1,1,1,1,2,"23/08/2012 10:54:42",1,"OK",57
602,"confidential: replaced by 'closestCLID_anonymous'",11,1,201008,"25/08/2012 10:34:35","confidential: removed from data","confidential: removed from data","confidential: removed from data","confidential: removed from data","confidential: removed from data",2010,1,,1,8,0,250,10,8,40,1,6,2010,5000,5000,5000,0,1,2,2,2,2,2,1,1,1,1,2,1,1,1,2,1,2,2,2,"25/08/2012 10:58:06",1,"OK",58
602,"confidential: replaced by 'closestCLID_anonymous'",45,1,201008,"28/08/2012 09:54:19","confidential: removed from data","confidential: removed from data","confidential: removed from data","confidential: removed from data","confidential: removed from data",2002,1,,1,5,2,300,3,3,48,1,6,2006,5000,5000,5000,5000,1,1,2,2,2,2,1,2,1,1,1,1,3,1,2,1,1,1,2,"28/08/2012 10:09:04",1,"OK",59
602,"confidential: replaced by 'closestCLID_anonymous'",39,1,201202,"25/08/2012 11:20:50","confidential: removed from data","confidential: removed from data","confidential: removed from data","confidential: removed from data","confidential: removed from data",1967,1,,3,1,2,242,2,100,59,1,9,2006,5000,5000,5000,5000,1,2,1,1,2,2,1,2,1,1,1,1,3,1,1,1,1,2,2,"25/08/2012 11:32:17",1,"OK",60
602,"confidential: replaced by 'closestCLID_anonymous'",44,1,201202,"24/08/2012 12:12:56","confidential: removed from data","confidential: removed from data","confidential: removed from data","confidential: removed from data","confidential: removed from data",2005,1,,5,0,0,326,9,6,63,1,1,2006,5000,5000,5000,5000,1,2,1,2,2,2,1,1,1,1,1,1,1,1,2,1,2,2,2,"24/08/2012 12:39:53",1,"OK",61
602,"confidential: replaced by 'closestCLID_anonymous'",18,1,200820,"31/08/2012 10:19:19","confidential: removed from data","confidential: removed from data","confidential: removed from data","confidential: removed from data","confidential: removed from data",1987,1,,2,2,0,438,6,0,48,1,10,2006,5000,5000,5000,5000,1,2,1,2,1,1,1,2,1,1,1,1,3,1,2,1,1,1,2,"31/08/2012 10:54:09",1,"OK",62
602,"confidential: replaced by 'closestCLID_anonymous'",65,1,999999,"25/08/2012 11:30:26","confidential: removed from data","confidential: removed from data","confidential: removed from data","confidential: removed from data","confidential: removed from data",2010,1,,5,3,2,70,0,12,72,1,1,2011,5000,5000,0,0,1,1,2,1,2,2,1,1,1,1,1,1,1,1,2,1,2,2,2,"25/08/2012 11:51:04",1,"OK",63
602,"confidential: replaced by 'closestCLID_anonymous'",54,1,999999,"30/08/2012 11:26:21","confidential: removed from data","confidential: removed from data","confidential: removed from data","confidential: removed from data","confidential: removed from data",2009,1,,5,9,3,153,0,23,40,1,7,2009,5000,5000,5000,5000,1,1,1,2,2,2,1,1,1,1,2,1,1,1,2,1,2,2,2,"30/08/2012 11:53:43",1,"OK",64
602,"confidential: replaced by 'closestCLID_anonymous'",38,1,201202,"30/08/2012 11:03:24","confidential: removed from data","confidential: removed from data","confidential: removed from data","confidential: removed from data","confidential: removed from data",2008,1,,3,4,4,205,0,62,62,1,5,2008,5000,5000,5000,5000,1,2,1,2,2,1,1,1,1,1,1,1,3,1,2,1,1,1,2,"30/08/2012 11:18:02",1,"OK",65
602,"confidential: replaced by 'closestCLID_anonymous'",23,1,200820,"23/08/2012 09:58:20","confidential: removed from data","confidential: removed from data","confidential: removed from data","confidential: removed from data","confidential: removed from data",1962,1,,4,17,10,900,10,150,72,1,1,2007,5000,5000,5000,5000,1,1,1,2,1,1,1,1,1,1,1,1,3,1,2,1,1,1,2,"23/08/2012 10:15:44",1,"OK",66
602,"confidential: replaced by 'closestCLID_anonymous'",31,1,201008,"30/08/2012 11:03:17","confidential: removed from data","confidential: removed from data","confidential: removed from data","confidential: removed from data","confidential: removed from data",2000,1,,1,8,0,270,2,2,6,1,1,2006,5000,5000,5000,5000,1,1,1,2,2,1,1,1,1,1,2,1,3,1,2,1,1,1,2,"30/08/2012 11:19:18",1,"OK",67
602,"confidential: replaced by 'closestCLID_anonymous'",24,1,201008,"03/09/2012 10:51:00","confidential: removed from data","confidential: removed from data","confidential: removed from data","confidential: removed from data","confidential: removed from data",2006,1,,1,7,2,550,2,35,45,1,6,2007,5000,5000,5000,5000,1,1,1,2,2,1,1,1,1,1,1,1,3,1,1,1,2,2,2,"03/09/2012 16:04:07",1,"OK",68
