"DistID","CLID","CLID_anonymous","HHID","SplitOffID","HHTransGroupID","T5HQ1z","T5HQ2","T5HAQ2","T5HAQ3"
104,"confidential: replaced by 'CLID_anonymous'",26,110,1,1,1,1,1,1
104,"confidential: replaced by 'CLID_anonymous'",63,180,1,1,2,1,2,1
104,"confidential: replaced by 'CLID_anonymous'",16,10,1,1,1,1,2,1
104,"confidential: replaced by 'CLID_anonymous'",16,10,1,2,2,1,2,1
104,"confidential: replaced by 'CLID_anonymous'",16,180,1,1,1,1,2,1
104,"confidential: replaced by 'CLID_anonymous'",16,180,1,2,2,1,1,1
104,"confidential: replaced by 'CLID_anonymous'",16,180,1,3,3,1,2,1
104,"confidential: replaced by 'CLID_anonymous'",16,200,1,1,1,1,2,1
104,"confidential: replaced by 'CLID_anonymous'",80,20,1,1,1,1,2,1
104,"confidential: replaced by 'CLID_anonymous'",80,40,1,1,1,1,1,1
104,"confidential: replaced by 'CLID_anonymous'",80,110,1,1,1,1,2,2
104,"confidential: replaced by 'CLID_anonymous'",80,140,1,1,1,1,1,1
104,"confidential: replaced by 'CLID_anonymous'",80,200,1,1,1,1,1,1
104,"confidential: replaced by 'CLID_anonymous'",67,160,1,1,1,2,2,1
104,"confidential: replaced by 'CLID_anonymous'",40,80,1,1,2,1,2,1
104,"confidential: replaced by 'CLID_anonymous'",56,160,1,1,11,1,2,2
104,"confidential: replaced by 'CLID_anonymous'",56,160,1,2,3,1,2,2
104,"confidential: replaced by 'CLID_anonymous'",70,270,1,1,1,1,1,1
104,"confidential: replaced by 'CLID_anonymous'",52,60,1,1,2,1,2,1
104,"confidential: replaced by 'CLID_anonymous'",8,160,1,1,3,1,2,1
601,"confidential: replaced by 'CLID_anonymous'",5,110,1,1,2,2,2,-99
601,"confidential: replaced by 'CLID_anonymous'",49,240,1,1,1,1,2,1
601,"confidential: replaced by 'CLID_anonymous'",74,170,1,1,1,1,2,1
601,"confidential: replaced by 'CLID_anonymous'",62,20,1,1,2,1,2,1
601,"confidential: replaced by 'CLID_anonymous'",21,20,1,1,2,1,2,1
601,"confidential: replaced by 'CLID_anonymous'",21,170,1,1,2,1,2,1
601,"confidential: replaced by 'CLID_anonymous'",21,180,1,1,1,1,2,1
601,"confidential: replaced by 'CLID_anonymous'",1,60,1,1,2,1,2,1
601,"confidential: replaced by 'CLID_anonymous'",1,90,1,1,1,1,2,1
601,"confidential: replaced by 'CLID_anonymous'",1,150,1,1,2,1,2,1
601,"confidential: replaced by 'CLID_anonymous'",79,170,1,1,1,1,2,1
601,"confidential: replaced by 'CLID_anonymous'",71,10,1,1,1,1,2,1
601,"confidential: replaced by 'CLID_anonymous'",71,103,1,1,3,1,2,1
601,"confidential: replaced by 'CLID_anonymous'",53,80,1,1,1,1,2,1
601,"confidential: replaced by 'CLID_anonymous'",53,180,1,1,1,1,2,1
601,"confidential: replaced by 'CLID_anonymous'",75,20,1,1,1,1,2,1
601,"confidential: replaced by 'CLID_anonymous'",75,80,1,1,1,1,2,1
601,"confidential: replaced by 'CLID_anonymous'",75,120,1,1,1,1,2,1
601,"confidential: replaced by 'CLID_anonymous'",75,210,1,1,2,1,1,1
601,"confidential: replaced by 'CLID_anonymous'",37,110,1,1,1,1,2,1
601,"confidential: replaced by 'CLID_anonymous'",37,120,1,1,2,1,1,1
601,"confidential: replaced by 'CLID_anonymous'",61,70,1,1,1,1,1,1
601,"confidential: replaced by 'CLID_anonymous'",61,190,1,1,1,1,2,1
601,"confidential: replaced by 'CLID_anonymous'",61,230,1,1,2,1,2,1
601,"confidential: replaced by 'CLID_anonymous'",60,100,1,1,2,3,1,1
601,"confidential: replaced by 'CLID_anonymous'",60,180,1,1,2,1,2,1
601,"confidential: replaced by 'CLID_anonymous'",4,110,1,1,2,1,1,1
601,"confidential: replaced by 'CLID_anonymous'",4,210,1,1,1,1,1,1
601,"confidential: replaced by 'CLID_anonymous'",7,10,1,1,1,1,2,1
601,"confidential: replaced by 'CLID_anonymous'",7,140,1,1,1,2,2,1
601,"confidential: replaced by 'CLID_anonymous'",7,210,1,1,2,1,2,1
601,"confidential: replaced by 'CLID_anonymous'",32,60,1,1,1,1,1,1
601,"confidential: replaced by 'CLID_anonymous'",32,200,1,1,1,1,1,1
601,"confidential: replaced by 'CLID_anonymous'",17,40,1,1,1,1,2,1
601,"confidential: replaced by 'CLID_anonymous'",43,40,1,1,2,1,1,1
601,"confidential: replaced by 'CLID_anonymous'",20,50,1,1,1,1,2,2
601,"confidential: replaced by 'CLID_anonymous'",20,130,1,1,2,1,1,1
601,"confidential: replaced by 'CLID_anonymous'",20,180,1,1,1,2,2,1
601,"confidential: replaced by 'CLID_anonymous'",20,190,1,1,5,2,1,1
601,"confidential: replaced by 'CLID_anonymous'",55,110,1,1,2,1,2,1
601,"confidential: replaced by 'CLID_anonymous'",9,160,1,1,15,1,2,-99
601,"confidential: replaced by 'CLID_anonymous'",36,40,1,1,2,1,2,1
601,"confidential: replaced by 'CLID_anonymous'",36,50,1,1,3,1,1,1
601,"confidential: replaced by 'CLID_anonymous'",36,150,1,1,1,1,2,1
601,"confidential: replaced by 'CLID_anonymous'",36,180,1,1,2,1,1,1
601,"confidential: replaced by 'CLID_anonymous'",36,230,1,1,4,1,2,1
601,"confidential: replaced by 'CLID_anonymous'",73,10,1,1,2,1,2,1
601,"confidential: replaced by 'CLID_anonymous'",73,200,1,1,3,1,2,1
601,"confidential: replaced by 'CLID_anonymous'",34,110,1,1,1,1,1,2
601,"confidential: replaced by 'CLID_anonymous'",64,90,1,1,2,2,2,1
601,"confidential: replaced by 'CLID_anonymous'",64,140,1,1,2,1,2,1
601,"confidential: replaced by 'CLID_anonymous'",64,160,1,1,1,1,1,1
601,"confidential: replaced by 'CLID_anonymous'",64,240,1,1,2,1,2,1
601,"confidential: replaced by 'CLID_anonymous'",78,190,1,1,2,2,1,2
601,"confidential: replaced by 'CLID_anonymous'",2,70,1,1,1,1,2,1
601,"confidential: replaced by 'CLID_anonymous'",2,120,1,1,2,1,2,1
601,"confidential: replaced by 'CLID_anonymous'",2,210,1,1,2,1,1,1
601,"confidential: replaced by 'CLID_anonymous'",2,210,1,2,1,1,2,1
601,"confidential: replaced by 'CLID_anonymous'",51,30,1,1,1,1,2,1
601,"confidential: replaced by 'CLID_anonymous'",51,60,1,1,3,1,1,1
601,"confidential: replaced by 'CLID_anonymous'",51,120,1,1,1,1,2,1
601,"confidential: replaced by 'CLID_anonymous'",51,130,1,1,1,1,2,1
601,"confidential: replaced by 'CLID_anonymous'",51,140,1,1,1,2,2,1
601,"confidential: replaced by 'CLID_anonymous'",51,200,1,1,1,1,2,1
601,"confidential: replaced by 'CLID_anonymous'",51,230,1,1,2,1,1,1
601,"confidential: replaced by 'CLID_anonymous'",57,20,1,1,2,1,2,1
601,"confidential: replaced by 'CLID_anonymous'",57,110,2,1,2,1,2,1
601,"confidential: replaced by 'CLID_anonymous'",59,20,1,1,1,1,2,1
601,"confidential: replaced by 'CLID_anonymous'",59,30,1,1,2,1,2,1
601,"confidential: replaced by 'CLID_anonymous'",59,130,1,1,1,1,2,1
601,"confidential: replaced by 'CLID_anonymous'",59,200,1,1,2,1,2,1
602,"confidential: replaced by 'CLID_anonymous'",35,11,1,1,4,1,2,1
602,"confidential: replaced by 'CLID_anonymous'",35,30,1,1,1,1,2,1
602,"confidential: replaced by 'CLID_anonymous'",35,30,1,2,2,2,2,1
602,"confidential: replaced by 'CLID_anonymous'",35,60,1,1,1,2,1,1
602,"confidential: replaced by 'CLID_anonymous'",35,60,1,2,2,2,1,1
602,"confidential: replaced by 'CLID_anonymous'",35,80,1,1,13,1,2,1
602,"confidential: replaced by 'CLID_anonymous'",35,150,1,1,2,1,2,1
602,"confidential: replaced by 'CLID_anonymous'",35,261,1,1,2,1,1,1
602,"confidential: replaced by 'CLID_anonymous'",35,262,1,1,1,1,2,1
602,"confidential: replaced by 'CLID_anonymous'",35,350,1,1,2,1,1,1
602,"confidential: replaced by 'CLID_anonymous'",72,130,1,1,4,1,1,1
602,"confidential: replaced by 'CLID_anonymous'",72,162,1,1,3,1,2,2
602,"confidential: replaced by 'CLID_anonymous'",72,310,1,1,3,1,2,1
602,"confidential: replaced by 'CLID_anonymous'",42,101,1,1,1,1,2,2
602,"confidential: replaced by 'CLID_anonymous'",42,110,1,1,2,1,1,1
602,"confidential: replaced by 'CLID_anonymous'",42,190,1,1,2,1,2,1
602,"confidential: replaced by 'CLID_anonymous'",69,280,1,1,2,1,2,1
602,"confidential: replaced by 'CLID_anonymous'",47,120,1,1,2,1,2,1
602,"confidential: replaced by 'CLID_anonymous'",47,150,1,1,2,1,2,2
602,"confidential: replaced by 'CLID_anonymous'",10,101,1,1,3,2,2,1
602,"confidential: replaced by 'CLID_anonymous'",10,260,1,1,1,1,2,1
602,"confidential: replaced by 'CLID_anonymous'",10,260,2,1,5,1,2,1
602,"confidential: replaced by 'CLID_anonymous'",10,290,1,1,2,1,2,1
602,"confidential: replaced by 'CLID_anonymous'",10,450,1,1,1,1,1,1
602,"confidential: replaced by 'CLID_anonymous'",33,60,1,1,4,1,1,2
602,"confidential: replaced by 'CLID_anonymous'",33,110,1,1,1,2,1,1
602,"confidential: replaced by 'CLID_anonymous'",33,140,1,1,2,2,2,1
602,"confidential: replaced by 'CLID_anonymous'",33,150,1,1,2,1,2,1
602,"confidential: replaced by 'CLID_anonymous'",33,180,1,1,2,1,1,1
602,"confidential: replaced by 'CLID_anonymous'",33,300,1,1,2,1,2,1
602,"confidential: replaced by 'CLID_anonymous'",33,310,1,1,1,2,2,1
602,"confidential: replaced by 'CLID_anonymous'",33,410,1,1,1,1,1,1
602,"confidential: replaced by 'CLID_anonymous'",33,480,1,1,2,1,2,1
602,"confidential: replaced by 'CLID_anonymous'",28,20,1,1,3,1,2,2
602,"confidential: replaced by 'CLID_anonymous'",28,151,1,1,7,1,2,1
602,"confidential: replaced by 'CLID_anonymous'",28,160,1,1,2,1,2,1
602,"confidential: replaced by 'CLID_anonymous'",28,200,1,1,2,1,2,1
602,"confidential: replaced by 'CLID_anonymous'",28,310,1,1,2,1,2,1
602,"confidential: replaced by 'CLID_anonymous'",11,70,1,1,1,1,2,2
602,"confidential: replaced by 'CLID_anonymous'",11,251,1,1,2,1,1,1
602,"confidential: replaced by 'CLID_anonymous'",81,150,1,1,1,1,2,2
602,"confidential: replaced by 'CLID_anonymous'",81,190,1,1,1,1,2,2
602,"confidential: replaced by 'CLID_anonymous'",81,190,1,2,2,1,2,2
602,"confidential: replaced by 'CLID_anonymous'",81,220,1,1,1,2,2,2
602,"confidential: replaced by 'CLID_anonymous'",81,220,1,2,2,2,2,1
602,"confidential: replaced by 'CLID_anonymous'",81,220,1,3,3,2,2,1
602,"confidential: replaced by 'CLID_anonymous'",81,230,1,1,1,2,1,1
602,"confidential: replaced by 'CLID_anonymous'",81,230,1,2,2,1,2,1
602,"confidential: replaced by 'CLID_anonymous'",81,360,1,1,1,2,1,1
602,"confidential: replaced by 'CLID_anonymous'",81,360,1,2,2,2,2,1
602,"confidential: replaced by 'CLID_anonymous'",29,80,1,1,2,1,2,1
602,"confidential: replaced by 'CLID_anonymous'",29,90,1,1,2,2,2,2
602,"confidential: replaced by 'CLID_anonymous'",29,271,1,1,2,1,1,1
602,"confidential: replaced by 'CLID_anonymous'",29,290,1,1,2,1,2,2
602,"confidential: replaced by 'CLID_anonymous'",29,330,1,1,1,1,2,1
602,"confidential: replaced by 'CLID_anonymous'",29,340,1,1,2,1,2,1
602,"confidential: replaced by 'CLID_anonymous'",45,130,2,1,11,1,2,1
602,"confidential: replaced by 'CLID_anonymous'",45,150,1,1,2,1,2,2
602,"confidential: replaced by 'CLID_anonymous'",39,50,1,1,4,1,2,1
602,"confidential: replaced by 'CLID_anonymous'",39,50,1,2,1,1,1,1
602,"confidential: replaced by 'CLID_anonymous'",39,170,1,1,2,1,2,1
602,"confidential: replaced by 'CLID_anonymous'",39,180,1,1,1,1,2,1
602,"confidential: replaced by 'CLID_anonymous'",44,50,1,1,1,1,2,1
602,"confidential: replaced by 'CLID_anonymous'",44,50,1,2,2,1,2,1
602,"confidential: replaced by 'CLID_anonymous'",44,230,1,1,3,2,2,1
602,"confidential: replaced by 'CLID_anonymous'",44,410,1,1,2,1,2,1
602,"confidential: replaced by 'CLID_anonymous'",44,450,1,1,2,1,1,1
602,"confidential: replaced by 'CLID_anonymous'",18,60,1,1,2,3,1,1
602,"confidential: replaced by 'CLID_anonymous'",18,80,1,1,1,2,2,1
602,"confidential: replaced by 'CLID_anonymous'",18,80,1,2,2,2,2,1
602,"confidential: replaced by 'CLID_anonymous'",18,280,1,1,1,1,2,1
602,"confidential: replaced by 'CLID_anonymous'",18,310,1,1,1,1,2,1
602,"confidential: replaced by 'CLID_anonymous'",18,360,1,1,1,1,2,1
602,"confidential: replaced by 'CLID_anonymous'",18,390,1,1,2,2,2,1
602,"confidential: replaced by 'CLID_anonymous'",18,390,1,2,3,2,2,1
602,"confidential: replaced by 'CLID_anonymous'",18,390,1,3,4,1,2,1
602,"confidential: replaced by 'CLID_anonymous'",12,340,1,1,1,1,1,1
602,"confidential: replaced by 'CLID_anonymous'",65,80,1,1,1,1,1,1
602,"confidential: replaced by 'CLID_anonymous'",65,80,1,2,2,1,2,1
602,"confidential: replaced by 'CLID_anonymous'",65,340,2,1,3,1,1,1
602,"confidential: replaced by 'CLID_anonymous'",65,480,1,1,1,1,2,1
602,"confidential: replaced by 'CLID_anonymous'",65,480,1,2,2,1,2,1
602,"confidential: replaced by 'CLID_anonymous'",54,170,1,1,6,1,2,2
602,"confidential: replaced by 'CLID_anonymous'",54,220,1,1,1,1,2,1
602,"confidential: replaced by 'CLID_anonymous'",54,220,1,2,2,1,2,1
602,"confidential: replaced by 'CLID_anonymous'",54,330,1,1,1,1,1,1
602,"confidential: replaced by 'CLID_anonymous'",54,390,1,1,1,1,1,1
602,"confidential: replaced by 'CLID_anonymous'",54,390,1,2,2,1,2,1
602,"confidential: replaced by 'CLID_anonymous'",38,70,1,1,2,1,2,1
602,"confidential: replaced by 'CLID_anonymous'",38,260,1,1,2,1,2,1
602,"confidential: replaced by 'CLID_anonymous'",38,380,1,1,4,1,2,1
602,"confidential: replaced by 'CLID_anonymous'",38,431,1,1,1,1,1,1
602,"confidential: replaced by 'CLID_anonymous'",38,431,1,2,6,2,1,1
602,"confidential: replaced by 'CLID_anonymous'",25,10,1,1,2,1,1,1
602,"confidential: replaced by 'CLID_anonymous'",25,20,1,1,1,2,2,1
602,"confidential: replaced by 'CLID_anonymous'",25,90,1,1,2,1,2,2
602,"confidential: replaced by 'CLID_anonymous'",25,140,1,1,1,1,1,1
602,"confidential: replaced by 'CLID_anonymous'",25,150,1,1,5,1,2,1
602,"confidential: replaced by 'CLID_anonymous'",25,200,1,1,1,1,2,1
602,"confidential: replaced by 'CLID_anonymous'",25,320,1,1,1,1,1,2
602,"confidential: replaced by 'CLID_anonymous'",23,230,1,1,2,1,1,2
602,"confidential: replaced by 'CLID_anonymous'",31,190,1,1,2,1,1,1
602,"confidential: replaced by 'CLID_anonymous'",31,420,1,1,1,1,2,1
602,"confidential: replaced by 'CLID_anonymous'",31,420,1,2,2,1,2,1
602,"confidential: replaced by 'CLID_anonymous'",31,450,1,1,2,1,1,1
602,"confidential: replaced by 'CLID_anonymous'",31,500,1,1,1,1,2,1
602,"confidential: replaced by 'CLID_anonymous'",24,70,1,1,2,1,2,1
602,"confidential: replaced by 'CLID_anonymous'",24,100,1,1,1,2,2,1
602,"confidential: replaced by 'CLID_anonymous'",24,110,1,1,10,2,1,1
602,"confidential: replaced by 'CLID_anonymous'",24,120,1,1,2,2,2,1
602,"confidential: replaced by 'CLID_anonymous'",24,220,1,1,3,1,2,1
602,"confidential: replaced by 'CLID_anonymous'",24,230,1,1,3,2,1,1
602,"confidential: replaced by 'CLID_anonymous'",24,230,2,1,15,1,2,1
602,"confidential: replaced by 'CLID_anonymous'",24,260,1,1,2,1,2,1
602,"confidential: replaced by 'CLID_anonymous'",24,280,1,1,2,1,2,1
602,"confidential: replaced by 'CLID_anonymous'",24,290,1,1,2,2,1,1
602,"confidential: replaced by 'CLID_anonymous'",24,320,1,1,5,1,2,1
602,"confidential: replaced by 'CLID_anonymous'",24,340,1,1,2,1,2,1
602,"confidential: replaced by 'CLID_anonymous'",24,400,1,1,1,1,2,1
602,"confidential: replaced by 'CLID_anonymous'",24,410,1,1,4,2,2,1
602,"confidential: replaced by 'CLID_anonymous'",24,410,1,2,2,2,1,1
602,"confidential: replaced by 'CLID_anonymous'",24,470,1,1,1,1,1,1
602,"confidential: replaced by 'CLID_anonymous'",24,500,1,1,2,2,2,1
