"DistID","CLID","CLID_anonymous","HHID","SplitOffID","HHCreditID","T5GQ6","T5GAQ1","anonymous_data_ID"
104,"confidential: replaced by 'CLID_anonymous'",26,20,1,1,"confidential: removed from data",70000,1
104,"confidential: replaced by 'CLID_anonymous'",26,30,1,1,"confidential: removed from data",14000,2
104,"confidential: replaced by 'CLID_anonymous'",26,70,1,1,"confidential: removed from data",5000,3
104,"confidential: replaced by 'CLID_anonymous'",26,100,1,1,"confidential: removed from data",10000,4
104,"confidential: replaced by 'CLID_anonymous'",26,140,1,1,"confidential: removed from data",5000,5
104,"confidential: replaced by 'CLID_anonymous'",26,170,1,1,"confidential: removed from data",15000,6
104,"confidential: replaced by 'CLID_anonymous'",26,170,1,2,"confidential: removed from data",10000,7
104,"confidential: replaced by 'CLID_anonymous'",26,200,1,1,"confidential: removed from data",20000,8
104,"confidential: replaced by 'CLID_anonymous'",46,61,1,1,"confidential: removed from data",50000,9
104,"confidential: replaced by 'CLID_anonymous'",46,62,1,1,"confidential: removed from data",25000,10
104,"confidential: replaced by 'CLID_anonymous'",46,130,1,1,"confidential: removed from data",10000,11
104,"confidential: replaced by 'CLID_anonymous'",46,140,1,1,"confidential: removed from data",10000,12
104,"confidential: replaced by 'CLID_anonymous'",77,190,1,1,"confidential: removed from data",50000,13
104,"confidential: replaced by 'CLID_anonymous'",63,20,1,1,"confidential: removed from data",10000,14
104,"confidential: replaced by 'CLID_anonymous'",63,120,1,1,"confidential: removed from data",10000,15
104,"confidential: replaced by 'CLID_anonymous'",63,150,1,1,"confidential: removed from data",15000,16
104,"confidential: replaced by 'CLID_anonymous'",63,160,1,1,"confidential: removed from data",15000,17
104,"confidential: replaced by 'CLID_anonymous'",15,40,1,1,"confidential: removed from data",10000,18
104,"confidential: replaced by 'CLID_anonymous'",15,80,1,1,"confidential: removed from data",2200,19
104,"confidential: replaced by 'CLID_anonymous'",15,80,1,2,"confidential: removed from data",400,20
104,"confidential: replaced by 'CLID_anonymous'",15,130,1,1,"confidential: removed from data",50000,21
104,"confidential: replaced by 'CLID_anonymous'",16,130,1,1,"confidential: removed from data",20000,22
104,"confidential: replaced by 'CLID_anonymous'",16,180,1,1,"confidential: removed from data",14000,23
104,"confidential: replaced by 'CLID_anonymous'",16,180,1,2,"confidential: removed from data",8000,24
104,"confidential: replaced by 'CLID_anonymous'",16,210,1,1,"confidential: removed from data",5000,25
104,"confidential: replaced by 'CLID_anonymous'",80,10,1,1,"confidential: removed from data",10000,26
104,"confidential: replaced by 'CLID_anonymous'",80,20,1,1,"confidential: removed from data",30000,27
104,"confidential: replaced by 'CLID_anonymous'",80,40,1,1,"confidential: removed from data",100000,28
104,"confidential: replaced by 'CLID_anonymous'",80,170,1,1,"confidential: removed from data",10000,29
104,"confidential: replaced by 'CLID_anonymous'",80,200,1,1,"confidential: removed from data",30000,30
104,"confidential: replaced by 'CLID_anonymous'",22,100,1,1,"confidential: removed from data",5000,31
104,"confidential: replaced by 'CLID_anonymous'",22,140,1,1,"confidential: removed from data",5000,32
104,"confidential: replaced by 'CLID_anonymous'",22,160,1,1,"confidential: removed from data",200,33
104,"confidential: replaced by 'CLID_anonymous'",22,180,1,1,"confidential: removed from data",4000,34
104,"confidential: replaced by 'CLID_anonymous'",22,210,1,1,"confidential: removed from data",200000,35
104,"confidential: replaced by 'CLID_anonymous'",22,210,1,2,"confidential: removed from data",120000,36
104,"confidential: replaced by 'CLID_anonymous'",22,260,1,1,"confidential: removed from data",50000,37
104,"confidential: replaced by 'CLID_anonymous'",67,100,1,1,"confidential: removed from data",8000,38
104,"confidential: replaced by 'CLID_anonymous'",67,190,1,1,"confidential: removed from data",150000,39
104,"confidential: replaced by 'CLID_anonymous'",67,231,1,1,"confidential: removed from data",25000,40
104,"confidential: replaced by 'CLID_anonymous'",67,232,1,1,"confidential: removed from data",200000,41
104,"confidential: replaced by 'CLID_anonymous'",40,40,1,1,"confidential: removed from data",10000,42
104,"confidential: replaced by 'CLID_anonymous'",40,110,1,1,"confidential: removed from data",50000,43
104,"confidential: replaced by 'CLID_anonymous'",40,230,1,1,"confidential: removed from data",2500,44
104,"confidential: replaced by 'CLID_anonymous'",40,240,1,1,"confidential: removed from data",60000,45
104,"confidential: replaced by 'CLID_anonymous'",19,110,1,1,"confidential: removed from data",141000,46
104,"confidential: replaced by 'CLID_anonymous'",19,190,1,1,"confidential: removed from data",2000,47
104,"confidential: replaced by 'CLID_anonymous'",19,210,1,1,"confidential: removed from data",5000,48
104,"confidential: replaced by 'CLID_anonymous'",50,190,1,1,"confidential: removed from data",12000,49
104,"confidential: replaced by 'CLID_anonymous'",6,80,1,1,"confidential: removed from data",35000,50
104,"confidential: replaced by 'CLID_anonymous'",6,110,1,1,"confidential: removed from data",7200,51
104,"confidential: replaced by 'CLID_anonymous'",6,150,1,1,"confidential: removed from data",10000,52
104,"confidential: replaced by 'CLID_anonymous'",6,160,1,1,"confidential: removed from data",200000,53
104,"confidential: replaced by 'CLID_anonymous'",6,170,1,1,"confidential: removed from data",30000,54
104,"confidential: replaced by 'CLID_anonymous'",6,180,1,1,"confidential: removed from data",10000,55
104,"confidential: replaced by 'CLID_anonymous'",48,50,1,1,"confidential: removed from data",28000,56
104,"confidential: replaced by 'CLID_anonymous'",48,80,1,1,"confidential: removed from data",25000,57
104,"confidential: replaced by 'CLID_anonymous'",48,130,1,1,"confidential: removed from data",10000,58
104,"confidential: replaced by 'CLID_anonymous'",48,180,1,1,"confidential: removed from data",1000,59
104,"confidential: replaced by 'CLID_anonymous'",56,190,1,1,"confidential: removed from data",60000,60
104,"confidential: replaced by 'CLID_anonymous'",82,10,1,1,"confidential: removed from data",30000,61
104,"confidential: replaced by 'CLID_anonymous'",82,10,1,2,"confidential: removed from data",7000,62
104,"confidential: replaced by 'CLID_anonymous'",82,30,1,1,"confidential: removed from data",15000,63
104,"confidential: replaced by 'CLID_anonymous'",70,60,1,1,"confidential: removed from data",5000,64
104,"confidential: replaced by 'CLID_anonymous'",70,80,1,1,"confidential: removed from data",10000,65
104,"confidential: replaced by 'CLID_anonymous'",70,100,1,1,"confidential: removed from data",15000,66
104,"confidential: replaced by 'CLID_anonymous'",70,150,1,1,"confidential: removed from data",15000,67
104,"confidential: replaced by 'CLID_anonymous'",70,210,1,1,"confidential: removed from data",1000,68
104,"confidential: replaced by 'CLID_anonymous'",70,270,1,1,"confidential: removed from data",27000,69
104,"confidential: replaced by 'CLID_anonymous'",52,60,1,1,"confidential: removed from data",60000,70
104,"confidential: replaced by 'CLID_anonymous'",52,70,1,1,"confidential: removed from data",10000,71
104,"confidential: replaced by 'CLID_anonymous'",52,250,1,1,"confidential: removed from data",40000,72
104,"confidential: replaced by 'CLID_anonymous'",27,10,1,1,"confidential: removed from data",5000,73
104,"confidential: replaced by 'CLID_anonymous'",27,30,1,1,"confidential: removed from data",10000,74
104,"confidential: replaced by 'CLID_anonymous'",27,40,1,1,"confidential: removed from data",5000,75
104,"confidential: replaced by 'CLID_anonymous'",27,180,1,1,"confidential: removed from data",2000,76
104,"confidential: replaced by 'CLID_anonymous'",68,80,1,1,"confidential: removed from data",15000,77
104,"confidential: replaced by 'CLID_anonymous'",68,120,1,1,"confidential: removed from data",100000,78
104,"confidential: replaced by 'CLID_anonymous'",8,160,1,1,"confidential: removed from data",50000,79
104,"confidential: replaced by 'CLID_anonymous'",66,50,1,1,"confidential: removed from data",40000,80
104,"confidential: replaced by 'CLID_anonymous'",66,60,1,1,"confidential: removed from data",2000,81
104,"confidential: replaced by 'CLID_anonymous'",66,70,1,1,"confidential: removed from data",15000,82
104,"confidential: replaced by 'CLID_anonymous'",66,270,1,1,"confidential: removed from data",5000,83
104,"confidential: replaced by 'CLID_anonymous'",66,270,1,2,"confidential: removed from data",50000,84
601,"confidential: replaced by 'CLID_anonymous'",5,50,1,1,"confidential: removed from data",12000,85
601,"confidential: replaced by 'CLID_anonymous'",5,130,1,1,"confidential: removed from data",50000,86
601,"confidential: replaced by 'CLID_anonymous'",5,160,1,1,"confidential: removed from data",4500,87
601,"confidential: replaced by 'CLID_anonymous'",5,180,1,1,"confidential: removed from data",10000,88
601,"confidential: replaced by 'CLID_anonymous'",5,210,1,1,"confidential: removed from data",10000,89
601,"confidential: replaced by 'CLID_anonymous'",5,210,1,2,"confidential: removed from data",15000,90
601,"confidential: replaced by 'CLID_anonymous'",5,220,1,1,"confidential: removed from data",20000,91
601,"confidential: replaced by 'CLID_anonymous'",5,250,1,1,"confidential: removed from data",250000,92
601,"confidential: replaced by 'CLID_anonymous'",5,270,1,1,"confidential: removed from data",40000,93
601,"confidential: replaced by 'CLID_anonymous'",49,160,1,1,"confidential: removed from data",30000,94
601,"confidential: replaced by 'CLID_anonymous'",49,220,1,1,"confidential: removed from data",15000,95
601,"confidential: replaced by 'CLID_anonymous'",49,220,1,2,"confidential: removed from data",5000,96
601,"confidential: replaced by 'CLID_anonymous'",49,240,1,1,"confidential: removed from data",20000,97
601,"confidential: replaced by 'CLID_anonymous'",49,250,1,1,"confidential: removed from data",200000,98
601,"confidential: replaced by 'CLID_anonymous'",49,250,1,2,"confidential: removed from data",100000,99
601,"confidential: replaced by 'CLID_anonymous'",49,250,1,3,"confidential: removed from data",60000,100
601,"confidential: replaced by 'CLID_anonymous'",74,140,1,1,"confidential: removed from data",10000,101
601,"confidential: replaced by 'CLID_anonymous'",74,180,1,1,"confidential: removed from data",77000,102
601,"confidential: replaced by 'CLID_anonymous'",74,210,1,1,"confidential: removed from data",50000,103
601,"confidential: replaced by 'CLID_anonymous'",74,230,1,1,"confidential: removed from data",15000,104
601,"confidential: replaced by 'CLID_anonymous'",62,90,1,1,"confidential: removed from data",3800,105
601,"confidential: replaced by 'CLID_anonymous'",21,80,1,1,"confidential: removed from data",2000,106
601,"confidential: replaced by 'CLID_anonymous'",21,150,1,1,"confidential: removed from data",20000,107
601,"confidential: replaced by 'CLID_anonymous'",21,180,1,1,"confidential: removed from data",10000,108
601,"confidential: replaced by 'CLID_anonymous'",1,20,1,1,"confidential: removed from data",30000,109
601,"confidential: replaced by 'CLID_anonymous'",1,90,1,1,"confidential: removed from data",40000,110
601,"confidential: replaced by 'CLID_anonymous'",79,60,1,1,"confidential: removed from data",5900,111
601,"confidential: replaced by 'CLID_anonymous'",79,170,1,1,"confidential: removed from data",10000,112
601,"confidential: replaced by 'CLID_anonymous'",41,30,1,1,"confidential: removed from data",7000,113
601,"confidential: replaced by 'CLID_anonymous'",41,160,1,1,"confidential: removed from data",20000,114
601,"confidential: replaced by 'CLID_anonymous'",71,71,1,1,"confidential: removed from data",500000,115
601,"confidential: replaced by 'CLID_anonymous'",71,72,1,1,"confidential: removed from data",100000,116
601,"confidential: replaced by 'CLID_anonymous'",71,103,1,1,"confidential: removed from data",15000,117
601,"confidential: replaced by 'CLID_anonymous'",71,130,1,1,"confidential: removed from data",100000,118
601,"confidential: replaced by 'CLID_anonymous'",71,180,1,1,"confidential: removed from data",100000,119
601,"confidential: replaced by 'CLID_anonymous'",71,180,1,2,"confidential: removed from data",5000,120
601,"confidential: replaced by 'CLID_anonymous'",71,220,1,1,"confidential: removed from data",180000,121
601,"confidential: replaced by 'CLID_anonymous'",53,41,1,1,"confidential: removed from data",1700000,122
601,"confidential: replaced by 'CLID_anonymous'",53,60,1,1,"confidential: removed from data",40000,123
601,"confidential: replaced by 'CLID_anonymous'",53,120,1,1,"confidential: removed from data",5000,124
601,"confidential: replaced by 'CLID_anonymous'",53,180,1,1,"confidential: removed from data",20000,125
601,"confidential: replaced by 'CLID_anonymous'",53,180,1,2,"confidential: removed from data",120000,126
601,"confidential: replaced by 'CLID_anonymous'",53,190,1,1,"confidential: removed from data",50000,127
601,"confidential: replaced by 'CLID_anonymous'",75,10,1,1,"confidential: removed from data",2500,128
601,"confidential: replaced by 'CLID_anonymous'",75,50,1,1,"confidential: removed from data",8000,129
601,"confidential: replaced by 'CLID_anonymous'",75,80,1,1,"confidential: removed from data",18000,130
601,"confidential: replaced by 'CLID_anonymous'",75,110,1,1,"confidential: removed from data",10000,131
601,"confidential: replaced by 'CLID_anonymous'",75,110,1,2,"confidential: removed from data",10000,132
601,"confidential: replaced by 'CLID_anonymous'",75,120,1,1,"confidential: removed from data",100000,133
601,"confidential: replaced by 'CLID_anonymous'",75,130,1,1,"confidential: removed from data",150000,134
601,"confidential: replaced by 'CLID_anonymous'",75,150,1,1,"confidential: removed from data",16000,135
601,"confidential: replaced by 'CLID_anonymous'",75,150,1,2,"confidential: removed from data",500,136
601,"confidential: replaced by 'CLID_anonymous'",75,200,1,1,"confidential: removed from data",10000,137
601,"confidential: replaced by 'CLID_anonymous'",37,50,1,1,"confidential: removed from data",100000,138
601,"confidential: replaced by 'CLID_anonymous'",37,70,1,1,"confidential: removed from data",20000,139
601,"confidential: replaced by 'CLID_anonymous'",37,90,1,1,"confidential: removed from data",10000,140
601,"confidential: replaced by 'CLID_anonymous'",37,120,1,1,"confidential: removed from data",150000,141
601,"confidential: replaced by 'CLID_anonymous'",61,30,1,1,"confidential: removed from data",10000,142
601,"confidential: replaced by 'CLID_anonymous'",61,70,1,1,"confidential: removed from data",30000,143
601,"confidential: replaced by 'CLID_anonymous'",61,70,1,2,"confidential: removed from data",83000,144
601,"confidential: replaced by 'CLID_anonymous'",61,110,1,1,"confidential: removed from data",36000,145
601,"confidential: replaced by 'CLID_anonymous'",61,110,1,2,"confidential: removed from data",2000,146
601,"confidential: replaced by 'CLID_anonymous'",61,140,1,1,"confidential: removed from data",10000,147
601,"confidential: replaced by 'CLID_anonymous'",61,180,1,1,"confidential: removed from data",3000,148
601,"confidential: replaced by 'CLID_anonymous'",61,190,1,1,"confidential: removed from data",30000,149
601,"confidential: replaced by 'CLID_anonymous'",61,200,1,1,"confidential: removed from data",20000,150
601,"confidential: replaced by 'CLID_anonymous'",61,230,1,1,"confidential: removed from data",40000,151
601,"confidential: replaced by 'CLID_anonymous'",60,10,1,1,"confidential: removed from data",30000,152
601,"confidential: replaced by 'CLID_anonymous'",60,100,1,1,"confidential: removed from data",10000,153
601,"confidential: replaced by 'CLID_anonymous'",4,30,1,1,"confidential: removed from data",20000,154
601,"confidential: replaced by 'CLID_anonymous'",4,30,1,2,"confidential: removed from data",30000,155
601,"confidential: replaced by 'CLID_anonymous'",4,40,1,1,"confidential: removed from data",200000,156
601,"confidential: replaced by 'CLID_anonymous'",4,60,1,1,"confidential: removed from data",10000,157
601,"confidential: replaced by 'CLID_anonymous'",4,100,1,1,"confidential: removed from data",30000,158
601,"confidential: replaced by 'CLID_anonymous'",4,110,1,1,"confidential: removed from data",100000,159
601,"confidential: replaced by 'CLID_anonymous'",4,130,1,1,"confidential: removed from data",10000,160
601,"confidential: replaced by 'CLID_anonymous'",4,200,1,1,"confidential: removed from data",100000,161
601,"confidential: replaced by 'CLID_anonymous'",4,220,1,1,"confidential: removed from data",20000,162
601,"confidential: replaced by 'CLID_anonymous'",4,230,1,1,"confidential: removed from data",15000,163
601,"confidential: replaced by 'CLID_anonymous'",7,20,1,1,"confidential: removed from data",15000,164
601,"confidential: replaced by 'CLID_anonymous'",7,80,1,1,"confidential: removed from data",30000,165
601,"confidential: replaced by 'CLID_anonymous'",7,80,1,2,"confidential: removed from data",20000,166
601,"confidential: replaced by 'CLID_anonymous'",7,100,1,1,"confidential: removed from data",6000,167
601,"confidential: replaced by 'CLID_anonymous'",7,120,1,1,"confidential: removed from data",10000,168
601,"confidential: replaced by 'CLID_anonymous'",7,200,1,1,"confidential: removed from data",2500,169
601,"confidential: replaced by 'CLID_anonymous'",7,210,1,1,"confidential: removed from data",30000,170
601,"confidential: replaced by 'CLID_anonymous'",32,30,1,1,"confidential: removed from data",8000,171
601,"confidential: replaced by 'CLID_anonymous'",32,60,1,1,"confidential: removed from data",150000,172
601,"confidential: replaced by 'CLID_anonymous'",32,90,1,1,"confidential: removed from data",25000,173
601,"confidential: replaced by 'CLID_anonymous'",32,130,1,1,"confidential: removed from data",20000,174
601,"confidential: replaced by 'CLID_anonymous'",32,230,1,1,"confidential: removed from data",50000,175
601,"confidential: replaced by 'CLID_anonymous'",17,40,1,1,"confidential: removed from data",40000,176
601,"confidential: replaced by 'CLID_anonymous'",17,50,1,1,"confidential: removed from data",30000,177
601,"confidential: replaced by 'CLID_anonymous'",17,70,1,1,"confidential: removed from data",10000,178
601,"confidential: replaced by 'CLID_anonymous'",17,70,1,2,"confidential: removed from data",10000,179
601,"confidential: replaced by 'CLID_anonymous'",17,120,1,1,"confidential: removed from data",50000,180
601,"confidential: replaced by 'CLID_anonymous'",17,220,1,1,"confidential: removed from data",40000,181
601,"confidential: replaced by 'CLID_anonymous'",3,30,1,1,"confidential: removed from data",100000,182
601,"confidential: replaced by 'CLID_anonymous'",3,30,1,2,"confidential: removed from data",50000,183
601,"confidential: replaced by 'CLID_anonymous'",3,70,1,1,"confidential: removed from data",500000,184
601,"confidential: replaced by 'CLID_anonymous'",3,80,1,1,"confidential: removed from data",50000,185
601,"confidential: replaced by 'CLID_anonymous'",3,90,1,1,"confidential: removed from data",100000,186
601,"confidential: replaced by 'CLID_anonymous'",3,110,1,1,"confidential: removed from data",20000,187
601,"confidential: replaced by 'CLID_anonymous'",3,110,1,2,"confidential: removed from data",2000,188
601,"confidential: replaced by 'CLID_anonymous'",3,140,1,1,"confidential: removed from data",30000,189
601,"confidential: replaced by 'CLID_anonymous'",3,140,1,2,"confidential: removed from data",50000,190
601,"confidential: replaced by 'CLID_anonymous'",3,140,1,3,"confidential: removed from data",30000,191
601,"confidential: replaced by 'CLID_anonymous'",3,160,1,1,"confidential: removed from data",20000,192
601,"confidential: replaced by 'CLID_anonymous'",3,170,1,1,"confidential: removed from data",50000,193
601,"confidential: replaced by 'CLID_anonymous'",3,170,1,2,"confidential: removed from data",50000,194
601,"confidential: replaced by 'CLID_anonymous'",3,200,1,1,"confidential: removed from data",50000,195
601,"confidential: replaced by 'CLID_anonymous'",43,20,1,1,"confidential: removed from data",25000,196
601,"confidential: replaced by 'CLID_anonymous'",43,30,1,1,"confidential: removed from data",2000,197
601,"confidential: replaced by 'CLID_anonymous'",43,50,1,1,"confidential: removed from data",40000,198
601,"confidential: replaced by 'CLID_anonymous'",43,120,1,1,"confidential: removed from data",35000,199
601,"confidential: replaced by 'CLID_anonymous'",43,130,1,1,"confidential: removed from data",30000,200
601,"confidential: replaced by 'CLID_anonymous'",43,150,1,1,"confidential: removed from data",160000,201
601,"confidential: replaced by 'CLID_anonymous'",43,200,1,1,"confidential: removed from data",20000,202
601,"confidential: replaced by 'CLID_anonymous'",43,220,1,1,"confidential: removed from data",50000,203
601,"confidential: replaced by 'CLID_anonymous'",14,40,1,1,"confidential: removed from data",310000,204
601,"confidential: replaced by 'CLID_anonymous'",14,60,1,1,"confidential: removed from data",2000,205
601,"confidential: replaced by 'CLID_anonymous'",14,140,1,1,"confidential: removed from data",1000,206
601,"confidential: replaced by 'CLID_anonymous'",14,160,1,1,"confidential: removed from data",120000,207
601,"confidential: replaced by 'CLID_anonymous'",14,160,1,2,"confidential: removed from data",130000,208
601,"confidential: replaced by 'CLID_anonymous'",14,220,1,1,"confidential: removed from data",3000,209
601,"confidential: replaced by 'CLID_anonymous'",20,10,1,1,"confidential: removed from data",10000,210
601,"confidential: replaced by 'CLID_anonymous'",13,10,1,1,"confidential: removed from data",4000,211
601,"confidential: replaced by 'CLID_anonymous'",13,30,1,1,"confidential: removed from data",80000,212
601,"confidential: replaced by 'CLID_anonymous'",13,60,1,1,"confidential: removed from data",25000,213
601,"confidential: replaced by 'CLID_anonymous'",13,82,1,1,"confidential: removed from data",30000,214
601,"confidential: replaced by 'CLID_anonymous'",13,110,1,1,"confidential: removed from data",10000,215
601,"confidential: replaced by 'CLID_anonymous'",13,130,1,1,"confidential: removed from data",30000,216
601,"confidential: replaced by 'CLID_anonymous'",13,160,1,1,"confidential: removed from data",10000,217
601,"confidential: replaced by 'CLID_anonymous'",13,230,1,1,"confidential: removed from data",23000,218
601,"confidential: replaced by 'CLID_anonymous'",55,40,1,1,"confidential: removed from data",8000,219
601,"confidential: replaced by 'CLID_anonymous'",55,80,1,1,"confidential: removed from data",10000,220
601,"confidential: replaced by 'CLID_anonymous'",55,110,1,1,"confidential: removed from data",25000,221
601,"confidential: replaced by 'CLID_anonymous'",55,140,1,1,"confidential: removed from data",200000,222
601,"confidential: replaced by 'CLID_anonymous'",55,160,1,1,"confidential: removed from data",12000,223
601,"confidential: replaced by 'CLID_anonymous'",55,160,2,1,"confidential: removed from data",18000,224
601,"confidential: replaced by 'CLID_anonymous'",55,190,1,1,"confidential: removed from data",50000,225
601,"confidential: replaced by 'CLID_anonymous'",55,200,1,1,"confidential: removed from data",3000,226
601,"confidential: replaced by 'CLID_anonymous'",55,210,1,1,"confidential: removed from data",30000,227
601,"confidential: replaced by 'CLID_anonymous'",9,40,1,1,"confidential: removed from data",18400,228
601,"confidential: replaced by 'CLID_anonymous'",9,60,1,1,"confidential: removed from data",50000,229
601,"confidential: replaced by 'CLID_anonymous'",9,100,1,1,"confidential: removed from data",100000,230
601,"confidential: replaced by 'CLID_anonymous'",9,160,1,1,"confidential: removed from data",50000,231
601,"confidential: replaced by 'CLID_anonymous'",36,80,1,1,"confidential: removed from data",35000,232
601,"confidential: replaced by 'CLID_anonymous'",36,110,1,1,"confidential: removed from data",100000,233
601,"confidential: replaced by 'CLID_anonymous'",36,141,1,1,"confidential: removed from data",5000,234
601,"confidential: replaced by 'CLID_anonymous'",36,210,1,1,"confidential: removed from data",37000,235
601,"confidential: replaced by 'CLID_anonymous'",36,210,1,2,"confidential: removed from data",50000,236
601,"confidential: replaced by 'CLID_anonymous'",36,210,1,3,"confidential: removed from data",75000,237
601,"confidential: replaced by 'CLID_anonymous'",36,230,1,1,"confidential: removed from data",200000,238
601,"confidential: replaced by 'CLID_anonymous'",73,40,1,1,"confidential: removed from data",10000,239
601,"confidential: replaced by 'CLID_anonymous'",73,70,1,1,"confidential: removed from data",300000,240
601,"confidential: replaced by 'CLID_anonymous'",73,111,2,1,"confidential: removed from data",50000,241
601,"confidential: replaced by 'CLID_anonymous'",73,132,1,1,"confidential: removed from data",10000,242
601,"confidential: replaced by 'CLID_anonymous'",34,30,1,1,"confidential: removed from data",20000,243
601,"confidential: replaced by 'CLID_anonymous'",34,40,1,1,"confidential: removed from data",200000,244
601,"confidential: replaced by 'CLID_anonymous'",34,80,1,1,"confidential: removed from data",55000,245
601,"confidential: replaced by 'CLID_anonymous'",34,100,1,1,"confidential: removed from data",100000,246
601,"confidential: replaced by 'CLID_anonymous'",34,110,1,1,"confidential: removed from data",40000,247
601,"confidential: replaced by 'CLID_anonymous'",34,160,1,1,"confidential: removed from data",30000,248
601,"confidential: replaced by 'CLID_anonymous'",34,180,1,1,"confidential: removed from data",9100,249
601,"confidential: replaced by 'CLID_anonymous'",34,180,1,2,"confidential: removed from data",30000,250
601,"confidential: replaced by 'CLID_anonymous'",34,200,1,1,"confidential: removed from data",17000,251
601,"confidential: replaced by 'CLID_anonymous'",34,280,1,1,"confidential: removed from data",5000,252
601,"confidential: replaced by 'CLID_anonymous'",34,290,1,1,"confidential: removed from data",20000,253
601,"confidential: replaced by 'CLID_anonymous'",34,290,1,2,"confidential: removed from data",2000,254
601,"confidential: replaced by 'CLID_anonymous'",34,310,1,1,"confidential: removed from data",40000,255
601,"confidential: replaced by 'CLID_anonymous'",64,80,2,1,"confidential: removed from data",200000,256
601,"confidential: replaced by 'CLID_anonymous'",64,90,1,1,"confidential: removed from data",500000,257
601,"confidential: replaced by 'CLID_anonymous'",78,140,1,1,"confidential: removed from data",120000,258
601,"confidential: replaced by 'CLID_anonymous'",78,160,1,1,"confidential: removed from data",10000,259
601,"confidential: replaced by 'CLID_anonymous'",78,180,1,1,"confidential: removed from data",50000,260
601,"confidential: replaced by 'CLID_anonymous'",78,190,1,1,"confidential: removed from data",20000,261
601,"confidential: replaced by 'CLID_anonymous'",78,230,1,1,"confidential: removed from data",7000,262
601,"confidential: replaced by 'CLID_anonymous'",2,50,1,1,"confidential: removed from data",8000,263
601,"confidential: replaced by 'CLID_anonymous'",2,80,1,1,"confidential: removed from data",10000,264
601,"confidential: replaced by 'CLID_anonymous'",2,90,1,1,"confidential: removed from data",10000,265
601,"confidential: replaced by 'CLID_anonymous'",2,100,1,1,"confidential: removed from data",20000,266
601,"confidential: replaced by 'CLID_anonymous'",2,120,1,1,"confidential: removed from data",12000,267
601,"confidential: replaced by 'CLID_anonymous'",2,170,1,1,"confidential: removed from data",50000,268
601,"confidential: replaced by 'CLID_anonymous'",2,180,1,1,"confidential: removed from data",2000,269
601,"confidential: replaced by 'CLID_anonymous'",2,190,1,1,"confidential: removed from data",100000,270
601,"confidential: replaced by 'CLID_anonymous'",2,190,1,2,"confidential: removed from data",20000,271
601,"confidential: replaced by 'CLID_anonymous'",2,200,1,1,"confidential: removed from data",4500,272
601,"confidential: replaced by 'CLID_anonymous'",2,210,1,1,"confidential: removed from data",3000000,273
601,"confidential: replaced by 'CLID_anonymous'",51,60,1,1,"confidential: removed from data",60000,274
601,"confidential: replaced by 'CLID_anonymous'",51,120,1,1,"confidential: removed from data",5000,275
601,"confidential: replaced by 'CLID_anonymous'",51,140,1,1,"confidential: removed from data",20000,276
601,"confidential: replaced by 'CLID_anonymous'",51,200,1,1,"confidential: removed from data",30000,277
601,"confidential: replaced by 'CLID_anonymous'",51,230,1,1,"confidential: removed from data",6000,278
601,"confidential: replaced by 'CLID_anonymous'",51,250,1,1,"confidential: removed from data",8000,279
601,"confidential: replaced by 'CLID_anonymous'",57,10,1,1,"confidential: removed from data",40000,280
601,"confidential: replaced by 'CLID_anonymous'",57,80,1,1,"confidential: removed from data",50000,281
601,"confidential: replaced by 'CLID_anonymous'",57,120,1,1,"confidential: removed from data",21000,282
601,"confidential: replaced by 'CLID_anonymous'",57,150,1,1,"confidential: removed from data",10000,283
601,"confidential: replaced by 'CLID_anonymous'",57,170,1,1,"confidential: removed from data",12000,284
601,"confidential: replaced by 'CLID_anonymous'",57,211,2,1,"confidential: removed from data",20000,285
601,"confidential: replaced by 'CLID_anonymous'",57,220,1,1,"confidential: removed from data",30000,286
601,"confidential: replaced by 'CLID_anonymous'",57,230,1,1,"confidential: removed from data",100000,287
601,"confidential: replaced by 'CLID_anonymous'",57,270,1,1,"confidential: removed from data",50000,288
601,"confidential: replaced by 'CLID_anonymous'",76,70,1,1,"confidential: removed from data",15000,289
601,"confidential: replaced by 'CLID_anonymous'",76,140,1,1,"confidential: removed from data",30000,290
601,"confidential: replaced by 'CLID_anonymous'",76,210,1,1,"confidential: removed from data",14000,291
601,"confidential: replaced by 'CLID_anonymous'",59,80,1,1,"confidential: removed from data",20000,292
601,"confidential: replaced by 'CLID_anonymous'",59,80,1,2,"confidential: removed from data",40000,293
601,"confidential: replaced by 'CLID_anonymous'",59,120,1,1,"confidential: removed from data",20000,294
602,"confidential: replaced by 'CLID_anonymous'",35,30,1,1,"confidential: removed from data",5000,295
602,"confidential: replaced by 'CLID_anonymous'",35,60,1,1,"confidential: removed from data",200000,296
602,"confidential: replaced by 'CLID_anonymous'",35,60,1,2,"confidential: removed from data",50000,297
602,"confidential: replaced by 'CLID_anonymous'",35,70,1,1,"confidential: removed from data",10000,298
602,"confidential: replaced by 'CLID_anonymous'",35,150,1,1,"confidential: removed from data",10000,299
602,"confidential: replaced by 'CLID_anonymous'",35,160,1,1,"confidential: removed from data",5000,300
602,"confidential: replaced by 'CLID_anonymous'",35,421,1,1,"confidential: removed from data",100000,301
602,"confidential: replaced by 'CLID_anonymous'",35,470,1,1,"confidential: removed from data",20000,302
602,"confidential: replaced by 'CLID_anonymous'",72,110,1,1,"confidential: removed from data",50000,303
602,"confidential: replaced by 'CLID_anonymous'",72,130,1,1,"confidential: removed from data",30000,304
602,"confidential: replaced by 'CLID_anonymous'",72,162,1,1,"confidential: removed from data",13000,305
602,"confidential: replaced by 'CLID_anonymous'",72,200,1,1,"confidential: removed from data",13000,306
602,"confidential: replaced by 'CLID_anonymous'",72,410,1,1,"confidential: removed from data",12000,307
602,"confidential: replaced by 'CLID_anonymous'",72,450,1,1,"confidential: removed from data",5000,308
602,"confidential: replaced by 'CLID_anonymous'",72,490,1,1,"confidential: removed from data",1000,309
602,"confidential: replaced by 'CLID_anonymous'",72,500,1,1,"confidential: removed from data",8250,310
602,"confidential: replaced by 'CLID_anonymous'",42,50,1,1,"confidential: removed from data",40800,311
602,"confidential: replaced by 'CLID_anonymous'",42,70,1,1,"confidential: removed from data",5000,312
602,"confidential: replaced by 'CLID_anonymous'",42,80,1,1,"confidential: removed from data",25000,313
602,"confidential: replaced by 'CLID_anonymous'",42,90,1,1,"confidential: removed from data",40000,314
602,"confidential: replaced by 'CLID_anonymous'",42,101,1,1,"confidential: removed from data",35000,315
602,"confidential: replaced by 'CLID_anonymous'",42,110,1,1,"confidential: removed from data",30000,316
602,"confidential: replaced by 'CLID_anonymous'",42,150,1,1,"confidential: removed from data",40000,317
602,"confidential: replaced by 'CLID_anonymous'",42,180,1,1,"confidential: removed from data",20000,318
602,"confidential: replaced by 'CLID_anonymous'",42,190,1,1,"confidential: removed from data",30000,319
602,"confidential: replaced by 'CLID_anonymous'",69,250,1,1,"confidential: removed from data",10000,320
602,"confidential: replaced by 'CLID_anonymous'",69,250,1,2,"confidential: removed from data",4000,321
602,"confidential: replaced by 'CLID_anonymous'",69,280,1,1,"confidential: removed from data",50000,322
602,"confidential: replaced by 'CLID_anonymous'",47,120,1,1,"confidential: removed from data",10000,323
602,"confidential: replaced by 'CLID_anonymous'",10,140,1,1,"confidential: removed from data",30000,324
602,"confidential: replaced by 'CLID_anonymous'",10,240,1,1,"confidential: removed from data",5000,325
602,"confidential: replaced by 'CLID_anonymous'",10,260,2,1,"confidential: removed from data",20000,326
602,"confidential: replaced by 'CLID_anonymous'",10,290,1,1,"confidential: removed from data",6000,327
602,"confidential: replaced by 'CLID_anonymous'",10,450,1,1,"confidential: removed from data",80000,328
602,"confidential: replaced by 'CLID_anonymous'",10,450,1,2,"confidential: removed from data",1000,329
602,"confidential: replaced by 'CLID_anonymous'",33,120,1,1,"confidential: removed from data",50000,330
602,"confidential: replaced by 'CLID_anonymous'",28,200,1,1,"confidential: removed from data",20000,331
602,"confidential: replaced by 'CLID_anonymous'",28,240,1,1,"confidential: removed from data",600000,332
602,"confidential: replaced by 'CLID_anonymous'",28,350,1,1,"confidential: removed from data",150000,333
602,"confidential: replaced by 'CLID_anonymous'",28,400,1,1,"confidential: removed from data",15000,334
602,"confidential: replaced by 'CLID_anonymous'",28,460,1,1,"confidential: removed from data",20000,335
602,"confidential: replaced by 'CLID_anonymous'",11,10,1,1,"confidential: removed from data",50000,336
602,"confidential: replaced by 'CLID_anonymous'",11,410,1,1,"confidential: removed from data",15000,337
602,"confidential: replaced by 'CLID_anonymous'",11,500,1,1,"confidential: removed from data",25000,338
602,"confidential: replaced by 'CLID_anonymous'",81,180,1,1,"confidential: removed from data",4000,339
602,"confidential: replaced by 'CLID_anonymous'",81,220,1,1,"confidential: removed from data",150000,340
602,"confidential: replaced by 'CLID_anonymous'",81,230,1,1,"confidential: removed from data",250000,341
602,"confidential: replaced by 'CLID_anonymous'",81,290,1,1,"confidential: removed from data",25000,342
602,"confidential: replaced by 'CLID_anonymous'",81,360,1,1,"confidential: removed from data",500000,343
602,"confidential: replaced by 'CLID_anonymous'",29,190,1,1,"confidential: removed from data",30000,344
602,"confidential: replaced by 'CLID_anonymous'",29,190,1,3,"confidential: removed from data",40000,345
602,"confidential: replaced by 'CLID_anonymous'",29,220,1,1,"confidential: removed from data",10000,346
602,"confidential: replaced by 'CLID_anonymous'",29,260,1,1,"confidential: removed from data",5000,347
602,"confidential: replaced by 'CLID_anonymous'",29,260,1,2,"confidential: removed from data",16000,348
602,"confidential: replaced by 'CLID_anonymous'",29,271,1,1,"confidential: removed from data",15000,349
602,"confidential: replaced by 'CLID_anonymous'",29,290,1,1,"confidential: removed from data",10000,350
602,"confidential: replaced by 'CLID_anonymous'",29,340,1,1,"confidential: removed from data",50000,351
602,"confidential: replaced by 'CLID_anonymous'",45,30,1,1,"confidential: removed from data",3800,352
602,"confidential: replaced by 'CLID_anonymous'",45,150,1,1,"confidential: removed from data",7500,353
602,"confidential: replaced by 'CLID_anonymous'",45,180,1,1,"confidential: removed from data",6000,354
602,"confidential: replaced by 'CLID_anonymous'",45,200,1,1,"confidential: removed from data",15000,355
602,"confidential: replaced by 'CLID_anonymous'",45,360,1,1,"confidential: removed from data",10000,356
602,"confidential: replaced by 'CLID_anonymous'",39,50,1,1,"confidential: removed from data",300000,357
602,"confidential: replaced by 'CLID_anonymous'",39,100,1,1,"confidential: removed from data",40000,358
602,"confidential: replaced by 'CLID_anonymous'",39,150,1,1,"confidential: removed from data",6000,359
602,"confidential: replaced by 'CLID_anonymous'",39,170,1,1,"confidential: removed from data",10000,360
602,"confidential: replaced by 'CLID_anonymous'",39,170,1,2,"confidential: removed from data",50000,361
602,"confidential: replaced by 'CLID_anonymous'",39,180,1,1,"confidential: removed from data",10000,362
602,"confidential: replaced by 'CLID_anonymous'",39,440,1,1,"confidential: removed from data",10000,363
602,"confidential: replaced by 'CLID_anonymous'",39,500,1,1,"confidential: removed from data",15000,364
602,"confidential: replaced by 'CLID_anonymous'",44,50,1,1,"confidential: removed from data",55000,365
602,"confidential: replaced by 'CLID_anonymous'",44,100,1,1,"confidential: removed from data",40000,366
602,"confidential: replaced by 'CLID_anonymous'",44,170,1,1,"confidential: removed from data",50000,367
602,"confidential: replaced by 'CLID_anonymous'",44,230,2,1,"confidential: removed from data",15000,368
602,"confidential: replaced by 'CLID_anonymous'",44,270,1,1,"confidential: removed from data",50000,369
602,"confidential: replaced by 'CLID_anonymous'",44,280,1,1,"confidential: removed from data",200000,370
602,"confidential: replaced by 'CLID_anonymous'",18,200,1,1,"confidential: removed from data",40000,371
602,"confidential: replaced by 'CLID_anonymous'",18,280,1,1,"confidential: removed from data",10000,372
602,"confidential: replaced by 'CLID_anonymous'",18,360,1,1,"confidential: removed from data",5000,373
602,"confidential: replaced by 'CLID_anonymous'",18,380,1,1,"confidential: removed from data",3000,374
602,"confidential: replaced by 'CLID_anonymous'",12,340,1,1,"confidential: removed from data",50000,375
602,"confidential: replaced by 'CLID_anonymous'",12,340,1,2,"confidential: removed from data",85000,376
602,"confidential: replaced by 'CLID_anonymous'",65,122,1,1,"confidential: removed from data",80000,377
602,"confidential: replaced by 'CLID_anonymous'",65,190,1,1,"confidential: removed from data",25000,378
602,"confidential: replaced by 'CLID_anonymous'",65,220,1,1,"confidential: removed from data",20000,379
602,"confidential: replaced by 'CLID_anonymous'",65,250,1,1,"confidential: removed from data",10000,380
602,"confidential: replaced by 'CLID_anonymous'",65,460,1,1,"confidential: removed from data",20000,381
602,"confidential: replaced by 'CLID_anonymous'",54,190,1,1,"confidential: removed from data",6000,382
602,"confidential: replaced by 'CLID_anonymous'",54,220,1,1,"confidential: removed from data",54700,383
602,"confidential: replaced by 'CLID_anonymous'",54,230,1,1,"confidential: removed from data",10000,384
602,"confidential: replaced by 'CLID_anonymous'",54,260,1,1,"confidential: removed from data",10000,385
602,"confidential: replaced by 'CLID_anonymous'",54,300,1,1,"confidential: removed from data",20000,386
602,"confidential: replaced by 'CLID_anonymous'",54,400,1,1,"confidential: removed from data",45000,387
602,"confidential: replaced by 'CLID_anonymous'",54,400,1,2,"confidential: removed from data",55000,388
602,"confidential: replaced by 'CLID_anonymous'",38,70,1,1,"confidential: removed from data",10000,389
602,"confidential: replaced by 'CLID_anonymous'",38,130,1,1,"confidential: removed from data",3500,390
602,"confidential: replaced by 'CLID_anonymous'",38,130,1,2,"confidential: removed from data",5000,391
602,"confidential: replaced by 'CLID_anonymous'",38,130,1,3,"confidential: removed from data",12000,392
602,"confidential: replaced by 'CLID_anonymous'",38,160,1,1,"confidential: removed from data",30000,393
602,"confidential: replaced by 'CLID_anonymous'",38,240,1,1,"confidential: removed from data",15000,394
602,"confidential: replaced by 'CLID_anonymous'",38,260,1,1,"confidential: removed from data",20000,395
602,"confidential: replaced by 'CLID_anonymous'",38,290,1,1,"confidential: removed from data",10000,396
602,"confidential: replaced by 'CLID_anonymous'",38,290,1,2,"confidential: removed from data",15000,397
602,"confidential: replaced by 'CLID_anonymous'",38,300,1,1,"confidential: removed from data",5000,398
602,"confidential: replaced by 'CLID_anonymous'",38,350,1,1,"confidential: removed from data",20000,399
602,"confidential: replaced by 'CLID_anonymous'",38,431,1,1,"confidential: removed from data",30000,400
602,"confidential: replaced by 'CLID_anonymous'",25,10,1,1,"confidential: removed from data",200000,401
602,"confidential: replaced by 'CLID_anonymous'",25,30,1,1,"confidential: removed from data",15000,402
602,"confidential: replaced by 'CLID_anonymous'",25,30,1,2,"confidential: removed from data",11000,403
602,"confidential: replaced by 'CLID_anonymous'",25,40,1,1,"confidential: removed from data",20000,404
602,"confidential: replaced by 'CLID_anonymous'",25,130,1,1,"confidential: removed from data",5000,405
602,"confidential: replaced by 'CLID_anonymous'",25,140,1,1,"confidential: removed from data",24000,406
602,"confidential: replaced by 'CLID_anonymous'",25,161,1,1,"confidential: removed from data",12000,407
602,"confidential: replaced by 'CLID_anonymous'",25,200,1,1,"confidential: removed from data",5000,408
602,"confidential: replaced by 'CLID_anonymous'",25,210,1,1,"confidential: removed from data",100000,409
602,"confidential: replaced by 'CLID_anonymous'",25,240,1,1,"confidential: removed from data",12000,410
602,"confidential: replaced by 'CLID_anonymous'",25,361,1,1,"confidential: removed from data",10000,411
602,"confidential: replaced by 'CLID_anonymous'",25,390,1,1,"confidential: removed from data",6000,412
602,"confidential: replaced by 'CLID_anonymous'",31,30,1,1,"confidential: removed from data",12500,413
602,"confidential: replaced by 'CLID_anonymous'",31,190,1,1,"confidential: removed from data",100000,414
602,"confidential: replaced by 'CLID_anonymous'",31,260,1,1,"confidential: removed from data",4000,415
602,"confidential: replaced by 'CLID_anonymous'",31,340,1,1,"confidential: removed from data",20000,416
602,"confidential: replaced by 'CLID_anonymous'",31,430,1,1,"confidential: removed from data",5000,417
602,"confidential: replaced by 'CLID_anonymous'",24,110,1,1,"confidential: removed from data",250000,418
602,"confidential: replaced by 'CLID_anonymous'",24,220,1,1,"confidential: removed from data",50000,419
602,"confidential: replaced by 'CLID_anonymous'",24,230,1,1,"confidential: removed from data",30000,420
602,"confidential: replaced by 'CLID_anonymous'",24,280,1,1,"confidential: removed from data",40000,421
602,"confidential: replaced by 'CLID_anonymous'",24,280,1,2,"confidential: removed from data",25000,422
602,"confidential: replaced by 'CLID_anonymous'",24,290,1,1,"confidential: removed from data",3000,423
602,"confidential: replaced by 'CLID_anonymous'",24,320,1,1,"confidential: removed from data",30000,424
