"DistID","CLID","CLID_anonymous","SchoolID","NEID","exams","secondary"
104,"confidential: replaced by 'CLID_anonymous'",26,1,1,63,22
104,"confidential: replaced by 'CLID_anonymous'",26,1,2,89,19
104,"confidential: replaced by 'CLID_anonymous'",26,1,3,45,18
104,"confidential: replaced by 'CLID_anonymous'",46,1,1,72,21
104,"confidential: replaced by 'CLID_anonymous'",46,1,2,44,5
104,"confidential: replaced by 'CLID_anonymous'",46,1,3,72,16
104,"confidential: replaced by 'CLID_anonymous'",77,1,1,36,29
104,"confidential: replaced by 'CLID_anonymous'",77,1,2,35,18
104,"confidential: replaced by 'CLID_anonymous'",77,1,3,24,10
104,"confidential: replaced by 'CLID_anonymous'",63,1,1,45,38
104,"confidential: replaced by 'CLID_anonymous'",63,1,2,62,28
104,"confidential: replaced by 'CLID_anonymous'",63,1,3,34,12
104,"confidential: replaced by 'CLID_anonymous'",63,2,1,51,34
104,"confidential: replaced by 'CLID_anonymous'",63,2,2,47,19
104,"confidential: replaced by 'CLID_anonymous'",63,2,3,52,47
104,"confidential: replaced by 'CLID_anonymous'",15,1,1,95,95
104,"confidential: replaced by 'CLID_anonymous'",15,1,2,55,54
104,"confidential: replaced by 'CLID_anonymous'",15,1,3,44,43
104,"confidential: replaced by 'CLID_anonymous'",15,2,1,88,88
104,"confidential: replaced by 'CLID_anonymous'",15,2,2,118,118
104,"confidential: replaced by 'CLID_anonymous'",15,2,3,98,98
104,"confidential: replaced by 'CLID_anonymous'",15,3,1,99,99
104,"confidential: replaced by 'CLID_anonymous'",15,3,2,116,99
104,"confidential: replaced by 'CLID_anonymous'",15,3,3,92,91
104,"confidential: replaced by 'CLID_anonymous'",16,1,1,79,72
104,"confidential: replaced by 'CLID_anonymous'",16,1,2,83,76
104,"confidential: replaced by 'CLID_anonymous'",16,1,3,40,37
104,"confidential: replaced by 'CLID_anonymous'",80,1,1,0,0
104,"confidential: replaced by 'CLID_anonymous'",80,1,2,0,0
104,"confidential: replaced by 'CLID_anonymous'",80,1,3,0,0
104,"confidential: replaced by 'CLID_anonymous'",80,2,1,62,46
104,"confidential: replaced by 'CLID_anonymous'",80,2,2,52,4
104,"confidential: replaced by 'CLID_anonymous'",80,2,3,60,12
104,"confidential: replaced by 'CLID_anonymous'",80,3,1,61,59
104,"confidential: replaced by 'CLID_anonymous'",80,3,2,40,11
104,"confidential: replaced by 'CLID_anonymous'",80,3,3,20,19
104,"confidential: replaced by 'CLID_anonymous'",22,1,1,17,10
104,"confidential: replaced by 'CLID_anonymous'",22,1,2,15,3
104,"confidential: replaced by 'CLID_anonymous'",22,1,3,14,2
104,"confidential: replaced by 'CLID_anonymous'",67,1,1,32,2
104,"confidential: replaced by 'CLID_anonymous'",67,1,2,27,3
104,"confidential: replaced by 'CLID_anonymous'",67,1,3,27,6
104,"confidential: replaced by 'CLID_anonymous'",40,1,1,75,6
104,"confidential: replaced by 'CLID_anonymous'",40,1,2,41,6
104,"confidential: replaced by 'CLID_anonymous'",40,1,3,94,2
104,"confidential: replaced by 'CLID_anonymous'",40,2,1,33,6
104,"confidential: replaced by 'CLID_anonymous'",40,2,2,29,2
104,"confidential: replaced by 'CLID_anonymous'",40,2,3,33,2
104,"confidential: replaced by 'CLID_anonymous'",19,1,1,36,18
104,"confidential: replaced by 'CLID_anonymous'",19,1,2,32,14
104,"confidential: replaced by 'CLID_anonymous'",19,1,3,28,7
104,"confidential: replaced by 'CLID_anonymous'",19,2,1,49,20
104,"confidential: replaced by 'CLID_anonymous'",19,2,2,45,5
104,"confidential: replaced by 'CLID_anonymous'",19,2,3,41,14
104,"confidential: replaced by 'CLID_anonymous'",50,1,1,36,3
104,"confidential: replaced by 'CLID_anonymous'",50,1,2,29,4
104,"confidential: replaced by 'CLID_anonymous'",50,1,3,29,2
104,"confidential: replaced by 'CLID_anonymous'",6,1,1,16,8
104,"confidential: replaced by 'CLID_anonymous'",6,1,2,17,4
104,"confidential: replaced by 'CLID_anonymous'",6,1,3,14,3
104,"confidential: replaced by 'CLID_anonymous'",48,1,1,36,8
104,"confidential: replaced by 'CLID_anonymous'",48,1,2,57,12
104,"confidential: replaced by 'CLID_anonymous'",48,1,3,45,7
104,"confidential: replaced by 'CLID_anonymous'",56,1,1,52,27
104,"confidential: replaced by 'CLID_anonymous'",56,1,2,47,25
104,"confidential: replaced by 'CLID_anonymous'",56,1,3,43,37
104,"confidential: replaced by 'CLID_anonymous'",56,2,1,18,1
104,"confidential: replaced by 'CLID_anonymous'",56,2,2,16,8
104,"confidential: replaced by 'CLID_anonymous'",56,2,3,19,4
104,"confidential: replaced by 'CLID_anonymous'",82,1,1,57,3
104,"confidential: replaced by 'CLID_anonymous'",82,1,2,25,3
104,"confidential: replaced by 'CLID_anonymous'",82,1,3,38,8
104,"confidential: replaced by 'CLID_anonymous'",70,1,1,16,2
104,"confidential: replaced by 'CLID_anonymous'",70,1,2,20,5
104,"confidential: replaced by 'CLID_anonymous'",70,1,3,18,4
104,"confidential: replaced by 'CLID_anonymous'",52,1,1,52,12
104,"confidential: replaced by 'CLID_anonymous'",52,1,2,43,8
104,"confidential: replaced by 'CLID_anonymous'",52,1,3,33,3
104,"confidential: replaced by 'CLID_anonymous'",27,1,1,13,13
104,"confidential: replaced by 'CLID_anonymous'",27,1,2,14,1
104,"confidential: replaced by 'CLID_anonymous'",27,1,3,14,6
104,"confidential: replaced by 'CLID_anonymous'",68,1,1,75,9
104,"confidential: replaced by 'CLID_anonymous'",68,1,2,10,5
104,"confidential: replaced by 'CLID_anonymous'",68,1,3,28,3
104,"confidential: replaced by 'CLID_anonymous'",8,1,1,48,18
104,"confidential: replaced by 'CLID_anonymous'",8,1,2,54,28
104,"confidential: replaced by 'CLID_anonymous'",8,1,3,47,24
104,"confidential: replaced by 'CLID_anonymous'",66,1,1,47,22
104,"confidential: replaced by 'CLID_anonymous'",66,1,2,40,28
104,"confidential: replaced by 'CLID_anonymous'",66,1,3,0,0
104,"confidential: replaced by 'CLID_anonymous'",66,2,1,35,34
104,"confidential: replaced by 'CLID_anonymous'",66,2,2,21,21
104,"confidential: replaced by 'CLID_anonymous'",66,2,3,33,31
601,"confidential: replaced by 'CLID_anonymous'",5,1,1,84,84
601,"confidential: replaced by 'CLID_anonymous'",5,1,2,96,89
601,"confidential: replaced by 'CLID_anonymous'",5,1,3,112,47
601,"confidential: replaced by 'CLID_anonymous'",49,1,1,30,25
601,"confidential: replaced by 'CLID_anonymous'",49,1,2,55,43
601,"confidential: replaced by 'CLID_anonymous'",49,1,3,70,49
601,"confidential: replaced by 'CLID_anonymous'",74,1,1,46,39
601,"confidential: replaced by 'CLID_anonymous'",74,1,2,46,39
601,"confidential: replaced by 'CLID_anonymous'",74,1,3,69,61
601,"confidential: replaced by 'CLID_anonymous'",74,2,1,40,38
601,"confidential: replaced by 'CLID_anonymous'",74,2,2,52,46
601,"confidential: replaced by 'CLID_anonymous'",74,2,3,42,39
601,"confidential: replaced by 'CLID_anonymous'",62,1,1,0,0
601,"confidential: replaced by 'CLID_anonymous'",62,1,2,0,0
601,"confidential: replaced by 'CLID_anonymous'",62,1,3,0,0
601,"confidential: replaced by 'CLID_anonymous'",62,2,1,76,71
601,"confidential: replaced by 'CLID_anonymous'",62,2,2,84,66
601,"confidential: replaced by 'CLID_anonymous'",62,2,3,89,81
601,"confidential: replaced by 'CLID_anonymous'",62,3,1,132,98
601,"confidential: replaced by 'CLID_anonymous'",62,3,2,136,60
601,"confidential: replaced by 'CLID_anonymous'",62,3,3,178,68
601,"confidential: replaced by 'CLID_anonymous'",21,1,1,59,47
601,"confidential: replaced by 'CLID_anonymous'",21,1,2,69,57
601,"confidential: replaced by 'CLID_anonymous'",21,1,3,87,34
601,"confidential: replaced by 'CLID_anonymous'",1,1,1,75,45
601,"confidential: replaced by 'CLID_anonymous'",1,1,2,50,28
601,"confidential: replaced by 'CLID_anonymous'",1,1,3,65,54
601,"confidential: replaced by 'CLID_anonymous'",79,1,1,56,33
601,"confidential: replaced by 'CLID_anonymous'",79,1,2,99,35
601,"confidential: replaced by 'CLID_anonymous'",79,1,3,138,40
601,"confidential: replaced by 'CLID_anonymous'",41,1,1,12,0
601,"confidential: replaced by 'CLID_anonymous'",41,1,2,21,9
601,"confidential: replaced by 'CLID_anonymous'",41,1,3,23,21
601,"confidential: replaced by 'CLID_anonymous'",41,2,1,19,16
601,"confidential: replaced by 'CLID_anonymous'",41,2,2,14,12
601,"confidential: replaced by 'CLID_anonymous'",41,2,3,26,24
601,"confidential: replaced by 'CLID_anonymous'",71,1,1,0,0
601,"confidential: replaced by 'CLID_anonymous'",71,1,2,0,0
601,"confidential: replaced by 'CLID_anonymous'",71,1,3,0,0
601,"confidential: replaced by 'CLID_anonymous'",71,2,1,127,56
601,"confidential: replaced by 'CLID_anonymous'",71,2,2,121,66
601,"confidential: replaced by 'CLID_anonymous'",71,2,3,183,55
601,"confidential: replaced by 'CLID_anonymous'",71,3,1,82,39
601,"confidential: replaced by 'CLID_anonymous'",71,3,2,54,23
601,"confidential: replaced by 'CLID_anonymous'",71,3,3,88,38
601,"confidential: replaced by 'CLID_anonymous'",53,1,1,68,45
601,"confidential: replaced by 'CLID_anonymous'",53,1,2,54,32
601,"confidential: replaced by 'CLID_anonymous'",53,1,3,77,52
601,"confidential: replaced by 'CLID_anonymous'",53,2,1,0,0
601,"confidential: replaced by 'CLID_anonymous'",53,2,2,0,0
601,"confidential: replaced by 'CLID_anonymous'",53,2,3,0,0
601,"confidential: replaced by 'CLID_anonymous'",75,1,1,22,22
601,"confidential: replaced by 'CLID_anonymous'",75,1,2,18,18
601,"confidential: replaced by 'CLID_anonymous'",75,1,3,18,18
601,"confidential: replaced by 'CLID_anonymous'",37,1,1,0,0
601,"confidential: replaced by 'CLID_anonymous'",37,1,2,0,0
601,"confidential: replaced by 'CLID_anonymous'",37,1,3,0,0
601,"confidential: replaced by 'CLID_anonymous'",37,2,1,0,0
601,"confidential: replaced by 'CLID_anonymous'",37,2,2,0,0
601,"confidential: replaced by 'CLID_anonymous'",37,2,3,0,0
601,"confidential: replaced by 'CLID_anonymous'",37,3,1,81,63
601,"confidential: replaced by 'CLID_anonymous'",37,3,2,64,58
601,"confidential: replaced by 'CLID_anonymous'",37,3,3,83,46
601,"confidential: replaced by 'CLID_anonymous'",61,1,1,48,14
601,"confidential: replaced by 'CLID_anonymous'",61,1,2,52,24
601,"confidential: replaced by 'CLID_anonymous'",61,1,3,37,10
601,"confidential: replaced by 'CLID_anonymous'",60,1,1,42,2
601,"confidential: replaced by 'CLID_anonymous'",60,1,2,28,16
601,"confidential: replaced by 'CLID_anonymous'",60,1,3,42,33
601,"confidential: replaced by 'CLID_anonymous'",4,1,1,42,10
601,"confidential: replaced by 'CLID_anonymous'",4,1,2,18,16
601,"confidential: replaced by 'CLID_anonymous'",4,1,3,42,14
601,"confidential: replaced by 'CLID_anonymous'",4,2,1,0,0
601,"confidential: replaced by 'CLID_anonymous'",4,2,2,0,0
601,"confidential: replaced by 'CLID_anonymous'",4,2,3,0,0
601,"confidential: replaced by 'CLID_anonymous'",7,1,1,54,18
601,"confidential: replaced by 'CLID_anonymous'",7,1,2,54,16
601,"confidential: replaced by 'CLID_anonymous'",7,1,3,58,19
601,"confidential: replaced by 'CLID_anonymous'",7,2,1,0,0
601,"confidential: replaced by 'CLID_anonymous'",7,2,2,0,0
601,"confidential: replaced by 'CLID_anonymous'",7,2,3,0,0
601,"confidential: replaced by 'CLID_anonymous'",32,1,1,24,24
601,"confidential: replaced by 'CLID_anonymous'",32,1,2,17,14
601,"confidential: replaced by 'CLID_anonymous'",32,1,3,41,11
601,"confidential: replaced by 'CLID_anonymous'",17,1,1,38,30
601,"confidential: replaced by 'CLID_anonymous'",17,1,2,33,15
601,"confidential: replaced by 'CLID_anonymous'",17,1,3,30,13
601,"confidential: replaced by 'CLID_anonymous'",17,2,1,19,15
601,"confidential: replaced by 'CLID_anonymous'",17,2,2,31,6
601,"confidential: replaced by 'CLID_anonymous'",17,2,3,11,6
601,"confidential: replaced by 'CLID_anonymous'",17,3,1,17,12
601,"confidential: replaced by 'CLID_anonymous'",17,3,2,13,9
601,"confidential: replaced by 'CLID_anonymous'",17,3,3,0,0
601,"confidential: replaced by 'CLID_anonymous'",3,1,1,30,15
601,"confidential: replaced by 'CLID_anonymous'",3,1,2,27,0
601,"confidential: replaced by 'CLID_anonymous'",3,1,3,11,3
601,"confidential: replaced by 'CLID_anonymous'",43,1,1,51,32
601,"confidential: replaced by 'CLID_anonymous'",43,1,2,29,27
601,"confidential: replaced by 'CLID_anonymous'",43,1,3,55,29
601,"confidential: replaced by 'CLID_anonymous'",14,1,1,67,47
601,"confidential: replaced by 'CLID_anonymous'",14,1,2,53,37
601,"confidential: replaced by 'CLID_anonymous'",14,1,3,72,48
601,"confidential: replaced by 'CLID_anonymous'",20,1,1,40,22
601,"confidential: replaced by 'CLID_anonymous'",20,1,2,64,22
601,"confidential: replaced by 'CLID_anonymous'",20,1,3,82,15
601,"confidential: replaced by 'CLID_anonymous'",20,2,1,21,5
601,"confidential: replaced by 'CLID_anonymous'",20,2,2,26,6
601,"confidential: replaced by 'CLID_anonymous'",20,2,3,36,5
601,"confidential: replaced by 'CLID_anonymous'",13,1,1,40,25
601,"confidential: replaced by 'CLID_anonymous'",13,1,2,57,34
601,"confidential: replaced by 'CLID_anonymous'",13,1,3,44,35
601,"confidential: replaced by 'CLID_anonymous'",13,2,1,36,0
601,"confidential: replaced by 'CLID_anonymous'",13,2,2,45,28
601,"confidential: replaced by 'CLID_anonymous'",13,2,3,46,6
601,"confidential: replaced by 'CLID_anonymous'",55,1,1,28,21
601,"confidential: replaced by 'CLID_anonymous'",55,1,2,34,26
601,"confidential: replaced by 'CLID_anonymous'",55,1,3,36,28
601,"confidential: replaced by 'CLID_anonymous'",9,1,1,29,15
601,"confidential: replaced by 'CLID_anonymous'",9,1,2,35,27
601,"confidential: replaced by 'CLID_anonymous'",9,1,3,46,17
601,"confidential: replaced by 'CLID_anonymous'",36,1,1,26,22
601,"confidential: replaced by 'CLID_anonymous'",36,1,2,27,25
601,"confidential: replaced by 'CLID_anonymous'",36,1,3,26,17
601,"confidential: replaced by 'CLID_anonymous'",73,1,1,,
601,"confidential: replaced by 'CLID_anonymous'",73,1,2,,
601,"confidential: replaced by 'CLID_anonymous'",73,1,3,,
601,"confidential: replaced by 'CLID_anonymous'",73,2,1,65,36
601,"confidential: replaced by 'CLID_anonymous'",73,2,2,50,50
601,"confidential: replaced by 'CLID_anonymous'",73,2,3,49,48
601,"confidential: replaced by 'CLID_anonymous'",73,3,1,43,40
601,"confidential: replaced by 'CLID_anonymous'",73,3,2,70,66
601,"confidential: replaced by 'CLID_anonymous'",73,3,3,86,75
601,"confidential: replaced by 'CLID_anonymous'",34,1,1,7,0
601,"confidential: replaced by 'CLID_anonymous'",34,1,2,0,0
601,"confidential: replaced by 'CLID_anonymous'",34,1,3,0,0
601,"confidential: replaced by 'CLID_anonymous'",34,2,1,40,36
601,"confidential: replaced by 'CLID_anonymous'",34,2,2,30,19
601,"confidential: replaced by 'CLID_anonymous'",34,2,3,21,17
601,"confidential: replaced by 'CLID_anonymous'",34,3,1,0,0
601,"confidential: replaced by 'CLID_anonymous'",34,3,2,12,0
601,"confidential: replaced by 'CLID_anonymous'",34,3,3,9,2
601,"confidential: replaced by 'CLID_anonymous'",64,1,1,89,52
601,"confidential: replaced by 'CLID_anonymous'",64,1,2,88,68
601,"confidential: replaced by 'CLID_anonymous'",64,1,3,170,120
601,"confidential: replaced by 'CLID_anonymous'",64,2,1,125,100
601,"confidential: replaced by 'CLID_anonymous'",64,2,2,125,97
601,"confidential: replaced by 'CLID_anonymous'",64,2,3,165,126
601,"confidential: replaced by 'CLID_anonymous'",64,3,1,77,58
601,"confidential: replaced by 'CLID_anonymous'",64,3,2,55,49
601,"confidential: replaced by 'CLID_anonymous'",64,3,3,60,43
601,"confidential: replaced by 'CLID_anonymous'",64,4,1,147,119
601,"confidential: replaced by 'CLID_anonymous'",64,4,2,136,62
601,"confidential: replaced by 'CLID_anonymous'",64,4,3,260,117
601,"confidential: replaced by 'CLID_anonymous'",64,5,1,119,116
601,"confidential: replaced by 'CLID_anonymous'",64,5,2,69,66
601,"confidential: replaced by 'CLID_anonymous'",64,5,3,0,0
601,"confidential: replaced by 'CLID_anonymous'",78,1,1,43,1
601,"confidential: replaced by 'CLID_anonymous'",78,1,2,49,9
601,"confidential: replaced by 'CLID_anonymous'",78,1,3,56,20
601,"confidential: replaced by 'CLID_anonymous'",2,1,1,56,19
601,"confidential: replaced by 'CLID_anonymous'",2,1,2,53,18
601,"confidential: replaced by 'CLID_anonymous'",2,1,3,45,18
601,"confidential: replaced by 'CLID_anonymous'",51,1,1,32,28
601,"confidential: replaced by 'CLID_anonymous'",51,1,2,66,33
601,"confidential: replaced by 'CLID_anonymous'",51,1,3,32,28
601,"confidential: replaced by 'CLID_anonymous'",57,1,1,114,107
601,"confidential: replaced by 'CLID_anonymous'",57,1,2,99,66
601,"confidential: replaced by 'CLID_anonymous'",57,1,3,86,48
601,"confidential: replaced by 'CLID_anonymous'",76,1,1,46,20
601,"confidential: replaced by 'CLID_anonymous'",76,1,2,48,27
601,"confidential: replaced by 'CLID_anonymous'",76,1,3,56,41
601,"confidential: replaced by 'CLID_anonymous'",76,2,1,13,11
601,"confidential: replaced by 'CLID_anonymous'",76,2,2,20,16
601,"confidential: replaced by 'CLID_anonymous'",76,2,3,17,10
601,"confidential: replaced by 'CLID_anonymous'",59,1,1,18,15
601,"confidential: replaced by 'CLID_anonymous'",59,1,2,30,0
601,"confidential: replaced by 'CLID_anonymous'",59,1,3,41,3
602,"confidential: replaced by 'CLID_anonymous'",35,1,1,15,14
602,"confidential: replaced by 'CLID_anonymous'",35,1,2,25,13
602,"confidential: replaced by 'CLID_anonymous'",35,1,3,25,19
602,"confidential: replaced by 'CLID_anonymous'",72,1,1,,
602,"confidential: replaced by 'CLID_anonymous'",72,1,2,,
602,"confidential: replaced by 'CLID_anonymous'",72,1,3,,
602,"confidential: replaced by 'CLID_anonymous'",42,1,1,48,41
602,"confidential: replaced by 'CLID_anonymous'",42,1,2,48,45
602,"confidential: replaced by 'CLID_anonymous'",42,1,3,63,28
602,"confidential: replaced by 'CLID_anonymous'",69,1,1,43,42
602,"confidential: replaced by 'CLID_anonymous'",69,1,2,42,32
602,"confidential: replaced by 'CLID_anonymous'",69,1,3,66,65
602,"confidential: replaced by 'CLID_anonymous'",69,2,1,28,23
602,"confidential: replaced by 'CLID_anonymous'",69,2,2,26,13
602,"confidential: replaced by 'CLID_anonymous'",69,2,3,0,0
602,"confidential: replaced by 'CLID_anonymous'",47,1,1,54,25
602,"confidential: replaced by 'CLID_anonymous'",47,1,2,36,18
602,"confidential: replaced by 'CLID_anonymous'",47,1,3,64,39
602,"confidential: replaced by 'CLID_anonymous'",47,2,1,29,27
602,"confidential: replaced by 'CLID_anonymous'",47,2,2,0,0
602,"confidential: replaced by 'CLID_anonymous'",47,2,3,0,0
602,"confidential: replaced by 'CLID_anonymous'",10,1,1,24,24
602,"confidential: replaced by 'CLID_anonymous'",10,1,2,33,25
602,"confidential: replaced by 'CLID_anonymous'",10,1,3,24,20
602,"confidential: replaced by 'CLID_anonymous'",33,1,1,113,108
602,"confidential: replaced by 'CLID_anonymous'",33,1,2,81,78
602,"confidential: replaced by 'CLID_anonymous'",33,1,3,116,112
602,"confidential: replaced by 'CLID_anonymous'",33,2,1,103,72
602,"confidential: replaced by 'CLID_anonymous'",33,2,2,92,87
602,"confidential: replaced by 'CLID_anonymous'",33,2,3,108,106
602,"confidential: replaced by 'CLID_anonymous'",33,3,1,40,32
602,"confidential: replaced by 'CLID_anonymous'",33,3,2,27,27
602,"confidential: replaced by 'CLID_anonymous'",33,3,3,23,23
602,"confidential: replaced by 'CLID_anonymous'",33,4,1,137,134
602,"confidential: replaced by 'CLID_anonymous'",33,4,2,114,112
602,"confidential: replaced by 'CLID_anonymous'",33,4,3,148,130
602,"confidential: replaced by 'CLID_anonymous'",28,1,1,,
602,"confidential: replaced by 'CLID_anonymous'",28,1,2,,
602,"confidential: replaced by 'CLID_anonymous'",28,1,3,,
602,"confidential: replaced by 'CLID_anonymous'",28,2,1,,
602,"confidential: replaced by 'CLID_anonymous'",28,2,2,,
602,"confidential: replaced by 'CLID_anonymous'",28,2,3,,
602,"confidential: replaced by 'CLID_anonymous'",28,3,1,,
602,"confidential: replaced by 'CLID_anonymous'",28,3,2,,
602,"confidential: replaced by 'CLID_anonymous'",28,3,3,,
602,"confidential: replaced by 'CLID_anonymous'",28,4,1,,
602,"confidential: replaced by 'CLID_anonymous'",28,4,2,,
602,"confidential: replaced by 'CLID_anonymous'",28,4,3,,
602,"confidential: replaced by 'CLID_anonymous'",28,5,1,156,146
602,"confidential: replaced by 'CLID_anonymous'",28,5,2,189,185
602,"confidential: replaced by 'CLID_anonymous'",28,5,3,160,153
602,"confidential: replaced by 'CLID_anonymous'",11,1,1,13,13
602,"confidential: replaced by 'CLID_anonymous'",11,1,2,42,42
602,"confidential: replaced by 'CLID_anonymous'",11,1,3,40,40
602,"confidential: replaced by 'CLID_anonymous'",11,2,1,32,20
602,"confidential: replaced by 'CLID_anonymous'",11,2,2,25,17
602,"confidential: replaced by 'CLID_anonymous'",11,2,3,36,31
602,"confidential: replaced by 'CLID_anonymous'",81,1,1,33,16
602,"confidential: replaced by 'CLID_anonymous'",81,1,2,20,12
602,"confidential: replaced by 'CLID_anonymous'",81,1,3,25,9
602,"confidential: replaced by 'CLID_anonymous'",29,1,1,6,5
602,"confidential: replaced by 'CLID_anonymous'",29,1,2,8,7
602,"confidential: replaced by 'CLID_anonymous'",29,1,3,0,0
602,"confidential: replaced by 'CLID_anonymous'",45,1,1,16,16
602,"confidential: replaced by 'CLID_anonymous'",45,1,2,17,16
602,"confidential: replaced by 'CLID_anonymous'",45,1,3,20,19
602,"confidential: replaced by 'CLID_anonymous'",39,1,1,68,39
602,"confidential: replaced by 'CLID_anonymous'",39,1,2,62,43
602,"confidential: replaced by 'CLID_anonymous'",39,1,3,60,57
602,"confidential: replaced by 'CLID_anonymous'",44,1,1,35,33
602,"confidential: replaced by 'CLID_anonymous'",44,1,2,41,38
602,"confidential: replaced by 'CLID_anonymous'",44,1,3,36,32
602,"confidential: replaced by 'CLID_anonymous'",44,2,1,48,37
602,"confidential: replaced by 'CLID_anonymous'",44,2,2,37,23
602,"confidential: replaced by 'CLID_anonymous'",44,2,3,46,11
602,"confidential: replaced by 'CLID_anonymous'",18,1,1,58,57
602,"confidential: replaced by 'CLID_anonymous'",18,1,2,62,48
602,"confidential: replaced by 'CLID_anonymous'",18,1,3,48,48
602,"confidential: replaced by 'CLID_anonymous'",12,1,1,,
602,"confidential: replaced by 'CLID_anonymous'",12,1,2,,
602,"confidential: replaced by 'CLID_anonymous'",12,1,3,,
602,"confidential: replaced by 'CLID_anonymous'",65,1,1,12,1
602,"confidential: replaced by 'CLID_anonymous'",65,1,2,-99,
602,"confidential: replaced by 'CLID_anonymous'",65,1,3,13,13
602,"confidential: replaced by 'CLID_anonymous'",54,1,1,22,21
602,"confidential: replaced by 'CLID_anonymous'",54,1,2,18,9
602,"confidential: replaced by 'CLID_anonymous'",54,1,3,37,33
602,"confidential: replaced by 'CLID_anonymous'",54,2,1,0,0
602,"confidential: replaced by 'CLID_anonymous'",54,2,2,0,0
602,"confidential: replaced by 'CLID_anonymous'",54,2,3,0,0
602,"confidential: replaced by 'CLID_anonymous'",38,1,1,41,28
602,"confidential: replaced by 'CLID_anonymous'",38,1,2,38,27
602,"confidential: replaced by 'CLID_anonymous'",38,1,3,37,14
602,"confidential: replaced by 'CLID_anonymous'",25,1,1,13,13
602,"confidential: replaced by 'CLID_anonymous'",25,1,2,13,13
602,"confidential: replaced by 'CLID_anonymous'",25,1,3,21,1
602,"confidential: replaced by 'CLID_anonymous'",23,1,1,65,60
602,"confidential: replaced by 'CLID_anonymous'",23,1,2,45,37
602,"confidential: replaced by 'CLID_anonymous'",23,1,3,46,41
602,"confidential: replaced by 'CLID_anonymous'",31,1,1,34,33
602,"confidential: replaced by 'CLID_anonymous'",31,1,2,43,36
602,"confidential: replaced by 'CLID_anonymous'",31,1,3,49,20
602,"confidential: replaced by 'CLID_anonymous'",31,2,1,,
602,"confidential: replaced by 'CLID_anonymous'",31,2,2,,
602,"confidential: replaced by 'CLID_anonymous'",31,2,3,,
602,"confidential: replaced by 'CLID_anonymous'",24,1,1,37,35
602,"confidential: replaced by 'CLID_anonymous'",24,1,2,30,12
602,"confidential: replaced by 'CLID_anonymous'",24,1,3,48,37
