"DistID","CLID","CLID_anonymous","HHID","SplitOffID","PayAllID","WhoSpent","ExpAllCategory","ExpAllCategory_other","SpendDescription","SpendAmount","SpendTarget","SpendBeneficiary"
104,"confidential: replaced by 'CLID_anonymous'",26,10,1,1,1,1,,"Pay academic expenses",6000,1,2
104,"confidential: replaced by 'CLID_anonymous'",26,10,1,2,1,1,,"Pay for academic expenses",6000,1,3
104,"confidential: replaced by 'CLID_anonymous'",26,20,1,1,4,1,,"Bought school uniform",10000,1,4
104,"confidential: replaced by 'CLID_anonymous'",26,30,1,1,2,1,,"Bought uniform",20000,1,3
104,"confidential: replaced by 'CLID_anonymous'",26,40,1,1,1,2,,"Pay for medical expenses",30000,1,1
104,"confidential: replaced by 'CLID_anonymous'",26,50,1,1,1,1,,"Bought school items",10000,1,2
104,"confidential: replaced by 'CLID_anonymous'",26,60,1,1,2,1,,"Bought school uniform",11000,1,3
104,"confidential: replaced by 'CLID_anonymous'",26,70,1,1,1,2,,"Bought medicines",2000,1,1
104,"confidential: replaced by 'CLID_anonymous'",26,70,1,2,1,3,,"Bought chicken",10000,1,1
104,"confidential: replaced by 'CLID_anonymous'",26,100,1,1,1,1,,"Bought school uniform",20400,2,
104,"confidential: replaced by 'CLID_anonymous'",26,110,1,1,1,3,,"Bought goat",10000,1,1
104,"confidential: replaced by 'CLID_anonymous'",26,110,1,2,1,4,"Bought clothes","Bought clothes",11500,2,
104,"confidential: replaced by 'CLID_anonymous'",26,120,1,1,1,3,,"Bought chicken",20000,3,
104,"confidential: replaced by 'CLID_anonymous'",26,120,1,2,1,1,,"Bought school items",5600,1,3
104,"confidential: replaced by 'CLID_anonymous'",26,130,1,1,1,1,,"Bought shoes",36000,2,
104,"confidential: replaced by 'CLID_anonymous'",26,150,1,1,3,1,,"Bought uniform and school items",10200,1,3
104,"confidential: replaced by 'CLID_anonymous'",26,160,1,1,1,1,,"Bought shoes",5000,2,
104,"confidential: replaced by 'CLID_anonymous'",26,170,1,1,5,1,,"Bought school shoes",5500,1,5
104,"confidential: replaced by 'CLID_anonymous'",26,170,1,2,4,1,,"Bought school shoes",7500,1,4
104,"confidential: replaced by 'CLID_anonymous'",26,190,1,1,3,1,,"Bought school uniform",3000,1,3
104,"confidential: replaced by 'CLID_anonymous'",26,190,1,2,6,1,,"Bought school uniform",3000,1,6
104,"confidential: replaced by 'CLID_anonymous'",26,190,1,3,7,1,,"Bought school items",5000,1,7
104,"confidential: replaced by 'CLID_anonymous'",26,190,1,4,8,1,,"Bought school uniform",5000,1,8
104,"confidential: replaced by 'CLID_anonymous'",26,190,1,5,2,3,,"Bought chicken",20000,3,
104,"confidential: replaced by 'CLID_anonymous'",26,200,1,1,3,1,,"Bought school uniform",10200,1,3
104,"confidential: replaced by 'CLID_anonymous'",26,210,1,1,2,3,,"Bought chicken",20000,3,
104,"confidential: replaced by 'CLID_anonymous'",26,210,1,2,2,1,,"Pay for academic expenses",2400,1,3
104,"confidential: replaced by 'CLID_anonymous'",26,230,1,1,5,1,,"Bought school uniform",7500,1,5
104,"confidential: replaced by 'CLID_anonymous'",26,240,1,1,2,1,,"Bought school items",20000,2,
104,"confidential: replaced by 'CLID_anonymous'",26,250,1,1,2,2,,"Pay for medical expenses",10000,1,1
104,"confidential: replaced by 'CLID_anonymous'",26,250,1,2,2,1,,"Pay for academic expenses",4000,1,4
104,"confidential: replaced by 'CLID_anonymous'",77,20,1,1,1,1,,"Bought school items",9900,2,
104,"confidential: replaced by 'CLID_anonymous'",77,30,1,1,1,1,,"Bought school items",26000,2,
104,"confidential: replaced by 'CLID_anonymous'",77,70,1,1,1,1,,"Bought school items",10000,1,3
104,"confidential: replaced by 'CLID_anonymous'",77,70,1,2,1,2,,"Pay for medical expenses",10000,3,
104,"confidential: replaced by 'CLID_anonymous'",77,70,1,3,1,3,,"House renovation",10600,3,
104,"confidential: replaced by 'CLID_anonymous'",77,80,1,1,1,1,,"Bought school items",25000,2,
104,"confidential: replaced by 'CLID_anonymous'",77,100,1,1,1,2,,"Pay medical services",10000,2,
104,"confidential: replaced by 'CLID_anonymous'",77,150,1,1,1,2,,"Pay for medical expenses",20500,1,1
104,"confidential: replaced by 'CLID_anonymous'",77,170,1,1,1,4,"Bought family needs","House renovation",20400,3,
104,"confidential: replaced by 'CLID_anonymous'",77,180,1,1,2,1,,"Bought school uniform",18000,2,
104,"confidential: replaced by 'CLID_anonymous'",77,190,1,1,1,4,"Bought family needs","Bought clothes",10200,1,2
104,"confidential: replaced by 'CLID_anonymous'",77,210,1,1,1,3,,"Bought chicken",2700,1,1
104,"confidential: replaced by 'CLID_anonymous'",77,230,1,1,1,4,"Bought family needs","House renovation",15000,3,
104,"confidential: replaced by 'CLID_anonymous'",77,230,1,2,1,1,,"Bought school items",10000,2,
104,"confidential: replaced by 'CLID_anonymous'",22,20,1,1,1,3,,"Bought goat",25000,1,1
104,"confidential: replaced by 'CLID_anonymous'",22,90,1,1,1,3,,"Bought chicken",4000,3,
104,"confidential: replaced by 'CLID_anonymous'",22,90,1,2,1,4,"Bought clothes","Bought clothes",12000,1,1
104,"confidential: replaced by 'CLID_anonymous'",22,130,1,1,1,1,,"Bought uniform and school items",15000,2,
104,"confidential: replaced by 'CLID_anonymous'",22,220,1,1,1,3,,"Bought chicken",10000,1,1
104,"confidential: replaced by 'CLID_anonymous'",22,240,1,1,1,3,,"Bought chicken",8000,3,
104,"confidential: replaced by 'CLID_anonymous'",22,240,1,2,1,4,"Bought clothes","Bought clothes",8000,1,1
104,"confidential: replaced by 'CLID_anonymous'",67,50,1,1,2,3,,"Bought chicken",10000,3,
104,"confidential: replaced by 'CLID_anonymous'",67,60,1,1,1,2,,"Pay for medical expenses",5000,1,1
104,"confidential: replaced by 'CLID_anonymous'",67,70,1,1,1,4,"Bought clothes","Bought clothes",10000,1,1
104,"confidential: replaced by 'CLID_anonymous'",67,80,1,1,1,4,"Bought clothes","Bought clothes",10000,1,1
104,"confidential: replaced by 'CLID_anonymous'",67,100,1,1,1,3,,"Bought chicken",9500,3,
104,"confidential: replaced by 'CLID_anonymous'",67,100,1,2,1,2,,"Pay medical services",5000,3,
104,"confidential: replaced by 'CLID_anonymous'",67,150,1,1,2,2,,"Bought clothes",7000,1,2
104,"confidential: replaced by 'CLID_anonymous'",67,160,1,1,2,3,,"Bought chicken",8000,3,
104,"confidential: replaced by 'CLID_anonymous'",67,160,1,2,2,4,"Bought clothes","Bought clothes",6000,1,2
104,"confidential: replaced by 'CLID_anonymous'",67,160,1,3,2,4,"Bought clothes","Bought clothes",6000,1,4
104,"confidential: replaced by 'CLID_anonymous'",67,180,1,1,1,3,,"Bought chicken",4500,3,
104,"confidential: replaced by 'CLID_anonymous'",67,180,1,2,2,4,"Bought clothes","Bought clothes",10000,1,2
104,"confidential: replaced by 'CLID_anonymous'",67,220,1,1,1,1,,"Bought school items",12000,2,
104,"confidential: replaced by 'CLID_anonymous'",67,231,2,1,11,4,"Bought clothes","Bought clothes",10200,1,8
104,"confidential: replaced by 'CLID_anonymous'",67,231,3,1,16,4,"Bought clothes","Bought clothes",7000,1,6
104,"confidential: replaced by 'CLID_anonymous'",67,231,3,2,16,3,,"Bought chicken",3200,1,6
104,"confidential: replaced by 'CLID_anonymous'",67,250,1,1,1,1,,"Bought school uniform",5500,1,2
104,"confidential: replaced by 'CLID_anonymous'",67,250,1,2,1,2,,"Bought medicines",3000,2,
104,"confidential: replaced by 'CLID_anonymous'",40,10,1,1,2,2,,"Pay medical expenses",20000,1,1
104,"confidential: replaced by 'CLID_anonymous'",40,30,1,1,1,1,,"Bought school items",25000,2,
104,"confidential: replaced by 'CLID_anonymous'",40,40,1,1,2,4,"Pay bride fee","Pay bride debts",10000,1,7
104,"confidential: replaced by 'CLID_anonymous'",40,60,1,1,1,3,,"Bought iron sheet",31000,2,
104,"confidential: replaced by 'CLID_anonymous'",40,70,1,1,1,3,,"Farming expenses",40800,2,
104,"confidential: replaced by 'CLID_anonymous'",40,91,1,1,4,3,,"Bought clothes",10000,1,4
104,"confidential: replaced by 'CLID_anonymous'",40,91,1,2,2,3,,"Bought goat",25000,2,
104,"confidential: replaced by 'CLID_anonymous'",40,100,1,1,1,4,"Bought clothes","Bought clothes",12000,1,1
104,"confidential: replaced by 'CLID_anonymous'",40,140,1,1,1,1,,"Bought school items",15300,2,
104,"confidential: replaced by 'CLID_anonymous'",40,150,2,1,3,1,,"Bought school uniform",10200,1,8
104,"confidential: replaced by 'CLID_anonymous'",40,160,1,1,1,4,"Repair a house","Pay rent",30000,3,
104,"confidential: replaced by 'CLID_anonymous'",40,170,1,1,2,1,,"Bought school items",20400,2,
104,"confidential: replaced by 'CLID_anonymous'",40,240,1,1,1,3,,"Bought iron sheet",30000,3,
104,"confidential: replaced by 'CLID_anonymous'",40,240,1,2,4,1,,"Bought school uniform",10000,1,4
104,"confidential: replaced by 'CLID_anonymous'",40,270,1,1,1,2,,"Bought medicines",10000,1,1
104,"confidential: replaced by 'CLID_anonymous'",40,270,1,2,1,3,,"Hire oxen",30000,1,1
104,"confidential: replaced by 'CLID_anonymous'",50,40,1,1,1,4,"Farming","Removing stumps in farms",20400,3,
104,"confidential: replaced by 'CLID_anonymous'",50,70,1,1,1,3,,"Bought livestocks",30000,2,
104,"confidential: replaced by 'CLID_anonymous'",50,120,1,1,4,1,,"Bought uniform",10000,1,4
104,"confidential: replaced by 'CLID_anonymous'",50,130,1,1,2,4,"Constructions","Build single house room",33000,3,
104,"confidential: replaced by 'CLID_anonymous'",50,160,1,1,1,3,,"House renovation",5000,3,
104,"confidential: replaced by 'CLID_anonymous'",50,170,1,1,1,1,,"Bought school items",15000,2,
104,"confidential: replaced by 'CLID_anonymous'",50,180,1,1,1,3,,"Bought goat",34500,3,
104,"confidential: replaced by 'CLID_anonymous'",50,190,1,1,1,4,"Bought domestic items","Bought domestic items",2000,3,
104,"confidential: replaced by 'CLID_anonymous'",50,210,1,1,4,1,,"Bought uniform",10000,1,4
104,"confidential: replaced by 'CLID_anonymous'",50,210,1,2,1,3,,"Bought chicken",6000,3,
104,"confidential: replaced by 'CLID_anonymous'",6,20,1,1,1,1,,"Bought school items",2600,1,2
104,"confidential: replaced by 'CLID_anonymous'",6,20,1,2,1,3,,"Bought chicken",2500,3,
104,"confidential: replaced by 'CLID_anonymous'",6,50,1,1,1,4,"Bought family needs","Bought shoes",5000,2,
104,"confidential: replaced by 'CLID_anonymous'",6,80,1,1,2,4,"Bought family needs","Bought domestic items",11400,3,
104,"confidential: replaced by 'CLID_anonymous'",6,110,1,1,2,3,,"Bought goat",30000,3,
104,"confidential: replaced by 'CLID_anonymous'",6,110,1,2,2,1,,"Bought school items",1200,1,4
104,"confidential: replaced by 'CLID_anonymous'",6,120,1,1,1,4,"Bought water","Bought water",900,1,1
104,"confidential: replaced by 'CLID_anonymous'",6,140,1,1,2,1,,"Bought school items",6600,1,3
104,"confidential: replaced by 'CLID_anonymous'",6,150,1,1,2,1,,"Pay for academic expenses",1800,1,3
104,"confidential: replaced by 'CLID_anonymous'",6,160,1,1,2,1,,"Bought school items",10000,2,
104,"confidential: replaced by 'CLID_anonymous'",6,160,1,2,2,3,,"Bought chicken",10000,1,1
104,"confidential: replaced by 'CLID_anonymous'",6,170,1,1,2,1,,"Examination fee",20000,1,3
104,"confidential: replaced by 'CLID_anonymous'",6,200,1,1,1,1,,"Bought school uniform",8000,1,2
104,"confidential: replaced by 'CLID_anonymous'",82,10,1,1,1,1,,"Pay for academic expenses",1400,2,
104,"confidential: replaced by 'CLID_anonymous'",82,10,1,2,1,4,"Bought family needs","Bought domestic items",1500,3,
104,"confidential: replaced by 'CLID_anonymous'",82,20,1,1,1,2,,"Pay for medical expenses",15000,1,5
104,"confidential: replaced by 'CLID_anonymous'",82,30,1,1,1,1,,"Bought school uniform",10000,1,4
104,"confidential: replaced by 'CLID_anonymous'",82,40,1,1,1,1,,"Bought school items",5000,1,2
104,"confidential: replaced by 'CLID_anonymous'",82,50,1,1,2,3,,"Farming expenses",20000,3,
104,"confidential: replaced by 'CLID_anonymous'",82,60,1,1,1,3,,"Bought seed",10000,1,1
104,"confidential: replaced by 'CLID_anonymous'",82,80,1,1,1,3,,"Bought chicken",3000,3,
104,"confidential: replaced by 'CLID_anonymous'",82,90,1,1,1,3,,"Bought chicken",10000,1,1
104,"confidential: replaced by 'CLID_anonymous'",82,90,1,2,1,4,"Bought clothes","Bought clothes",6000,1,3
104,"confidential: replaced by 'CLID_anonymous'",82,100,1,1,2,1,,"Bought uniform",5000,1,4
104,"confidential: replaced by 'CLID_anonymous'",82,100,1,2,2,3,,"Bought chicken",10000,1,2
104,"confidential: replaced by 'CLID_anonymous'",82,130,1,1,2,1,,"Bought school items",13000,2,
104,"confidential: replaced by 'CLID_anonymous'",82,140,1,1,2,3,,"Farming expenses",30000,3,
104,"confidential: replaced by 'CLID_anonymous'",82,140,1,2,2,1,,"Bought uniforms",6000,1,3
104,"confidential: replaced by 'CLID_anonymous'",82,170,1,1,2,1,,"Bought school uniform",9000,1,4
104,"confidential: replaced by 'CLID_anonymous'",82,180,1,1,1,1,,"Bought school items",7000,1,3
104,"confidential: replaced by 'CLID_anonymous'",82,180,1,2,1,4,"Bought clothes","Bought clothes",10000,1,4
104,"confidential: replaced by 'CLID_anonymous'",82,190,1,1,2,1,,"Bought school items",13500,1,3
104,"confidential: replaced by 'CLID_anonymous'",70,40,1,1,2,1,,"Pay for academic expenses",24000,2,
104,"confidential: replaced by 'CLID_anonymous'",70,50,1,1,1,3,,"Bought chicken",1500,1,1
104,"confidential: replaced by 'CLID_anonymous'",70,60,1,1,2,1,,"Bought school items",25850,2,
104,"confidential: replaced by 'CLID_anonymous'",70,60,1,2,2,4,"Bought family needs","Bought domestic items",750,3,
104,"confidential: replaced by 'CLID_anonymous'",70,80,1,1,1,4,"Pay debts","Pay debts",10000,1,1
104,"confidential: replaced by 'CLID_anonymous'",70,90,1,1,1,2,,"Pay medical expenses",39800,1,2
104,"confidential: replaced by 'CLID_anonymous'",70,90,2,1,4,1,,"Bought school uniform",4500,1,4
104,"confidential: replaced by 'CLID_anonymous'",70,90,2,2,3,1,,"Bought school uniform",5000,1,3
104,"confidential: replaced by 'CLID_anonymous'",70,111,1,1,1,1,,"Bought school uniform",6000,1,4
104,"confidential: replaced by 'CLID_anonymous'",70,150,1,1,1,4,"Bought family needs","Bought domestic items",2000,3,
104,"confidential: replaced by 'CLID_anonymous'",70,180,1,1,2,4,"Bought clothes","Bought clothes",20000,2,
104,"confidential: replaced by 'CLID_anonymous'",70,190,1,1,1,4,"Bought family needs","Bought clothes",12000,1,1
104,"confidential: replaced by 'CLID_anonymous'",70,200,1,1,1,2,,"Bought syringe",1000,1,1
104,"confidential: replaced by 'CLID_anonymous'",70,210,1,1,2,1,,"Bought uniform",17000,1,4
104,"confidential: replaced by 'CLID_anonymous'",70,210,1,2,3,2,,"Bought syringe",1000,1,3
104,"confidential: replaced by 'CLID_anonymous'",70,270,1,1,1,3,,"Bought goat",27000,3,
104,"confidential: replaced by 'CLID_anonymous'",27,10,1,1,2,3,,"Bought chicken",5000,3,
104,"confidential: replaced by 'CLID_anonymous'",27,20,1,1,1,1,,"Bought school items",10000,1,4
104,"confidential: replaced by 'CLID_anonymous'",27,20,1,2,1,4,"Bought clothes","Bought clothes",10000,1,1
104,"confidential: replaced by 'CLID_anonymous'",27,40,1,1,1,4,"Bought family needs","Bought domestic items",4000,1,1
104,"confidential: replaced by 'CLID_anonymous'",27,50,1,1,1,3,,"Bought chicken",5000,1,1
104,"confidential: replaced by 'CLID_anonymous'",27,50,1,2,1,4,"Bought family needs","Bought clothes",8000,1,1
104,"confidential: replaced by 'CLID_anonymous'",27,70,1,1,1,3,,"Bought goat",25000,3,
104,"confidential: replaced by 'CLID_anonymous'",27,80,1,1,2,1,,"Bought school items",14000,1,5
104,"confidential: replaced by 'CLID_anonymous'",27,80,1,2,2,4,,"Bought clothes",6000,1,2
104,"confidential: replaced by 'CLID_anonymous'",27,80,1,3,2,3,,"Bought chicken",5000,3,
104,"confidential: replaced by 'CLID_anonymous'",27,90,1,1,2,1,,"Bought uniform and school items",22600,2,
104,"confidential: replaced by 'CLID_anonymous'",27,90,1,2,2,3,,"Bought chicken",7000,3,
104,"confidential: replaced by 'CLID_anonymous'",27,100,1,1,1,1,,"Bought school items",9500,1,2
104,"confidential: replaced by 'CLID_anonymous'",27,100,1,2,1,3,,"Bought chicken",400,3,
104,"confidential: replaced by 'CLID_anonymous'",27,120,1,1,2,3,,"Bought chicken",6000,3,
104,"confidential: replaced by 'CLID_anonymous'",27,130,1,1,1,2,,"Pay for medical expenses",10000,3,
104,"confidential: replaced by 'CLID_anonymous'",27,150,1,1,2,3,,"Bought chicken",6000,3,
104,"confidential: replaced by 'CLID_anonymous'",27,150,1,2,1,2,,"Pay medical services",5000,3,
104,"confidential: replaced by 'CLID_anonymous'",27,150,1,3,2,1,,"Bought school uniform",12000,1,5
104,"confidential: replaced by 'CLID_anonymous'",27,170,1,1,2,1,,"Bought school uniform",20000,2,
104,"confidential: replaced by 'CLID_anonymous'",27,170,1,2,2,3,,"Bought chicken",4000,3,
104,"confidential: replaced by 'CLID_anonymous'",27,180,1,1,4,3,,"Bought chicken",6000,3,
104,"confidential: replaced by 'CLID_anonymous'",27,210,1,1,1,4,"Bought family needs","Bought clothes",12000,2,
104,"confidential: replaced by 'CLID_anonymous'",27,220,1,1,1,3,,"Bought goat",15000,3,
104,"confidential: replaced by 'CLID_anonymous'",27,230,1,1,2,1,,"Bought school uniform",20000,1,3
104,"confidential: replaced by 'CLID_anonymous'",27,230,1,2,2,4,"Bought family needs","Bought clothes",6000,1,2
104,"confidential: replaced by 'CLID_anonymous'",27,230,1,3,2,3,,"Bought chicken",7000,3,
104,"confidential: replaced by 'CLID_anonymous'",68,10,1,1,1,3,,"Bought goat",20000,3,
104,"confidential: replaced by 'CLID_anonymous'",68,42,1,1,1,3,,"Bought chicken",16000,1,1
104,"confidential: replaced by 'CLID_anonymous'",68,50,1,1,1,3,,"Bought chicken",5000,1,1
104,"confidential: replaced by 'CLID_anonymous'",68,50,1,2,1,4,,"Bought food",6000,3,
104,"confidential: replaced by 'CLID_anonymous'",68,50,1,3,1,4,,"Bought clothes",4000,1,1
104,"confidential: replaced by 'CLID_anonymous'",68,60,1,1,1,3,,"Bought goat",20000,3,
104,"confidential: replaced by 'CLID_anonymous'",68,60,1,2,1,1,,"Bought uniform",20000,2,
104,"confidential: replaced by 'CLID_anonymous'",68,70,1,1,1,4,"Bought clothes","Bought clothes",10000,1,2
104,"confidential: replaced by 'CLID_anonymous'",68,70,1,2,1,2,,"Bought medicines",10000,1,1
104,"confidential: replaced by 'CLID_anonymous'",68,80,1,1,1,1,,"Bought school items",3500,1,3
104,"confidential: replaced by 'CLID_anonymous'",68,80,1,2,1,4,"Bought food","Bought food",12000,3,
104,"confidential: replaced by 'CLID_anonymous'",68,90,1,1,1,4,"Bought clothes","Bought clothes",11000,2,
104,"confidential: replaced by 'CLID_anonymous'",68,100,1,1,1,4,"Bought clothes","Bought clothes",10000,1,1
104,"confidential: replaced by 'CLID_anonymous'",68,110,1,1,2,4,"Bought clothes","Bought clothes",8000,1,2
104,"confidential: replaced by 'CLID_anonymous'",68,110,1,2,2,1,,"Pay for academic expenses",3500,1,3
104,"confidential: replaced by 'CLID_anonymous'",68,110,1,3,2,1,,"Bought child school shoes",5000,1,3
104,"confidential: replaced by 'CLID_anonymous'",68,120,1,1,4,2,,"Pay for medical expenses",20000,1,4
104,"confidential: replaced by 'CLID_anonymous'",68,120,1,2,6,3,,"Bought chicken",5000,1,6
104,"confidential: replaced by 'CLID_anonymous'",68,130,1,1,1,4,"Bought food","Bought food",7000,3,
104,"confidential: replaced by 'CLID_anonymous'",68,130,1,2,4,1,,"Pay for academic expenses",3000,1,5
104,"confidential: replaced by 'CLID_anonymous'",68,150,1,1,2,4,"Bought food","Bought food",21000,3,
104,"confidential: replaced by 'CLID_anonymous'",68,160,1,1,1,2,,"Bought medicines",7000,2,
104,"confidential: replaced by 'CLID_anonymous'",68,160,1,2,1,1,,"Bought uniform and school items",18100,2,
104,"confidential: replaced by 'CLID_anonymous'",68,170,1,1,1,3,,"Bought chicken",5000,3,
104,"confidential: replaced by 'CLID_anonymous'",68,180,1,1,1,2,,"Pay for medical expenses",10000,1,1
104,"confidential: replaced by 'CLID_anonymous'",68,190,1,1,1,3,,"Farming expenses",18000,3,
104,"confidential: replaced by 'CLID_anonymous'",68,190,1,2,1,1,,"Bought school items",9000,1,8
104,"confidential: replaced by 'CLID_anonymous'",68,200,1,1,1,2,,"Pay for medical expenses",25000,1,1
104,"confidential: replaced by 'CLID_anonymous'",68,220,1,1,2,1,,"Pay for academic expenses",2000,1,3
601,"confidential: replaced by 'CLID_anonymous'",74,40,1,1,1,1,,"Bought school items",5000,1,3
601,"confidential: replaced by 'CLID_anonymous'",74,40,1,2,1,4,"Bought family needs","Bought kerosene, soap and matchbox",6000,3,
601,"confidential: replaced by 'CLID_anonymous'",74,50,1,1,1,1,,"Bought uniform and other school items",10000,2,
601,"confidential: replaced by 'CLID_anonymous'",74,70,1,1,2,1,,"Bought uniform and other school items",10000,2,
601,"confidential: replaced by 'CLID_anonymous'",74,121,1,1,2,3,,"Bought charcoal",10000,3,
601,"confidential: replaced by 'CLID_anonymous'",74,130,1,1,1,2,,"Bought medicines and travelling expenses",10000,1,1
601,"confidential: replaced by 'CLID_anonymous'",74,140,1,1,2,4,"Bought private needs","Bought domestic items",7000,3,
601,"confidential: replaced by 'CLID_anonymous'",74,151,1,1,2,4,"Bought clothes","Bought clothes",8500,1,8
601,"confidential: replaced by 'CLID_anonymous'",74,151,1,2,2,4,"Bought household assets","Bought domestic items",8000,3,
601,"confidential: replaced by 'CLID_anonymous'",74,160,1,1,2,4,"Bought family needs","Bought soap and kerosene",5000,3,
601,"confidential: replaced by 'CLID_anonymous'",74,170,1,1,1,2,,"Bought medicine",4000,1,1
601,"confidential: replaced by 'CLID_anonymous'",74,170,1,2,1,4,"Funeral costs","Paid for travelling expenses",10000,1,1
601,"confidential: replaced by 'CLID_anonymous'",74,180,1,1,2,3,,"Bought chicken",10000,3,
601,"confidential: replaced by 'CLID_anonymous'",74,210,1,1,3,1,,"Bought uniform and other school items",7000,1,4
601,"confidential: replaced by 'CLID_anonymous'",74,210,1,2,3,2,,"Bought medicine",2000,1,3
601,"confidential: replaced by 'CLID_anonymous'",74,220,1,1,1,1,,"Bought uniform and other school items",30000,2,
601,"confidential: replaced by 'CLID_anonymous'",74,230,1,1,1,1,,"Bought school items",5100,2,
601,"confidential: replaced by 'CLID_anonymous'",74,230,1,2,1,2,,"Paid for medical expenses",6000,2,
601,"confidential: replaced by 'CLID_anonymous'",74,240,1,1,2,1,,"Bought uniform and other school items",20000,2,
601,"confidential: replaced by 'CLID_anonymous'",74,260,1,1,2,1,,"Bought uniform and other school items",20000,2,
601,"confidential: replaced by 'CLID_anonymous'",74,260,1,2,2,3,,"Bought chicken",10000,1,1
601,"confidential: replaced by 'CLID_anonymous'",21,10,1,1,8,1,,"Bought uniform",10200,1,5
601,"confidential: replaced by 'CLID_anonymous'",21,10,1,2,8,1,,"Bought shoes",10200,1,2
601,"confidential: replaced by 'CLID_anonymous'",21,40,1,1,3,1,,"Bought uniform and other school items",10200,1,3
601,"confidential: replaced by 'CLID_anonymous'",21,80,1,1,2,1,,"Bought school items",16000,2,
601,"confidential: replaced by 'CLID_anonymous'",21,90,1,1,7,2,,"Paid for medical expenses",20400,1,1
601,"confidential: replaced by 'CLID_anonymous'",21,90,1,2,7,1,,"Bought school items",20400,2,
601,"confidential: replaced by 'CLID_anonymous'",21,110,1,1,7,1,,"Bought school items",10200,1,7
601,"confidential: replaced by 'CLID_anonymous'",21,110,1,2,8,1,,"Bought school uniforms",10200,1,8
601,"confidential: replaced by 'CLID_anonymous'",21,130,1,1,1,1,,"Bought school items",6000,2,
601,"confidential: replaced by 'CLID_anonymous'",21,140,1,1,3,1,,"Bought school items",7000,1,3
601,"confidential: replaced by 'CLID_anonymous'",21,150,1,1,1,1,,"Bought school items",22500,2,
601,"confidential: replaced by 'CLID_anonymous'",21,160,1,1,1,3,,"Bought chicken",18000,3,
601,"confidential: replaced by 'CLID_anonymous'",21,160,1,2,2,1,,"Bought school items",10200,1,4
601,"confidential: replaced by 'CLID_anonymous'",21,170,1,1,1,3,,"Make bricks",20400,1,1
601,"confidential: replaced by 'CLID_anonymous'",21,220,1,1,7,1,,"Bought school items",1500,1,5
601,"confidential: replaced by 'CLID_anonymous'",21,220,1,2,7,1,,"Bought school items",1500,1,6
601,"confidential: replaced by 'CLID_anonymous'",21,220,1,3,7,1,,"Bought school items",7000,1,4
601,"confidential: replaced by 'CLID_anonymous'",53,10,1,1,1,2,,"Paid for travelling expenses",10000,1,1
601,"confidential: replaced by 'CLID_anonymous'",53,41,1,1,5,3,,"Bought chicken",10000,3,
601,"confidential: replaced by 'CLID_anonymous'",53,50,1,1,2,3,,"Bought chicken",10000,3,
601,"confidential: replaced by 'CLID_anonymous'",53,70,1,1,2,2,,"Paid for medical and travelling expenses",9000,1,1
601,"confidential: replaced by 'CLID_anonymous'",53,70,1,2,2,1,,"Bought school items",15000,1,4
601,"confidential: replaced by 'CLID_anonymous'",53,80,1,1,3,2,,"Paid for medical and travelling expenses",20000,1,3
601,"confidential: replaced by 'CLID_anonymous'",53,90,1,1,1,1,,"Bought uniform and other school items",10000,1,4
601,"confidential: replaced by 'CLID_anonymous'",53,90,1,2,1,4,"Bought private needs","Bought clothes",10000,1,5
601,"confidential: replaced by 'CLID_anonymous'",53,110,1,1,1,3,,"Bought chicken",10000,1,3
601,"confidential: replaced by 'CLID_anonymous'",53,110,1,2,1,4,"Bought other needs","Bought clothes",10000,1,1
601,"confidential: replaced by 'CLID_anonymous'",53,130,1,1,1,2,,"Bought medicines",7000,3,
601,"confidential: replaced by 'CLID_anonymous'",53,160,1,1,2,1,,"Bought school items",25000,2,
601,"confidential: replaced by 'CLID_anonymous'",53,200,1,1,1,2,,"Paid for medical and travelling expenses",10000,1,1
601,"confidential: replaced by 'CLID_anonymous'",53,220,1,1,1,2,,"Paid for medical expenses",20000,1,1
601,"confidential: replaced by 'CLID_anonymous'",53,220,1,2,2,1,,"Bought school items",3000,2,
601,"confidential: replaced by 'CLID_anonymous'",53,240,1,1,1,1,,"Bought school items",25000,2,
601,"confidential: replaced by 'CLID_anonymous'",37,50,1,1,1,2,,"Transport and medicines",40400,1,1
601,"confidential: replaced by 'CLID_anonymous'",37,70,1,1,9,4,"Clothes","Clothes",7500,1,1
601,"confidential: replaced by 'CLID_anonymous'",37,90,1,1,1,1,,"Bought school items",28000,2,
601,"confidential: replaced by 'CLID_anonymous'",37,110,1,1,1,3,,"Bought chicken",20000,3,
601,"confidential: replaced by 'CLID_anonymous'",37,110,1,2,2,4,"Family needs","Bought domestic items",6000,3,
601,"confidential: replaced by 'CLID_anonymous'",37,120,1,1,1,2,,"Medical services",20000,1,1
601,"confidential: replaced by 'CLID_anonymous'",37,150,1,1,1,2,,"Medical services",15000,1,1
601,"confidential: replaced by 'CLID_anonymous'",37,180,1,1,1,4,"Transport","Transport expenses",20400,1,1
601,"confidential: replaced by 'CLID_anonymous'",37,190,1,1,1,3,,"Bought chicken",20000,1,1
601,"confidential: replaced by 'CLID_anonymous'",37,260,1,1,1,1,,"Bought school items",37000,2,
601,"confidential: replaced by 'CLID_anonymous'",37,270,1,1,1,4,,"Build a house",10000,3,
601,"confidential: replaced by 'CLID_anonymous'",37,270,2,1,8,3,,"Farming",10000,1,8
601,"confidential: replaced by 'CLID_anonymous'",61,10,1,1,1,3,,"Bought chicken",5000,1,1
601,"confidential: replaced by 'CLID_anonymous'",61,20,1,1,2,1,,"School fees and meals",40000,1,3
601,"confidential: replaced by 'CLID_anonymous'",61,40,1,1,1,2,,"Bought medicines",6000,2,
601,"confidential: replaced by 'CLID_anonymous'",61,70,1,1,1,4,"Investment","Bought chicken",5000,2,
601,"confidential: replaced by 'CLID_anonymous'",61,80,1,1,1,3,,"Paid farming expenses",35000,3,
601,"confidential: replaced by 'CLID_anonymous'",61,90,1,1,1,2,,"Bought medicines",8000,3,
601,"confidential: replaced by 'CLID_anonymous'",61,140,1,1,1,3,,"Bought chicken",10000,3,
601,"confidential: replaced by 'CLID_anonymous'",61,150,1,1,1,1,,"Bought school items",4000,1,3
601,"confidential: replaced by 'CLID_anonymous'",61,180,1,1,1,4,"Bought water","Bought water",3000,1,1
601,"confidential: replaced by 'CLID_anonymous'",61,180,1,2,1,2,,"Paid for medical expenses",2000,1,1
601,"confidential: replaced by 'CLID_anonymous'",61,190,1,1,1,2,,"Paid for medical expenses",10000,1,2
601,"confidential: replaced by 'CLID_anonymous'",61,200,1,1,2,2,,"Bought medicines and travelling expenses",10000,1,1
601,"confidential: replaced by 'CLID_anonymous'",61,200,1,2,2,3,,"Bought chicken",5000,2,
601,"confidential: replaced by 'CLID_anonymous'",61,210,1,1,1,3,,"Bought chicken",3000,1,1
601,"confidential: replaced by 'CLID_anonymous'",61,210,1,2,1,3,,"Paid casual labourer",12000,1,1
601,"confidential: replaced by 'CLID_anonymous'",60,10,1,1,1,1,,"Bought school items",20000,3,
601,"confidential: replaced by 'CLID_anonymous'",60,70,1,1,1,4,"Bought clothes","Bought clothes",10000,1,1
601,"confidential: replaced by 'CLID_anonymous'",60,100,1,1,1,3,,"Bought chicken",10000,3,
601,"confidential: replaced by 'CLID_anonymous'",60,100,1,2,1,1,,"Bought school items",22500,2,
601,"confidential: replaced by 'CLID_anonymous'",60,120,1,1,1,3,,"Paid farming expenses",10000,3,
601,"confidential: replaced by 'CLID_anonymous'",60,150,1,1,1,3,,"Paid farming expenses",20000,3,
601,"confidential: replaced by 'CLID_anonymous'",60,150,1,2,1,1,,"Bought school items",10000,1,3
601,"confidential: replaced by 'CLID_anonymous'",60,160,1,1,2,1,,"Bought school items",10000,1,4
601,"confidential: replaced by 'CLID_anonymous'",60,170,1,1,2,1,,"Bought school uniforms",14000,2,
601,"confidential: replaced by 'CLID_anonymous'",60,170,1,2,2,2,,"Bought medicines",6500,2,
601,"confidential: replaced by 'CLID_anonymous'",60,180,1,1,1,1,,"Paid school fees",15000,3,
601,"confidential: replaced by 'CLID_anonymous'",60,190,1,1,1,2,,"Bought clothes",8000,1,1
601,"confidential: replaced by 'CLID_anonymous'",60,210,1,1,1,1,,"Bought school items",15000,2,
601,"confidential: replaced by 'CLID_anonymous'",60,210,1,2,1,4,"Bought clothes","Bought clothes",5000,1,6
601,"confidential: replaced by 'CLID_anonymous'",60,220,1,1,2,2,,"Bought medicines",5000,1,3
601,"confidential: replaced by 'CLID_anonymous'",60,260,1,1,1,1,,"Bought shoes",24000,2,
601,"confidential: replaced by 'CLID_anonymous'",7,10,1,1,1,3,,"Bought poultry",11000,2,
601,"confidential: replaced by 'CLID_anonymous'",7,10,1,2,1,1,,"Bought uniform and other school items",4000,2,
601,"confidential: replaced by 'CLID_anonymous'",7,20,1,1,1,3,,"Bought chicken",6000,3,
601,"confidential: replaced by 'CLID_anonymous'",7,40,1,1,1,1,,"Bought school items",5000,1,4
601,"confidential: replaced by 'CLID_anonymous'",7,50,1,1,1,4,"Funeral contribution","Paid funeral expenses",10000,1,2
601,"confidential: replaced by 'CLID_anonymous'",7,50,1,2,1,4,"Bought water","Bought water",10000,3,
601,"confidential: replaced by 'CLID_anonymous'",7,70,1,1,1,2,,"Bought medicines",5000,1,11
601,"confidential: replaced by 'CLID_anonymous'",7,90,1,1,2,3,,"Bought chicken",25000,3,
601,"confidential: replaced by 'CLID_anonymous'",7,90,1,2,2,4,"Bought family needs","Bought kerosene",2500,3,
601,"confidential: replaced by 'CLID_anonymous'",7,120,1,1,2,1,,"Bought school uniforms",15000,1,4
601,"confidential: replaced by 'CLID_anonymous'",7,120,1,2,2,4,"Bought water","Bought water",600,3,
601,"confidential: replaced by 'CLID_anonymous'",7,130,1,1,2,4,"Bought family needs","Bought kerosene and soap",10000,2,
601,"confidential: replaced by 'CLID_anonymous'",7,140,1,1,1,3,,"Bought chicken",35000,2,
601,"confidential: replaced by 'CLID_anonymous'",7,160,1,1,1,3,,"Bought chicken",10000,3,
601,"confidential: replaced by 'CLID_anonymous'",7,180,1,1,1,4,"Bought water","Bought water and other domestic items",9000,3,
601,"confidential: replaced by 'CLID_anonymous'",7,210,1,1,1,3,,"Bought chicken",13000,2,
601,"confidential: replaced by 'CLID_anonymous'",7,230,1,1,1,2,,"Paid for medical expenses",1000,1,2
601,"confidential: replaced by 'CLID_anonymous'",7,270,1,1,1,3,,"Bought chicken",15000,1,1
601,"confidential: replaced by 'CLID_anonymous'",32,20,1,1,2,1,,"Bought school items",10000,3,
601,"confidential: replaced by 'CLID_anonymous'",32,20,1,2,2,3,,"Bought chicken",10000,3,
601,"confidential: replaced by 'CLID_anonymous'",32,30,1,1,1,1,,"Bought school items",20000,2,
601,"confidential: replaced by 'CLID_anonymous'",32,60,1,1,1,3,,"Bought chicken",10000,1,1
601,"confidential: replaced by 'CLID_anonymous'",32,120,1,1,2,4,"Bought family needs","Bought soap and kerosene",3500,3,
601,"confidential: replaced by 'CLID_anonymous'",32,120,1,2,2,4,"Bought private needs","Bought clothes",9000,1,2
601,"confidential: replaced by 'CLID_anonymous'",32,130,1,1,1,2,,"Paid for medical expenses",7000,1,2
601,"confidential: replaced by 'CLID_anonymous'",32,140,1,1,1,4,"Bought clothes","Bought clothes",4000,1,1
601,"confidential: replaced by 'CLID_anonymous'",32,140,1,2,1,3,,"Paid farming expenses",8000,1,1
601,"confidential: replaced by 'CLID_anonymous'",32,160,1,1,1,4,"Bought water, soap and food","Bought water and other domestic items",15000,1,1
601,"confidential: replaced by 'CLID_anonymous'",32,170,1,1,1,1,,"Bought school items",20000,2,
601,"confidential: replaced by 'CLID_anonymous'",32,180,1,1,1,2,,"Paid for medical expenses",10000,1,1
601,"confidential: replaced by 'CLID_anonymous'",32,190,1,1,2,3,,"Bought chicken",15000,3,
601,"confidential: replaced by 'CLID_anonymous'",32,200,1,1,1,1,,"Bought school items",6000,1,2
601,"confidential: replaced by 'CLID_anonymous'",32,200,1,2,1,4,"Bought shoes","Bought school items",2500,1,2
601,"confidential: replaced by 'CLID_anonymous'",3,10,1,1,2,2,,"Bought medicines",10000,1,2
601,"confidential: replaced by 'CLID_anonymous'",3,21,1,1,3,2,,"Bought medicines",4700,1,3
601,"confidential: replaced by 'CLID_anonymous'",3,21,1,2,3,4,"Bought clothes","Bought clothes",7000,1,3
601,"confidential: replaced by 'CLID_anonymous'",3,30,1,1,1,1,,"Bought uniform and other school items",10500,1,4
601,"confidential: replaced by 'CLID_anonymous'",3,40,1,1,1,1,,"Bought school items",20000,2,
601,"confidential: replaced by 'CLID_anonymous'",3,50,1,1,1,1,,"Bought school items",17900,1,4
601,"confidential: replaced by 'CLID_anonymous'",3,62,1,1,2,1,,"Bought school items",15600,2,
601,"confidential: replaced by 'CLID_anonymous'",3,62,2,1,1,1,,"Bought school items",5000,2,
601,"confidential: replaced by 'CLID_anonymous'",3,62,3,1,6,1,,"Bought school items",7500,2,
601,"confidential: replaced by 'CLID_anonymous'",3,70,1,1,2,1,,"Bought school items",20000,2,
601,"confidential: replaced by 'CLID_anonymous'",3,70,1,2,2,2,,"Paid health insurance fund",10000,3,
601,"confidential: replaced by 'CLID_anonymous'",3,90,1,1,1,1,,"Bought school items",20000,2,
601,"confidential: replaced by 'CLID_anonymous'",3,100,1,1,2,4,"Bought family needs","Bought clothes",7000,1,1
601,"confidential: replaced by 'CLID_anonymous'",3,100,1,2,2,2,,"Paid health insurance fund",10000,2,
601,"confidential: replaced by 'CLID_anonymous'",3,110,1,1,1,1,,"Bought uniform and other school items",30000,2,
601,"confidential: replaced by 'CLID_anonymous'",3,120,1,1,1,1,,"Bought uniform and other school items",30600,2,
601,"confidential: replaced by 'CLID_anonymous'",3,140,1,1,2,1,,"Bought uniform and other school items",20000,2,
601,"confidential: replaced by 'CLID_anonymous'",3,150,1,1,1,1,,"Bought school uniforms",22500,2,
601,"confidential: replaced by 'CLID_anonymous'",3,160,1,1,2,1,,"Bought uniform and other school items",32000,2,
601,"confidential: replaced by 'CLID_anonymous'",3,180,1,1,1,4,"Bought clothes","Bought clothes",15000,2,
601,"confidential: replaced by 'CLID_anonymous'",3,190,1,1,1,1,,"Bought school items",4800,2,
601,"confidential: replaced by 'CLID_anonymous'",3,200,1,1,2,1,,"Bought uniform and other school items",34000,2,
601,"confidential: replaced by 'CLID_anonymous'",3,220,1,1,2,1,,"Bought uniform and other school items",18000,1,4
601,"confidential: replaced by 'CLID_anonymous'",20,10,1,1,3,1,,"Bought school items",7000,1,3
601,"confidential: replaced by 'CLID_anonymous'",20,10,1,2,4,1,,"Bought school items",7000,1,4
601,"confidential: replaced by 'CLID_anonymous'",20,20,1,1,1,4,"Bought clothes","Bought clothes",30000,2,
601,"confidential: replaced by 'CLID_anonymous'",20,50,1,1,1,2,,"Paid for medical expenses",4000,1,1
601,"confidential: replaced by 'CLID_anonymous'",20,60,1,1,1,3,,"Paid farming expenses",20000,3,
601,"confidential: replaced by 'CLID_anonymous'",20,110,1,1,1,4,"Bought clothes","Bought clothes",10000,1,3
601,"confidential: replaced by 'CLID_anonymous'",20,120,1,1,2,4,,"Paid for travelling expenses",30000,2,
601,"confidential: replaced by 'CLID_anonymous'",20,150,1,1,8,1,,"Bought school items",15000,2,
601,"confidential: replaced by 'CLID_anonymous'",20,150,1,2,6,2,,"Bought medicines",22500,1,6
601,"confidential: replaced by 'CLID_anonymous'",20,170,1,1,1,4,"Bought private needs","Bought private needs",10000,1,1
601,"confidential: replaced by 'CLID_anonymous'",20,190,1,1,1,3,,"Build a house",20000,1,1
601,"confidential: replaced by 'CLID_anonymous'",20,190,1,2,5,1,,"Bought school items",10000,1,6
601,"confidential: replaced by 'CLID_anonymous'",20,200,1,1,1,3,,"Bought chicken and meeting farming expenses",30000,3,
601,"confidential: replaced by 'CLID_anonymous'",55,10,1,1,1,4,"Bought family needs","Bought kerosene",2000,3,
601,"confidential: replaced by 'CLID_anonymous'",55,20,1,1,2,1,,"Bought school items",10000,2,
601,"confidential: replaced by 'CLID_anonymous'",55,40,1,1,1,3,,"Paid farming expenses",10000,1,1
601,"confidential: replaced by 'CLID_anonymous'",55,50,1,1,1,3,,"Bought chicken",30000,3,
601,"confidential: replaced by 'CLID_anonymous'",55,70,1,1,1,4,"Constructiion","Bought palm leaf roof",6000,1,1
601,"confidential: replaced by 'CLID_anonymous'",55,80,1,1,2,3,,"Build a house",20000,2,
601,"confidential: replaced by 'CLID_anonymous'",55,90,1,1,1,3,,"Paid farming expenses",10000,1,1
601,"confidential: replaced by 'CLID_anonymous'",55,110,1,1,2,4,"Constructing","Build a pit latrine",20000,3,
601,"confidential: replaced by 'CLID_anonymous'",55,140,1,1,1,3,,"Business",6800,1,1
601,"confidential: replaced by 'CLID_anonymous'",55,140,1,2,1,2,,"Bought medicine",1000,3,
601,"confidential: replaced by 'CLID_anonymous'",55,160,2,1,2,1,,"Bought uniform and other school items",15000,1,4
601,"confidential: replaced by 'CLID_anonymous'",55,190,1,1,3,3,,"Bought chicken",4000,1,3
601,"confidential: replaced by 'CLID_anonymous'",55,190,1,2,3,4,"Constructiion","Bought palm leaf roof",10000,1,3
601,"confidential: replaced by 'CLID_anonymous'",55,200,1,1,1,1,,"Bought uniform and other school items",30000,2,
601,"confidential: replaced by 'CLID_anonymous'",55,210,1,1,2,2,,"Paid for medical expenses",16000,1,2
601,"confidential: replaced by 'CLID_anonymous'",55,210,1,2,1,4,"Journey","Paid for travelling expenses",12500,1,1
601,"confidential: replaced by 'CLID_anonymous'",55,220,1,1,2,2,,"Paid for medical expenses",4500,1,1
601,"confidential: replaced by 'CLID_anonymous'",55,230,1,1,1,2,,"Paid for medical expenses",7000,2,
601,"confidential: replaced by 'CLID_anonymous'",64,10,1,1,2,2,,"Bought medicines",7500,1,2
601,"confidential: replaced by 'CLID_anonymous'",64,10,1,2,2,4,"Bought family needs","Bought kerosene and soap",7600,3,
601,"confidential: replaced by 'CLID_anonymous'",64,30,1,1,1,3,,"Paid farming expenses",15000,3,
601,"confidential: replaced by 'CLID_anonymous'",64,40,1,1,2,3,,"Business",20000,3,
601,"confidential: replaced by 'CLID_anonymous'",64,60,1,1,2,1,,"Bought school uniforms",10200,1,4
601,"confidential: replaced by 'CLID_anonymous'",64,70,1,1,1,1,,"Bought school items",20000,2,
601,"confidential: replaced by 'CLID_anonymous'",64,70,1,2,1,3,,"Improve business",10000,3,
601,"confidential: replaced by 'CLID_anonymous'",64,80,1,1,3,4,"Bought private needs","Bought kerosene and soap and other domestic needs",20000,2,
601,"confidential: replaced by 'CLID_anonymous'",64,80,2,1,10,1,,"Bought school items",30600,2,
601,"confidential: replaced by 'CLID_anonymous'",64,120,1,1,1,2,,"Paid for medical expenses",14500,1,3
601,"confidential: replaced by 'CLID_anonymous'",64,131,1,1,1,2,,"Paid for medical expenses",9600,1,1
601,"confidential: replaced by 'CLID_anonymous'",64,140,1,1,1,1,,"Bought uniform and other school items",24500,1,3
601,"confidential: replaced by 'CLID_anonymous'",64,140,1,2,2,2,,"Bought medicines and travelling expenses",15500,2,
601,"confidential: replaced by 'CLID_anonymous'",64,160,1,1,1,1,,"Bought school items",10000,2,
601,"confidential: replaced by 'CLID_anonymous'",64,180,1,1,1,2,,"Bought medicines",21000,2,
601,"confidential: replaced by 'CLID_anonymous'",64,190,1,1,2,3,,"Start a business",20000,3,
601,"confidential: replaced by 'CLID_anonymous'",64,200,1,1,1,1,,"Bought school uniforms",6000,2,
601,"confidential: replaced by 'CLID_anonymous'",64,240,1,1,1,1,,"Bought school items",20000,2,
601,"confidential: replaced by 'CLID_anonymous'",78,10,1,1,1,1,,"Bought uniform and other school items",8200,1,3
601,"confidential: replaced by 'CLID_anonymous'",78,20,1,1,1,2,,"Paid for medical and travelling expenses",6000,1,1
601,"confidential: replaced by 'CLID_anonymous'",78,20,1,2,3,2,,"Bought medicines and travelling expenses",10000,1,3
601,"confidential: replaced by 'CLID_anonymous'",78,30,1,1,1,3,,"Bought chicken",5000,1,1
601,"confidential: replaced by 'CLID_anonymous'",78,50,1,1,1,4,"Bought household assets","Bought domestic items",18000,1,1
601,"confidential: replaced by 'CLID_anonymous'",78,70,1,1,1,4,"Bought clothes","Bought clothes",5000,1,1
601,"confidential: replaced by 'CLID_anonymous'",78,110,1,1,1,2,,"Bought medicines and travelling expenses",8000,1,1
601,"confidential: replaced by 'CLID_anonymous'",78,130,1,1,2,1,,"Bought uniform and other school items",12000,2,
601,"confidential: replaced by 'CLID_anonymous'",78,130,1,2,2,4,"Bought household assets","Bought a bed",8000,2,
601,"confidential: replaced by 'CLID_anonymous'",78,140,1,1,2,2,,"Paid for medical and travelling expenses",13000,1,1
601,"confidential: replaced by 'CLID_anonymous'",78,180,1,1,1,3,,"Bought chicken",12000,3,
601,"confidential: replaced by 'CLID_anonymous'",78,190,1,1,1,3,,"Bought poultry",6000,3,
601,"confidential: replaced by 'CLID_anonymous'",78,200,1,1,1,3,,"Paid farming expenses",5000,2,
601,"confidential: replaced by 'CLID_anonymous'",78,230,1,1,1,2,,"Bought medicine",2000,1,1
601,"confidential: replaced by 'CLID_anonymous'",2,10,1,1,1,4,"Bought family needs","Bought kerosene and soap",12000,3,
601,"confidential: replaced by 'CLID_anonymous'",2,50,1,1,2,1,,"Bought school items",8500,1,4
601,"confidential: replaced by 'CLID_anonymous'",2,60,1,1,2,2,,"Bought medicine",10000,1,1
601,"confidential: replaced by 'CLID_anonymous'",2,80,1,1,1,1,,"Bought uniform and other school items",17000,2,
601,"confidential: replaced by 'CLID_anonymous'",2,90,1,1,2,2,,"Bought medicines and travelling expenses",11000,1,2
601,"confidential: replaced by 'CLID_anonymous'",2,90,1,2,2,4,"Bought family needs","Bought kerosene and soap",2000,3,
601,"confidential: replaced by 'CLID_anonymous'",2,110,1,1,1,1,,"Bought uniform and other school items",17000,2,
601,"confidential: replaced by 'CLID_anonymous'",2,120,1,1,1,2,,"Bought medicine",2000,1,1
601,"confidential: replaced by 'CLID_anonymous'",2,130,1,1,1,1,,"Bought uniform and other school items",15000,2,
601,"confidential: replaced by 'CLID_anonymous'",2,140,1,1,1,2,,"Bought medicines",4000,1,1
601,"confidential: replaced by 'CLID_anonymous'",2,170,1,1,2,4,"Bought children needs","Bought uniform and other school items",20000,2,
601,"confidential: replaced by 'CLID_anonymous'",2,180,1,1,1,2,,"Bought medicine",2000,1,1
601,"confidential: replaced by 'CLID_anonymous'",2,180,1,2,1,4,"Bought family needs","Bought kerosene and soap",1000,1,1
601,"confidential: replaced by 'CLID_anonymous'",2,190,1,1,2,2,,"Paid for medical and travelling expenses",5000,1,2
601,"confidential: replaced by 'CLID_anonymous'",2,190,1,2,1,2,,"Bought medicines and travelling expenses",10000,1,1
601,"confidential: replaced by 'CLID_anonymous'",2,190,1,3,13,1,,"Bought school items",8000,2,
601,"confidential: replaced by 'CLID_anonymous'",2,200,1,1,1,4,"Bought clothes","Bought clothes",8000,1,2
601,"confidential: replaced by 'CLID_anonymous'",2,200,1,2,1,2,,"Paid for medical and travelling expenses",6500,2,
601,"confidential: replaced by 'CLID_anonymous'",51,20,1,1,1,3,,"Bought chicken",4000,1,1
601,"confidential: replaced by 'CLID_anonymous'",51,20,1,2,1,2,,"Paid for medical expenses",16400,1,1
601,"confidential: replaced by 'CLID_anonymous'",51,30,1,1,2,1,,"Bought school items",21900,2,
601,"confidential: replaced by 'CLID_anonymous'",51,40,1,1,1,3,,"Bought ckicken",20000,3,
601,"confidential: replaced by 'CLID_anonymous'",51,60,1,1,2,3,,"Bought chicken",2500,1,2
601,"confidential: replaced by 'CLID_anonymous'",51,70,1,1,2,1,,"Bought school items",2000,1,4
601,"confidential: replaced by 'CLID_anonymous'",51,120,1,1,2,3,,"Bought chicken",15000,2,
601,"confidential: replaced by 'CLID_anonymous'",51,130,1,1,4,1,,"Bought uniform and other school items",15200,1,6
601,"confidential: replaced by 'CLID_anonymous'",51,130,1,2,2,2,,"Bought medicines and travelling expenses",5200,2,
601,"confidential: replaced by 'CLID_anonymous'",51,130,1,3,3,2,,"Bought medicines and travelling expenses",12000,1,3
601,"confidential: replaced by 'CLID_anonymous'",51,140,1,1,4,1,,"Bought school items",8000,1,4
601,"confidential: replaced by 'CLID_anonymous'",51,140,1,2,5,1,,"Bought school items",2000,1,5
601,"confidential: replaced by 'CLID_anonymous'",51,160,1,1,2,1,,"Bought school items",21000,1,2
601,"confidential: replaced by 'CLID_anonymous'",51,200,1,1,1,1,,"Bought school items",15000,2,
601,"confidential: replaced by 'CLID_anonymous'",51,230,1,1,3,3,,"Bought chicken",10000,1,3
601,"confidential: replaced by 'CLID_anonymous'",51,250,1,1,2,1,,"Bought school items",2500,1,2
601,"confidential: replaced by 'CLID_anonymous'",51,260,1,1,4,2,,"Paid for medical expenses",18000,1,2
601,"confidential: replaced by 'CLID_anonymous'",51,270,1,1,3,3,,"Paid farming expenses",40000,3,
601,"confidential: replaced by 'CLID_anonymous'",57,10,1,1,2,3,,"Bought chicken",15000,3,
601,"confidential: replaced by 'CLID_anonymous'",57,20,1,1,2,3,,"Bought goat",30000,3,
601,"confidential: replaced by 'CLID_anonymous'",57,70,1,1,1,3,,"Bought chicken",20400,1,1
601,"confidential: replaced by 'CLID_anonymous'",57,80,1,1,1,2,,"Paid for medical expenses",10000,1,1
601,"confidential: replaced by 'CLID_anonymous'",57,101,1,1,3,1,,"Bought school items",45000,2,
601,"confidential: replaced by 'CLID_anonymous'",57,110,1,1,1,4,"Bought household assets","Bought clothes",18500,3,
601,"confidential: replaced by 'CLID_anonymous'",57,110,2,1,2,1,,"Paid for school expenses",5000,1,3
601,"confidential: replaced by 'CLID_anonymous'",57,110,2,2,2,1,,"Bought shoes",2500,1,3
601,"confidential: replaced by 'CLID_anonymous'",57,120,1,1,1,1,,"Bought uniform and other school items",1700,1,5
601,"confidential: replaced by 'CLID_anonymous'",57,120,1,2,1,2,,"Paid for medical and travelling expenses",3000,1,1
601,"confidential: replaced by 'CLID_anonymous'",57,120,1,3,1,3,,"Bought chicken",12000,3,
601,"confidential: replaced by 'CLID_anonymous'",57,150,1,1,1,1,,"Bought school items",40800,2,
601,"confidential: replaced by 'CLID_anonymous'",57,160,1,1,1,2,,"Bought medicines",400,1,1
601,"confidential: replaced by 'CLID_anonymous'",57,170,1,1,1,1,,"Bought uniform and other school items",20000,1,3
601,"confidential: replaced by 'CLID_anonymous'",57,190,1,1,1,1,,"Bought school items",20000,1,6
601,"confidential: replaced by 'CLID_anonymous'",57,211,1,1,2,2,,"Bought uniform and other school items",5000,1,2
601,"confidential: replaced by 'CLID_anonymous'",57,212,1,1,1,2,,"Paid for medical expenses",5000,1,1
601,"confidential: replaced by 'CLID_anonymous'",57,220,1,1,3,1,,"Bought uniform and other school items",12000,2,
601,"confidential: replaced by 'CLID_anonymous'",57,270,1,1,5,1,,"Bought school items",11100,1,5
601,"confidential: replaced by 'CLID_anonymous'",59,10,1,1,1,1,,"Bought school items",25000,2,
601,"confidential: replaced by 'CLID_anonymous'",59,20,1,1,1,1,,"Bought school items",3000,1,3
601,"confidential: replaced by 'CLID_anonymous'",59,20,1,2,1,2,,"Paid for medical expenses",10000,1,1
601,"confidential: replaced by 'CLID_anonymous'",59,20,1,3,2,2,,"Paid for medical expenses",8000,1,2
601,"confidential: replaced by 'CLID_anonymous'",59,20,1,4,1,3,,"Bought chicken",9000,3,
601,"confidential: replaced by 'CLID_anonymous'",59,40,1,1,1,1,,"Bought school items",3500,2,
601,"confidential: replaced by 'CLID_anonymous'",59,40,1,2,1,4,"Bought family needs","Bought kerosene and soap",2500,3,
601,"confidential: replaced by 'CLID_anonymous'",59,40,1,3,1,4,"Bought family needs","Bought clothes",7000,1,1
601,"confidential: replaced by 'CLID_anonymous'",59,60,1,1,1,1,,"Bought school uniforms",10000,1,3
601,"confidential: replaced by 'CLID_anonymous'",59,80,1,1,1,3,,"Make a door",20000,3,
601,"confidential: replaced by 'CLID_anonymous'",59,80,1,2,1,1,,"Bought uniform and other school items",16000,2,
601,"confidential: replaced by 'CLID_anonymous'",59,80,1,3,1,2,,"Paid for medical expenses",10000,1,1
601,"confidential: replaced by 'CLID_anonymous'",59,130,1,1,1,1,,"Bought school items",20000,2,
601,"confidential: replaced by 'CLID_anonymous'",59,140,1,1,1,2,,"Paid for medical expenses",11000,2,
601,"confidential: replaced by 'CLID_anonymous'",59,150,1,1,2,3,,"Bought chicken",18000,3,
601,"confidential: replaced by 'CLID_anonymous'",59,170,1,1,1,2,,"Bought medicines",6600,1,1
601,"confidential: replaced by 'CLID_anonymous'",59,180,1,1,2,2,,"Bought medicines",5000,1,1
601,"confidential: replaced by 'CLID_anonymous'",59,200,1,1,1,4,"Bought clothes","Bought clothes",5000,1,4
601,"confidential: replaced by 'CLID_anonymous'",59,220,1,1,2,2,,"Paid for medical expenses",20700,2,
601,"confidential: replaced by 'CLID_anonymous'",59,230,1,1,1,3,,"Bought chicken",25000,3,
601,"confidential: replaced by 'CLID_anonymous'",59,230,1,2,1,3,,"Paid farming expenses",5000,3,
602,"confidential: replaced by 'CLID_anonymous'",35,12,1,1,1,2,,"Paid for medical expenses",4000,1,1
602,"confidential: replaced by 'CLID_anonymous'",35,30,1,1,3,1,,"Bought school items",9000,1,3
602,"confidential: replaced by 'CLID_anonymous'",35,30,1,2,2,3,,"Bought chicken",3000,1,2
602,"confidential: replaced by 'CLID_anonymous'",35,60,1,1,1,1,,"Bought school items",3000,2,
602,"confidential: replaced by 'CLID_anonymous'",35,70,1,1,1,2,,"Bought medicines",15000,2,
602,"confidential: replaced by 'CLID_anonymous'",35,80,1,1,13,1,,"Bought uniform and other school items",10000,1,5
602,"confidential: replaced by 'CLID_anonymous'",35,80,1,2,13,2,,"Bought medicine",10000,1,1
602,"confidential: replaced by 'CLID_anonymous'",35,150,1,1,5,1,,"Bought uniform and other school items",4300,1,5
602,"confidential: replaced by 'CLID_anonymous'",35,160,1,1,2,2,,"Paid for medical expenses",5000,1,2
602,"confidential: replaced by 'CLID_anonymous'",35,160,1,2,11,1,,"Bought school items",35000,2,
602,"confidential: replaced by 'CLID_anonymous'",35,210,1,1,1,4,"Bought family needs","Bought kerosene and matchbox",5000,1,1
602,"confidential: replaced by 'CLID_anonymous'",35,261,1,1,2,4,"Bought family needs","Bought kerosene and soap",7000,3,
602,"confidential: replaced by 'CLID_anonymous'",35,262,1,1,1,4,"Bought family needs","Bought kerosene and soap and other domestic needs",8000,3,
602,"confidential: replaced by 'CLID_anonymous'",35,270,1,1,1,4,"Bought family needs","Bought domestic items",10000,3,
602,"confidential: replaced by 'CLID_anonymous'",35,280,1,1,1,2,,"Paid for medical expenses",7000,1,1
602,"confidential: replaced by 'CLID_anonymous'",35,320,1,1,1,4,"Bought family needs","Bought kerosene and soap",6000,1,1
602,"confidential: replaced by 'CLID_anonymous'",35,390,1,1,1,1,,"Bought school items",10000,1,2
602,"confidential: replaced by 'CLID_anonymous'",35,421,1,1,10,1,,"Bought school items",7500,1,10
602,"confidential: replaced by 'CLID_anonymous'",35,422,1,1,7,1,,"Bought uniform and other school items",5000,1,7
602,"confidential: replaced by 'CLID_anonymous'",35,440,1,1,1,1,,"Bought uniform and other school items",22500,2,
602,"confidential: replaced by 'CLID_anonymous'",35,460,1,1,2,1,,"Bought school items",38000,2,
602,"confidential: replaced by 'CLID_anonymous'",35,460,1,2,2,2,,"Paid for medical expenses",5000,1,9
602,"confidential: replaced by 'CLID_anonymous'",35,470,1,1,5,1,,"Bought uniform and other school items",18000,1,5
602,"confidential: replaced by 'CLID_anonymous'",35,470,1,2,1,2,,"Paid for medical expenses",23000,1,1
602,"confidential: replaced by 'CLID_anonymous'",35,480,1,1,1,2,,"Paid health insurance fund",5000,2,
602,"confidential: replaced by 'CLID_anonymous'",47,60,1,1,1,4,"Constructiion","Bought iron sheet",34000,3,
602,"confidential: replaced by 'CLID_anonymous'",47,100,1,1,1,4,"Agriculture","Paid farming expenses",20400,3,
602,"confidential: replaced by 'CLID_anonymous'",47,120,1,1,2,2,,"Bought clothes",8000,1,8
602,"confidential: replaced by 'CLID_anonymous'",47,130,1,1,1,3,,"Bought chicken",7000,3,
602,"confidential: replaced by 'CLID_anonymous'",47,130,1,2,6,1,,"Bought school uniform",15200,1,6
602,"confidential: replaced by 'CLID_anonymous'",47,130,1,3,7,1,,"Bought school items",17700,1,7
602,"confidential: replaced by 'CLID_anonymous'",47,190,1,1,1,1,,"Bought school items",20000,2,
602,"confidential: replaced by 'CLID_anonymous'",47,190,1,2,1,3,,"Bought chicken",20800,3,
602,"confidential: replaced by 'CLID_anonymous'",47,210,1,1,1,4,"Bought clothes","Bought clothes",5000,1,1
602,"confidential: replaced by 'CLID_anonymous'",47,340,1,1,1,1,,"Bought school items",16500,2,
602,"confidential: replaced by 'CLID_anonymous'",47,440,1,1,1,2,,"Paid health insurance fund",5000,1,1
602,"confidential: replaced by 'CLID_anonymous'",47,461,1,1,2,3,,"Bought chicken",2000,2,
602,"confidential: replaced by 'CLID_anonymous'",10,30,1,1,2,2,,"Paid for medical expenses",1000,1,3
602,"confidential: replaced by 'CLID_anonymous'",10,40,1,1,3,1,,"Bought school items",10200,1,3
602,"confidential: replaced by 'CLID_anonymous'",10,101,1,1,1,2,,"Paid for medical expenses",10400,1,1
602,"confidential: replaced by 'CLID_anonymous'",10,101,1,2,7,1,,"Bought school items",10200,1,7
602,"confidential: replaced by 'CLID_anonymous'",10,101,1,3,14,1,,"Bought school items",10200,1,14
602,"confidential: replaced by 'CLID_anonymous'",10,140,1,1,1,4,,"Bought clothes",4000,1,1
602,"confidential: replaced by 'CLID_anonymous'",10,160,1,1,2,1,,"Bought school items",3000,1,2
602,"confidential: replaced by 'CLID_anonymous'",10,160,1,2,2,3,,"Bought clothes",7200,1,2
602,"confidential: replaced by 'CLID_anonymous'",10,190,1,1,2,2,,"Paid for medical expenses",15000,1,1
602,"confidential: replaced by 'CLID_anonymous'",10,190,1,2,2,1,,"School fees",10000,1,3
602,"confidential: replaced by 'CLID_anonymous'",10,240,1,1,1,4,,"Investing in saccos",5000,2,
602,"confidential: replaced by 'CLID_anonymous'",10,260,1,1,2,1,,"Bought school items",10200,1,4
602,"confidential: replaced by 'CLID_anonymous'",10,260,2,1,5,1,,"Bought school items",20400,1,6
602,"confidential: replaced by 'CLID_anonymous'",10,260,2,2,7,2,,"Paid health insurance fund",5000,1,7
602,"confidential: replaced by 'CLID_anonymous'",10,270,1,1,1,3,,"Bought chicken",22500,3,
602,"confidential: replaced by 'CLID_anonymous'",10,290,1,1,1,1,,"Paid for school expenses",20000,1,4
602,"confidential: replaced by 'CLID_anonymous'",10,290,1,2,1,1,,"Bought shoes",10000,1,6
602,"confidential: replaced by 'CLID_anonymous'",10,300,1,1,1,2,,"Paid for medical expenses",5000,1,1
602,"confidential: replaced by 'CLID_anonymous'",10,380,1,1,3,1,,"Bought school uniforms",10000,2,
602,"confidential: replaced by 'CLID_anonymous'",10,380,1,2,6,1,,"Bought school uniforms",15000,2,
602,"confidential: replaced by 'CLID_anonymous'",10,390,1,1,2,2,,"Paid health insurance fund",5000,2,
602,"confidential: replaced by 'CLID_anonymous'",10,400,1,1,1,2,,"Paid for medical expenses",1000,1,1
602,"confidential: replaced by 'CLID_anonymous'",10,420,1,1,1,2,,"Paid for medical expenses",5000,1,1
602,"confidential: replaced by 'CLID_anonymous'",10,420,1,2,2,2,,"Paid for medical expenses",5000,1,2
602,"confidential: replaced by 'CLID_anonymous'",81,10,1,1,2,2,,"Paid for medical expenses",30000,1,3
602,"confidential: replaced by 'CLID_anonymous'",81,40,1,1,2,4,,"Bought clothes and shoes",7200,1,7
602,"confidential: replaced by 'CLID_anonymous'",81,40,1,2,2,4,,"Bought clothes",7500,1,2
602,"confidential: replaced by 'CLID_anonymous'",81,40,2,1,2,4,,"Bought clothes",2000,1,8
602,"confidential: replaced by 'CLID_anonymous'",81,60,1,1,2,,,,,,
602,"confidential: replaced by 'CLID_anonymous'",81,70,1,1,1,3,,"Bought building poles",15000,1,1
602,"confidential: replaced by 'CLID_anonymous'",81,80,1,1,2,1,,"Bought school items",15000,1,3
602,"confidential: replaced by 'CLID_anonymous'",81,80,1,2,1,3,,"Bought poultry",20000,3,
602,"confidential: replaced by 'CLID_anonymous'",81,91,1,1,2,1,,"Bought school items",17000,1,8
602,"confidential: replaced by 'CLID_anonymous'",81,110,1,1,2,3,,"Bought chicken",18500,3,
602,"confidential: replaced by 'CLID_anonymous'",81,120,1,1,1,1,,"Bought uniform and other school items",15000,2,
602,"confidential: replaced by 'CLID_anonymous'",81,120,1,2,1,1,,"Bought uniform and other school items",10000,2,
602,"confidential: replaced by 'CLID_anonymous'",81,130,1,1,3,1,,"Bought uniform and other school items",20000,1,7
602,"confidential: replaced by 'CLID_anonymous'",81,150,1,1,1,4,"Bought family needs","Bought domestic items",13000,3,
602,"confidential: replaced by 'CLID_anonymous'",81,170,1,1,1,1,,"Bought school items",7500,1,4
602,"confidential: replaced by 'CLID_anonymous'",81,180,1,1,7,1,,"Bought uniform and other school items",9600,1,7
602,"confidential: replaced by 'CLID_anonymous'",81,180,1,2,5,1,,"Bought uniform and other school items",10900,1,6
602,"confidential: replaced by 'CLID_anonymous'",81,190,1,1,2,4,"Bought family needs","Bought kerosene and soap",4400,3,
602,"confidential: replaced by 'CLID_anonymous'",81,220,1,1,1,4,"Bought family needs","Bought kerosene, ciggarete, sugar and soap",24400,3,
602,"confidential: replaced by 'CLID_anonymous'",81,230,1,1,1,4,"Bought family needs","Bought food and kerosene",5000,3,
602,"confidential: replaced by 'CLID_anonymous'",81,260,1,1,2,2,,"Paid for medical expenses",5000,3,
602,"confidential: replaced by 'CLID_anonymous'",81,260,1,2,2,1,,"Bought school items",2000,2,
602,"confidential: replaced by 'CLID_anonymous'",81,260,1,3,2,3,,"Bought chicken",25000,3,
602,"confidential: replaced by 'CLID_anonymous'",81,260,1,4,2,4,"Bought shoes and clothes","Bought clothes and shoes",5000,2,
602,"confidential: replaced by 'CLID_anonymous'",81,260,1,5,2,2,,"Paid for transport cost",3000,1,1
602,"confidential: replaced by 'CLID_anonymous'",81,270,1,1,1,1,,"Bought uniform and other school items",18500,2,
602,"confidential: replaced by 'CLID_anonymous'",81,330,1,1,1,1,,"Bought school items",23000,2,
602,"confidential: replaced by 'CLID_anonymous'",81,330,1,2,1,2,,"Paid for medical expenses",5000,3,
602,"confidential: replaced by 'CLID_anonymous'",81,360,1,1,1,1,,"Bought uniform and other school items",20400,2,
602,"confidential: replaced by 'CLID_anonymous'",29,50,1,1,2,3,,"Paid farming expenses",15000,3,
602,"confidential: replaced by 'CLID_anonymous'",29,60,1,1,1,1,,"Bought school items",20000,1,3
602,"confidential: replaced by 'CLID_anonymous'",29,80,1,1,2,2,,"Bought medicines",10000,2,
602,"confidential: replaced by 'CLID_anonymous'",29,90,1,1,2,4,"Bought clothes","Bought clothes",6500,1,4
602,"confidential: replaced by 'CLID_anonymous'",29,90,1,2,2,4,"Bought clothes","Bought clothes",5000,1,5
602,"confidential: replaced by 'CLID_anonymous'",29,170,1,1,1,2,,"Paid for medical expenses",6000,1,2
602,"confidential: replaced by 'CLID_anonymous'",29,180,1,1,1,2,,"Bought medicine",5000,1,1
602,"confidential: replaced by 'CLID_anonymous'",29,220,1,1,2,1,,"Bought school items",10000,2,
602,"confidential: replaced by 'CLID_anonymous'",29,220,1,2,2,3,,"Investing in business",10000,3,
602,"confidential: replaced by 'CLID_anonymous'",29,230,1,1,1,2,,"Bought medicines and travelling expenses",20800,3,
602,"confidential: replaced by 'CLID_anonymous'",29,271,1,1,2,1,,"Paid for school expenses",7500,1,3
602,"confidential: replaced by 'CLID_anonymous'",29,290,1,1,2,4,,"Bought medicine",20000,2,
602,"confidential: replaced by 'CLID_anonymous'",29,290,1,2,2,1,,"Paid school expenses",12800,2,
602,"confidential: replaced by 'CLID_anonymous'",29,330,1,1,1,1,,"Bought uniform and other school items",22500,2,
602,"confidential: replaced by 'CLID_anonymous'",29,340,1,1,2,4,"Bought family needs","Bought clothes",15000,2,
602,"confidential: replaced by 'CLID_anonymous'",45,10,1,1,1,1,,"Bought uniform and other school items",37500,1,4
602,"confidential: replaced by 'CLID_anonymous'",45,10,1,2,1,2,,"Bought medicine",2500,1,1
602,"confidential: replaced by 'CLID_anonymous'",45,10,1,3,1,2,,"Bought medicine",3000,1,2
602,"confidential: replaced by 'CLID_anonymous'",45,30,1,1,1,1,,"Bought school items",10000,1,3
602,"confidential: replaced by 'CLID_anonymous'",45,40,1,1,1,1,,"Bought clothes and shoes",10200,1,2
602,"confidential: replaced by 'CLID_anonymous'",45,60,1,1,2,1,,"Bought school items",18000,2,
602,"confidential: replaced by 'CLID_anonymous'",45,110,1,1,2,1,,"Bought school items",20000,1,5
602,"confidential: replaced by 'CLID_anonymous'",45,130,1,1,1,1,,"Bought school items",20000,1,11
602,"confidential: replaced by 'CLID_anonymous'",45,130,1,2,1,2,,"Bought medicine",3000,2,
602,"confidential: replaced by 'CLID_anonymous'",45,130,2,1,3,1,,"Bought uniform and other school items",10000,1,7
602,"confidential: replaced by 'CLID_anonymous'",45,140,1,1,1,1,,"Bought uniform and other school items",6000,1,2
602,"confidential: replaced by 'CLID_anonymous'",45,150,1,1,3,1,,"Bought school items",40800,1,3
602,"confidential: replaced by 'CLID_anonymous'",45,180,1,1,1,2,,"Family expenses",30699,1,1
602,"confidential: replaced by 'CLID_anonymous'",45,200,1,1,2,2,,"Bought medicines",33000,1,2
602,"confidential: replaced by 'CLID_anonymous'",45,200,1,2,2,4,"Bought family needs","Bought kerosene",5000,3,
602,"confidential: replaced by 'CLID_anonymous'",45,200,1,3,2,1,,"Bought school items",7000,2,
602,"confidential: replaced by 'CLID_anonymous'",45,210,1,1,1,2,,"Paid for medical expenses",4400,1,1
602,"confidential: replaced by 'CLID_anonymous'",45,220,1,1,1,1,,"Bought school items",10000,1,2
602,"confidential: replaced by 'CLID_anonymous'",45,270,1,1,1,4,"Bought private needs","Bought clothes",7000,1,1
602,"confidential: replaced by 'CLID_anonymous'",45,270,1,2,1,4,"Bought private needs","Bought shoes",5000,2,
602,"confidential: replaced by 'CLID_anonymous'",45,320,1,1,1,1,,"Bought school items",20000,2,
602,"confidential: replaced by 'CLID_anonymous'",45,320,1,2,1,3,,"Paid farming expenses",12000,3,
602,"confidential: replaced by 'CLID_anonymous'",45,340,1,1,1,1,,"Bought school items",15400,1,5
602,"confidential: replaced by 'CLID_anonymous'",45,340,1,2,1,1,,"Bought school items",15400,1,4
602,"confidential: replaced by 'CLID_anonymous'",45,350,1,1,1,1,,"Paid school expenses",3000,1,3
602,"confidential: replaced by 'CLID_anonymous'",45,360,1,1,1,1,,"Bought school items",700,2,
602,"confidential: replaced by 'CLID_anonymous'",18,60,1,1,2,1,,"Bought school items",6000,1,6
602,"confidential: replaced by 'CLID_anonymous'",18,60,1,2,2,1,,"Bought shoes",8000,1,7
602,"confidential: replaced by 'CLID_anonymous'",18,70,1,1,1,4,,"Bought clothes",20000,1,1
602,"confidential: replaced by 'CLID_anonymous'",18,70,1,2,3,1,,"Bought school uniforms",15000,1,3
602,"confidential: replaced by 'CLID_anonymous'",18,70,1,3,4,1,,"Bought school items",3000,1,4
602,"confidential: replaced by 'CLID_anonymous'",18,150,1,1,1,2,,"Paid health insurance fund",5000,1,1
602,"confidential: replaced by 'CLID_anonymous'",18,160,1,1,1,2,,"Bought medicines",8000,1,1
602,"confidential: replaced by 'CLID_anonymous'",18,180,1,1,8,4,"Bought private needs","Bought family needs",20400,1,8
602,"confidential: replaced by 'CLID_anonymous'",18,200,1,1,2,2,,"Paid for medical expenses",40800,1,1
602,"confidential: replaced by 'CLID_anonymous'",18,220,1,1,3,1,,"Bought school uniforms",10200,1,3
602,"confidential: replaced by 'CLID_anonymous'",18,360,1,1,1,2,,"Bought medicines",5000,1,1
602,"confidential: replaced by 'CLID_anonymous'",18,380,1,1,3,1,,"Bought school uniform",9500,1,3
602,"confidential: replaced by 'CLID_anonymous'",18,390,1,1,2,1,,"Bought school items",20400,2,
602,"confidential: replaced by 'CLID_anonymous'",18,420,1,1,1,2,,"Bought medicines",12000,1,1
602,"confidential: replaced by 'CLID_anonymous'",18,430,1,1,1,2,,"Bought medicines",10000,1,1
602,"confidential: replaced by 'CLID_anonymous'",18,470,1,1,1,2,,"Bought medicines",10000,1,1
602,"confidential: replaced by 'CLID_anonymous'",18,480,1,1,1,2,,"Paid health insurance fund",5000,1,1
602,"confidential: replaced by 'CLID_anonymous'",18,480,1,2,4,1,,"Bought school uniforms and other school items",20000,1,4
602,"confidential: replaced by 'CLID_anonymous'",65,30,1,1,1,2,,"Paid health insurance fund",5000,1,1
602,"confidential: replaced by 'CLID_anonymous'",65,80,1,1,2,4,"Bought family needs","Bought kerosene",5800,3,
602,"confidential: replaced by 'CLID_anonymous'",65,121,1,1,4,4,"Don't Know","Don't Know",20400,2,
602,"confidential: replaced by 'CLID_anonymous'",65,122,1,1,1,4,,"Bought clothes and shoes",10000,1,11
602,"confidential: replaced by 'CLID_anonymous'",65,150,1,1,1,1,,"Bought uniform and other school items",2000,1,4
602,"confidential: replaced by 'CLID_anonymous'",65,160,1,1,1,4,"Bought clothes","Bought clothes and shoes",7200,1,3
602,"confidential: replaced by 'CLID_anonymous'",65,190,1,1,1,1,,"Bought uniform and other school items",20000,2,
602,"confidential: replaced by 'CLID_anonymous'",65,220,1,1,1,2,,"Bought medicines",1500,1,3
602,"confidential: replaced by 'CLID_anonymous'",65,250,1,1,2,1,,"Bought school items",12200,1,4
602,"confidential: replaced by 'CLID_anonymous'",65,250,1,2,2,4,"Bought shoes","Bought shoes",5000,1,5
602,"confidential: replaced by 'CLID_anonymous'",65,250,1,3,2,2,,"Paid for travelling expenses",3000,1,5
602,"confidential: replaced by 'CLID_anonymous'",65,250,1,4,2,2,,"Paid for medical and travelling expenses",20600,1,2
602,"confidential: replaced by 'CLID_anonymous'",65,340,1,1,1,3,,"Bought matchet and panga",14000,3,
602,"confidential: replaced by 'CLID_anonymous'",65,340,2,1,3,1,,"Bought uniform and other school items",30600,2,
602,"confidential: replaced by 'CLID_anonymous'",65,360,1,1,2,2,,"Paid for medical expenses",5000,1,2
602,"confidential: replaced by 'CLID_anonymous'",65,380,1,1,4,1,,"Bought uniform and other school items",3000,1,4
602,"confidential: replaced by 'CLID_anonymous'",65,380,1,2,6,2,,"Paid for medical expenses",5500,2,
602,"confidential: replaced by 'CLID_anonymous'",65,450,1,1,3,1,,"Bought uniform and other school items",10000,1,3
602,"confidential: replaced by 'CLID_anonymous'",65,460,1,1,2,3,,"Bought chicken",15000,2,
602,"confidential: replaced by 'CLID_anonymous'",65,460,1,2,2,1,,"Bought school items",5000,2,
602,"confidential: replaced by 'CLID_anonymous'",65,480,1,1,2,1,,"Bought school items",13800,2,
602,"confidential: replaced by 'CLID_anonymous'",25,10,1,1,2,1,,"Bought medicine",20000,2,
602,"confidential: replaced by 'CLID_anonymous'",25,30,1,1,1,2,,"Paid for medical expenses",8000,1,3
602,"confidential: replaced by 'CLID_anonymous'",25,40,1,1,1,4,"Funeral costs","Paid a loan",20000,1,1
602,"confidential: replaced by 'CLID_anonymous'",25,40,1,2,2,4,"Bought family needs","Bought kerosene",2800,3,
602,"confidential: replaced by 'CLID_anonymous'",25,90,1,1,2,1,,"Bought school items",1000,2,
602,"confidential: replaced by 'CLID_anonymous'",25,90,1,2,2,2,,"Bought medicines",5000,3,
602,"confidential: replaced by 'CLID_anonymous'",25,150,1,1,1,1,,"Bought uniform and other school items",20000,2,
602,"confidential: replaced by 'CLID_anonymous'",25,161,1,1,2,3,,"Paid farming expenses",15000,3,
602,"confidential: replaced by 'CLID_anonymous'",25,200,1,1,1,1,,"Bought school items",10000,2,
602,"confidential: replaced by 'CLID_anonymous'",25,240,1,1,1,2,,"Paid for travelling expenses",5400,1,5
602,"confidential: replaced by 'CLID_anonymous'",25,260,1,1,2,1,,"Bought school items",10000,1,3
602,"confidential: replaced by 'CLID_anonymous'",25,260,1,2,2,2,,"Paid for medical and travelling expenses",9000,2,
602,"confidential: replaced by 'CLID_anonymous'",25,280,1,1,2,1,,"Bought school items",16200,2,
602,"confidential: replaced by 'CLID_anonymous'",25,280,1,2,2,2,,"Paid health insurance fund",5000,2,
602,"confidential: replaced by 'CLID_anonymous'",25,310,1,1,2,1,,"Bought school items",20000,2,
602,"confidential: replaced by 'CLID_anonymous'",25,310,1,2,2,2,,"Paid for medical expenses",5000,3,
602,"confidential: replaced by 'CLID_anonymous'",23,21,1,1,1,3,,"Paid casual labourer",20000,2,
602,"confidential: replaced by 'CLID_anonymous'",23,40,1,1,3,1,,"Bought school items",10200,1,3
602,"confidential: replaced by 'CLID_anonymous'",23,140,1,1,1,4,"Agriculture","Paid casual labourer",10000,3,
602,"confidential: replaced by 'CLID_anonymous'",23,181,1,1,1,2,,"Paid for medical expenses",8000,1,1
602,"confidential: replaced by 'CLID_anonymous'",23,340,1,1,1,2,,"Paid for medical expenses",5000,1,1
602,"confidential: replaced by 'CLID_anonymous'",23,340,1,2,1,2,,"Paid for medical expenses",5000,1,2
602,"confidential: replaced by 'CLID_anonymous'",23,360,1,1,2,1,,"Bought school items",10000,1,3
602,"confidential: replaced by 'CLID_anonymous'",23,360,1,2,2,1,,"Bought school items",10000,1,4
602,"confidential: replaced by 'CLID_anonymous'",23,460,1,1,1,2,,"Bought medicines",9000,2,
602,"confidential: replaced by 'CLID_anonymous'",23,460,1,2,1,1,,"Bought uniform and other school items",3000,1,2
602,"confidential: replaced by 'CLID_anonymous'",23,460,1,3,1,4,"Roofing","Bought roofing grass",7000,2,
602,"confidential: replaced by 'CLID_anonymous'",23,470,1,1,2,2,,"Paid for medical expenses",18000,1,1
602,"confidential: replaced by 'CLID_anonymous'",31,71,1,1,2,1,,"Bought school items",10200,1,6
602,"confidential: replaced by 'CLID_anonymous'",31,71,1,2,3,1,,"Bought school items",20500,2,
602,"confidential: replaced by 'CLID_anonymous'",31,71,1,3,2,3,,"Paid farming expenses",5000,3,
602,"confidential: replaced by 'CLID_anonymous'",31,160,1,1,1,3,,"Paid farming expenses",10000,3,
602,"confidential: replaced by 'CLID_anonymous'",31,160,1,2,1,3,,"Bought chicken",22000,3,
602,"confidential: replaced by 'CLID_anonymous'",31,160,2,1,3,1,,"Bought school items",9300,1,5
602,"confidential: replaced by 'CLID_anonymous'",31,160,2,2,4,1,,"Bought shoes",6000,1,6
602,"confidential: replaced by 'CLID_anonymous'",31,170,1,1,1,3,,"Paid farming expenses",24500,3,
602,"confidential: replaced by 'CLID_anonymous'",31,190,1,1,1,2,,"Bought medicines",10000,1,3
602,"confidential: replaced by 'CLID_anonymous'",31,220,1,1,1,3,,"Paid casual labourer",15000,3,
602,"confidential: replaced by 'CLID_anonymous'",31,260,1,1,1,1,,"Bought school items",10800,1,4
602,"confidential: replaced by 'CLID_anonymous'",31,280,1,1,2,2,,"Paid for medical expenses",15000,1,1
602,"confidential: replaced by 'CLID_anonymous'",31,280,1,2,1,2,,"Bought medicines",5000,1,2
602,"confidential: replaced by 'CLID_anonymous'",31,290,1,1,1,3,,"Paid farming expenses",20000,3,
602,"confidential: replaced by 'CLID_anonymous'",31,340,1,1,1,3,,"Paid casual labourer",10000,3,
602,"confidential: replaced by 'CLID_anonymous'",31,340,1,2,4,1,,"Bought school items",10000,1,4
602,"confidential: replaced by 'CLID_anonymous'",31,340,1,3,3,1,,"Bought school items",10000,1,3
602,"confidential: replaced by 'CLID_anonymous'",31,380,1,1,3,2,,"Bought medicines",12000,1,3
602,"confidential: replaced by 'CLID_anonymous'",31,410,1,1,1,2,,"Bought medicines",2000,1,2
602,"confidential: replaced by 'CLID_anonymous'",31,410,1,2,1,4,"Bought household assets","Bought domestic items",12000,3,
602,"confidential: replaced by 'CLID_anonymous'",31,420,1,1,2,2,,"Bought medicines",8400,1,2
602,"confidential: replaced by 'CLID_anonymous'",31,420,1,2,2,3,,"Bought pesticides",7500,3,
602,"confidential: replaced by 'CLID_anonymous'",31,500,1,1,1,4,"Bought family needs","Bought domestic items",4000,1,1
602,"confidential: replaced by 'CLID_anonymous'",24,50,1,1,2,1,,"Bought school items",30000,2,
602,"confidential: replaced by 'CLID_anonymous'",24,70,1,1,2,3,,"Bought chicken",15000,3,
602,"confidential: replaced by 'CLID_anonymous'",24,70,1,2,2,1,,"Bought school items",25000,2,
602,"confidential: replaced by 'CLID_anonymous'",24,80,1,1,2,1,,"Bought school items",40000,2,
602,"confidential: replaced by 'CLID_anonymous'",24,100,1,1,1,1,,"Bought school items",7500,2,
602,"confidential: replaced by 'CLID_anonymous'",24,110,1,1,10,1,,"Bought school items",29000,3,
602,"confidential: replaced by 'CLID_anonymous'",24,110,1,2,10,3,,"Investing in saccos",10000,3,
602,"confidential: replaced by 'CLID_anonymous'",24,120,1,1,1,1,,"Bought school items",25500,2,
602,"confidential: replaced by 'CLID_anonymous'",24,170,1,1,2,1,,"Bought school items",10000,2,
602,"confidential: replaced by 'CLID_anonymous'",24,170,1,2,2,3,,"Bought chicken",8000,3,
602,"confidential: replaced by 'CLID_anonymous'",24,220,1,1,1,2,,"Paid health insurance fund",5000,3,
602,"confidential: replaced by 'CLID_anonymous'",24,230,1,1,2,3,,"Bought chicken",7500,1,8
602,"confidential: replaced by 'CLID_anonymous'",24,230,1,2,2,4,"Money given to moved children","Meet family expenses",15000,2,
602,"confidential: replaced by 'CLID_anonymous'",24,230,2,1,15,1,,"Bought shoes",10000,1,7
602,"confidential: replaced by 'CLID_anonymous'",24,230,2,2,15,4,"Bought child needs","Bought cooking oil and soap",2500,3,
602,"confidential: replaced by 'CLID_anonymous'",24,260,1,1,1,3,,"Bought chicken",8000,3,
602,"confidential: replaced by 'CLID_anonymous'",24,260,1,2,1,1,,"Bought school items",20000,2,
602,"confidential: replaced by 'CLID_anonymous'",24,280,1,1,1,3,,"Bought chicken",12000,3,
602,"confidential: replaced by 'CLID_anonymous'",24,290,1,1,1,1,,"Bought school items",18000,1,6
602,"confidential: replaced by 'CLID_anonymous'",24,320,1,1,1,1,,"Bought school items",20400,2,
602,"confidential: replaced by 'CLID_anonymous'",24,340,1,1,2,1,,"Bought school items",10000,2,
602,"confidential: replaced by 'CLID_anonymous'",24,400,1,1,1,3,,"Investing in saccos",20000,3,
602,"confidential: replaced by 'CLID_anonymous'",24,410,1,1,2,3,,"Investing in saccos",7000,3,
602,"confidential: replaced by 'CLID_anonymous'",24,470,1,1,1,1,,"Bought school items",10000,2,
602,"confidential: replaced by 'CLID_anonymous'",24,500,1,1,2,3,,"Investing in business",10000,3,
602,"confidential: replaced by 'CLID_anonymous'",24,500,1,2,2,1,,"Bought school items",7000,2,
