"DistID","CLID","CLID_anonymous","RGID","RGname","RGgender","RGAge","RGposition","RGposition_other","RGresidence","anonymous_data_ID"
104,"confidential: replaced by 'CLID_anonymous'",26,1,"confidential: removed from data",1,56,2,,56,1
104,"confidential: replaced by 'CLID_anonymous'",26,2,"confidential: removed from data",1,48,4,,48,2
104,"confidential: replaced by 'CLID_anonymous'",46,1,"confidential: removed from data",2,48,1,,2,3
104,"confidential: replaced by 'CLID_anonymous'",46,2,"confidential: removed from data",1,45,2,,45,4
104,"confidential: replaced by 'CLID_anonymous'",77,1,"confidential: removed from data",1,48,2,,48,5
104,"confidential: replaced by 'CLID_anonymous'",77,2,"confidential: removed from data",1,60,2,,9,6
104,"confidential: replaced by 'CLID_anonymous'",63,1,"confidential: removed from data",1,43,1,,5,7
104,"confidential: replaced by 'CLID_anonymous'",63,2,"confidential: removed from data",1,62,2,,62,8
104,"confidential: replaced by 'CLID_anonymous'",15,1,"confidential: removed from data",1,55,1,,3,9
104,"confidential: replaced by 'CLID_anonymous'",15,2,"confidential: removed from data",1,48,1,,48,10
104,"confidential: replaced by 'CLID_anonymous'",16,1,"confidential: removed from data",1,30,1,,5,11
104,"confidential: replaced by 'CLID_anonymous'",16,2,"confidential: removed from data",1,35,3,,2,12
104,"confidential: replaced by 'CLID_anonymous'",80,1,"confidential: removed from data",1,28,1,,28,13
104,"confidential: replaced by 'CLID_anonymous'",80,2,"confidential: removed from data",1,37,2,,25,14
104,"confidential: replaced by 'CLID_anonymous'",22,1,"confidential: removed from data",1,31,2,,31,15
104,"confidential: replaced by 'CLID_anonymous'",22,2,"confidential: removed from data",1,40,1,,2,16
104,"confidential: replaced by 'CLID_anonymous'",22,3,"confidential: removed from data",2,33,3,,33,17
104,"confidential: replaced by 'CLID_anonymous'",67,1,"confidential: removed from data",1,52,1,,11,18
104,"confidential: replaced by 'CLID_anonymous'",67,2,"confidential: removed from data",1,38,2,,38,19
104,"confidential: replaced by 'CLID_anonymous'",40,1,"confidential: removed from data",1,31,1,,0,20
104,"confidential: replaced by 'CLID_anonymous'",40,2,"confidential: removed from data",1,48,2,,48,21
104,"confidential: replaced by 'CLID_anonymous'",19,1,"confidential: removed from data",1,57,2,,40,22
104,"confidential: replaced by 'CLID_anonymous'",19,2,"confidential: removed from data",1,38,3,,15,23
104,"confidential: replaced by 'CLID_anonymous'",50,1,"confidential: removed from data",1,38,1,,3,24
104,"confidential: replaced by 'CLID_anonymous'",50,2,"confidential: removed from data",1,55,2,,55,25
104,"confidential: replaced by 'CLID_anonymous'",6,1,"confidential: removed from data",1,46,1,,18,26
104,"confidential: replaced by 'CLID_anonymous'",6,2,"confidential: removed from data",1,58,2,,12,27
104,"confidential: replaced by 'CLID_anonymous'",6,3,"confidential: removed from data",1,55,9,,8,28
104,"confidential: replaced by 'CLID_anonymous'",48,1,"confidential: removed from data",2,30,1,,3,29
104,"confidential: replaced by 'CLID_anonymous'",48,2,"confidential: removed from data",1,42,2,,42,30
104,"confidential: replaced by 'CLID_anonymous'",56,1,"confidential: removed from data",1,68,2,,38,31
104,"confidential: replaced by 'CLID_anonymous'",56,2,"confidential: removed from data",1,52,1,,1,32
104,"confidential: replaced by 'CLID_anonymous'",82,1,"confidential: removed from data",1,52,2,,42,33
104,"confidential: replaced by 'CLID_anonymous'",82,2,"confidential: removed from data",1,34,1,,1,34
104,"confidential: replaced by 'CLID_anonymous'",82,3,"confidential: removed from data",1,28,99,"muhudumu wa ofisi",20,35
104,"confidential: replaced by 'CLID_anonymous'",70,1,"confidential: removed from data",1,37,1,,25,36
104,"confidential: replaced by 'CLID_anonymous'",70,2,"confidential: removed from data",1,48,2,,48,37
104,"confidential: replaced by 'CLID_anonymous'",52,1,"confidential: removed from data",1,55,1,,10,38
104,"confidential: replaced by 'CLID_anonymous'",52,2,"confidential: removed from data",1,42,2,,3,39
104,"confidential: replaced by 'CLID_anonymous'",27,1,"confidential: removed from data",1,49,1,,24,40
104,"confidential: replaced by 'CLID_anonymous'",27,2,"confidential: removed from data",1,47,2,,47,41
104,"confidential: replaced by 'CLID_anonymous'",68,1,"confidential: removed from data",1,45,1,,4,42
104,"confidential: replaced by 'CLID_anonymous'",68,2,"confidential: removed from data",1,52,2,,20,43
104,"confidential: replaced by 'CLID_anonymous'",8,1,"confidential: removed from data",1,26,1,,0,44
104,"confidential: replaced by 'CLID_anonymous'",8,2,"confidential: removed from data",1,48,2,,48,45
104,"confidential: replaced by 'CLID_anonymous'",66,1,"confidential: removed from data",1,48,1,,5,46
104,"confidential: replaced by 'CLID_anonymous'",66,2,"confidential: removed from data",1,32,2,,32,47
601,"confidential: replaced by 'CLID_anonymous'",5,1,"confidential: removed from data",1,48,1,,6,48
601,"confidential: replaced by 'CLID_anonymous'",5,2,"confidential: removed from data",1,34,2,,34,49
601,"confidential: replaced by 'CLID_anonymous'",49,1,"confidential: removed from data",1,63,2,,63,50
601,"confidential: replaced by 'CLID_anonymous'",49,2,"confidential: removed from data",2,47,1,,2,51
601,"confidential: replaced by 'CLID_anonymous'",74,1,"confidential: removed from data",2,44,1,,1,52
601,"confidential: replaced by 'CLID_anonymous'",74,2,"confidential: removed from data",1,38,2,,6,53
601,"confidential: replaced by 'CLID_anonymous'",62,1,"confidential: removed from data",1,51,1,,2,54
601,"confidential: replaced by 'CLID_anonymous'",62,2,"confidential: removed from data",1,60,2,,36,55
601,"confidential: replaced by 'CLID_anonymous'",21,1,"confidential: removed from data",1,44,2,,33,56
601,"confidential: replaced by 'CLID_anonymous'",21,2,"confidential: removed from data",2,38,2,,38,57
601,"confidential: replaced by 'CLID_anonymous'",1,1,"confidential: removed from data",1,80,2,,80,58
601,"confidential: replaced by 'CLID_anonymous'",1,2,"confidential: removed from data",1,44,2,,44,59
601,"confidential: replaced by 'CLID_anonymous'",79,1,"confidential: removed from data",1,38,1,,1,60
601,"confidential: replaced by 'CLID_anonymous'",79,2,"confidential: removed from data",1,70,2,,37,61
601,"confidential: replaced by 'CLID_anonymous'",41,1,"confidential: removed from data",1,34,1,,0,62
601,"confidential: replaced by 'CLID_anonymous'",41,2,"confidential: removed from data",1,48,2,,48,63
601,"confidential: replaced by 'CLID_anonymous'",71,1,"confidential: removed from data",1,48,1,,1,64
601,"confidential: replaced by 'CLID_anonymous'",71,2,"confidential: removed from data",1,55,2,,55,65
601,"confidential: replaced by 'CLID_anonymous'",53,1,"confidential: removed from data",1,45,1,,2,66
601,"confidential: replaced by 'CLID_anonymous'",75,1,"confidential: removed from data",2,34,1,,34,67
601,"confidential: replaced by 'CLID_anonymous'",75,2,"confidential: removed from data",1,52,2,,37,68
601,"confidential: replaced by 'CLID_anonymous'",37,1,"confidential: removed from data",1,57,3,,24,69
601,"confidential: replaced by 'CLID_anonymous'",37,2,"confidential: removed from data",1,64,1,,19,70
601,"confidential: replaced by 'CLID_anonymous'",61,1,"confidential: removed from data",1,39,1,,1,71
601,"confidential: replaced by 'CLID_anonymous'",61,2,"confidential: removed from data",1,50,2,,42,72
601,"confidential: replaced by 'CLID_anonymous'",60,1,"confidential: removed from data",1,45,1,,0,73
601,"confidential: replaced by 'CLID_anonymous'",60,2,"confidential: removed from data",1,50,2,,40,74
601,"confidential: replaced by 'CLID_anonymous'",4,1,"confidential: removed from data",1,48,1,,3,75
601,"confidential: replaced by 'CLID_anonymous'",4,2,"confidential: removed from data",1,42,3,,42,76
601,"confidential: replaced by 'CLID_anonymous'",4,3,"confidential: removed from data",1,50,99,"CMC chairman",7,77
601,"confidential: replaced by 'CLID_anonymous'",4,4,"confidential: removed from data",1,52,10,,52,78
601,"confidential: replaced by 'CLID_anonymous'",7,1,"confidential: removed from data",1,49,1,,1,79
601,"confidential: replaced by 'CLID_anonymous'",7,2,"confidential: removed from data",1,50,2,,50,80
601,"confidential: replaced by 'CLID_anonymous'",32,1,"confidential: removed from data",1,51,2,,51,81
601,"confidential: replaced by 'CLID_anonymous'",17,1,"confidential: removed from data",1,42,1,,2,82
601,"confidential: replaced by 'CLID_anonymous'",17,2,"confidential: removed from data",1,60,2,,60,83
601,"confidential: replaced by 'CLID_anonymous'",3,1,"confidential: removed from data",1,45,1,,38,84
601,"confidential: replaced by 'CLID_anonymous'",3,2,"confidential: removed from data",1,32,2,,32,85
601,"confidential: replaced by 'CLID_anonymous'",43,1,"confidential: removed from data",1,49,1,,49,86
601,"confidential: replaced by 'CLID_anonymous'",43,2,"confidential: removed from data",1,45,2,,45,87
601,"confidential: replaced by 'CLID_anonymous'",14,1,"confidential: removed from data",1,40,4,,10,88
601,"confidential: replaced by 'CLID_anonymous'",14,2,"confidential: removed from data",1,41,1,,4,89
601,"confidential: replaced by 'CLID_anonymous'",20,1,"confidential: removed from data",1,40,1,,30,90
601,"confidential: replaced by 'CLID_anonymous'",20,2,"confidential: removed from data",1,57,2,,45,91
601,"confidential: replaced by 'CLID_anonymous'",13,1,"confidential: removed from data",1,55,1,,0,92
601,"confidential: replaced by 'CLID_anonymous'",13,2,"confidential: removed from data",2,45,1,,30,93
601,"confidential: replaced by 'CLID_anonymous'",55,1,"confidential: removed from data",1,39,1,,4,94
601,"confidential: replaced by 'CLID_anonymous'",55,2,"confidential: removed from data",1,44,2,,17,95
601,"confidential: replaced by 'CLID_anonymous'",9,1,"confidential: removed from data",1,51,2,,49,96
601,"confidential: replaced by 'CLID_anonymous'",9,2,"confidential: removed from data",1,49,1,,1,97
601,"confidential: replaced by 'CLID_anonymous'",36,1,"confidential: removed from data",1,52,2,,30,98
601,"confidential: replaced by 'CLID_anonymous'",73,1,"confidential: removed from data",1,45,99,"Ward education coordination",10,99
601,"confidential: replaced by 'CLID_anonymous'",34,1,"confidential: removed from data",1,33,2,,33,100
601,"confidential: replaced by 'CLID_anonymous'",34,2,"confidential: removed from data",1,29,2,,29,101
601,"confidential: replaced by 'CLID_anonymous'",64,1,"confidential: removed from data",1,45,1,,7,102
601,"confidential: replaced by 'CLID_anonymous'",78,1,"confidential: removed from data",1,83,2,,66,103
601,"confidential: replaced by 'CLID_anonymous'",78,2,"confidential: removed from data",1,46,99,"kitongoji chairman",46,104
601,"confidential: replaced by 'CLID_anonymous'",78,3,"confidential: removed from data",1,52,1,,52,105
601,"confidential: replaced by 'CLID_anonymous'",2,1,"confidential: removed from data",2,30,1,,1,106
601,"confidential: replaced by 'CLID_anonymous'",2,2,"confidential: removed from data",1,47,2,,3,107
601,"confidential: replaced by 'CLID_anonymous'",51,1,"confidential: removed from data",1,48,1,,1,108
601,"confidential: replaced by 'CLID_anonymous'",51,2,"confidential: removed from data",2,44,2,,44,109
601,"confidential: replaced by 'CLID_anonymous'",57,1,"confidential: removed from data",1,47,1,,1,110
601,"confidential: replaced by 'CLID_anonymous'",57,2,"confidential: removed from data",1,58,99,"kitongoji chairman",48,111
601,"confidential: replaced by 'CLID_anonymous'",76,1,"confidential: removed from data",1,35,2,,3,112
601,"confidential: replaced by 'CLID_anonymous'",76,2,"confidential: removed from data",1,48,1,,2,113
601,"confidential: replaced by 'CLID_anonymous'",59,1,"confidential: removed from data",1,64,2,,30,114
601,"confidential: replaced by 'CLID_anonymous'",59,2,"confidential: removed from data",1,39,1,,37,115
602,"confidential: replaced by 'CLID_anonymous'",35,1,"confidential: removed from data",2,62,2,,46,116
602,"confidential: replaced by 'CLID_anonymous'",35,2,"confidential: removed from data",1,72,99,"village council member",72,117
602,"confidential: replaced by 'CLID_anonymous'",72,1,"confidential: removed from data",1,45,2,,38,118
602,"confidential: replaced by 'CLID_anonymous'",72,2,"confidential: removed from data",1,38,1,,2,119
602,"confidential: replaced by 'CLID_anonymous'",72,3,"confidential: removed from data",1,33,99,"village council member",33,120
602,"confidential: replaced by 'CLID_anonymous'",42,1,"confidential: removed from data",1,44,1,,6,121
602,"confidential: replaced by 'CLID_anonymous'",42,2,"confidential: removed from data",1,50,3,,22,122
602,"confidential: replaced by 'CLID_anonymous'",69,1,"confidential: removed from data",2,58,2,,58,123
602,"confidential: replaced by 'CLID_anonymous'",69,2,"confidential: removed from data",1,53,1,,12,124
602,"confidential: replaced by 'CLID_anonymous'",69,3,"confidential: removed from data",1,45,3,,45,125
602,"confidential: replaced by 'CLID_anonymous'",47,1,"confidential: removed from data",1,42,1,,5,126
602,"confidential: replaced by 'CLID_anonymous'",47,2,"confidential: removed from data",1,36,2,,36,127
602,"confidential: replaced by 'CLID_anonymous'",10,1,"confidential: removed from data",1,52,2,,36,128
602,"confidential: replaced by 'CLID_anonymous'",10,2,"confidential: removed from data",2,36,3,,36,129
602,"confidential: replaced by 'CLID_anonymous'",33,1,"confidential: removed from data",1,32,1,,10,130
602,"confidential: replaced by 'CLID_anonymous'",33,2,"confidential: removed from data",1,54,1,,30,131
602,"confidential: replaced by 'CLID_anonymous'",28,1,"confidential: removed from data",2,52,99,"ward agricultural officer",7,132
602,"confidential: replaced by 'CLID_anonymous'",28,2,"confidential: removed from data",2,45,99,"Ward education coordination",6,133
602,"confidential: replaced by 'CLID_anonymous'",28,3,"confidential: removed from data",1,47,1,,10,134
602,"confidential: replaced by 'CLID_anonymous'",11,1,"confidential: removed from data",2,59,1,,12,135
602,"confidential: replaced by 'CLID_anonymous'",11,2,"confidential: removed from data",1,54,2,,25,136
602,"confidential: replaced by 'CLID_anonymous'",81,1,"confidential: removed from data",1,30,1,,3,137
602,"confidential: replaced by 'CLID_anonymous'",81,2,"confidential: removed from data",2,52,2,,30,138
602,"confidential: replaced by 'CLID_anonymous'",29,1,"confidential: removed from data",1,40,1,,40,139
602,"confidential: replaced by 'CLID_anonymous'",29,2,"confidential: removed from data",1,35,2,,35,140
602,"confidential: replaced by 'CLID_anonymous'",45,1,"confidential: removed from data",1,43,1,,6,141
602,"confidential: replaced by 'CLID_anonymous'",45,2,"confidential: removed from data",1,45,2,,20,142
602,"confidential: replaced by 'CLID_anonymous'",39,1,"confidential: removed from data",1,56,2,,3,143
602,"confidential: replaced by 'CLID_anonymous'",39,2,"confidential: removed from data",1,24,2,,8,144
602,"confidential: replaced by 'CLID_anonymous'",39,3,"confidential: removed from data",2,40,2,,3,145
602,"confidential: replaced by 'CLID_anonymous'",44,1,"confidential: removed from data",1,49,1,,49,146
602,"confidential: replaced by 'CLID_anonymous'",44,2,"confidential: removed from data",1,67,2,,40,147
602,"confidential: replaced by 'CLID_anonymous'",18,1,"confidential: removed from data",1,48,1,,6,148
602,"confidential: replaced by 'CLID_anonymous'",18,2,"confidential: removed from data",2,45,3,,22,149
602,"confidential: replaced by 'CLID_anonymous'",12,1,"confidential: removed from data",1,37,2,,37,150
602,"confidential: replaced by 'CLID_anonymous'",12,2,"confidential: removed from data",1,48,1,,6,151
602,"confidential: replaced by 'CLID_anonymous'",65,1,"confidential: removed from data",1,62,2,,62,152
602,"confidential: replaced by 'CLID_anonymous'",65,2,"confidential: removed from data",2,30,2,,30,153
602,"confidential: replaced by 'CLID_anonymous'",65,3,"confidential: removed from data",1,30,99,"vice head teacher",8,154
602,"confidential: replaced by 'CLID_anonymous'",54,1,"confidential: removed from data",1,36,1,,36,155
602,"confidential: replaced by 'CLID_anonymous'",54,2,"confidential: removed from data",1,38,2,,38,156
602,"confidential: replaced by 'CLID_anonymous'",38,1,"confidential: removed from data",1,49,2,,32,157
602,"confidential: replaced by 'CLID_anonymous'",38,2,"confidential: removed from data",1,38,1,,3,158
602,"confidential: replaced by 'CLID_anonymous'",25,1,"confidential: removed from data",1,53,1,,2,159
602,"confidential: replaced by 'CLID_anonymous'",25,2,"confidential: removed from data",1,72,2,,50,160
602,"confidential: replaced by 'CLID_anonymous'",23,1,"confidential: removed from data",1,50,1,,6,161
602,"confidential: replaced by 'CLID_anonymous'",23,2,"confidential: removed from data",1,66,3,,25,162
602,"confidential: replaced by 'CLID_anonymous'",31,1,"confidential: removed from data",2,45,2,,43,163
602,"confidential: replaced by 'CLID_anonymous'",24,1,"confidential: removed from data",1,50,1,,0,164
602,"confidential: replaced by 'CLID_anonymous'",24,2,"confidential: removed from data",1,55,2,,30,165
