"RegionID","RName","DistrictID","DName"
1,"Dodoma",101,"Kondoa"
1,"Dodoma",102,"Mpwapwa"
1,"Dodoma",103,"Kongwa"
1,"Dodoma",104,"Dodoma Rural"
1,"Dodoma",105,"Dodoma Urban"
2,"Arusha",201,"Monduli"
2,"Arusha",202,"Arumeru"
2,"Arusha",203,"Arusha"
2,"Arusha",204,"Karatu"
2,"Arusha",205,"Ngorongoro"
2,"Arusha",298,"Nanyumbu"
2,"Arusha",299,"Lulindi"
3,"Kilimanjaro",301,"Rombo"
3,"Kilimanjaro",302,"Mwanga"
3,"Kilimanjaro",303,"Same"
3,"Kilimanjaro",304,"Moshi Rural"
3,"Kilimanjaro",305,"Hai"
3,"Kilimanjaro",306,"Moshi Urban"
3,"Kilimanjaro",399,"Siha"
4,"Tanga",401,"Lushoto"
4,"Tanga",402,"Korogwe"
4,"Tanga",403,"Muheza"
4,"Tanga",404,"Tanga"
4,"Tanga",405,"Pangani"
4,"Tanga",406,"Handeni"
4,"Tanga",407,"Kilindi"
4,"Tanga",499,"Nkinga"
5,"Morogoro",501,"Kilosa"
5,"Morogoro",502,"Morogoro Rural"
5,"Morogoro",503,"Kilombero"
5,"Morogoro",504,"Ulanga"
5,"Morogoro",505,"Morogoro Urban"
5,"Morogoro",506,"Mvomero"
6,"Pwani",601,"Bagamoyo"
6,"Pwani",602,"Kibaha"
6,"Pwani",603,"Kisarawe"
6,"Pwani",604,"Mkuranga"
6,"Pwani",605,"Rufiji"
6,"Pwani",606,"Mafia"
7,"Dar es salaam",701,"Ilala"
7,"Dar es salaam",702,"Kinondoni"
7,"Dar es salaam",703,"Temeke"
8,"Lindi",801,"Kilwa"
8,"Lindi",802,"Lindi Rural"
8,"Lindi",803,"Nachingwea"
8,"Lindi",804,"Liwale"
8,"Lindi",805,"Ruangwa"
8,"Lindi",806,"Lindi Urban"
9,"Mtwara",901,"Mtwara Rural"
9,"Mtwara",902,"Newala"
9,"Mtwara",903,"Masasi"
9,"Mtwara",904,"Tandahimba"
9,"Mtwara",905,"Mtwara Urban"
10,"Ruvuma",1001,"Tunduru"
10,"Ruvuma",1002,"Songea Rural"
10,"Ruvuma",1003,"Mbinga"
10,"Ruvuma",1004,"Songea Urban"
11,"Iringa",1101,"Iringa Rural"
11,"Iringa",1102,"Mufindi"
11,"Iringa",1103,"Makete"
11,"Iringa",1104,"Njombe"
11,"Iringa",1105,"Ludewa"
11,"Iringa",1106,"Iringa Urban"
11,"Iringa",1107,"Kilolo"
12,"Mbeya",1201,"Chunya"
12,"Mbeya",1202,"Mbeya Rural"
12,"Mbeya",1203,"Kyela"
12,"Mbeya",1204,"Rungwe"
12,"Mbeya",1205,"Ileje"
12,"Mbeya",1206,"Mbozi"
12,"Mbeya",1207,"Mbarali"
12,"Mbeya",1208,"Mbeya Urban"
13,"Singida",1301,"Iramba"
13,"Singida",1302,"Singida Rural"
13,"Singida",1303,"Manyoni"
13,"Singida",1304,"Singida Urban"
14,"Tabora",1401,"Nzega"
14,"Tabora",1402,"Igunga"
14,"Tabora",1403,"Uyui"
14,"Tabora",1404,"Urambo"
14,"Tabora",1405,"Sikonge"
14,"Tabora",1406,"Tabora Urban"
15,"Rukwa",1501,"Mpanda"
15,"Rukwa",1502,"Sumbawanga Rural"
15,"Rukwa",1503,"Nkasi"
15,"Rukwa",1504,"Sumbawanga Urban"
16,"Kigoma",1601,"Kibondo"
16,"Kigoma",1602,"Kasulu"
16,"Kigoma",1603,"Kigoma Rural"
16,"Kigoma",1604,"Kigoma Urban"
17,"Shinyanga",1701,"Bariadi"
17,"Shinyanga",1702,"Maswa"
17,"Shinyanga",1703,"Shinyanga Rural"
17,"Shinyanga",1704,"Kahama"
17,"Shinyanga",1705,"Bukombe"
17,"Shinyanga",1706,"Meatu"
17,"Shinyanga",1707,"Shinyanga Urban"
17,"Shinyanga",1708,"Kishapu"
18,"Kagera",1801,"Karagwe"
18,"Kagera",1802,"Bukoba Rural"
18,"Kagera",1803,"Muleba"
18,"Kagera",1804,"Biharamulo"
18,"Kagera",1805,"Ngara"
18,"Kagera",1806,"Bukoba Urban"
18,"Kagera",1898,"Misenyi"
18,"Kagera",1899,"Chato"
19,"Mwanza",1901,"Ukerewe"
19,"Mwanza",1902,"Magu"
19,"Mwanza",1903,"Nyamagana"
19,"Mwanza",1904,"Kwimba"
19,"Mwanza",1905,"Sengerema"
19,"Mwanza",1906,"Geita"
19,"Mwanza",1907,"Misungwi"
19,"Mwanza",1908,"Ilemela"
20,"Mara",2001,"Tarime"
20,"Mara",2002,"Serengeti"
20,"Mara",2003,"Musoma Rural"
20,"Mara",2004,"Bunda"
20,"Mara",2005,"Musoma Urban"
20,"Mara",2099,"Rorya"
21,"Manyara",2101,"Babati"
21,"Manyara",2102,"Hanang"
21,"Manyara",2103,"Mbulu"
21,"Manyara",2104,"Simanjiro"
21,"Manyara",2105,"Kiteto"
51,"Zanzibar North",5101,"Zanzibar North A"
51,"Zanzibar North",5102,"Zanzibar North B"
52,"Zanzibar Central/South",5201,"Zanzibar Central"
52,"Zanzibar Central/South",5202,"Zanzibar South"
53,"Zanzibar West",5301,"Zanzibar West"
53,"Zanzibar West",5302,"Zanzibar Urban"
54,"Pemba North",5401,"Wete Pemba"
54,"Pemba North",5402,"Micheweni Pemba"
55,"Pemba South",5501,"Chakechake"
55,"Pemba South",5502,"Mkoani"
