"DistID","closestCLID","closestCLID_anonymous","SeqID","RHID","RHname","RHgender","RHposition","RHposition_other","RHresidence","anonymous_data_ID"
104,"confidential: replaced by 'closestCLID_anonymous'",26,1,1,"confidential: removed from data",1,99,"assistant clinical officer",7,1
104,"confidential: replaced by 'closestCLID_anonymous'",46,1,1,"confidential: removed from data",2,99,"nurse",1,2
104,"confidential: replaced by 'closestCLID_anonymous'",46,1,2,"confidential: removed from data",1,99,"medical attendant",4,3
104,"confidential: replaced by 'closestCLID_anonymous'",77,1,1,"confidential: removed from data",2,6,,12,4
104,"confidential: replaced by 'closestCLID_anonymous'",77,1,2,"confidential: removed from data",2,99,"nurse",6,5
104,"confidential: replaced by 'closestCLID_anonymous'",63,1,1,"confidential: removed from data",1,5,,1,6
104,"confidential: replaced by 'closestCLID_anonymous'",63,1,2,"confidential: removed from data",2,7,,9,7
104,"confidential: replaced by 'closestCLID_anonymous'",15,1,1,"confidential: removed from data",1,5,,6,8
104,"confidential: replaced by 'closestCLID_anonymous'",15,1,2,"confidential: removed from data",2,99,"nurse",21,9
104,"confidential: replaced by 'closestCLID_anonymous'",16,1,1,"confidential: removed from data",1,6,,26,10
104,"confidential: replaced by 'closestCLID_anonymous'",16,1,2,"confidential: removed from data",1,6,,1,11
104,"confidential: replaced by 'closestCLID_anonymous'",80,1,1,"confidential: removed from data",2,5,,1,12
104,"confidential: replaced by 'closestCLID_anonymous'",80,1,2,"confidential: removed from data",2,99,"nurse midwife",5,13
104,"confidential: replaced by 'closestCLID_anonymous'",40,1,1,"confidential: removed from data",2,99,"nurse",4,14
104,"confidential: replaced by 'closestCLID_anonymous'",40,1,2,"confidential: removed from data",1,99,"clinical officer",4,15
104,"confidential: replaced by 'closestCLID_anonymous'",19,1,1,"confidential: removed from data",1,99,"clinical officer",4,16
104,"confidential: replaced by 'closestCLID_anonymous'",19,1,2,"confidential: removed from data",1,99,"nurse attendant",3,17
104,"confidential: replaced by 'closestCLID_anonymous'",50,1,1,"confidential: removed from data",1,99,"senior assistant clinical officer",1,18
104,"confidential: replaced by 'closestCLID_anonymous'",50,1,2,"confidential: removed from data",1,99,"Medical attendant",2,19
104,"confidential: replaced by 'closestCLID_anonymous'",6,1,1,"confidential: removed from data",1,5,,19,20
104,"confidential: replaced by 'closestCLID_anonymous'",6,1,2,"confidential: removed from data",1,99,"nurse",19,21
104,"confidential: replaced by 'closestCLID_anonymous'",6,1,3,"confidential: removed from data",1,99,"nurse",39,22
104,"confidential: replaced by 'closestCLID_anonymous'",48,1,1,"confidential: removed from data",2,7,,4,23
104,"confidential: replaced by 'closestCLID_anonymous'",48,1,2,"confidential: removed from data",2,7,,2,24
104,"confidential: replaced by 'closestCLID_anonymous'",56,1,1,"confidential: removed from data",2,99,"enrolled nurse",7,25
104,"confidential: replaced by 'closestCLID_anonymous'",56,1,2,"confidential: removed from data",2,99,"medical attendant",3,26
104,"confidential: replaced by 'closestCLID_anonymous'",82,1,1,"confidential: removed from data",2,99,"enrolled nurse",1,27
104,"confidential: replaced by 'closestCLID_anonymous'",82,1,2,"confidential: removed from data",2,99,"nurse",6,28
104,"confidential: replaced by 'closestCLID_anonymous'",70,1,1,"confidential: removed from data",2,99,"medical attendant",20,29
104,"confidential: replaced by 'closestCLID_anonymous'",70,1,2,"confidential: removed from data",2,99,"medical attendant",9,30
104,"confidential: replaced by 'closestCLID_anonymous'",52,1,1,"confidential: removed from data",2,5,,1,31
104,"confidential: replaced by 'closestCLID_anonymous'",52,1,2,"confidential: removed from data",2,99,"nurse midwife",5,32
104,"confidential: replaced by 'closestCLID_anonymous'",27,1,1,"confidential: removed from data",1,3,,50,33
104,"confidential: replaced by 'closestCLID_anonymous'",27,1,2,"confidential: removed from data",1,6,,4,34
104,"confidential: replaced by 'closestCLID_anonymous'",68,1,1,"confidential: removed from data",2,5,,4,35
104,"confidential: replaced by 'closestCLID_anonymous'",68,1,2,"confidential: removed from data",2,7,,4,36
104,"confidential: replaced by 'closestCLID_anonymous'",8,1,1,"confidential: removed from data",1,7,,92,37
104,"confidential: replaced by 'closestCLID_anonymous'",8,1,2,"confidential: removed from data",1,7,,2,38
104,"confidential: replaced by 'closestCLID_anonymous'",66,1,1,"confidential: removed from data",2,7,,9,39
104,"confidential: replaced by 'closestCLID_anonymous'",66,1,3,"confidential: removed from data",2,7,,3,40
601,"confidential: replaced by 'closestCLID_anonymous'",5,1,1,"confidential: removed from data",2,6,,4,41
601,"confidential: replaced by 'closestCLID_anonymous'",5,1,2,"confidential: removed from data",2,7,,23,42
601,"confidential: replaced by 'closestCLID_anonymous'",49,1,1,"confidential: removed from data",2,6,,7,43
601,"confidential: replaced by 'closestCLID_anonymous'",49,1,2,"confidential: removed from data",2,99,"nurse",10,44
601,"confidential: replaced by 'closestCLID_anonymous'",74,1,1,"confidential: removed from data",2,6,,9,45
601,"confidential: replaced by 'closestCLID_anonymous'",74,1,2,"confidential: removed from data",2,99,"nurse",1,46
601,"confidential: replaced by 'closestCLID_anonymous'",62,1,1,"confidential: removed from data",2,99,"clinical officer",2,47
601,"confidential: replaced by 'closestCLID_anonymous'",62,1,2,"confidential: removed from data",2,99,"nurse midwife",6,48
601,"confidential: replaced by 'closestCLID_anonymous'",21,1,2,"confidential: removed from data",2,7,,7,49
601,"confidential: replaced by 'closestCLID_anonymous'",21,1,3,"confidential: removed from data",2,7,,1,50
601,"confidential: replaced by 'closestCLID_anonymous'",79,1,1,"confidential: removed from data",1,5,,12,51
601,"confidential: replaced by 'closestCLID_anonymous'",41,1,1,"confidential: removed from data",1,6,,1,52
601,"confidential: replaced by 'closestCLID_anonymous'",41,1,2,"confidential: removed from data",2,99,"nurse",0,53
601,"confidential: replaced by 'closestCLID_anonymous'",71,1,1,"confidential: removed from data",2,99,"clinical officer",1,54
601,"confidential: replaced by 'closestCLID_anonymous'",71,1,2,"confidential: removed from data",2,99,"nurse",17,55
601,"confidential: replaced by 'closestCLID_anonymous'",53,1,1,"confidential: removed from data",1,6,,10,56
601,"confidential: replaced by 'closestCLID_anonymous'",53,1,2,"confidential: removed from data",2,99,"nurse",3,57
601,"confidential: replaced by 'closestCLID_anonymous'",75,1,1,"confidential: removed from data",2,99,"nurse midwife",15,58
601,"confidential: replaced by 'closestCLID_anonymous'",75,1,2,"confidential: removed from data",1,99,"clinical officer",3,59
601,"confidential: replaced by 'closestCLID_anonymous'",37,1,1,"confidential: removed from data",1,6,,1,60
601,"confidential: replaced by 'closestCLID_anonymous'",37,1,2,"confidential: removed from data",1,99,"nurse",11,61
601,"confidential: replaced by 'closestCLID_anonymous'",61,1,1,"confidential: removed from data",2,99,"nurse",6,62
601,"confidential: replaced by 'closestCLID_anonymous'",61,1,2,"confidential: removed from data",1,99,"nurse midwife",10,63
601,"confidential: replaced by 'closestCLID_anonymous'",60,1,1,"confidential: removed from data",1,5,,3,64
601,"confidential: replaced by 'closestCLID_anonymous'",4,1,1,"confidential: removed from data",2,5,,4,65
601,"confidential: replaced by 'closestCLID_anonymous'",4,1,2,"confidential: removed from data",2,7,,2,66
601,"confidential: replaced by 'closestCLID_anonymous'",7,1,1,"confidential: removed from data",1,5,,1,67
601,"confidential: replaced by 'closestCLID_anonymous'",32,1,1,"confidential: removed from data",2,7,,3,68
601,"confidential: replaced by 'closestCLID_anonymous'",17,1,1,"confidential: removed from data",1,6,,7,69
601,"confidential: replaced by 'closestCLID_anonymous'",17,1,2,"confidential: removed from data",2,7,,7,70
601,"confidential: replaced by 'closestCLID_anonymous'",3,1,1,"confidential: removed from data",1,5,,5,71
601,"confidential: replaced by 'closestCLID_anonymous'",3,1,2,"confidential: removed from data",2,99,"nurse",5,72
601,"confidential: replaced by 'closestCLID_anonymous'",43,1,1,"confidential: removed from data",1,7,,1,73
601,"confidential: replaced by 'closestCLID_anonymous'",14,1,1,"confidential: removed from data",2,99,"clinical officer",5,74
601,"confidential: replaced by 'closestCLID_anonymous'",14,1,2,"confidential: removed from data",2,99,"nurse",8,75
601,"confidential: replaced by 'closestCLID_anonymous'",20,1,1,"confidential: removed from data",2,99,"enrrod nurce",6,76
601,"confidential: replaced by 'closestCLID_anonymous'",20,1,2,"confidential: removed from data",1,99,"clinical officer",5,77
601,"confidential: replaced by 'closestCLID_anonymous'",13,1,1,"confidential: removed from data",1,99,"assistance clinical officer",2,78
601,"confidential: replaced by 'closestCLID_anonymous'",13,1,2,"confidential: removed from data",1,99,"laboratory assistance",6,79
601,"confidential: replaced by 'closestCLID_anonymous'",55,1,1,"confidential: removed from data",1,6,,1,80
601,"confidential: replaced by 'closestCLID_anonymous'",55,1,2,"confidential: removed from data",2,99,"nurse midwife",2,81
601,"confidential: replaced by 'closestCLID_anonymous'",9,1,1,"confidential: removed from data",2,6,,3,82
601,"confidential: replaced by 'closestCLID_anonymous'",9,1,2,"confidential: removed from data",2,99,"nurse",23,83
601,"confidential: replaced by 'closestCLID_anonymous'",36,1,1,"confidential: removed from data",2,7,,7,84
601,"confidential: replaced by 'closestCLID_anonymous'",73,1,1,"confidential: removed from data",2,99,"district hospital matron",12,85
601,"confidential: replaced by 'closestCLID_anonymous'",34,1,1,"confidential: removed from data",2,5,,0,86
601,"confidential: replaced by 'closestCLID_anonymous'",34,1,2,"confidential: removed from data",2,99,"nurse assistant",7,87
601,"confidential: replaced by 'closestCLID_anonymous'",78,1,1,"confidential: removed from data",2,99,"nurse",1,88
601,"confidential: replaced by 'closestCLID_anonymous'",78,1,2,"confidential: removed from data",2,6,,1,89
601,"confidential: replaced by 'closestCLID_anonymous'",2,1,1,"confidential: removed from data",1,6,,4,90
601,"confidential: replaced by 'closestCLID_anonymous'",2,1,2,"confidential: removed from data",2,99,"nurse assistant",9,91
601,"confidential: replaced by 'closestCLID_anonymous'",57,1,1,"confidential: removed from data",1,6,,7,92
601,"confidential: replaced by 'closestCLID_anonymous'",57,1,2,"confidential: removed from data",2,99,"nurse assistant",0,93
601,"confidential: replaced by 'closestCLID_anonymous'",76,1,1,"confidential: removed from data",1,6,,5,94
601,"confidential: replaced by 'closestCLID_anonymous'",76,1,2,"confidential: removed from data",2,99,"nurse",15,95
602,"confidential: replaced by 'closestCLID_anonymous'",35,1,1,"confidential: removed from data",2,5,,6,96
602,"confidential: replaced by 'closestCLID_anonymous'",35,1,2,"confidential: removed from data",2,7,,1,97
602,"confidential: replaced by 'closestCLID_anonymous'",72,1,1,"confidential: removed from data",2,99,"enroad nurse midwife",1,98
602,"confidential: replaced by 'closestCLID_anonymous'",72,1,2,"confidential: removed from data",2,6,,3,99
602,"confidential: replaced by 'closestCLID_anonymous'",69,1,1,"confidential: removed from data",1,99,"medical attendant",7,100
602,"confidential: replaced by 'closestCLID_anonymous'",69,1,2,"confidential: removed from data",2,99,"nurse midwife",0,101
602,"confidential: replaced by 'closestCLID_anonymous'",47,1,1,"confidential: removed from data",1,99,"afisa tabibu",4,102
602,"confidential: replaced by 'closestCLID_anonymous'",47,1,2,"confidential: removed from data",2,99,"nurse midwife",6,103
602,"confidential: replaced by 'closestCLID_anonymous'",10,1,1,"confidential: removed from data",1,5,,4,104
602,"confidential: replaced by 'closestCLID_anonymous'",10,1,3,"confidential: removed from data",1,99,"medical assistant",2,105
602,"confidential: replaced by 'closestCLID_anonymous'",28,1,1,"confidential: removed from data",1,6,,25,106
602,"confidential: replaced by 'closestCLID_anonymous'",28,1,2,"confidential: removed from data",1,6,,15,107
602,"confidential: replaced by 'closestCLID_anonymous'",11,1,1,"confidential: removed from data",2,7,,3,108
602,"confidential: replaced by 'closestCLID_anonymous'",45,1,1,"confidential: removed from data",2,7,,8,109
602,"confidential: replaced by 'closestCLID_anonymous'",39,1,1,"confidential: removed from data",2,6,,15,110
602,"confidential: replaced by 'closestCLID_anonymous'",39,1,2,"confidential: removed from data",2,6,,7,111
602,"confidential: replaced by 'closestCLID_anonymous'",44,1,1,"confidential: removed from data",2,6,,5,112
602,"confidential: replaced by 'closestCLID_anonymous'",18,1,1,"confidential: removed from data",2,99,"laboratory technician",6,113
602,"confidential: replaced by 'closestCLID_anonymous'",18,1,2,"confidential: removed from data",2,99,"nurse midwife",3,114
602,"confidential: replaced by 'closestCLID_anonymous'",65,1,1,"confidential: removed from data",2,99,"nurse midwife",4,115
602,"confidential: replaced by 'closestCLID_anonymous'",54,1,1,"confidential: removed from data",1,6,,1,116
602,"confidential: replaced by 'closestCLID_anonymous'",54,1,2,"confidential: removed from data",2,99,"senior mch aider",4,117
602,"confidential: replaced by 'closestCLID_anonymous'",38,1,1,"confidential: removed from data",1,5,,4,118
602,"confidential: replaced by 'closestCLID_anonymous'",38,1,2,"confidential: removed from data",2,99,"nurse",4,119
602,"confidential: replaced by 'closestCLID_anonymous'",23,1,1,"confidential: removed from data",1,5,,5,120
602,"confidential: replaced by 'closestCLID_anonymous'",23,1,2,"confidential: removed from data",2,99,"medical assistant",5,121
602,"confidential: replaced by 'closestCLID_anonymous'",31,1,1,"confidential: removed from data",2,7,,6,122
602,"confidential: replaced by 'closestCLID_anonymous'",31,1,2,"confidential: removed from data",2,7,,2,123
602,"confidential: replaced by 'closestCLID_anonymous'",31,1,3,"confidential: removed from data",2,7,,1,124
602,"confidential: replaced by 'closestCLID_anonymous'",24,1,1,"confidential: removed from data",2,7,,1,125
