"DistID","CLID","CLID_anonymous","SchoolID","REID","REdname","REgender","REposition","REposition_other","REresidence","anonymous_data_ID"
104,"confidential: replaced by 'CLID_anonymous'",26,1,1,"confidential: removed from data",1,8,,23,1
104,"confidential: replaced by 'CLID_anonymous'",26,1,2,"confidential: removed from data",1,9,,21,2
104,"confidential: replaced by 'CLID_anonymous'",46,1,1,"confidential: removed from data",1,8,,0,3
104,"confidential: replaced by 'CLID_anonymous'",46,1,2,"confidential: removed from data",2,9,,2,4
104,"confidential: replaced by 'CLID_anonymous'",77,1,1,"confidential: removed from data",2,8,,10,5
104,"confidential: replaced by 'CLID_anonymous'",77,1,2,"confidential: removed from data",1,9,,12,6
104,"confidential: replaced by 'CLID_anonymous'",63,1,1,"confidential: removed from data",1,8,,7,7
104,"confidential: replaced by 'CLID_anonymous'",63,1,2,"confidential: removed from data",1,9,,6,8
104,"confidential: replaced by 'CLID_anonymous'",63,2,1,"confidential: removed from data",1,8,,20,9
104,"confidential: replaced by 'CLID_anonymous'",63,2,2,"confidential: removed from data",2,9,,8,10
104,"confidential: replaced by 'CLID_anonymous'",15,1,1,"confidential: removed from data",1,8,,10,11
104,"confidential: replaced by 'CLID_anonymous'",15,1,2,"confidential: removed from data",1,9,,5,12
104,"confidential: replaced by 'CLID_anonymous'",15,2,1,"confidential: removed from data",1,8,,13,13
104,"confidential: replaced by 'CLID_anonymous'",15,2,2,"confidential: removed from data",1,9,,16,14
104,"confidential: replaced by 'CLID_anonymous'",15,3,1,"confidential: removed from data",1,8,,10,15
104,"confidential: replaced by 'CLID_anonymous'",15,3,2,"confidential: removed from data",1,9,,18,16
104,"confidential: replaced by 'CLID_anonymous'",16,1,1,"confidential: removed from data",2,8,,12,17
104,"confidential: replaced by 'CLID_anonymous'",16,1,2,"confidential: removed from data",1,9,,32,18
104,"confidential: replaced by 'CLID_anonymous'",80,1,1,"confidential: removed from data",2,8,,3,19
104,"confidential: replaced by 'CLID_anonymous'",80,1,2,"confidential: removed from data",1,9,,3,20
104,"confidential: replaced by 'CLID_anonymous'",80,2,1,"confidential: removed from data",1,8,,6,21
104,"confidential: replaced by 'CLID_anonymous'",80,2,2,"confidential: removed from data",2,9,,2,22
104,"confidential: replaced by 'CLID_anonymous'",80,3,1,"confidential: removed from data",2,8,,21,23
104,"confidential: replaced by 'CLID_anonymous'",80,3,2,"confidential: removed from data",2,9,,26,24
104,"confidential: replaced by 'CLID_anonymous'",22,1,1,"confidential: removed from data",1,8,,10,25
104,"confidential: replaced by 'CLID_anonymous'",22,1,2,"confidential: removed from data",1,9,,18,26
104,"confidential: replaced by 'CLID_anonymous'",67,1,1,"confidential: removed from data",1,8,,8,27
104,"confidential: replaced by 'CLID_anonymous'",67,1,2,"confidential: removed from data",1,9,,23,28
104,"confidential: replaced by 'CLID_anonymous'",40,1,1,"confidential: removed from data",1,8,,7,29
104,"confidential: replaced by 'CLID_anonymous'",40,1,2,"confidential: removed from data",1,9,,9,30
104,"confidential: replaced by 'CLID_anonymous'",40,2,1,"confidential: removed from data",1,9,,3,31
104,"confidential: replaced by 'CLID_anonymous'",19,1,1,"confidential: removed from data",1,8,,2,32
104,"confidential: replaced by 'CLID_anonymous'",19,1,2,"confidential: removed from data",2,9,,5,33
104,"confidential: replaced by 'CLID_anonymous'",19,2,1,"confidential: removed from data",1,9,,7,34
104,"confidential: replaced by 'CLID_anonymous'",19,2,2,"confidential: removed from data",2,9,,1,35
104,"confidential: replaced by 'CLID_anonymous'",50,1,1,"confidential: removed from data",2,9,,27,36
104,"confidential: replaced by 'CLID_anonymous'",50,1,2,"confidential: removed from data",1,8,,30,37
104,"confidential: replaced by 'CLID_anonymous'",6,1,1,"confidential: removed from data",1,9,,8,38
104,"confidential: replaced by 'CLID_anonymous'",6,1,2,"confidential: removed from data",1,8,,10,39
104,"confidential: replaced by 'CLID_anonymous'",48,1,1,"confidential: removed from data",1,9,,27,40
104,"confidential: replaced by 'CLID_anonymous'",48,1,2,"confidential: removed from data",2,9,,3,41
104,"confidential: replaced by 'CLID_anonymous'",56,1,1,"confidential: removed from data",1,8,,7,42
104,"confidential: replaced by 'CLID_anonymous'",56,1,2,"confidential: removed from data",1,9,,7,43
104,"confidential: replaced by 'CLID_anonymous'",56,2,1,"confidential: removed from data",1,9,,1,44
104,"confidential: replaced by 'CLID_anonymous'",56,2,2,"confidential: removed from data",1,8,,6,45
104,"confidential: replaced by 'CLID_anonymous'",82,1,1,"confidential: removed from data",1,8,,5,46
104,"confidential: replaced by 'CLID_anonymous'",82,1,2,"confidential: removed from data",1,9,,1,47
104,"confidential: replaced by 'CLID_anonymous'",70,1,1,"confidential: removed from data",1,9,,24,48
104,"confidential: replaced by 'CLID_anonymous'",70,1,2,"confidential: removed from data",1,99,"vice head teacher",24,49
104,"confidential: replaced by 'CLID_anonymous'",52,1,1,"confidential: removed from data",1,8,,12,50
104,"confidential: replaced by 'CLID_anonymous'",52,1,2,"confidential: removed from data",1,9,,10,51
104,"confidential: replaced by 'CLID_anonymous'",27,1,1,"confidential: removed from data",1,8,,32,52
104,"confidential: replaced by 'CLID_anonymous'",27,1,2,"confidential: removed from data",1,9,,6,53
104,"confidential: replaced by 'CLID_anonymous'",68,1,1,"confidential: removed from data",1,8,,21,54
104,"confidential: replaced by 'CLID_anonymous'",68,1,2,"confidential: removed from data",1,9,,7,55
104,"confidential: replaced by 'CLID_anonymous'",8,1,1,"confidential: removed from data",1,8,,3,56
104,"confidential: replaced by 'CLID_anonymous'",8,1,2,"confidential: removed from data",1,9,,2,57
104,"confidential: replaced by 'CLID_anonymous'",66,1,1,"confidential: removed from data",1,8,,7,58
104,"confidential: replaced by 'CLID_anonymous'",66,1,2,"confidential: removed from data",2,9,,7,59
104,"confidential: replaced by 'CLID_anonymous'",66,2,1,"confidential: removed from data",1,9,,30,60
104,"confidential: replaced by 'CLID_anonymous'",66,2,2,"confidential: removed from data",1,9,,2,61
601,"confidential: replaced by 'CLID_anonymous'",5,1,1,"confidential: removed from data",1,8,,3,62
601,"confidential: replaced by 'CLID_anonymous'",5,1,2,"confidential: removed from data",1,99,"vice head teacher",11,63
601,"confidential: replaced by 'CLID_anonymous'",49,1,1,"confidential: removed from data",1,8,,2,64
601,"confidential: replaced by 'CLID_anonymous'",49,1,2,"confidential: removed from data",2,9,,10,65
601,"confidential: replaced by 'CLID_anonymous'",74,1,1,"confidential: removed from data",2,8,,3,66
601,"confidential: replaced by 'CLID_anonymous'",74,1,2,"confidential: removed from data",2,9,,2,67
601,"confidential: replaced by 'CLID_anonymous'",74,2,1,"confidential: removed from data",1,8,,3,68
601,"confidential: replaced by 'CLID_anonymous'",74,2,2,"confidential: removed from data",2,9,,5,69
601,"confidential: replaced by 'CLID_anonymous'",62,1,1,"confidential: removed from data",1,9,,3,70
601,"confidential: replaced by 'CLID_anonymous'",62,1,2,"confidential: removed from data",1,9,,1,71
601,"confidential: replaced by 'CLID_anonymous'",62,2,1,"confidential: removed from data",1,8,,3,72
601,"confidential: replaced by 'CLID_anonymous'",62,2,2,"confidential: removed from data",2,9,,2,73
601,"confidential: replaced by 'CLID_anonymous'",62,3,1,"confidential: removed from data",2,9,,8,74
601,"confidential: replaced by 'CLID_anonymous'",62,3,2,"confidential: removed from data",1,9,,5,75
601,"confidential: replaced by 'CLID_anonymous'",21,1,1,"confidential: removed from data",1,8,,4,76
601,"confidential: replaced by 'CLID_anonymous'",21,1,2,"confidential: removed from data",2,9,,5,77
601,"confidential: replaced by 'CLID_anonymous'",1,1,1,"confidential: removed from data",1,9,,6,78
601,"confidential: replaced by 'CLID_anonymous'",1,1,2,"confidential: removed from data",1,8,,3,79
601,"confidential: replaced by 'CLID_anonymous'",79,1,1,"confidential: removed from data",2,8,,1,80
601,"confidential: replaced by 'CLID_anonymous'",79,1,2,"confidential: removed from data",2,9,,8,81
601,"confidential: replaced by 'CLID_anonymous'",41,1,1,"confidential: removed from data",1,8,,14,82
601,"confidential: replaced by 'CLID_anonymous'",41,1,2,"confidential: removed from data",2,9,,6,83
601,"confidential: replaced by 'CLID_anonymous'",41,2,1,"confidential: removed from data",1,8,,2,84
601,"confidential: replaced by 'CLID_anonymous'",41,2,2,"confidential: removed from data",1,9,,6,85
601,"confidential: replaced by 'CLID_anonymous'",71,1,1,"confidential: removed from data",1,8,,10,86
601,"confidential: replaced by 'CLID_anonymous'",71,1,2,"confidential: removed from data",2,9,,2,87
601,"confidential: replaced by 'CLID_anonymous'",71,2,1,"confidential: removed from data",2,8,,15,88
601,"confidential: replaced by 'CLID_anonymous'",71,2,3,"confidential: removed from data",1,9,,4,89
601,"confidential: replaced by 'CLID_anonymous'",71,3,1,"confidential: removed from data",1,8,,12,90
601,"confidential: replaced by 'CLID_anonymous'",71,3,2,"confidential: removed from data",1,9,,5,91
601,"confidential: replaced by 'CLID_anonymous'",53,1,1,"confidential: removed from data",1,9,,7,92
601,"confidential: replaced by 'CLID_anonymous'",53,2,1,"confidential: removed from data",2,8,,2,93
601,"confidential: replaced by 'CLID_anonymous'",75,1,1,"confidential: removed from data",1,8,,8,94
601,"confidential: replaced by 'CLID_anonymous'",75,1,2,"confidential: removed from data",2,9,,8,95
601,"confidential: replaced by 'CLID_anonymous'",37,1,1,"confidential: removed from data",1,8,,3,96
601,"confidential: replaced by 'CLID_anonymous'",37,1,2,"confidential: removed from data",2,4,,3,97
601,"confidential: replaced by 'CLID_anonymous'",37,2,1,"confidential: removed from data",1,8,,4,98
601,"confidential: replaced by 'CLID_anonymous'",37,2,2,"confidential: removed from data",1,9,,2,99
601,"confidential: replaced by 'CLID_anonymous'",37,2,3,"confidential: removed from data",1,9,,3,100
601,"confidential: replaced by 'CLID_anonymous'",37,3,1,"confidential: removed from data",2,9,,9,101
601,"confidential: replaced by 'CLID_anonymous'",37,3,2,"confidential: removed from data",1,8,,1,102
601,"confidential: replaced by 'CLID_anonymous'",61,1,1,"confidential: removed from data",1,8,,1,103
601,"confidential: replaced by 'CLID_anonymous'",61,1,2,"confidential: removed from data",2,9,,6,104
601,"confidential: replaced by 'CLID_anonymous'",60,1,1,"confidential: removed from data",1,8,,10,105
601,"confidential: replaced by 'CLID_anonymous'",4,1,1,"confidential: removed from data",1,8,,5,106
601,"confidential: replaced by 'CLID_anonymous'",4,2,1,"confidential: removed from data",1,9,,2,107
601,"confidential: replaced by 'CLID_anonymous'",7,1,1,"confidential: removed from data",1,9,,13,108
601,"confidential: replaced by 'CLID_anonymous'",7,1,2,"confidential: removed from data",2,8,,4,109
601,"confidential: replaced by 'CLID_anonymous'",7,2,1,"confidential: removed from data",1,9,,0,110
601,"confidential: replaced by 'CLID_anonymous'",7,2,2,"confidential: removed from data",1,8,,3,111
601,"confidential: replaced by 'CLID_anonymous'",32,1,1,"confidential: removed from data",1,9,,10,112
601,"confidential: replaced by 'CLID_anonymous'",17,1,1,"confidential: removed from data",1,9,,10,113
601,"confidential: replaced by 'CLID_anonymous'",17,1,2,"confidential: removed from data",1,8,,4,114
601,"confidential: replaced by 'CLID_anonymous'",17,2,1,"confidential: removed from data",1,8,,9,115
601,"confidential: replaced by 'CLID_anonymous'",17,3,1,"confidential: removed from data",1,9,,16,116
601,"confidential: replaced by 'CLID_anonymous'",17,3,2,"confidential: removed from data",1,9,,7,117
601,"confidential: replaced by 'CLID_anonymous'",3,1,1,"confidential: removed from data",1,8,,1,118
601,"confidential: replaced by 'CLID_anonymous'",3,1,2,"confidential: removed from data",1,9,,7,119
601,"confidential: replaced by 'CLID_anonymous'",43,1,1,"confidential: removed from data",1,9,,9,120
601,"confidential: replaced by 'CLID_anonymous'",43,1,2,"confidential: removed from data",1,9,,19,121
601,"confidential: replaced by 'CLID_anonymous'",14,1,1,"confidential: removed from data",1,8,,12,122
601,"confidential: replaced by 'CLID_anonymous'",14,1,2,"confidential: removed from data",1,9,,5,123
601,"confidential: replaced by 'CLID_anonymous'",20,1,1,"confidential: removed from data",1,8,,7,124
601,"confidential: replaced by 'CLID_anonymous'",20,1,2,"confidential: removed from data",2,9,,7,125
601,"confidential: replaced by 'CLID_anonymous'",20,2,1,"confidential: removed from data",1,8,,5,126
601,"confidential: replaced by 'CLID_anonymous'",13,1,1,"confidential: removed from data",2,9,,8,127
601,"confidential: replaced by 'CLID_anonymous'",13,1,2,"confidential: removed from data",2,9,,4,128
601,"confidential: replaced by 'CLID_anonymous'",13,2,1,"confidential: removed from data",1,9,,26,129
601,"confidential: replaced by 'CLID_anonymous'",13,2,2,"confidential: removed from data",1,8,,2,130
601,"confidential: replaced by 'CLID_anonymous'",55,1,1,"confidential: removed from data",2,9,,3,131
601,"confidential: replaced by 'CLID_anonymous'",55,1,2,"confidential: removed from data",1,8,,1,132
601,"confidential: replaced by 'CLID_anonymous'",9,1,1,"confidential: removed from data",2,8,,8,133
601,"confidential: replaced by 'CLID_anonymous'",9,1,2,"confidential: removed from data",1,9,,8,134
601,"confidential: replaced by 'CLID_anonymous'",36,1,1,"confidential: removed from data",1,8,,7,135
601,"confidential: replaced by 'CLID_anonymous'",36,1,2,"confidential: removed from data",2,9,,5,136
601,"confidential: replaced by 'CLID_anonymous'",73,1,1,"confidential: removed from data",1,8,,1,137
601,"confidential: replaced by 'CLID_anonymous'",73,1,2,"confidential: removed from data",2,9,,5,138
601,"confidential: replaced by 'CLID_anonymous'",73,2,1,"confidential: removed from data",1,9,,3,139
601,"confidential: replaced by 'CLID_anonymous'",73,3,1,"confidential: removed from data",1,8,,20,140
601,"confidential: replaced by 'CLID_anonymous'",73,3,2,"confidential: removed from data",2,9,,10,141
601,"confidential: replaced by 'CLID_anonymous'",34,1,1,"confidential: removed from data",1,9,,2,142
601,"confidential: replaced by 'CLID_anonymous'",34,1,2,"confidential: removed from data",1,8,,9,143
601,"confidential: replaced by 'CLID_anonymous'",34,2,1,"confidential: removed from data",2,8,,7,144
601,"confidential: replaced by 'CLID_anonymous'",34,2,2,"confidential: removed from data",2,9,,3,145
601,"confidential: replaced by 'CLID_anonymous'",34,2,3,"confidential: removed from data",2,9,,7,146
601,"confidential: replaced by 'CLID_anonymous'",34,3,1,"confidential: removed from data",1,8,,1,147
601,"confidential: replaced by 'CLID_anonymous'",34,3,2,"confidential: removed from data",1,9,,1,148
601,"confidential: replaced by 'CLID_anonymous'",34,3,3,"confidential: removed from data",1,9,,10,149
601,"confidential: replaced by 'CLID_anonymous'",64,1,1,"confidential: removed from data",2,8,,15,150
601,"confidential: replaced by 'CLID_anonymous'",64,1,2,"confidential: removed from data",1,9,,9,151
601,"confidential: replaced by 'CLID_anonymous'",64,2,1,"confidential: removed from data",2,8,,9,152
601,"confidential: replaced by 'CLID_anonymous'",64,2,2,"confidential: removed from data",2,9,,5,153
601,"confidential: replaced by 'CLID_anonymous'",64,3,1,"confidential: removed from data",2,8,,13,154
601,"confidential: replaced by 'CLID_anonymous'",64,3,2,"confidential: removed from data",2,9,,4,155
601,"confidential: replaced by 'CLID_anonymous'",64,4,1,"confidential: removed from data",1,8,,1,156
601,"confidential: replaced by 'CLID_anonymous'",64,4,3,"confidential: removed from data",2,9,,5,157
601,"confidential: replaced by 'CLID_anonymous'",64,5,1,"confidential: removed from data",1,8,,2,158
601,"confidential: replaced by 'CLID_anonymous'",78,1,1,"confidential: removed from data",1,8,,1,159
601,"confidential: replaced by 'CLID_anonymous'",78,1,2,"confidential: removed from data",1,9,,15,160
601,"confidential: replaced by 'CLID_anonymous'",2,1,1,"confidential: removed from data",1,9,,10,161
601,"confidential: replaced by 'CLID_anonymous'",2,1,2,"confidential: removed from data",1,8,,2,162
601,"confidential: replaced by 'CLID_anonymous'",51,1,1,"confidential: removed from data",1,9,,5,163
601,"confidential: replaced by 'CLID_anonymous'",51,1,2,"confidential: removed from data",1,9,,7,164
601,"confidential: replaced by 'CLID_anonymous'",57,1,1,"confidential: removed from data",1,8,,3,165
601,"confidential: replaced by 'CLID_anonymous'",57,1,2,"confidential: removed from data",1,9,,8,166
601,"confidential: replaced by 'CLID_anonymous'",76,1,1,"confidential: removed from data",2,8,,5,167
601,"confidential: replaced by 'CLID_anonymous'",76,1,2,"confidential: removed from data",1,9,,4,168
601,"confidential: replaced by 'CLID_anonymous'",76,2,1,"confidential: removed from data",1,8,,4,169
601,"confidential: replaced by 'CLID_anonymous'",76,2,2,"confidential: removed from data",1,9,,5,170
601,"confidential: replaced by 'CLID_anonymous'",59,1,1,"confidential: removed from data",1,8,,5,171
601,"confidential: replaced by 'CLID_anonymous'",59,1,2,"confidential: removed from data",1,9,,7,172
602,"confidential: replaced by 'CLID_anonymous'",35,1,1,"confidential: removed from data",2,8,,5,173
602,"confidential: replaced by 'CLID_anonymous'",72,1,1,"confidential: removed from data",1,7,,7,174
602,"confidential: replaced by 'CLID_anonymous'",42,1,1,"confidential: removed from data",1,8,,7,175
602,"confidential: replaced by 'CLID_anonymous'",69,1,1,"confidential: removed from data",1,8,,12,176
602,"confidential: replaced by 'CLID_anonymous'",69,1,2,"confidential: removed from data",1,9,,2,177
602,"confidential: replaced by 'CLID_anonymous'",69,2,1,"confidential: removed from data",1,8,,3,178
602,"confidential: replaced by 'CLID_anonymous'",69,2,2,"confidential: removed from data",1,9,,2,179
602,"confidential: replaced by 'CLID_anonymous'",47,1,1,"confidential: removed from data",1,8,,5,180
602,"confidential: replaced by 'CLID_anonymous'",47,1,2,"confidential: removed from data",2,9,,9,181
602,"confidential: replaced by 'CLID_anonymous'",47,2,1,"confidential: removed from data",1,8,,6,182
602,"confidential: replaced by 'CLID_anonymous'",47,2,2,"confidential: removed from data",1,9,,3,183
602,"confidential: replaced by 'CLID_anonymous'",10,1,1,"confidential: removed from data",1,8,,4,184
602,"confidential: replaced by 'CLID_anonymous'",10,1,2,"confidential: removed from data",1,9,,4,185
602,"confidential: replaced by 'CLID_anonymous'",33,1,1,"confidential: removed from data",2,8,,25,186
602,"confidential: replaced by 'CLID_anonymous'",33,2,1,"confidential: removed from data",2,8,,20,187
602,"confidential: replaced by 'CLID_anonymous'",33,3,1,"confidential: removed from data",2,9,,5,188
602,"confidential: replaced by 'CLID_anonymous'",33,4,1,"confidential: removed from data",2,9,,10,189
602,"confidential: replaced by 'CLID_anonymous'",28,1,1,"confidential: removed from data",2,8,,25,190
602,"confidential: replaced by 'CLID_anonymous'",28,2,1,"confidential: removed from data",2,8,,20,191
602,"confidential: replaced by 'CLID_anonymous'",28,3,1,"confidential: removed from data",2,9,,5,192
602,"confidential: replaced by 'CLID_anonymous'",28,4,1,"confidential: removed from data",2,9,,10,193
602,"confidential: replaced by 'CLID_anonymous'",28,5,1,"confidential: removed from data",2,99,"vice head teacher",12,194
602,"confidential: replaced by 'CLID_anonymous'",11,2,1,"confidential: removed from data",1,9,,5,195
602,"confidential: replaced by 'CLID_anonymous'",11,2,2,"confidential: removed from data",1,8,,5,196
602,"confidential: replaced by 'CLID_anonymous'",81,1,1,"confidential: removed from data",1,8,,8,197
602,"confidential: replaced by 'CLID_anonymous'",81,1,2,"confidential: removed from data",1,9,,12,198
602,"confidential: replaced by 'CLID_anonymous'",29,1,1,"confidential: removed from data",1,9,,5,199
602,"confidential: replaced by 'CLID_anonymous'",29,1,2,"confidential: removed from data",1,9,,0,200
602,"confidential: replaced by 'CLID_anonymous'",45,1,1,"confidential: removed from data",2,9,,3,201
602,"confidential: replaced by 'CLID_anonymous'",45,1,2,"confidential: removed from data",2,8,,5,202
602,"confidential: replaced by 'CLID_anonymous'",39,1,1,"confidential: removed from data",1,8,,6,203
602,"confidential: replaced by 'CLID_anonymous'",44,1,1,"confidential: removed from data",2,8,,12,204
602,"confidential: replaced by 'CLID_anonymous'",44,2,1,"confidential: removed from data",2,8,,3,205
602,"confidential: replaced by 'CLID_anonymous'",44,2,2,"confidential: removed from data",2,9,,2,206
602,"confidential: replaced by 'CLID_anonymous'",44,2,3,"confidential: removed from data",1,9,,3,207
602,"confidential: replaced by 'CLID_anonymous'",18,1,1,"confidential: removed from data",2,9,,30,208
602,"confidential: replaced by 'CLID_anonymous'",18,1,3,"confidential: removed from data",1,8,,7,209
602,"confidential: replaced by 'CLID_anonymous'",12,1,1,"confidential: removed from data",1,8,,7,210
602,"confidential: replaced by 'CLID_anonymous'",12,1,2,"confidential: removed from data",1,9,,30,211
602,"confidential: replaced by 'CLID_anonymous'",65,1,1,"confidential: removed from data",1,9,,8,212
602,"confidential: replaced by 'CLID_anonymous'",65,1,2,"confidential: removed from data",1,9,,3,213
602,"confidential: replaced by 'CLID_anonymous'",65,1,3,"confidential: removed from data",1,9,,7,214
602,"confidential: replaced by 'CLID_anonymous'",54,1,1,"confidential: removed from data",1,99,"vice head teacher",7,215
602,"confidential: replaced by 'CLID_anonymous'",54,1,2,"confidential: removed from data",1,8,,8,216
602,"confidential: replaced by 'CLID_anonymous'",54,2,1,"confidential: removed from data",1,8,,6,217
602,"confidential: replaced by 'CLID_anonymous'",38,1,1,"confidential: removed from data",1,8,,17,218
602,"confidential: replaced by 'CLID_anonymous'",38,1,2,"confidential: removed from data",2,99,"school commitee chairman",29,219
602,"confidential: replaced by 'CLID_anonymous'",25,1,1,"confidential: removed from data",1,8,,6,220
602,"confidential: replaced by 'CLID_anonymous'",23,1,1,"confidential: removed from data",1,8,,12,221
602,"confidential: replaced by 'CLID_anonymous'",23,1,2,"confidential: removed from data",1,9,,8,222
602,"confidential: replaced by 'CLID_anonymous'",31,1,1,"confidential: removed from data",2,8,,8,223
602,"confidential: replaced by 'CLID_anonymous'",31,2,1,"confidential: removed from data",1,9,,5,224
602,"confidential: replaced by 'CLID_anonymous'",31,2,2,"confidential: removed from data",1,8,,5,225
602,"confidential: replaced by 'CLID_anonymous'",24,1,1,"confidential: removed from data",1,11,,7,226
602,"confidential: replaced by 'CLID_anonymous'",24,1,2,"confidential: removed from data",2,9,,6,227
