"DistID","CLID","CLID_anonymous","SchoolID","schlInterviewer","schlStartTime","vlgStuEnrollRate","schlGPS","schlName","schlName_other","schlLocVlg","schlLocVlg_other","eduAttendance","clusterEduRecorded","studentTotal","noClassRooms","tchrHousing","tchrPrstLastSchlDay","electricityYN","pipedWaterYN","waterTankYN","toiletsYN","feedingProgYN","feedingProgFunds","feedingProgFunds_other","Ed_contibutionperstudent","headTeacherYrs","headTchrPrevYrs","headTeacherEdu","schlEndTime","schlIntervStatus","schlComment","secVisit","anonymous_data_ID"
104,"confidential: replaced by 'CLID_anonymous'",26,1,200820,"01/10/2012 13:00:05",100,"confidential: removed from data","104235","confidential: removed from data","confidential: removed from data","confidential: removed from data",1,"10401",756,8,1,10,2,2,2,1,1,1,,50000,7,3,24,"01/10/2012 13:38:04",1,"OK",0,1
104,"confidential: replaced by 'CLID_anonymous'",46,1,200820,"03/10/2012 12:28:20",100,"confidential: removed from data","104234","confidential: removed from data","confidential: removed from data","confidential: removed from data",1,"10402",935,6,3,6,2,2,1,1,1,1,,30000,0,1,24,"03/10/2012 13:26:22",1,"OK",0,2
104,"confidential: replaced by 'CLID_anonymous'",77,1,201202,"04/10/2012 11:50:43",100,"confidential: removed from data","104213","confidential: removed from data","confidential: removed from data","confidential: removed from data",1,"10403",385,8,3,6,2,2,2,1,1,1,,9600,7,5,24,"04/10/2012 12:04:52",1,"OK",0,3
104,"confidential: replaced by 'CLID_anonymous'",63,1,201008,"04/10/2012 09:59:42",70,"confidential: removed from data","104229","confidential: removed from data","confidential: removed from data","confidential: removed from data",1,"10404",1070,10,9,11,2,2,2,1,1,1,,5000,2,6,24,"04/10/2012 10:25:48",1,"OK",0,4
104,"confidential: replaced by 'CLID_anonymous'",63,2,201008,"05/10/2012 10:53:05",80,"confidential: removed from data","-96","confidential: removed from data","confidential: removed from data","confidential: removed from data",1,"10404",856,8,1,9,2,2,2,1,1,1,,30000,10,4,24,"05/10/2012 11:04:32",1,"OK",0,5
104,"confidential: replaced by 'CLID_anonymous'",15,1,201202,"08/10/2012 12:00:19",30,"confidential: removed from data","-96","confidential: removed from data","confidential: removed from data","confidential: removed from data",1,"10405",704,8,1,15,2,1,2,1,1,1,,12000,10,0,24,"08/10/2012 12:12:37",1,"OK",0,6
104,"confidential: replaced by 'CLID_anonymous'",15,2,201202,"08/10/2012 13:06:58",33,"confidential: removed from data","104221","confidential: removed from data","confidential: removed from data","confidential: removed from data",1,"10405",971,9,2,20,1,2,1,1,1,1,,9500,8,3,19,"08/10/2012 13:22:40",1,"OK",0,7
104,"confidential: replaced by 'CLID_anonymous'",15,3,201202,"08/10/2012 14:29:40",37,"confidential: removed from data","-96","confidential: removed from data","confidential: removed from data","confidential: removed from data",1,"10405",1119,10,2,21,1,2,1,1,1,1,,14000,2,5,19,"08/10/2012 14:43:58",1,"OK",0,8
104,"confidential: replaced by 'CLID_anonymous'",16,1,999999,"29/09/2012 10:03:14",100,"confidential: removed from data","104210","confidential: removed from data","confidential: removed from data","confidential: removed from data",1,"10406",1141,10,5,13,1,2,1,1,1,1,,15000,2,6,24,"29/09/2012 10:46:08",1,"OK",0,9
104,"confidential: replaced by 'CLID_anonymous'",80,1,201202,"01/10/2012 10:13:46",10,"confidential: removed from data","104247","confidential: removed from data","confidential: removed from data","confidential: removed from data",1,"10407",235,2,0,2,2,2,2,1,2,,,0,3,0,24,"01/10/2012 09:19:37",1,"OK",0,10
104,"confidential: replaced by 'CLID_anonymous'",80,2,201202,"01/10/2012 09:32:47",94,"confidential: removed from data","-96","confidential: removed from data","confidential: removed from data","confidential: removed from data",1,"10407",935,10,5,7,2,2,2,1,1,1,,8400,2,8,24,"01/10/2012 09:56:51",1,"OK",0,11
104,"confidential: replaced by 'CLID_anonymous'",80,3,201202,"01/10/2012 10:34:25",95,"confidential: removed from data","104205","confidential: removed from data","confidential: removed from data","confidential: removed from data",1,"10407",691,9,4,8,2,2,2,1,1,1,,6000,2,1,24,"01/10/2012 10:47:41",1,"OK",0,12
104,"confidential: replaced by 'CLID_anonymous'",22,1,999999,"03/10/2012 09:04:57",75,"confidential: removed from data","104233","confidential: removed from data","confidential: removed from data","confidential: removed from data",1,"10408",300,6,2,4,2,2,2,1,1,1,,12000,10,12,24,"03/10/2012 09:46:48",1,"OK",0,13
104,"confidential: replaced by 'CLID_anonymous'",67,1,201008,"08/10/2012 09:49:43",89,"confidential: removed from data","104232","confidential: removed from data","confidential: removed from data","confidential: removed from data",1,"10409",382,8,2,4,2,1,1,1,1,1,,10000,2,9,27,"08/10/2012 10:12:27",1,"OK",0,14
104,"confidential: replaced by 'CLID_anonymous'",40,1,200820,"05/10/2012 14:21:42",75,"confidential: removed from data","104218","confidential: removed from data","confidential: removed from data","confidential: removed from data",1,"10410",749,7,5,6,2,2,1,1,1,1,,7000,7,1,24,"05/10/2012 14:50:52",1,"OK",0,15
104,"confidential: replaced by 'CLID_anonymous'",40,2,200820,"09/10/2012 14:26:10",5,"confidential: removed from data","104224","confidential: removed from data","confidential: removed from data","confidential: removed from data",1,"10410",242,6,2,3,2,2,1,1,1,1,,20000,3,2,24,"09/10/2012 14:58:34",1,"OK",0,16
104,"confidential: replaced by 'CLID_anonymous'",19,1,200820,"08/10/2012 14:01:33",35,"confidential: removed from data","104203","confidential: removed from data","confidential: removed from data","confidential: removed from data",1,"10411",349,6,2,4,2,2,1,1,1,1,,15000,2,4,24,"08/10/2012 14:23:56",1,"OK",0,17
104,"confidential: replaced by 'CLID_anonymous'",19,2,200820,"08/10/2012 15:05:08",45,"confidential: removed from data","-96","confidential: removed from data","confidential: removed from data","confidential: removed from data",1,"10411",400,6,1,2,2,2,2,2,1,1,,20000,0,5,24,"08/10/2012 15:28:02",1,"OK",0,18
104,"confidential: replaced by 'CLID_anonymous'",50,1,200820,"10/10/2012 19:17:55",100,"confidential: removed from data","104209","confidential: removed from data","confidential: removed from data","confidential: removed from data",1,"10412",643,6,0,3,2,1,2,1,1,1,,20000,8,3,24,"10/10/2012 19:47:58",1,"OK",0,19
104,"confidential: replaced by 'CLID_anonymous'",6,1,999999,"01/10/2012 09:04:01",50,"confidential: removed from data","104227","confidential: removed from data","confidential: removed from data","confidential: removed from data",1,"10413",400,6,0,3,2,2,1,1,1,1,,12000,10,4,24,"01/10/2012 09:38:52",1,"OK",0,20
104,"confidential: replaced by 'CLID_anonymous'",48,1,201008,"09/10/2012 10:45:24",60,"confidential: removed from data","104214","confidential: removed from data","confidential: removed from data","confidential: removed from data",1,"10414",592,8,3,5,2,1,1,1,1,1,,10000,2,5,24,"09/10/2012 11:22:32",1,"OK",0,21
104,"confidential: replaced by 'CLID_anonymous'",56,1,999999,"05/10/2012 10:37:02",75,"confidential: removed from data","104212","confidential: removed from data","confidential: removed from data","confidential: removed from data",1,"10415",545,6,3,7,2,2,2,1,1,1,,45000,7,2,24,"05/10/2012 11:00:28",1,"OK",0,22
104,"confidential: replaced by 'CLID_anonymous'",56,2,999999,"06/10/2012 10:45:52",35,"confidential: removed from data","-96","confidential: removed from data","confidential: removed from data","confidential: removed from data",1,"10415",205,2,3,6,2,2,2,1,1,1,,15000,2,5,24,"06/10/2012 11:22:42",1,"OK",0,23
104,"confidential: replaced by 'CLID_anonymous'",82,1,999999,"08/10/2012 11:26:27",100,"confidential: removed from data","104206","confidential: removed from data","confidential: removed from data","confidential: removed from data",1,"10416",307,6,1,6,2,2,2,1,1,1,,12000,4,4,24,"08/10/2012 11:51:11",1,"OK",0,24
104,"confidential: replaced by 'CLID_anonymous'",70,1,999999,"10/10/2012 10:34:18",100,"confidential: removed from data","104225","confidential: removed from data","confidential: removed from data","confidential: removed from data",1,"10417",284,7,2,4,2,1,2,1,1,1,,15000,8,3,24,"10/10/2012 10:55:34",1,"OK",0,25
104,"confidential: replaced by 'CLID_anonymous'",52,1,201202,"02/10/2012 10:40:50",100,"confidential: removed from data","104228","confidential: removed from data","confidential: removed from data","confidential: removed from data",1,"10418",560,8,3,7,2,2,2,1,1,1,,6000,12,1,24,"02/10/2012 10:49:06",1,"OK",0,26
104,"confidential: replaced by 'CLID_anonymous'",27,1,201202,"06/10/2012 10:00:48",100,"confidential: removed from data","104215","confidential: removed from data","confidential: removed from data","confidential: removed from data",1,"10419",308,7,1,0,2,2,2,1,1,1,,9400,9,1,24,"06/10/2012 10:16:48",1,"OK",0,27
104,"confidential: replaced by 'CLID_anonymous'",68,1,201008,"01/10/2012 09:56:46",25,"confidential: removed from data","104237","confidential: removed from data","confidential: removed from data","confidential: removed from data",1,"10420",365,6,1,4,2,2,1,1,1,1,,6000,20,0,24,"01/10/2012 10:15:38",1,"OK",0,28
104,"confidential: replaced by 'CLID_anonymous'",8,1,201008,"02/10/2012 11:33:27",70,"confidential: removed from data","104211","confidential: removed from data","confidential: removed from data","confidential: removed from data",1,"10421",589,6,1,7,2,1,1,1,1,1,,6000,3,4,24,"02/10/2012 11:46:10",1,"OK",0,29
104,"confidential: replaced by 'CLID_anonymous'",66,1,201008,"10/10/2012 10:01:20",60,"confidential: removed from data","104230","confidential: removed from data","confidential: removed from data","confidential: removed from data",1,"10422",631,7,2,5,2,1,2,1,1,1,,5600,3,0,24,"10/10/2012 10:36:30",1,"OK",0,30
104,"confidential: replaced by 'CLID_anonymous'",66,2,201008,"10/10/2012 12:22:12",80,"confidential: removed from data","104226","confidential: removed from data","confidential: removed from data","confidential: removed from data",1,"10422",765,7,1,5,2,1,1,1,1,1,,4800,5,4,27,"10/10/2012 12:34:01",1,"OK",0,31
601,"confidential: replaced by 'CLID_anonymous'",5,1,999999,"06/09/2012 12:10:54",100,"confidential: removed from data","99601075","confidential: removed from data","confidential: removed from data","confidential: removed from data",1,"60101",787,8,3,19,2,1,2,1,1,3,"parents",10000,3,1,24,"06/09/2012 12:38:38",1,"OK",0,32
601,"confidential: replaced by 'CLID_anonymous'",49,1,201202,"13/09/2012 14:19:25",100,"confidential: removed from data","6012025","confidential: removed from data","confidential: removed from data","confidential: removed from data",1,"60102",436,8,2,6,2,1,2,1,2,,,0,2,7,24,"13/09/2012 14:30:03",1,"OK",0,33
601,"confidential: replaced by 'CLID_anonymous'",74,1,200426,"08/09/2012 09:51:25",100,"confidential: removed from data","99601063","confidential: removed from data","confidential: removed from data","confidential: removed from data",1,"60103",638,9,9,16,2,1,2,1,1,3,"parents",5500,3,3,24,"08/09/2012 10:20:53",1,"OK",1,34
601,"confidential: replaced by 'CLID_anonymous'",74,2,200426,"10/09/2012 11:52:46",100,"confidential: removed from data","99601054","confidential: removed from data","confidential: removed from data","confidential: removed from data",1,"60103",580,9,16,21,2,2,2,1,1,3,"parents",7500,3,4,24,"10/09/2012 12:58:29",1,"OK",1,35
601,"confidential: replaced by 'CLID_anonymous'",62,1,200820,"10/09/2012 15:27:30",85,"confidential: removed from data","99601055","confidential: removed from data","confidential: removed from data","confidential: removed from data",1,"60104",434,5,1,9,2,2,2,1,2,,,5000,3,3,28,"10/09/2012 16:03:17",1,"OK",0,36
601,"confidential: replaced by 'CLID_anonymous'",62,2,200820,"11/09/2012 15:28:28",84,"confidential: removed from data","6012021","confidential: removed from data","confidential: removed from data","confidential: removed from data",1,"60104",1256,10,1,26,2,1,2,1,2,,,25000,3,2,24,"11/09/2012 15:57:49",1,"OK",0,37
601,"confidential: replaced by 'CLID_anonymous'",62,3,200820,"11/09/2012 16:37:00",90,"confidential: removed from data","99601051","confidential: removed from data","confidential: removed from data","confidential: removed from data",1,"60104",1813,14,4,26,2,2,1,1,2,,,32000,4,2,43,"11/09/2012 17:16:43",1,"OK",0,38
601,"confidential: replaced by 'CLID_anonymous'",21,1,200820,"05/09/2012 14:04:45",100,"confidential: removed from data","6012025","confidential: removed from data","confidential: removed from data","confidential: removed from data",1,"60105",536,7,5,8,2,2,2,1,2,,,10000,4,1,26,"05/09/2012 14:29:29",1,"OK",0,39
601,"confidential: replaced by 'CLID_anonymous'",1,1,201008,"07/09/2012 10:23:27",99,"confidential: removed from data","6012024","confidential: removed from data","confidential: removed from data","confidential: removed from data",1,"60106",492,7,8,7,2,1,1,1,2,,,6200,3,9,19,"07/09/2012 10:42:09",1,"OK",0,40
601,"confidential: replaced by 'CLID_anonymous'",79,1,200820,"07/09/2012 10:16:29",100,"confidential: removed from data","-96","confidential: removed from data","confidential: removed from data","confidential: removed from data",1,"60107",622,10,7,20,1,1,2,1,2,,,10000,1,4,24,"07/09/2012 10:58:36",1,"OK",0,41
601,"confidential: replaced by 'CLID_anonymous'",41,1,201202,"08/09/2012 10:41:22",100,"confidential: removed from data","-96","confidential: removed from data","confidential: removed from data","confidential: removed from data",1,"60108",204,8,3,6,2,2,2,1,1,3,"parents",3000,3,4,24,"08/09/2012 10:56:49",1,"OK",0,42
601,"confidential: replaced by 'CLID_anonymous'",41,2,201202,"10/09/2012 08:06:50",90,"confidential: removed from data","6012106","confidential: removed from data","confidential: removed from data","confidential: removed from data",1,"60108",221,6,2,4,2,2,2,2,1,3,"parents",0,10,6,24,"10/09/2012 08:18:09",1,"OK",0,43
601,"confidential: replaced by 'CLID_anonymous'",71,1,200820,"14/09/2012 12:46:48",35,"confidential: removed from data","-96","confidential: removed from data","confidential: removed from data","confidential: removed from data",1,"60109",510,5,1,3,2,2,2,1,2,,,20000,4,0,24,"14/09/2012 13:05:06",1,"OK",0,44
601,"confidential: replaced by 'CLID_anonymous'",71,2,200820,"14/09/2012 13:48:30",60,"confidential: removed from data","6012100","confidential: removed from data","confidential: removed from data","confidential: removed from data",1,"60109",945,8,4,12,2,2,2,1,2,,,25000,1,10,24,"14/09/2012 14:07:38",1,"OK",0,45
601,"confidential: replaced by 'CLID_anonymous'",71,3,200820,"14/09/2012 15:47:52",50,"confidential: removed from data","6012104","confidential: removed from data","confidential: removed from data","confidential: removed from data",1,"60109",676,7,2,5,2,2,2,1,1,3,"parents and students",40000,1,7,24,"14/09/2012 16:10:10",1,"OK",0,46
601,"confidential: replaced by 'CLID_anonymous'",53,1,201202,"28/08/2012 11:31:32",88,"confidential: removed from data","6012105","confidential: removed from data","confidential: removed from data","confidential: removed from data",1,"60110",409,8,7,7,2,2,2,1,2,,,2400,13,4,24,"28/08/2012 11:53:02",1,"OK",0,47
601,"confidential: replaced by 'CLID_anonymous'",53,2,201202,"28/08/2012 12:41:37",12,"confidential: removed from data","-96","confidential: removed from data","confidential: removed from data","confidential: removed from data",1,"60110",212,3,1,2,2,2,2,1,2,,,0,1,0,24,"28/08/2012 12:50:40",1,"OK",0,48
601,"confidential: replaced by 'CLID_anonymous'",75,1,200820,"14/09/2012 10:20:06",100,"confidential: removed from data","6012058","confidential: removed from data","confidential: removed from data","confidential: removed from data",1,"60111",211,6,3,4,2,1,2,1,2,,,15000,8,0,24,"14/09/2012 10:49:36",1,"OK",0,49
601,"confidential: replaced by 'CLID_anonymous'",37,1,201202,"24/09/2012 10:50:34",20,"confidential: removed from data","-96","confidential: removed from data","confidential: removed from data","confidential: removed from data",1,"60112",140,2,0,3,2,2,2,1,2,,,0,2,2,24,"24/09/2012 11:02:51",1,"OK",0,50
601,"confidential: replaced by 'CLID_anonymous'",37,2,201202,"24/09/2012 11:26:56",20,"confidential: removed from data","-96","confidential: removed from data","confidential: removed from data","confidential: removed from data",1,"60112",218,2,0,3,2,2,2,1,2,,,0,4,0,24,"24/09/2012 11:35:20",1,"OK",0,51
601,"confidential: replaced by 'CLID_anonymous'",37,3,201202,"24/09/2012 13:07:00",65,"confidential: removed from data","6012096","confidential: removed from data","confidential: removed from data","confidential: removed from data",1,"60112",955,7,6,2,2,1,2,1,2,,,1200,1,3,24,"24/09/2012 13:22:54",1,"OK",0,52
601,"confidential: replaced by 'CLID_anonymous'",61,1,201202,"19/09/2012 09:51:41",100,"confidential: removed from data","6012070","confidential: removed from data","confidential: removed from data","confidential: removed from data",1,"60113",298,7,2,4,2,2,2,1,2,,,7500,8,6,24,"19/09/2012 10:12:58",1,"OK",0,53
601,"confidential: replaced by 'CLID_anonymous'",60,1,201008,"20/09/2012 09:50:00",65,"confidential: removed from data","6012077","confidential: removed from data","confidential: removed from data","confidential: removed from data",1,"60115",343,8,3,20,2,2,2,1,1,3,"students",700,4,5,24,"20/09/2012 10:04:10",1,"OK",0,54
601,"confidential: replaced by 'CLID_anonymous'",4,1,201008,"24/09/2012 10:12:22",85,"confidential: removed from data","6012075","confidential: removed from data","confidential: removed from data","confidential: removed from data",1,"60116",246,6,2,3,2,2,2,1,1,3,"students",5000,7,5,27,"24/09/2012 10:32:30",1,"OK",0,55
601,"confidential: replaced by 'CLID_anonymous'",4,2,201008,"24/09/2012 12:14:10",60,"confidential: removed from data","99601061","confidential: removed from data","confidential: removed from data","confidential: removed from data",1,"60116",106,1,1,1,2,2,2,1,1,3,"students",0,0,2,24,"24/09/2012 12:54:28",1,"OK",0,56
601,"confidential: replaced by 'CLID_anonymous'",7,1,201202,"21/09/2012 11:59:50",70,"confidential: removed from data","6012094","confidential: removed from data","confidential: removed from data","confidential: removed from data",1,"60117",372,7,3,2,2,2,1,1,2,,,0,1,3,24,"21/09/2012 12:25:50",1,"OK",0,57
601,"confidential: replaced by 'CLID_anonymous'",7,2,201202,"21/09/2012 14:35:57",70,"confidential: removed from data","99601071","confidential: removed from data","confidential: removed from data","confidential: removed from data",1,"60117",230,4,0,2,2,2,2,1,2,,,0,3,3,24,"21/09/2012 14:54:05",1,"OK",0,58
601,"confidential: replaced by 'CLID_anonymous'",32,1,201008,"17/09/2012 08:46:15",80,"confidential: removed from data","6012091","confidential: removed from data","confidential: removed from data","confidential: removed from data",1,"60118",447,5,4,3,2,2,2,1,2,,,1200,12,5,27,"17/09/2012 08:58:28",1,"OK",0,59
601,"confidential: replaced by 'CLID_anonymous'",17,1,201202,"20/09/2012 14:00:23",45,"confidential: removed from data","6012092","confidential: removed from data","confidential: removed from data","confidential: removed from data",1,"60119",309,6,7,5,2,2,2,1,2,,,0,4,6,24,"20/09/2012 14:10:23",1,"OK",0,60
601,"confidential: replaced by 'CLID_anonymous'",17,2,201202,"20/09/2012 16:20:48",48,"confidential: removed from data","99601052","confidential: removed from data","confidential: removed from data","confidential: removed from data",1,"60119",321,7,4,3,2,2,1,1,2,,,0,9,1,24,"20/09/2012 16:34:57",1,"OK",0,61
601,"confidential: replaced by 'CLID_anonymous'",17,3,200820,"22/09/2012 10:05:18",35,"confidential: removed from data","6012093","confidential: removed from data","confidential: removed from data","confidential: removed from data",1,"60119",84,3,1,2,2,2,2,2,2,,,50000,2,4,24,"22/09/2012 10:27:00",1,"OK",0,62
601,"confidential: replaced by 'CLID_anonymous'",3,1,200426,"15/09/2012 10:03:02",100,"confidential: removed from data","6012108","confidential: removed from data","confidential: removed from data","confidential: removed from data",1,"60120",214,6,3,4,2,2,2,1,1,3,"school",0,1,6,24,"15/09/2012 10:52:17",1,"M60120060010 and M60120060003 were not in attendance book for May because there transfer later were delayed to be submitted to school; B60120200008 and B60120140006 were not listed in May attendance book: P1, P2 and P4 attendance book were not",1,63
601,"confidential: replaced by 'CLID_anonymous'",43,1,201008,"26/09/2012 09:40:30",50,"confidential: removed from data","6012080","confidential: removed from data","confidential: removed from data","confidential: removed from data",1,"60121",422,4,4,2,2,2,2,1,1,3,"students",3500,2,3,27,"26/09/2012 09:57:49",1,"OK",0,64
601,"confidential: replaced by 'CLID_anonymous'",14,1,200820,"12/09/2012 14:23:26",96,"confidential: removed from data","6012081","confidential: removed from data","confidential: removed from data","confidential: removed from data",1,"60122",700,7,3,5,2,2,2,1,2,,,20000,4,8,24,"12/09/2012 14:49:22",1,"OK",0,65
601,"confidential: replaced by 'CLID_anonymous'",20,1,200820,"19/09/2012 13:14:37",70,"confidential: removed from data","6012050","confidential: removed from data","confidential: removed from data","confidential: removed from data",1,"60123",465,8,4,3,2,2,2,1,2,,,30000,7,3,24,"19/09/2012 13:34:54",1,"OK",0,66
601,"confidential: replaced by 'CLID_anonymous'",20,2,200820,"20/09/2012 12:45:53",40,"confidential: removed from data","6012041","confidential: removed from data","confidential: removed from data","confidential: removed from data",1,"60123",188,4,2,1,2,2,2,1,1,3,"students",6000,5,3,24,"20/09/2012 13:02:08",1,"OK",0,67
601,"confidential: replaced by 'CLID_anonymous'",13,1,200820,"17/09/2012 10:40:01",100,"confidential: removed from data","6012048","confidential: removed from data","confidential: removed from data","confidential: removed from data",1,"60124",301,7,6,2,2,2,1,1,1,3,"students",15000,13,5,24,"17/09/2012 11:01:51",1,"OK",0,68
601,"confidential: replaced by 'CLID_anonymous'",13,2,200820,"18/09/2012 11:02:54",35,"confidential: removed from data","6012047","confidential: removed from data","confidential: removed from data","confidential: removed from data",1,"60124",247,6,1,2,2,2,2,1,1,3,"students",5000,2,6,24,"18/09/2012 11:24:49",1,"OK",0,69
601,"confidential: replaced by 'CLID_anonymous'",55,1,999999,"11/09/2012 11:08:26",100,"confidential: removed from data","99601065","confidential: removed from data","confidential: removed from data","confidential: removed from data",1,"60125",261,7,8,10,2,1,1,2,2,,,15000,1,8,28,"11/09/2012 11:38:33",1,"OK",0,70
601,"confidential: replaced by 'CLID_anonymous'",9,1,999999,"13/09/2012 10:47:34",100,"confidential: removed from data","99601049","confidential: removed from data","confidential: removed from data","confidential: removed from data",1,"60126",296,5,4,6,2,1,1,2,2,,,15000,8,4,24,"13/09/2012 11:03:19",1,"OK",0,71
601,"confidential: replaced by 'CLID_anonymous'",36,1,201008,"13/09/2012 08:31:56",90,"confidential: removed from data","6012006","confidential: removed from data","confidential: removed from data","confidential: removed from data",1,"60127",204,8,3,5,1,2,1,1,2,,,6000,7,5,24,"13/09/2012 08:44:05",1,"OK",0,72
601,"confidential: replaced by 'CLID_anonymous'",73,1,201008,"11/09/2012 17:34:23",30,"confidential: removed from data","6012010","confidential: removed from data","confidential: removed from data","confidential: removed from data",2,"60130",,,,,,,,,,,,,,,,"11/09/2012 17:39:02",1,"OK",0,73
601,"confidential: replaced by 'CLID_anonymous'",73,2,201008,"11/09/2012 14:01:36",25,"confidential: removed from data","6012002","confidential: removed from data","confidential: removed from data","confidential: removed from data",1,"60128",504,6,2,3,2,2,2,1,2,,,12500,3,4,24,"11/09/2012 14:59:54",1,"OK",0,74
601,"confidential: replaced by 'CLID_anonymous'",73,3,201008,"12/09/2012 11:01:23",30,"confidential: removed from data","6012003","confidential: removed from data","confidential: removed from data","confidential: removed from data",1,"60128",490,10,4,24,1,2,1,1,1,3,"other school in germany",4200,5,3,27,"12/09/2012 11:16:25",1,"OK",0,75
601,"confidential: replaced by 'CLID_anonymous'",34,1,201202,"11/09/2012 09:33:21",19,"confidential: removed from data","6012019","confidential: removed from data","confidential: removed from data","confidential: removed from data",1,"60129",19,2,0,2,2,2,2,1,1,3,"parents",0,5,2,24,"11/09/2012 09:45:36",1,"OK",0,76
601,"confidential: replaced by 'CLID_anonymous'",34,2,201202,"11/09/2012 11:29:59",60,"confidential: removed from data","6012018","confidential: removed from data","confidential: removed from data","confidential: removed from data",1,"60129",415,6,4,6,2,2,2,1,2,,,0,5,3,24,"11/09/2012 12:06:56",1,"OK",0,77
601,"confidential: replaced by 'CLID_anonymous'",34,3,201202,"12/09/2012 11:54:34",18,"confidential: removed from data","-96","confidential: removed from data","confidential: removed from data","confidential: removed from data",1,"60129",67,5,0,2,2,2,2,2,2,,,0,1,6,24,"12/09/2012 12:10:50",1,"OK",0,78
601,"confidential: replaced by 'CLID_anonymous'",64,1,201008,"10/09/2012 10:18:41",30,"confidential: removed from data","6012008","confidential: removed from data","confidential: removed from data","confidential: removed from data",1,"60130",909,10,1,5,1,2,2,1,2,,,5000,9,2,19,"10/09/2012 10:43:15",1,"OK",1,79
601,"confidential: replaced by 'CLID_anonymous'",64,2,201008,"10/09/2012 11:18:32",50,"confidential: removed from data","6012009","confidential: removed from data","confidential: removed from data","confidential: removed from data",1,"60130",1441,11,1,4,1,2,2,1,2,,,1200,9,5,19,"11/09/2012 13:51:03",1,"P4 attendance book was not found",1,80
601,"confidential: replaced by 'CLID_anonymous'",64,3,200426,"10/09/2012 14:18:49",20,"confidential: removed from data","6012011","confidential: removed from data","confidential: removed from data","confidential: removed from data",1,"60130",817,7,1,3,2,2,2,1,2,,,42400,5,3,27,"10/09/2012 14:43:44",1,"OK",1,81
601,"confidential: replaced by 'CLID_anonymous'",64,4,200426,"10/09/2012 14:43:42",30,"confidential: removed from data","6012010","confidential: removed from data","confidential: removed from data","confidential: removed from data",1,"60130",1099,13,1,3,1,2,2,1,2,,,5000,1,2,19,"10/09/2012 14:58:04",1,"OK",1,82
601,"confidential: replaced by 'CLID_anonymous'",64,5,200426,"05/11/2012 13:04:47",25,"confidential: removed from data","6012012","confidential: removed from data","confidential: removed from data","confidential: removed from data",1,"60130",676,5,0,17,2,1,2,1,2,,,2500,2,2,24,"05/11/2012 13:16:50",1,"OK",1,83
601,"confidential: replaced by 'CLID_anonymous'",78,1,999999,"17/09/2012 09:35:48",100,"confidential: removed from data","6012115","confidential: removed from data","confidential: removed from data","confidential: removed from data",1,"60131",322,6,2,6,2,2,2,1,1,3,"parents",7000,1,9,24,"17/09/2012 09:54:50",1,"OK",0,84
601,"confidential: replaced by 'CLID_anonymous'",2,1,999999,"20/09/2012 09:10:22",99,"confidential: removed from data","6012034","confidential: removed from data","confidential: removed from data","confidential: removed from data",1,"60132",486,8,5,10,2,1,2,2,2,,,15000,1,10,24,"20/09/2012 09:43:14",1,"OK",0,85
601,"confidential: replaced by 'CLID_anonymous'",51,1,200820,"20/09/2012 20:50:39",95,"confidential: removed from data","6012039","confidential: removed from data","confidential: removed from data","confidential: removed from data",1,"60133",340,7,1,6,2,2,2,1,2,,,10000,4,1,24,"20/09/2012 21:11:56",1,"OK",0,86
601,"confidential: replaced by 'CLID_anonymous'",57,1,999999,"21/09/2012 08:48:43",100,"confidential: removed from data","6012026","confidential: removed from data","confidential: removed from data","confidential: removed from data",1,"60134",1028,12,6,24,1,2,2,1,2,,,5000,3,6,24,"21/09/2012 09:20:01",1,"OK",0,87
601,"confidential: replaced by 'CLID_anonymous'",76,1,999999,"24/09/2012 13:25:18",4,"confidential: removed from data","6012029","confidential: removed from data","confidential: removed from data","confidential: removed from data",1,"60135",312,6,2,7,1,1,2,1,1,3,"parents",50000,5,3,24,"24/09/2012 13:45:51",1,"OK",0,88
601,"confidential: replaced by 'CLID_anonymous'",76,2,999999,"25/09/2012 09:52:16",75,"confidential: removed from data","6012030","confidential: removed from data","confidential: removed from data","confidential: removed from data",1,"60135",163,5,1,8,2,2,2,1,1,3,"parents",10000,4,6,24,"25/09/2012 10:30:10",1,"OK",0,89
601,"confidential: replaced by 'CLID_anonymous'",59,1,201008,"21/09/2012 09:42:53",95,"confidential: removed from data","6012076","confidential: removed from data","confidential: removed from data","confidential: removed from data",1,"60136",287,6,3,2,2,2,2,1,1,3,"parents",4400,0,4,27,"21/09/2012 10:28:56",1,"OK",0,90
602,"confidential: replaced by 'CLID_anonymous'",35,1,999999,"24/08/2012 12:09:52",100,"confidential: removed from data","602236","confidential: removed from data","confidential: removed from data","confidential: removed from data",1,"60201",202,6,5,5,2,2,2,1,2,,,4800,5,3,28,"24/08/2012 12:46:18",1,"OK",1,91
602,"confidential: replaced by 'CLID_anonymous'",72,1,200426,"25/10/2012 08:02:17",100,"confidential: removed from data","602224","confidential: removed from data","confidential: removed from data","confidential: removed from data",2,"60203",,,,,,,,,,,,,,,,"25/10/2012 08:06:54",1,"Data collected on revisit",1,92
602,"confidential: replaced by 'CLID_anonymous'",42,1,200426,"25/10/2012 06:08:44",100,"confidential: removed from data","602224","confidential: removed from data","confidential: removed from data","confidential: removed from data",1,"60203",529,8,7,7,2,2,2,1,1,3,"Parent and the community as a whole",4800,6,4,24,"25/10/2012 06:51:18",1,"Data collected as a revisit to school",1,93
602,"confidential: replaced by 'CLID_anonymous'",69,1,200426,"28/08/2012 09:09:10",93,"confidential: removed from data","602223","confidential: removed from data","confidential: removed from data","confidential: removed from data",1,"60204",476,6,9,10,1,2,1,1,1,3,"community members and school",25000,12,10,24,"28/08/2012 09:43:49",1,"M60204420008 was not registered in attendance book for may",1,94
602,"confidential: replaced by 'CLID_anonymous'",69,2,200426,"29/08/2012 12:06:45",45,"confidential: removed from data","602233","confidential: removed from data","confidential: removed from data","confidential: removed from data",1,"60204",203,6,6,6,2,2,2,1,2,,,10000,3,7,23,"29/08/2012 12:27:54",1,"OK",1,95
602,"confidential: replaced by 'CLID_anonymous'",47,1,200426,"25/08/2012 14:38:21",80,"confidential: removed from data","602222","confidential: removed from data","confidential: removed from data","confidential: removed from data",1,"60205",350,7,8,8,2,2,2,1,1,3,"parents",6400,5,4,24,"25/08/2012 15:13:03",1,"OK",1,96
602,"confidential: replaced by 'CLID_anonymous'",47,2,200426,"29/08/2012 13:16:20",40,"confidential: removed from data","602216","confidential: removed from data","confidential: removed from data","confidential: removed from data",1,"60205",186,5,4,4,2,2,2,1,2,,,4000,6,1,24,"29/08/2012 13:51:09",1,"B60205120008 was not registered in attendance",1,97
602,"confidential: replaced by 'CLID_anonymous'",10,1,200426,"24/08/2012 15:29:23",65,"confidential: removed from data","602239","confidential: removed from data","confidential: removed from data","confidential: removed from data",1,"60206",323,7,5,5,2,2,1,1,2,,,35200,4,7,24,"24/08/2012 16:26:01",1,"M60206101007 was not registered in may class attendance book",1,98
602,"confidential: replaced by 'CLID_anonymous'",33,1,200426,"28/10/2012 17:01:51",40,"confidential: removed from data","602204","confidential: removed from data","confidential: removed from data","confidential: removed from data",1,"60207",913,14,0,4,1,1,1,1,1,3,"parents",15000,5,15,27,"28/10/2012 17:06:11",1,"OK",1,99
602,"confidential: replaced by 'CLID_anonymous'",33,2,200426,"28/10/2012 17:19:03",45,"confidential: removed from data","602248","confidential: removed from data","confidential: removed from data","confidential: removed from data",1,"60207",786,14,1,5,2,1,1,1,2,,,8500,9,0,27,"28/10/2012 17:24:57",1,"B60207250009 attendance for standard 7 was not found; B60207180007 is not registered in class attendance book",1,100
602,"confidential: replaced by 'CLID_anonymous'",33,3,200426,"28/10/2012 17:38:33",40,"confidential: removed from data","602214","confidential: removed from data","confidential: removed from data","confidential: removed from data",1,"60207",413,8,0,6,2,1,2,1,2,,,3600,0,5,27,"28/10/2012 17:38:35",1,"OK",1,101
602,"confidential: replaced by 'CLID_anonymous'",33,4,200426,"28/10/2012 17:41:43",60,"confidential: removed from data","602211","confidential: removed from data","confidential: removed from data","confidential: removed from data",1,"60207",865,16,1,29,1,1,2,1,2,,,3000,4,5,24,"28/10/2012 17:45:22",1,"OK",1,102
602,"confidential: replaced by 'CLID_anonymous'",28,1,200426,"28/10/2012 17:07:51",40,"confidential: removed from data","602204","confidential: removed from data","confidential: removed from data","confidential: removed from data",2,"60207",,,,,,,,,,,,,,,,"28/10/2012 17:14:25",1,"OK",1,103
602,"confidential: replaced by 'CLID_anonymous'",28,2,200426,"28/10/2012 17:33:47",45,"confidential: removed from data","602248","confidential: removed from data","confidential: removed from data","confidential: removed from data",2,"60207",,,,,,,,,,,,,,,,"28/10/2012 17:33:40",1,"B60208230010 was not registered in class attendance book",1,104
602,"confidential: replaced by 'CLID_anonymous'",28,3,200426,"28/10/2012 17:40:54",40,"confidential: removed from data","602214","confidential: removed from data","confidential: removed from data","confidential: removed from data",2,"60207",,,,,,,,,,,,,,,,"28/10/2012 17:40:56",1,"OK",1,105
602,"confidential: replaced by 'CLID_anonymous'",28,4,200426,"28/10/2012 17:46:15",60,"confidential: removed from data","602211","confidential: removed from data","confidential: removed from data","confidential: removed from data",2,"60207",,,,,,,,,,,,,,,,"28/10/2012 17:47:51",1,"OK",1,106
602,"confidential: replaced by 'CLID_anonymous'",28,5,200426,"31/10/2012 13:16:31",100,"confidential: removed from data","602253","confidential: removed from data","confidential: removed from data","confidential: removed from data",1,"60208",1636,13,1,26,1,1,1,1,1,3,"parents",2000,5,4,24,"31/10/2012 13:43:27",1,"OK",1,107
602,"confidential: replaced by 'CLID_anonymous'",11,1,200426,"25/10/2012 10:30:21",70,"confidential: removed from data","602254","confidential: removed from data","confidential: removed from data","confidential: removed from data",1,"60209",161,6,2,4,2,2,1,1,2,,,3000,5,6,24,"25/10/2012 10:56:43",1,"Data collected on visit3",1,108
602,"confidential: replaced by 'CLID_anonymous'",11,2,200426,"28/10/2012 18:03:59",30,"confidential: removed from data","602241","confidential: removed from data","confidential: removed from data","confidential: removed from data",1,"60209",312,7,1,1,2,2,2,2,1,3,"parents",16800,5,5,27,"28/10/2012 18:07:12",1,"OK",1,109
602,"confidential: replaced by 'CLID_anonymous'",81,1,200426,"27/10/2012 18:16:48",100,"confidential: removed from data","602230","confidential: removed from data","confidential: removed from data","confidential: removed from data",1,"60210",227,7,5,5,2,2,2,1,2,,,1800,8,2,24,"27/10/2012 18:16:27",1,"OK",1,110
602,"confidential: replaced by 'CLID_anonymous'",29,1,200426,"28/10/2012 18:14:27",100,"confidential: removed from data","602232","confidential: removed from data","confidential: removed from data","confidential: removed from data",1,"60211",72,4,3,4,2,2,1,1,2,,,2000,5,8,24,"28/10/2012 18:39:07",1,"OK",1,111
602,"confidential: replaced by 'CLID_anonymous'",45,1,200426,"25/10/2012 08:09:45",100,"confidential: removed from data","602249","confidential: removed from data","confidential: removed from data","confidential: removed from data",1,"60212",174,7,1,1,2,2,2,1,2,,,4000,5,5,24,"25/10/2012 08:54:20",1,"Data collected on revisit.",1,112
602,"confidential: replaced by 'CLID_anonymous'",39,1,200426,"28/10/2012 18:53:27",100,"confidential: removed from data","602213","confidential: removed from data","confidential: removed from data","confidential: removed from data",1,"60213",426,,3,10,2,2,1,1,2,,,1200,12,6,24,"28/10/2012 18:52:33",1,"B60213360007 was not yet registered  to school in May; B60213320003 was not registered in class attendance for May",1,113
602,"confidential: replaced by 'CLID_anonymous'",44,1,200426,"28/10/2012 18:54:24",100,"confidential: removed from data","602234","confidential: removed from data","confidential: removed from data","confidential: removed from data",1,"60214",510,8,10,10,2,2,2,1,2,,,44500,10,2,24,"28/10/2012 19:00:28",1,"OK",1,114
602,"confidential: replaced by 'CLID_anonymous'",44,2,200426,"28/10/2012 19:01:48",90,"confidential: removed from data","-96","confidential: removed from data","confidential: removed from data","confidential: removed from data",1,"60214",389,7,4,8,2,2,2,1,2,,,6400,1,1,27,"28/10/2012 19:03:38",1,"OK",1,115
602,"confidential: replaced by 'CLID_anonymous'",18,1,200426,"31/08/2012 15:00:09",30,"confidential: removed from data","602242","confidential: removed from data","confidential: removed from data","confidential: removed from data",1,"60215",555,7,5,7,1,1,1,1,1,3,"parents",1200,7,8,28,"31/08/2012 15:21:03",1,"OK",1,116
602,"confidential: replaced by 'CLID_anonymous'",12,1,200426,"29/10/2012 22:54:13",30,"confidential: removed from data","602242","confidential: removed from data","confidential: removed from data","confidential: removed from data",2,"60215",,,,,,,,,,,,,,,,"29/10/2012 23:03:46",1,"OK",1,117
602,"confidential: replaced by 'CLID_anonymous'",65,1,200426,"27/08/2012 14:49:19",100,"confidential: removed from data","602203","confidential: removed from data","confidential: removed from data","confidential: removed from data",1,"60217",130,4,4,4,2,2,2,1,2,,,0,5,2,24,"27/08/2012 15:05:15",1,"No attendance for PO",1,118
602,"confidential: replaced by 'CLID_anonymous'",54,1,200426,"29/10/2012 23:08:18",80,"confidential: removed from data","602225","confidential: removed from data","confidential: removed from data","confidential: removed from data",1,"60218",451,7,6,5,2,2,2,1,2,,,2500,4,27,24,"29/10/2012 23:24:00",1,"B60218100006 was not registerd in may attendance",1,119
602,"confidential: replaced by 'CLID_anonymous'",54,2,200426,"29/10/2012 15:25:00",35,"confidential: removed from data","602219","confidential: removed from data","confidential: removed from data","confidential: removed from data",1,"60218",153,4,3,2,2,2,2,1,2,,,6000,6,0,24,"29/10/2012 15:57:09",1,"M60218390004 was not registered in may attendance",1,120
602,"confidential: replaced by 'CLID_anonymous'",38,1,200426,"28/10/2012 19:04:23",100,"confidential: removed from data","602228","confidential: removed from data","confidential: removed from data","confidential: removed from data",1,"60219",445,8,2,10,2,1,2,1,1,3,"parents",2400,17,3,19,"28/10/2012 19:10:59",1,"OK",1,121
602,"confidential: replaced by 'CLID_anonymous'",25,1,200426,"28/10/2012 19:11:51",100,"confidential: removed from data","602245","confidential: removed from data","confidential: removed from data","confidential: removed from data",1,"60220",103,7,5,7,2,2,2,1,1,3,"parents",8700,6,5,24,"28/10/2012 19:26:00",1,"OK",1,122
602,"confidential: replaced by 'CLID_anonymous'",23,1,200426,"23/08/2012 10:47:42",100,"confidential: removed from data","602210","confidential: removed from data","confidential: removed from data","confidential: removed from data",1,"60221",601,8,8,8,2,2,1,1,1,3,"community members",15500,12,2,24,"23/08/2012 11:18:07",1,"OK",1,123
602,"confidential: replaced by 'CLID_anonymous'",31,1,200426,"27/10/2012 18:18:55",40,"confidential: removed from data","602202","confidential: removed from data","confidential: removed from data","confidential: removed from data",1,"60222",359,7,1,3,2,2,2,1,2,,,3000,0,3,19,"27/10/2012 18:41:09",1,"OK",1,124
602,"confidential: replaced by 'CLID_anonymous'",31,2,200426,"28/10/2012 18:07:58",30,"confidential: removed from data","602241","confidential: removed from data","confidential: removed from data","confidential: removed from data",2,"60209",,,,,,,,,,,,,,,,"28/10/2012 18:10:39",1,"OK",1,125
602,"confidential: replaced by 'CLID_anonymous'",24,1,200426,"25/10/2012 08:57:13",90,"confidential: removed from data","602227","confidential: removed from data","confidential: removed from data","confidential: removed from data",1,"60223",338,6,3,6,2,2,2,1,2,,,3000,7,1,19,"25/10/2012 09:48:04",1,"Data collected in visit2",1,126
