"DistID","CLID","CLID_anonymous","SchoolID","SVID","vlgName","vlgName_other","vlgStuShare","anonymous_data_ID"
104,"confidential: replaced by 'CLID_anonymous'",26,1,1,"confidential: removed from data","confidential: removed from data",100,1
104,"confidential: replaced by 'CLID_anonymous'",46,1,1,"confidential: removed from data","confidential: removed from data",100,2
104,"confidential: replaced by 'CLID_anonymous'",77,1,1,"confidential: removed from data","confidential: removed from data",80,3
104,"confidential: replaced by 'CLID_anonymous'",77,1,2,"confidential: removed from data","confidential: removed from data",11,4
104,"confidential: replaced by 'CLID_anonymous'",77,1,3,"confidential: removed from data","confidential: removed from data",9,5
104,"confidential: replaced by 'CLID_anonymous'",63,1,1,"confidential: removed from data","confidential: removed from data",100,6
104,"confidential: replaced by 'CLID_anonymous'",63,2,1,"confidential: removed from data","confidential: removed from data",100,7
104,"confidential: replaced by 'CLID_anonymous'",15,1,1,"confidential: removed from data","confidential: removed from data",100,8
104,"confidential: replaced by 'CLID_anonymous'",15,2,1,"confidential: removed from data","confidential: removed from data",100,9
104,"confidential: replaced by 'CLID_anonymous'",15,3,1,"confidential: removed from data","confidential: removed from data",100,10
104,"confidential: replaced by 'CLID_anonymous'",16,1,1,"confidential: removed from data","confidential: removed from data",100,11
104,"confidential: replaced by 'CLID_anonymous'",80,1,1,"confidential: removed from data","confidential: removed from data",100,12
104,"confidential: replaced by 'CLID_anonymous'",80,2,1,"confidential: removed from data","confidential: removed from data",99,13
104,"confidential: replaced by 'CLID_anonymous'",80,2,2,"confidential: removed from data","confidential: removed from data",1,14
104,"confidential: replaced by 'CLID_anonymous'",80,3,1,"confidential: removed from data","confidential: removed from data",100,15
104,"confidential: replaced by 'CLID_anonymous'",22,1,1,"confidential: removed from data","confidential: removed from data",75,16
104,"confidential: replaced by 'CLID_anonymous'",67,1,1,"confidential: removed from data","confidential: removed from data",100,17
104,"confidential: replaced by 'CLID_anonymous'",40,1,1,"confidential: removed from data","confidential: removed from data",100,18
104,"confidential: replaced by 'CLID_anonymous'",40,2,1,"confidential: removed from data","confidential: removed from data",95,19
104,"confidential: replaced by 'CLID_anonymous'",40,2,2,"confidential: removed from data","confidential: removed from data",5,20
104,"confidential: replaced by 'CLID_anonymous'",19,1,1,"confidential: removed from data","confidential: removed from data",100,21
104,"confidential: replaced by 'CLID_anonymous'",19,2,1,"confidential: removed from data","confidential: removed from data",100,22
104,"confidential: replaced by 'CLID_anonymous'",6,1,1,"confidential: removed from data","confidential: removed from data",50,23
104,"confidential: replaced by 'CLID_anonymous'",48,1,1,"confidential: removed from data","confidential: removed from data",100,24
104,"confidential: replaced by 'CLID_anonymous'",56,1,1,"confidential: removed from data","confidential: removed from data",75,25
104,"confidential: replaced by 'CLID_anonymous'",56,2,1,"confidential: removed from data","confidential: removed from data",35,26
104,"confidential: replaced by 'CLID_anonymous'",82,1,1,"confidential: removed from data","confidential: removed from data",100,27
104,"confidential: replaced by 'CLID_anonymous'",70,1,1,"confidential: removed from data","confidential: removed from data",100,28
104,"confidential: replaced by 'CLID_anonymous'",52,1,1,"confidential: removed from data","confidential: removed from data",100,29
104,"confidential: replaced by 'CLID_anonymous'",27,1,1,"confidential: removed from data","confidential: removed from data",100,30
104,"confidential: replaced by 'CLID_anonymous'",68,1,1,"confidential: removed from data","confidential: removed from data",100,31
104,"confidential: replaced by 'CLID_anonymous'",8,1,1,"confidential: removed from data","confidential: removed from data",100,32
104,"confidential: replaced by 'CLID_anonymous'",66,1,1,"confidential: removed from data","confidential: removed from data",100,33
104,"confidential: replaced by 'CLID_anonymous'",66,2,1,"confidential: removed from data","confidential: removed from data",100,34
601,"confidential: replaced by 'CLID_anonymous'",5,1,1,"confidential: removed from data","confidential: removed from data",100,35
601,"confidential: replaced by 'CLID_anonymous'",49,1,1,"confidential: removed from data","confidential: removed from data",100,36
601,"confidential: replaced by 'CLID_anonymous'",74,1,1,"confidential: removed from data","confidential: removed from data",100,37
601,"confidential: replaced by 'CLID_anonymous'",74,2,1,"confidential: removed from data","confidential: removed from data",100,38
601,"confidential: replaced by 'CLID_anonymous'",62,1,1,"confidential: removed from data","confidential: removed from data",100,39
601,"confidential: replaced by 'CLID_anonymous'",62,2,1,"confidential: removed from data","confidential: removed from data",98,40
601,"confidential: replaced by 'CLID_anonymous'",62,2,2,"confidential: removed from data","confidential: removed from data",1,41
601,"confidential: replaced by 'CLID_anonymous'",62,2,3,"confidential: removed from data","confidential: removed from data",1,42
601,"confidential: replaced by 'CLID_anonymous'",62,3,1,"confidential: removed from data","confidential: removed from data",98,43
601,"confidential: replaced by 'CLID_anonymous'",62,3,2,"confidential: removed from data","confidential: removed from data",1,44
601,"confidential: replaced by 'CLID_anonymous'",62,3,3,"confidential: removed from data","confidential: removed from data",1,45
601,"confidential: replaced by 'CLID_anonymous'",21,1,1,"confidential: removed from data","confidential: removed from data",100,46
601,"confidential: replaced by 'CLID_anonymous'",1,1,1,"confidential: removed from data","confidential: removed from data",100,47
601,"confidential: replaced by 'CLID_anonymous'",79,1,1,"confidential: removed from data","confidential: removed from data",50,48
601,"confidential: replaced by 'CLID_anonymous'",79,1,2,"confidential: removed from data","confidential: removed from data",50,49
601,"confidential: replaced by 'CLID_anonymous'",41,1,1,"confidential: removed from data","confidential: removed from data",100,50
601,"confidential: replaced by 'CLID_anonymous'",41,2,1,"confidential: removed from data","confidential: removed from data",100,51
601,"confidential: replaced by 'CLID_anonymous'",71,1,1,"confidential: removed from data","confidential: removed from data",100,52
601,"confidential: replaced by 'CLID_anonymous'",71,2,1,"confidential: removed from data","confidential: removed from data",100,53
601,"confidential: replaced by 'CLID_anonymous'",71,3,1,"confidential: removed from data","confidential: removed from data",85,54
601,"confidential: replaced by 'CLID_anonymous'",71,3,2,"confidential: removed from data","confidential: removed from data",15,55
601,"confidential: replaced by 'CLID_anonymous'",53,1,1,"confidential: removed from data","confidential: removed from data",100,56
601,"confidential: replaced by 'CLID_anonymous'",53,2,1,"confidential: removed from data","confidential: removed from data",20,57
601,"confidential: replaced by 'CLID_anonymous'",75,1,1,"confidential: removed from data","confidential: removed from data",92,58
601,"confidential: replaced by 'CLID_anonymous'",75,1,2,"confidential: removed from data","confidential: removed from data",8,59
601,"confidential: replaced by 'CLID_anonymous'",37,1,1,"confidential: removed from data","confidential: removed from data",17,60
601,"confidential: replaced by 'CLID_anonymous'",37,2,1,"confidential: removed from data","confidential: removed from data",100,61
601,"confidential: replaced by 'CLID_anonymous'",37,3,1,"confidential: removed from data","confidential: removed from data",100,62
601,"confidential: replaced by 'CLID_anonymous'",61,1,1,"confidential: removed from data","confidential: removed from data",100,63
601,"confidential: replaced by 'CLID_anonymous'",60,1,1,"confidential: removed from data","confidential: removed from data",100,64
601,"confidential: replaced by 'CLID_anonymous'",4,1,1,"confidential: removed from data","confidential: removed from data",100,65
601,"confidential: replaced by 'CLID_anonymous'",4,2,1,"confidential: removed from data","confidential: removed from data",100,66
601,"confidential: replaced by 'CLID_anonymous'",7,1,1,"confidential: removed from data","confidential: removed from data",90,67
601,"confidential: replaced by 'CLID_anonymous'",7,1,2,"confidential: removed from data","confidential: removed from data",10,68
601,"confidential: replaced by 'CLID_anonymous'",7,2,1,"confidential: removed from data","confidential: removed from data",30,69
601,"confidential: replaced by 'CLID_anonymous'",7,2,2,"confidential: removed from data","confidential: removed from data",70,70
601,"confidential: replaced by 'CLID_anonymous'",32,1,1,"confidential: removed from data","confidential: removed from data",100,71
601,"confidential: replaced by 'CLID_anonymous'",17,1,1,"confidential: removed from data","confidential: removed from data",100,72
601,"confidential: replaced by 'CLID_anonymous'",17,2,1,"confidential: removed from data","confidential: removed from data",100,73
601,"confidential: replaced by 'CLID_anonymous'",17,3,1,"confidential: removed from data","confidential: removed from data",100,74
601,"confidential: replaced by 'CLID_anonymous'",3,1,1,"confidential: removed from data","confidential: removed from data",100,75
601,"confidential: replaced by 'CLID_anonymous'",43,1,1,"confidential: removed from data","confidential: removed from data",100,76
601,"confidential: replaced by 'CLID_anonymous'",14,1,1,"confidential: removed from data","confidential: removed from data",100,77
601,"confidential: replaced by 'CLID_anonymous'",20,1,1,"confidential: removed from data","confidential: removed from data",100,78
601,"confidential: replaced by 'CLID_anonymous'",20,2,1,"confidential: removed from data","confidential: removed from data",100,79
601,"confidential: replaced by 'CLID_anonymous'",13,1,1,"confidential: removed from data","confidential: removed from data",100,80
601,"confidential: replaced by 'CLID_anonymous'",13,2,1,"confidential: removed from data","confidential: removed from data",100,81
601,"confidential: replaced by 'CLID_anonymous'",55,1,1,"confidential: removed from data","confidential: removed from data",100,82
601,"confidential: replaced by 'CLID_anonymous'",9,1,1,"confidential: removed from data","confidential: removed from data",100,83
601,"confidential: replaced by 'CLID_anonymous'",36,1,1,"confidential: removed from data","confidential: removed from data",100,84
601,"confidential: replaced by 'CLID_anonymous'",73,2,1,"confidential: removed from data","confidential: removed from data",25,85
601,"confidential: replaced by 'CLID_anonymous'",73,2,2,"confidential: removed from data","confidential: removed from data",74,86
601,"confidential: replaced by 'CLID_anonymous'",73,2,3,"confidential: removed from data","confidential: removed from data",1,87
601,"confidential: replaced by 'CLID_anonymous'",73,3,1,"confidential: removed from data","confidential: removed from data",80,88
601,"confidential: replaced by 'CLID_anonymous'",73,3,2,"confidential: removed from data","confidential: removed from data",20,89
601,"confidential: replaced by 'CLID_anonymous'",34,1,1,"confidential: removed from data","confidential: removed from data",100,90
601,"confidential: replaced by 'CLID_anonymous'",34,2,1,"confidential: removed from data","confidential: removed from data",100,91
601,"confidential: replaced by 'CLID_anonymous'",34,3,1,"confidential: removed from data","confidential: removed from data",100,92
601,"confidential: replaced by 'CLID_anonymous'",64,1,1,"confidential: removed from data","confidential: removed from data",95,93
601,"confidential: replaced by 'CLID_anonymous'",64,1,2,"confidential: removed from data","confidential: removed from data",5,94
601,"confidential: replaced by 'CLID_anonymous'",64,2,1,"confidential: removed from data","confidential: removed from data",99,95
601,"confidential: replaced by 'CLID_anonymous'",64,2,2,"confidential: removed from data","confidential: removed from data",1,96
601,"confidential: replaced by 'CLID_anonymous'",64,3,1,"confidential: removed from data","confidential: removed from data",100,97
601,"confidential: replaced by 'CLID_anonymous'",64,4,1,"confidential: removed from data","confidential: removed from data",100,98
601,"confidential: replaced by 'CLID_anonymous'",64,5,1,"confidential: removed from data","confidential: removed from data",99,99
601,"confidential: replaced by 'CLID_anonymous'",78,1,1,"confidential: removed from data","confidential: removed from data",100,100
601,"confidential: replaced by 'CLID_anonymous'",2,1,1,"confidential: removed from data","confidential: removed from data",99,101
601,"confidential: replaced by 'CLID_anonymous'",2,1,2,"confidential: removed from data","confidential: removed from data",1,102
601,"confidential: replaced by 'CLID_anonymous'",51,1,1,"confidential: removed from data","confidential: removed from data",98,103
601,"confidential: replaced by 'CLID_anonymous'",51,1,2,"confidential: removed from data","confidential: removed from data",2,104
601,"confidential: replaced by 'CLID_anonymous'",57,1,1,"confidential: removed from data","confidential: removed from data",100,105
601,"confidential: replaced by 'CLID_anonymous'",76,1,1,"confidential: removed from data","confidential: removed from data",95,106
601,"confidential: replaced by 'CLID_anonymous'",76,1,2,"confidential: removed from data","confidential: removed from data",2,107
601,"confidential: replaced by 'CLID_anonymous'",76,1,3,"confidential: removed from data","confidential: removed from data",3,108
601,"confidential: replaced by 'CLID_anonymous'",76,2,1,"confidential: removed from data","confidential: removed from data",75,109
601,"confidential: replaced by 'CLID_anonymous'",76,2,2,"confidential: removed from data","confidential: removed from data",25,110
601,"confidential: replaced by 'CLID_anonymous'",59,1,1,"confidential: removed from data","confidential: removed from data",100,111
602,"confidential: replaced by 'CLID_anonymous'",35,1,1,"confidential: removed from data","confidential: removed from data",100,112
602,"confidential: replaced by 'CLID_anonymous'",42,1,1,"confidential: removed from data","confidential: removed from data",55,113
602,"confidential: replaced by 'CLID_anonymous'",42,1,2,"confidential: removed from data","confidential: removed from data",35,114
602,"confidential: replaced by 'CLID_anonymous'",42,1,3,"confidential: removed from data","confidential: removed from data",10,115
602,"confidential: replaced by 'CLID_anonymous'",69,1,1,"confidential: removed from data","confidential: removed from data",100,116
602,"confidential: replaced by 'CLID_anonymous'",69,2,1,"confidential: removed from data","confidential: removed from data",45,117
602,"confidential: replaced by 'CLID_anonymous'",47,1,1,"confidential: removed from data","confidential: removed from data",100,118
602,"confidential: replaced by 'CLID_anonymous'",47,2,1,"confidential: removed from data","confidential: removed from data",40,119
602,"confidential: replaced by 'CLID_anonymous'",10,1,1,"confidential: removed from data","confidential: removed from data",100,120
602,"confidential: replaced by 'CLID_anonymous'",33,1,1,"confidential: removed from data","confidential: removed from data",80,121
602,"confidential: replaced by 'CLID_anonymous'",33,1,2,"confidential: removed from data","confidential: removed from data",20,122
602,"confidential: replaced by 'CLID_anonymous'",33,2,1,"confidential: removed from data","confidential: removed from data",55,123
602,"confidential: replaced by 'CLID_anonymous'",33,2,2,"confidential: removed from data","confidential: removed from data",45,124
602,"confidential: replaced by 'CLID_anonymous'",33,3,1,"confidential: removed from data","confidential: removed from data",80,125
602,"confidential: replaced by 'CLID_anonymous'",33,3,2,"confidential: removed from data","confidential: removed from data",30,126
602,"confidential: replaced by 'CLID_anonymous'",33,4,1,"confidential: removed from data","confidential: removed from data",60,127
602,"confidential: replaced by 'CLID_anonymous'",33,4,2,"confidential: removed from data","confidential: removed from data",40,128
602,"confidential: replaced by 'CLID_anonymous'",28,5,1,"confidential: removed from data","confidential: removed from data",50,129
602,"confidential: replaced by 'CLID_anonymous'",11,1,1,"confidential: removed from data","confidential: removed from data",80,130
602,"confidential: replaced by 'CLID_anonymous'",11,1,2,"confidential: removed from data","confidential: removed from data",20,131
602,"confidential: replaced by 'CLID_anonymous'",11,2,1,"confidential: removed from data","confidential: removed from data",80,132
602,"confidential: replaced by 'CLID_anonymous'",11,2,2,"confidential: removed from data","confidential: removed from data",20,133
602,"confidential: replaced by 'CLID_anonymous'",81,1,1,"confidential: removed from data","confidential: removed from data",100,134
602,"confidential: replaced by 'CLID_anonymous'",29,1,1,"confidential: removed from data","confidential: removed from data",100,135
602,"confidential: replaced by 'CLID_anonymous'",45,1,1,"confidential: removed from data","confidential: removed from data",100,136
602,"confidential: replaced by 'CLID_anonymous'",39,1,1,"confidential: removed from data","confidential: removed from data",100,137
602,"confidential: replaced by 'CLID_anonymous'",44,1,1,"confidential: removed from data","confidential: removed from data",100,138
602,"confidential: replaced by 'CLID_anonymous'",44,2,1,"confidential: removed from data","confidential: removed from data",85,139
602,"confidential: replaced by 'CLID_anonymous'",44,2,2,"confidential: removed from data","confidential: removed from data",15,140
602,"confidential: replaced by 'CLID_anonymous'",18,1,1,"confidential: removed from data","confidential: removed from data",60,141
602,"confidential: replaced by 'CLID_anonymous'",18,1,2,"confidential: removed from data","confidential: removed from data",30,142
602,"confidential: replaced by 'CLID_anonymous'",18,1,3,"confidential: removed from data","confidential: removed from data",10,143
602,"confidential: replaced by 'CLID_anonymous'",65,1,1,"confidential: removed from data","confidential: removed from data",100,144
602,"confidential: replaced by 'CLID_anonymous'",54,1,1,"confidential: removed from data","confidential: removed from data",100,145
602,"confidential: replaced by 'CLID_anonymous'",54,2,1,"confidential: removed from data","confidential: removed from data",35,146
602,"confidential: replaced by 'CLID_anonymous'",54,2,2,"confidential: removed from data","confidential: removed from data",10,147
602,"confidential: replaced by 'CLID_anonymous'",38,1,1,"confidential: removed from data","confidential: removed from data",100,148
602,"confidential: replaced by 'CLID_anonymous'",25,1,1,"confidential: removed from data","confidential: removed from data",100,149
602,"confidential: replaced by 'CLID_anonymous'",23,1,1,"confidential: removed from data","confidential: removed from data",100,150
602,"confidential: replaced by 'CLID_anonymous'",31,1,1,"confidential: removed from data","confidential: removed from data",100,151
602,"confidential: replaced by 'CLID_anonymous'",24,1,1,"confidential: removed from data","confidential: removed from data",100,152
