"DistID","CLID","CLID_anonymous","SchoolID","YearsID","tchrNoEmployed","tchrNoVolunteer"
104,"confidential: replaced by 'CLID_anonymous'",26,1,1,10,2
104,"confidential: replaced by 'CLID_anonymous'",26,1,2,8,2
104,"confidential: replaced by 'CLID_anonymous'",26,1,3,9,2
104,"confidential: replaced by 'CLID_anonymous'",26,1,4,9,2
104,"confidential: replaced by 'CLID_anonymous'",46,1,1,9,2
104,"confidential: replaced by 'CLID_anonymous'",46,1,2,7,2
104,"confidential: replaced by 'CLID_anonymous'",46,1,3,7,2
104,"confidential: replaced by 'CLID_anonymous'",46,1,4,6,2
104,"confidential: replaced by 'CLID_anonymous'",77,1,1,5,6
104,"confidential: replaced by 'CLID_anonymous'",77,1,2,4,5
104,"confidential: replaced by 'CLID_anonymous'",77,1,3,6,6
104,"confidential: replaced by 'CLID_anonymous'",77,1,4,6,6
104,"confidential: replaced by 'CLID_anonymous'",63,1,1,13,1
104,"confidential: replaced by 'CLID_anonymous'",63,1,2,11,1
104,"confidential: replaced by 'CLID_anonymous'",63,1,3,11,1
104,"confidential: replaced by 'CLID_anonymous'",63,1,4,9,0
104,"confidential: replaced by 'CLID_anonymous'",63,2,1,9,3
104,"confidential: replaced by 'CLID_anonymous'",63,2,2,10,2
104,"confidential: replaced by 'CLID_anonymous'",63,2,3,7,2
104,"confidential: replaced by 'CLID_anonymous'",63,2,4,11,2
104,"confidential: replaced by 'CLID_anonymous'",15,1,1,18,18
104,"confidential: replaced by 'CLID_anonymous'",15,1,2,14,14
104,"confidential: replaced by 'CLID_anonymous'",15,1,3,14,18
104,"confidential: replaced by 'CLID_anonymous'",15,1,4,12,16
104,"confidential: replaced by 'CLID_anonymous'",15,2,1,30,30
104,"confidential: replaced by 'CLID_anonymous'",15,2,2,28,28
104,"confidential: replaced by 'CLID_anonymous'",15,2,3,28,28
104,"confidential: replaced by 'CLID_anonymous'",15,2,4,28,28
104,"confidential: replaced by 'CLID_anonymous'",15,3,1,22,23
104,"confidential: replaced by 'CLID_anonymous'",15,3,2,23,23
104,"confidential: replaced by 'CLID_anonymous'",15,3,3,24,24
104,"confidential: replaced by 'CLID_anonymous'",15,3,4,23,23
104,"confidential: replaced by 'CLID_anonymous'",16,1,1,13,2
104,"confidential: replaced by 'CLID_anonymous'",16,1,2,13,2
104,"confidential: replaced by 'CLID_anonymous'",16,1,3,15,1
104,"confidential: replaced by 'CLID_anonymous'",16,1,4,14,1
104,"confidential: replaced by 'CLID_anonymous'",80,1,1,2,3
104,"confidential: replaced by 'CLID_anonymous'",80,1,2,2,3
104,"confidential: replaced by 'CLID_anonymous'",80,1,3,2,2
104,"confidential: replaced by 'CLID_anonymous'",80,1,4,0,0
104,"confidential: replaced by 'CLID_anonymous'",80,2,1,11,14
104,"confidential: replaced by 'CLID_anonymous'",80,2,2,9,12
104,"confidential: replaced by 'CLID_anonymous'",80,2,3,9,12
104,"confidential: replaced by 'CLID_anonymous'",80,2,4,7,12
104,"confidential: replaced by 'CLID_anonymous'",80,3,1,9,10
104,"confidential: replaced by 'CLID_anonymous'",80,3,2,12,12
104,"confidential: replaced by 'CLID_anonymous'",80,3,3,11,11
104,"confidential: replaced by 'CLID_anonymous'",80,3,4,10,10
104,"confidential: replaced by 'CLID_anonymous'",22,1,1,4,0
104,"confidential: replaced by 'CLID_anonymous'",22,1,2,4,0
104,"confidential: replaced by 'CLID_anonymous'",22,1,3,4,0
104,"confidential: replaced by 'CLID_anonymous'",22,1,4,4,0
104,"confidential: replaced by 'CLID_anonymous'",67,1,1,4,0
104,"confidential: replaced by 'CLID_anonymous'",67,1,2,4,0
104,"confidential: replaced by 'CLID_anonymous'",67,1,3,5,0
104,"confidential: replaced by 'CLID_anonymous'",67,1,4,6,0
104,"confidential: replaced by 'CLID_anonymous'",40,1,1,9,0
104,"confidential: replaced by 'CLID_anonymous'",40,1,2,10,0
104,"confidential: replaced by 'CLID_anonymous'",40,1,3,9,0
104,"confidential: replaced by 'CLID_anonymous'",40,1,4,6,0
104,"confidential: replaced by 'CLID_anonymous'",40,2,1,3,0
104,"confidential: replaced by 'CLID_anonymous'",40,2,2,3,0
104,"confidential: replaced by 'CLID_anonymous'",40,2,3,3,0
104,"confidential: replaced by 'CLID_anonymous'",40,2,4,4,0
104,"confidential: replaced by 'CLID_anonymous'",19,1,1,5,0
104,"confidential: replaced by 'CLID_anonymous'",19,1,2,8,0
104,"confidential: replaced by 'CLID_anonymous'",19,1,3,8,0
104,"confidential: replaced by 'CLID_anonymous'",19,1,4,8,0
104,"confidential: replaced by 'CLID_anonymous'",19,2,1,5,0
104,"confidential: replaced by 'CLID_anonymous'",19,2,2,7,0
104,"confidential: replaced by 'CLID_anonymous'",19,2,3,8,0
104,"confidential: replaced by 'CLID_anonymous'",19,2,4,8,0
104,"confidential: replaced by 'CLID_anonymous'",50,1,1,6,0
104,"confidential: replaced by 'CLID_anonymous'",50,1,2,5,0
104,"confidential: replaced by 'CLID_anonymous'",50,1,3,5,0
104,"confidential: replaced by 'CLID_anonymous'",50,1,4,4,0
104,"confidential: replaced by 'CLID_anonymous'",6,1,1,3,1
104,"confidential: replaced by 'CLID_anonymous'",6,1,2,3,0
104,"confidential: replaced by 'CLID_anonymous'",6,1,3,3,0
104,"confidential: replaced by 'CLID_anonymous'",6,1,4,3,0
104,"confidential: replaced by 'CLID_anonymous'",48,1,1,5,3
104,"confidential: replaced by 'CLID_anonymous'",48,1,2,6,3
104,"confidential: replaced by 'CLID_anonymous'",48,1,3,8,3
104,"confidential: replaced by 'CLID_anonymous'",48,1,4,8,3
104,"confidential: replaced by 'CLID_anonymous'",56,1,1,9,1
104,"confidential: replaced by 'CLID_anonymous'",56,1,2,8,0
104,"confidential: replaced by 'CLID_anonymous'",56,1,3,9,0
104,"confidential: replaced by 'CLID_anonymous'",56,1,4,8,0
104,"confidential: replaced by 'CLID_anonymous'",56,2,1,7,1
104,"confidential: replaced by 'CLID_anonymous'",56,2,2,4,0
104,"confidential: replaced by 'CLID_anonymous'",56,2,3,5,1
104,"confidential: replaced by 'CLID_anonymous'",56,2,4,5,0
104,"confidential: replaced by 'CLID_anonymous'",82,1,1,6,0
104,"confidential: replaced by 'CLID_anonymous'",82,1,2,4,0
104,"confidential: replaced by 'CLID_anonymous'",82,1,3,4,0
104,"confidential: replaced by 'CLID_anonymous'",82,1,4,5,0
104,"confidential: replaced by 'CLID_anonymous'",70,1,1,4,0
104,"confidential: replaced by 'CLID_anonymous'",70,1,2,4,0
104,"confidential: replaced by 'CLID_anonymous'",70,1,3,6,0
104,"confidential: replaced by 'CLID_anonymous'",70,1,4,6,0
104,"confidential: replaced by 'CLID_anonymous'",52,1,1,7,8
104,"confidential: replaced by 'CLID_anonymous'",52,1,2,7,7
104,"confidential: replaced by 'CLID_anonymous'",52,1,3,7,7
104,"confidential: replaced by 'CLID_anonymous'",52,1,4,7,7
104,"confidential: replaced by 'CLID_anonymous'",27,1,1,4,5
104,"confidential: replaced by 'CLID_anonymous'",27,1,2,4,6
104,"confidential: replaced by 'CLID_anonymous'",27,1,3,4,4
104,"confidential: replaced by 'CLID_anonymous'",27,1,4,4,4
104,"confidential: replaced by 'CLID_anonymous'",68,1,1,6,1
104,"confidential: replaced by 'CLID_anonymous'",68,1,2,6,0
104,"confidential: replaced by 'CLID_anonymous'",68,1,3,6,0
104,"confidential: replaced by 'CLID_anonymous'",68,1,4,6,0
104,"confidential: replaced by 'CLID_anonymous'",8,1,1,10,1
104,"confidential: replaced by 'CLID_anonymous'",8,1,2,12,0
104,"confidential: replaced by 'CLID_anonymous'",8,1,3,10,0
104,"confidential: replaced by 'CLID_anonymous'",8,1,4,11,0
104,"confidential: replaced by 'CLID_anonymous'",66,1,1,6,2
104,"confidential: replaced by 'CLID_anonymous'",66,1,2,5,3
104,"confidential: replaced by 'CLID_anonymous'",66,1,3,5,2
104,"confidential: replaced by 'CLID_anonymous'",66,1,4,5,2
104,"confidential: replaced by 'CLID_anonymous'",66,2,1,11,2
104,"confidential: replaced by 'CLID_anonymous'",66,2,2,9,3
104,"confidential: replaced by 'CLID_anonymous'",66,2,3,9,2
104,"confidential: replaced by 'CLID_anonymous'",66,2,4,6,2
601,"confidential: replaced by 'CLID_anonymous'",5,1,1,22,0
601,"confidential: replaced by 'CLID_anonymous'",5,1,2,20,0
601,"confidential: replaced by 'CLID_anonymous'",5,1,3,21,0
601,"confidential: replaced by 'CLID_anonymous'",5,1,4,18,0
601,"confidential: replaced by 'CLID_anonymous'",49,1,1,10,10
601,"confidential: replaced by 'CLID_anonymous'",49,1,2,13,13
601,"confidential: replaced by 'CLID_anonymous'",49,1,3,12,12
601,"confidential: replaced by 'CLID_anonymous'",49,1,4,13,13
601,"confidential: replaced by 'CLID_anonymous'",74,1,1,24,0
601,"confidential: replaced by 'CLID_anonymous'",74,1,2,24,0
601,"confidential: replaced by 'CLID_anonymous'",74,1,3,21,0
601,"confidential: replaced by 'CLID_anonymous'",74,1,4,20,0
601,"confidential: replaced by 'CLID_anonymous'",74,2,1,24,0
601,"confidential: replaced by 'CLID_anonymous'",74,2,2,24,0
601,"confidential: replaced by 'CLID_anonymous'",74,2,3,18,0
601,"confidential: replaced by 'CLID_anonymous'",74,2,4,21,0
601,"confidential: replaced by 'CLID_anonymous'",62,1,1,9,1
601,"confidential: replaced by 'CLID_anonymous'",62,1,2,9,1
601,"confidential: replaced by 'CLID_anonymous'",62,1,3,5,1
601,"confidential: replaced by 'CLID_anonymous'",62,1,4,4,1
601,"confidential: replaced by 'CLID_anonymous'",62,2,1,32,0
601,"confidential: replaced by 'CLID_anonymous'",62,2,2,31,0
601,"confidential: replaced by 'CLID_anonymous'",62,2,3,31,0
601,"confidential: replaced by 'CLID_anonymous'",62,2,4,18,0
601,"confidential: replaced by 'CLID_anonymous'",62,3,1,34,0
601,"confidential: replaced by 'CLID_anonymous'",62,3,2,35,0
601,"confidential: replaced by 'CLID_anonymous'",62,3,3,31,0
601,"confidential: replaced by 'CLID_anonymous'",62,3,4,31,0
601,"confidential: replaced by 'CLID_anonymous'",21,1,1,9,1
601,"confidential: replaced by 'CLID_anonymous'",21,1,2,9,1
601,"confidential: replaced by 'CLID_anonymous'",21,1,3,12,1
601,"confidential: replaced by 'CLID_anonymous'",21,1,4,12,0
601,"confidential: replaced by 'CLID_anonymous'",1,1,1,12,1
601,"confidential: replaced by 'CLID_anonymous'",1,1,2,11,0
601,"confidential: replaced by 'CLID_anonymous'",1,1,3,11,0
601,"confidential: replaced by 'CLID_anonymous'",1,1,4,12,0
601,"confidential: replaced by 'CLID_anonymous'",79,1,1,21,0
601,"confidential: replaced by 'CLID_anonymous'",79,1,2,22,0
601,"confidential: replaced by 'CLID_anonymous'",79,1,3,21,0
601,"confidential: replaced by 'CLID_anonymous'",79,1,4,18,0
601,"confidential: replaced by 'CLID_anonymous'",41,1,1,6,6
601,"confidential: replaced by 'CLID_anonymous'",41,1,2,6,6
601,"confidential: replaced by 'CLID_anonymous'",41,1,3,6,6
601,"confidential: replaced by 'CLID_anonymous'",41,1,4,7,7
601,"confidential: replaced by 'CLID_anonymous'",41,2,1,4,4
601,"confidential: replaced by 'CLID_anonymous'",41,2,2,4,4
601,"confidential: replaced by 'CLID_anonymous'",41,2,3,4,4
601,"confidential: replaced by 'CLID_anonymous'",41,2,4,4,4
601,"confidential: replaced by 'CLID_anonymous'",71,1,1,5,0
601,"confidential: replaced by 'CLID_anonymous'",71,1,2,5,0
601,"confidential: replaced by 'CLID_anonymous'",71,1,3,6,0
601,"confidential: replaced by 'CLID_anonymous'",71,1,4,4,0
601,"confidential: replaced by 'CLID_anonymous'",71,2,1,17,0
601,"confidential: replaced by 'CLID_anonymous'",71,2,2,20,0
601,"confidential: replaced by 'CLID_anonymous'",71,2,3,20,0
601,"confidential: replaced by 'CLID_anonymous'",71,2,4,20,0
601,"confidential: replaced by 'CLID_anonymous'",71,3,1,5,0
601,"confidential: replaced by 'CLID_anonymous'",71,3,2,10,0
601,"confidential: replaced by 'CLID_anonymous'",71,3,3,10,0
601,"confidential: replaced by 'CLID_anonymous'",71,3,4,11,0
601,"confidential: replaced by 'CLID_anonymous'",53,1,1,7,7
601,"confidential: replaced by 'CLID_anonymous'",53,1,2,7,8
601,"confidential: replaced by 'CLID_anonymous'",53,1,3,9,9
601,"confidential: replaced by 'CLID_anonymous'",53,1,4,9,9
601,"confidential: replaced by 'CLID_anonymous'",53,2,1,1,2
601,"confidential: replaced by 'CLID_anonymous'",53,2,2,0,0
601,"confidential: replaced by 'CLID_anonymous'",53,2,3,0,0
601,"confidential: replaced by 'CLID_anonymous'",53,2,4,0,0
601,"confidential: replaced by 'CLID_anonymous'",75,1,1,8,0
601,"confidential: replaced by 'CLID_anonymous'",75,1,2,8,0
601,"confidential: replaced by 'CLID_anonymous'",75,1,3,7,0
601,"confidential: replaced by 'CLID_anonymous'",75,1,4,7,0
601,"confidential: replaced by 'CLID_anonymous'",37,1,1,2,3
601,"confidential: replaced by 'CLID_anonymous'",37,1,2,2,2
601,"confidential: replaced by 'CLID_anonymous'",37,1,3,2,2
601,"confidential: replaced by 'CLID_anonymous'",37,1,4,2,2
601,"confidential: replaced by 'CLID_anonymous'",37,2,1,2,3
601,"confidential: replaced by 'CLID_anonymous'",37,2,2,2,3
601,"confidential: replaced by 'CLID_anonymous'",37,2,3,2,2
601,"confidential: replaced by 'CLID_anonymous'",37,2,4,1,2
601,"confidential: replaced by 'CLID_anonymous'",37,3,1,10,11
601,"confidential: replaced by 'CLID_anonymous'",37,3,2,14,14
601,"confidential: replaced by 'CLID_anonymous'",37,3,3,14,14
601,"confidential: replaced by 'CLID_anonymous'",37,3,4,11,11
601,"confidential: replaced by 'CLID_anonymous'",61,1,1,7,7
601,"confidential: replaced by 'CLID_anonymous'",61,1,2,7,7
601,"confidential: replaced by 'CLID_anonymous'",61,1,3,7,7
601,"confidential: replaced by 'CLID_anonymous'",61,1,4,7,7
601,"confidential: replaced by 'CLID_anonymous'",60,1,1,3,0
601,"confidential: replaced by 'CLID_anonymous'",60,1,2,4,0
601,"confidential: replaced by 'CLID_anonymous'",60,1,3,3,0
601,"confidential: replaced by 'CLID_anonymous'",60,1,4,3,0
601,"confidential: replaced by 'CLID_anonymous'",4,1,1,4,0
601,"confidential: replaced by 'CLID_anonymous'",4,1,2,6,0
601,"confidential: replaced by 'CLID_anonymous'",4,1,3,7,0
601,"confidential: replaced by 'CLID_anonymous'",4,1,4,7,0
601,"confidential: replaced by 'CLID_anonymous'",4,2,1,1,0
601,"confidential: replaced by 'CLID_anonymous'",4,2,2,2,0
601,"confidential: replaced by 'CLID_anonymous'",4,2,3,2,0
601,"confidential: replaced by 'CLID_anonymous'",4,2,4,2,0
601,"confidential: replaced by 'CLID_anonymous'",7,1,1,3,3
601,"confidential: replaced by 'CLID_anonymous'",7,1,2,5,5
601,"confidential: replaced by 'CLID_anonymous'",7,1,3,6,7
601,"confidential: replaced by 'CLID_anonymous'",7,1,4,8,8
601,"confidential: replaced by 'CLID_anonymous'",7,2,1,2,5
601,"confidential: replaced by 'CLID_anonymous'",7,2,2,2,3
601,"confidential: replaced by 'CLID_anonymous'",7,2,3,2,2
601,"confidential: replaced by 'CLID_anonymous'",7,2,4,2,2
601,"confidential: replaced by 'CLID_anonymous'",32,1,1,4,0
601,"confidential: replaced by 'CLID_anonymous'",32,1,2,7,0
601,"confidential: replaced by 'CLID_anonymous'",32,1,3,7,0
601,"confidential: replaced by 'CLID_anonymous'",32,1,4,6,0
601,"confidential: replaced by 'CLID_anonymous'",17,1,1,8,0
601,"confidential: replaced by 'CLID_anonymous'",17,1,2,8,0
601,"confidential: replaced by 'CLID_anonymous'",17,1,3,8,0
601,"confidential: replaced by 'CLID_anonymous'",17,1,4,8,0
601,"confidential: replaced by 'CLID_anonymous'",17,2,1,5,5
601,"confidential: replaced by 'CLID_anonymous'",17,2,2,5,5
601,"confidential: replaced by 'CLID_anonymous'",17,2,3,8,8
601,"confidential: replaced by 'CLID_anonymous'",17,2,4,8,8
601,"confidential: replaced by 'CLID_anonymous'",17,3,1,3,0
601,"confidential: replaced by 'CLID_anonymous'",17,3,2,3,0
601,"confidential: replaced by 'CLID_anonymous'",17,3,3,3,0
601,"confidential: replaced by 'CLID_anonymous'",17,3,4,3,0
601,"confidential: replaced by 'CLID_anonymous'",3,1,1,4,5
601,"confidential: replaced by 'CLID_anonymous'",3,1,2,5,5
601,"confidential: replaced by 'CLID_anonymous'",3,1,3,5,5
601,"confidential: replaced by 'CLID_anonymous'",3,1,4,4,4
601,"confidential: replaced by 'CLID_anonymous'",43,1,1,4,0
601,"confidential: replaced by 'CLID_anonymous'",43,1,2,4,0
601,"confidential: replaced by 'CLID_anonymous'",43,1,3,5,0
601,"confidential: replaced by 'CLID_anonymous'",43,1,4,7,0
601,"confidential: replaced by 'CLID_anonymous'",14,1,1,5,0
601,"confidential: replaced by 'CLID_anonymous'",14,1,2,6,0
601,"confidential: replaced by 'CLID_anonymous'",14,1,3,11,0
601,"confidential: replaced by 'CLID_anonymous'",14,1,4,12,0
601,"confidential: replaced by 'CLID_anonymous'",20,1,1,4,0
601,"confidential: replaced by 'CLID_anonymous'",20,1,2,6,0
601,"confidential: replaced by 'CLID_anonymous'",20,1,3,9,0
601,"confidential: replaced by 'CLID_anonymous'",20,1,4,10,0
601,"confidential: replaced by 'CLID_anonymous'",20,2,1,4,0
601,"confidential: replaced by 'CLID_anonymous'",20,2,2,4,0
601,"confidential: replaced by 'CLID_anonymous'",20,2,3,3,0
601,"confidential: replaced by 'CLID_anonymous'",20,2,4,3,0
601,"confidential: replaced by 'CLID_anonymous'",13,1,1,6,0
601,"confidential: replaced by 'CLID_anonymous'",13,1,2,6,0
601,"confidential: replaced by 'CLID_anonymous'",13,1,3,6,0
601,"confidential: replaced by 'CLID_anonymous'",13,1,4,6,0
601,"confidential: replaced by 'CLID_anonymous'",13,2,1,3,0
601,"confidential: replaced by 'CLID_anonymous'",13,2,2,4,1
601,"confidential: replaced by 'CLID_anonymous'",13,2,3,4,1
601,"confidential: replaced by 'CLID_anonymous'",13,2,4,4,1
601,"confidential: replaced by 'CLID_anonymous'",55,1,1,10,0
601,"confidential: replaced by 'CLID_anonymous'",55,1,2,11,0
601,"confidential: replaced by 'CLID_anonymous'",55,1,3,12,0
601,"confidential: replaced by 'CLID_anonymous'",55,1,4,13,0
601,"confidential: replaced by 'CLID_anonymous'",9,1,1,6,2
601,"confidential: replaced by 'CLID_anonymous'",9,1,2,6,2
601,"confidential: replaced by 'CLID_anonymous'",9,1,3,8,0
601,"confidential: replaced by 'CLID_anonymous'",9,1,4,7,0
601,"confidential: replaced by 'CLID_anonymous'",36,1,1,7,0
601,"confidential: replaced by 'CLID_anonymous'",36,1,2,6,0
601,"confidential: replaced by 'CLID_anonymous'",36,1,3,6,0
601,"confidential: replaced by 'CLID_anonymous'",36,1,4,7,0
601,"confidential: replaced by 'CLID_anonymous'",73,1,1,,
601,"confidential: replaced by 'CLID_anonymous'",73,1,2,,
601,"confidential: replaced by 'CLID_anonymous'",73,1,3,,
601,"confidential: replaced by 'CLID_anonymous'",73,1,4,,
601,"confidential: replaced by 'CLID_anonymous'",73,2,1,25,0
601,"confidential: replaced by 'CLID_anonymous'",73,2,2,25,0
601,"confidential: replaced by 'CLID_anonymous'",73,2,3,23,0
601,"confidential: replaced by 'CLID_anonymous'",73,2,4,21,0
601,"confidential: replaced by 'CLID_anonymous'",73,3,1,25,1
601,"confidential: replaced by 'CLID_anonymous'",73,3,2,26,0
601,"confidential: replaced by 'CLID_anonymous'",73,3,3,26,0
601,"confidential: replaced by 'CLID_anonymous'",73,3,4,24,0
601,"confidential: replaced by 'CLID_anonymous'",34,1,1,2,2
601,"confidential: replaced by 'CLID_anonymous'",34,1,2,2,2
601,"confidential: replaced by 'CLID_anonymous'",34,1,3,2,2
601,"confidential: replaced by 'CLID_anonymous'",34,1,4,1,1
601,"confidential: replaced by 'CLID_anonymous'",34,2,1,6,7
601,"confidential: replaced by 'CLID_anonymous'",34,2,2,5,7
601,"confidential: replaced by 'CLID_anonymous'",34,2,3,7,7
601,"confidential: replaced by 'CLID_anonymous'",34,2,4,7,7
601,"confidential: replaced by 'CLID_anonymous'",34,3,1,5,5
601,"confidential: replaced by 'CLID_anonymous'",34,3,2,3,3
601,"confidential: replaced by 'CLID_anonymous'",34,3,3,1,1
601,"confidential: replaced by 'CLID_anonymous'",34,3,4,3,3
601,"confidential: replaced by 'CLID_anonymous'",64,1,1,26,1
601,"confidential: replaced by 'CLID_anonymous'",64,1,2,25,0
601,"confidential: replaced by 'CLID_anonymous'",64,1,3,25,0
601,"confidential: replaced by 'CLID_anonymous'",64,1,4,24,0
601,"confidential: replaced by 'CLID_anonymous'",64,2,1,33,1
601,"confidential: replaced by 'CLID_anonymous'",64,2,2,35,0
601,"confidential: replaced by 'CLID_anonymous'",64,2,3,35,0
601,"confidential: replaced by 'CLID_anonymous'",64,2,4,37,0
601,"confidential: replaced by 'CLID_anonymous'",64,3,1,18,0
601,"confidential: replaced by 'CLID_anonymous'",64,3,2,18,0
601,"confidential: replaced by 'CLID_anonymous'",64,3,3,17,0
601,"confidential: replaced by 'CLID_anonymous'",64,3,4,17,0
601,"confidential: replaced by 'CLID_anonymous'",64,4,1,28,0
601,"confidential: replaced by 'CLID_anonymous'",64,4,2,29,1
601,"confidential: replaced by 'CLID_anonymous'",64,4,3,33,0
601,"confidential: replaced by 'CLID_anonymous'",64,4,4,33,0
601,"confidential: replaced by 'CLID_anonymous'",64,5,1,19,19
601,"confidential: replaced by 'CLID_anonymous'",64,5,2,19,19
601,"confidential: replaced by 'CLID_anonymous'",64,5,3,15,15
601,"confidential: replaced by 'CLID_anonymous'",64,5,4,0,0
601,"confidential: replaced by 'CLID_anonymous'",78,1,1,6,0
601,"confidential: replaced by 'CLID_anonymous'",78,1,2,6,0
601,"confidential: replaced by 'CLID_anonymous'",78,1,3,4,0
601,"confidential: replaced by 'CLID_anonymous'",78,1,4,6,0
601,"confidential: replaced by 'CLID_anonymous'",2,1,1,10,0
601,"confidential: replaced by 'CLID_anonymous'",2,1,2,10,0
601,"confidential: replaced by 'CLID_anonymous'",2,1,3,10,0
601,"confidential: replaced by 'CLID_anonymous'",2,1,4,10,0
601,"confidential: replaced by 'CLID_anonymous'",51,1,1,13,0
601,"confidential: replaced by 'CLID_anonymous'",51,1,2,13,0
601,"confidential: replaced by 'CLID_anonymous'",51,1,3,9,0
601,"confidential: replaced by 'CLID_anonymous'",51,1,4,9,0
601,"confidential: replaced by 'CLID_anonymous'",57,1,1,26,0
601,"confidential: replaced by 'CLID_anonymous'",57,1,2,28,0
601,"confidential: replaced by 'CLID_anonymous'",57,1,3,27,0
601,"confidential: replaced by 'CLID_anonymous'",57,1,4,26,0
601,"confidential: replaced by 'CLID_anonymous'",76,1,1,7,0
601,"confidential: replaced by 'CLID_anonymous'",76,1,2,9,1
601,"confidential: replaced by 'CLID_anonymous'",76,1,3,9,1
601,"confidential: replaced by 'CLID_anonymous'",76,1,4,10,0
601,"confidential: replaced by 'CLID_anonymous'",76,2,1,8,0
601,"confidential: replaced by 'CLID_anonymous'",76,2,2,8,0
601,"confidential: replaced by 'CLID_anonymous'",76,2,3,8,0
601,"confidential: replaced by 'CLID_anonymous'",76,2,4,9,0
601,"confidential: replaced by 'CLID_anonymous'",59,1,1,4,0
601,"confidential: replaced by 'CLID_anonymous'",59,1,2,6,0
601,"confidential: replaced by 'CLID_anonymous'",59,1,3,6,0
601,"confidential: replaced by 'CLID_anonymous'",59,1,4,3,0
602,"confidential: replaced by 'CLID_anonymous'",35,1,1,5,0
602,"confidential: replaced by 'CLID_anonymous'",35,1,2,8,0
602,"confidential: replaced by 'CLID_anonymous'",35,1,3,3,0
602,"confidential: replaced by 'CLID_anonymous'",35,1,4,3,0
602,"confidential: replaced by 'CLID_anonymous'",72,1,1,,
602,"confidential: replaced by 'CLID_anonymous'",72,1,2,,
602,"confidential: replaced by 'CLID_anonymous'",72,1,3,,
602,"confidential: replaced by 'CLID_anonymous'",72,1,4,,
602,"confidential: replaced by 'CLID_anonymous'",42,1,1,7,0
602,"confidential: replaced by 'CLID_anonymous'",42,1,2,10,0
602,"confidential: replaced by 'CLID_anonymous'",42,1,3,11,0
602,"confidential: replaced by 'CLID_anonymous'",42,1,4,10,0
602,"confidential: replaced by 'CLID_anonymous'",69,1,1,10,0
602,"confidential: replaced by 'CLID_anonymous'",69,1,2,10,0
602,"confidential: replaced by 'CLID_anonymous'",69,1,3,8,1
602,"confidential: replaced by 'CLID_anonymous'",69,1,4,8,1
602,"confidential: replaced by 'CLID_anonymous'",69,2,1,6,1
602,"confidential: replaced by 'CLID_anonymous'",69,2,2,6,1
602,"confidential: replaced by 'CLID_anonymous'",69,2,3,3,0
602,"confidential: replaced by 'CLID_anonymous'",69,2,4,3,0
602,"confidential: replaced by 'CLID_anonymous'",47,1,1,8,0
602,"confidential: replaced by 'CLID_anonymous'",47,1,2,8,0
602,"confidential: replaced by 'CLID_anonymous'",47,1,3,8,0
602,"confidential: replaced by 'CLID_anonymous'",47,1,4,6,0
602,"confidential: replaced by 'CLID_anonymous'",47,2,1,4,0
602,"confidential: replaced by 'CLID_anonymous'",47,2,2,4,0
602,"confidential: replaced by 'CLID_anonymous'",47,2,3,4,0
602,"confidential: replaced by 'CLID_anonymous'",47,2,4,4,0
602,"confidential: replaced by 'CLID_anonymous'",10,1,1,5,1
602,"confidential: replaced by 'CLID_anonymous'",10,1,2,6,1
602,"confidential: replaced by 'CLID_anonymous'",10,1,3,6,1
602,"confidential: replaced by 'CLID_anonymous'",10,1,4,7,0
602,"confidential: replaced by 'CLID_anonymous'",33,1,1,32,0
602,"confidential: replaced by 'CLID_anonymous'",33,1,2,33,0
602,"confidential: replaced by 'CLID_anonymous'",33,1,3,33,0
602,"confidential: replaced by 'CLID_anonymous'",33,1,4,32,0
602,"confidential: replaced by 'CLID_anonymous'",33,2,1,30,1
602,"confidential: replaced by 'CLID_anonymous'",33,2,2,29,1
602,"confidential: replaced by 'CLID_anonymous'",33,2,3,26,1
602,"confidential: replaced by 'CLID_anonymous'",33,2,4,29,1
602,"confidential: replaced by 'CLID_anonymous'",33,3,1,10,0
602,"confidential: replaced by 'CLID_anonymous'",33,3,2,10,0
602,"confidential: replaced by 'CLID_anonymous'",33,3,3,11,0
602,"confidential: replaced by 'CLID_anonymous'",33,3,4,10,0
602,"confidential: replaced by 'CLID_anonymous'",33,4,1,28,1
602,"confidential: replaced by 'CLID_anonymous'",33,4,2,29,1
602,"confidential: replaced by 'CLID_anonymous'",33,4,3,28,1
602,"confidential: replaced by 'CLID_anonymous'",33,4,4,29,1
602,"confidential: replaced by 'CLID_anonymous'",28,1,1,,
602,"confidential: replaced by 'CLID_anonymous'",28,1,2,,
602,"confidential: replaced by 'CLID_anonymous'",28,1,3,,
602,"confidential: replaced by 'CLID_anonymous'",28,1,4,,
602,"confidential: replaced by 'CLID_anonymous'",28,2,1,,
602,"confidential: replaced by 'CLID_anonymous'",28,2,2,,
602,"confidential: replaced by 'CLID_anonymous'",28,2,3,,
602,"confidential: replaced by 'CLID_anonymous'",28,2,4,,
602,"confidential: replaced by 'CLID_anonymous'",28,3,1,,
602,"confidential: replaced by 'CLID_anonymous'",28,3,2,,
602,"confidential: replaced by 'CLID_anonymous'",28,3,3,,
602,"confidential: replaced by 'CLID_anonymous'",28,3,4,,
602,"confidential: replaced by 'CLID_anonymous'",28,4,1,,
602,"confidential: replaced by 'CLID_anonymous'",28,4,2,,
602,"confidential: replaced by 'CLID_anonymous'",28,4,3,,
602,"confidential: replaced by 'CLID_anonymous'",28,4,4,,
602,"confidential: replaced by 'CLID_anonymous'",28,5,1,33,33
602,"confidential: replaced by 'CLID_anonymous'",28,5,2,31,31
602,"confidential: replaced by 'CLID_anonymous'",28,5,3,28,28
602,"confidential: replaced by 'CLID_anonymous'",28,5,4,28,28
602,"confidential: replaced by 'CLID_anonymous'",11,1,1,9,0
602,"confidential: replaced by 'CLID_anonymous'",11,1,2,9,0
602,"confidential: replaced by 'CLID_anonymous'",11,1,3,8,0
602,"confidential: replaced by 'CLID_anonymous'",11,1,4,8,0
602,"confidential: replaced by 'CLID_anonymous'",11,2,1,9,0
602,"confidential: replaced by 'CLID_anonymous'",11,2,2,11,0
602,"confidential: replaced by 'CLID_anonymous'",11,2,3,10,0
602,"confidential: replaced by 'CLID_anonymous'",11,2,4,7,0
602,"confidential: replaced by 'CLID_anonymous'",81,1,1,5,5
602,"confidential: replaced by 'CLID_anonymous'",81,1,2,3,3
602,"confidential: replaced by 'CLID_anonymous'",81,1,3,3,3
602,"confidential: replaced by 'CLID_anonymous'",81,1,4,6,6
602,"confidential: replaced by 'CLID_anonymous'",29,1,1,4,1
602,"confidential: replaced by 'CLID_anonymous'",29,1,2,2,0
602,"confidential: replaced by 'CLID_anonymous'",29,1,3,3,0
602,"confidential: replaced by 'CLID_anonymous'",29,1,4,3,0
602,"confidential: replaced by 'CLID_anonymous'",45,1,1,6,0
602,"confidential: replaced by 'CLID_anonymous'",45,1,2,7,0
602,"confidential: replaced by 'CLID_anonymous'",45,1,3,7,0
602,"confidential: replaced by 'CLID_anonymous'",45,1,4,7,0
602,"confidential: replaced by 'CLID_anonymous'",39,1,1,9,9
602,"confidential: replaced by 'CLID_anonymous'",39,1,2,11,12
602,"confidential: replaced by 'CLID_anonymous'",39,1,3,8,9
602,"confidential: replaced by 'CLID_anonymous'",39,1,4,10,10
602,"confidential: replaced by 'CLID_anonymous'",44,1,1,10,0
602,"confidential: replaced by 'CLID_anonymous'",44,1,2,11,0
602,"confidential: replaced by 'CLID_anonymous'",44,1,3,10,0
602,"confidential: replaced by 'CLID_anonymous'",44,1,4,9,0
602,"confidential: replaced by 'CLID_anonymous'",44,2,1,11,11
602,"confidential: replaced by 'CLID_anonymous'",44,2,2,11,11
602,"confidential: replaced by 'CLID_anonymous'",44,2,3,14,14
602,"confidential: replaced by 'CLID_anonymous'",44,2,4,11,11
602,"confidential: replaced by 'CLID_anonymous'",18,1,1,7,1
602,"confidential: replaced by 'CLID_anonymous'",18,1,2,7,0
602,"confidential: replaced by 'CLID_anonymous'",18,1,3,8,0
602,"confidential: replaced by 'CLID_anonymous'",18,1,4,10,0
602,"confidential: replaced by 'CLID_anonymous'",12,1,1,,
602,"confidential: replaced by 'CLID_anonymous'",12,1,2,,
602,"confidential: replaced by 'CLID_anonymous'",12,1,3,,
602,"confidential: replaced by 'CLID_anonymous'",12,1,4,,
602,"confidential: replaced by 'CLID_anonymous'",65,1,1,5,5
602,"confidential: replaced by 'CLID_anonymous'",65,1,2,5,5
602,"confidential: replaced by 'CLID_anonymous'",65,1,3,5,5
602,"confidential: replaced by 'CLID_anonymous'",65,1,4,4,4
602,"confidential: replaced by 'CLID_anonymous'",54,1,1,6,0
602,"confidential: replaced by 'CLID_anonymous'",54,1,2,6,0
602,"confidential: replaced by 'CLID_anonymous'",54,1,3,7,0
602,"confidential: replaced by 'CLID_anonymous'",54,1,4,5,0
602,"confidential: replaced by 'CLID_anonymous'",54,2,1,3,3
602,"confidential: replaced by 'CLID_anonymous'",54,2,2,3,3
602,"confidential: replaced by 'CLID_anonymous'",54,2,3,3,3
602,"confidential: replaced by 'CLID_anonymous'",54,2,4,2,2
602,"confidential: replaced by 'CLID_anonymous'",38,1,1,10,0
602,"confidential: replaced by 'CLID_anonymous'",38,1,2,10,0
602,"confidential: replaced by 'CLID_anonymous'",38,1,3,8,0
602,"confidential: replaced by 'CLID_anonymous'",38,1,4,8,0
602,"confidential: replaced by 'CLID_anonymous'",25,1,1,6,7
602,"confidential: replaced by 'CLID_anonymous'",25,1,2,6,7
602,"confidential: replaced by 'CLID_anonymous'",25,1,3,6,7
602,"confidential: replaced by 'CLID_anonymous'",25,1,4,6,7
602,"confidential: replaced by 'CLID_anonymous'",23,1,1,8,0
602,"confidential: replaced by 'CLID_anonymous'",23,1,2,9,0
602,"confidential: replaced by 'CLID_anonymous'",23,1,3,10,0
602,"confidential: replaced by 'CLID_anonymous'",23,1,4,10,0
602,"confidential: replaced by 'CLID_anonymous'",31,1,1,6,0
602,"confidential: replaced by 'CLID_anonymous'",31,1,2,7,0
602,"confidential: replaced by 'CLID_anonymous'",31,1,3,8,0
602,"confidential: replaced by 'CLID_anonymous'",31,1,4,9,0
602,"confidential: replaced by 'CLID_anonymous'",31,2,1,,
602,"confidential: replaced by 'CLID_anonymous'",31,2,2,,
602,"confidential: replaced by 'CLID_anonymous'",31,2,3,,
602,"confidential: replaced by 'CLID_anonymous'",31,2,4,,
602,"confidential: replaced by 'CLID_anonymous'",24,1,1,7,0
602,"confidential: replaced by 'CLID_anonymous'",24,1,2,7,0
602,"confidential: replaced by 'CLID_anonymous'",24,1,3,7,0
602,"confidential: replaced by 'CLID_anonymous'",24,1,4,6,0
