"COMMENTTYPE","TABLENAME","DistID","CLID","CLID_anonymous","SchoolID","SVID","REID","ChildID","GID","NEID","YearsID","Y2ID","varlabel","VARIABLENAME","originalEntry","English","anonymous_data_ID"
"TRANS","School",104,"confidential: replaced by 'CLID_anonymous'",26,1,,,,,,,,"Record the GPS coordinates for this school","schlGPS","confidential: removed from data","confidential: removed from data",1
"TRANS","School",104,"confidential: replaced by 'CLID_anonymous'",26,1,,,,,,,,"Retype school name","schlName_other","confidential: removed from data","confidential: removed from data",2
"TRANS","School",104,"confidential: replaced by 'CLID_anonymous'",26,1,,,,,,,,"Comment","schlComment","confidential: removed from data","confidential: removed from data",3
"TRANS","School",104,"confidential: replaced by 'CLID_anonymous'",46,1,,,,,,,,"Comment","schlComment","confidential: removed from data","confidential: removed from data",4
"COMMENT","School",104,"confidential: replaced by 'CLID_anonymous'",46,1,,,,,,,,"How many years has the head teacher been in this post?","headTeacherYrs","confidential: removed from data","confidential: removed from data",5
"TRANS","School",104,"confidential: replaced by 'CLID_anonymous'",46,1,,,,,,,,"Retype school name","schlName_other","confidential: removed from data","confidential: removed from data",6
"COMMENT","RespondentEdu",104,"confidential: replaced by 'CLID_anonymous'",46,1,,1,,,,,,"Respondent residence in community in years","REresidence","confidential: removed from data","confidential: removed from data",7
"TRANS","School",104,"confidential: replaced by 'CLID_anonymous'",46,1,,,,,,,,"Record the GPS coordinates for this school","schlGPS","confidential: removed from data","confidential: removed from data",8
"TRANS","School",104,"confidential: replaced by 'CLID_anonymous'",77,1,,,,,,,,"Comment","schlComment","confidential: removed from data","confidential: removed from data",9
"TRANS","School",104,"confidential: replaced by 'CLID_anonymous'",77,1,,,,,,,,"Record the GPS coordinates for this school","schlGPS","confidential: removed from data","confidential: removed from data",10
"TRANS","SchoolVill",104,"confidential: replaced by 'CLID_anonymous'",77,1,3,,,,,,,"No description entered","vlgName_other","confidential: removed from data","confidential: removed from data",11
"TRANS","School",104,"confidential: replaced by 'CLID_anonymous'",77,1,,,,,,,,"Retype school name","schlName_other","confidential: removed from data","confidential: removed from data",12
"TRANS","SchoolVill",104,"confidential: replaced by 'CLID_anonymous'",77,1,2,,,,,,,"No description entered","vlgName_other","confidential: removed from data","confidential: removed from data",13
"TRANS","School",104,"confidential: replaced by 'CLID_anonymous'",63,2,,,,,,,,"Record the GPS coordinates for this school","schlGPS","confidential: removed from data","confidential: removed from data",14
"TRANS","School",104,"confidential: replaced by 'CLID_anonymous'",63,2,,,,,,,,"Comment","schlComment","confidential: removed from data","confidential: removed from data",15
"TRANS","School",104,"confidential: replaced by 'CLID_anonymous'",63,1,,,,,,,,"Record the GPS coordinates for this school","schlGPS","confidential: removed from data","confidential: removed from data",16
"TRANS","School",104,"confidential: replaced by 'CLID_anonymous'",63,1,,,,,,,,"Comment","schlComment","confidential: removed from data","confidential: removed from data",17
"TRANS","SchoolVill",104,"confidential: replaced by 'CLID_anonymous'",63,2,1,,,,,,,"No description entered","vlgName_other","confidential: removed from data","confidential: removed from data",18
"TRANS","School",104,"confidential: replaced by 'CLID_anonymous'",63,1,,,,,,,,"Retype school name","schlName_other","confidential: removed from data","confidential: removed from data",19
"TRANS","School",104,"confidential: replaced by 'CLID_anonymous'",63,2,,,,,,,,"Other specify","schlLocVlg_other","confidential: removed from data","confidential: removed from data",20
"TRANS","School",104,"confidential: replaced by 'CLID_anonymous'",63,2,,,,,,,,"Retype school name","schlName_other","confidential: removed from data","confidential: removed from data",21
"TRANS","School",104,"confidential: replaced by 'CLID_anonymous'",15,1,,,,,,,,"Comment","schlComment","confidential: removed from data","confidential: removed from data",22
"COMMENT","Assistance",104,"confidential: replaced by 'CLID_anonymous'",15,1,,,,,,,1,"Did this school receive any assistance or contributions from NGOs/ Religious org","asstNGO","confidential: removed from data","confidential: removed from data",23
"TRANS","School",104,"confidential: replaced by 'CLID_anonymous'",15,1,,,,,,,,"Record the GPS coordinates for this school","schlGPS","confidential: removed from data","confidential: removed from data",24
"TRANS","School",104,"confidential: replaced by 'CLID_anonymous'",15,2,,,,,,,,"Record the GPS coordinates for this school","schlGPS","confidential: removed from data","confidential: removed from data",25
"TRANS","School",104,"confidential: replaced by 'CLID_anonymous'",15,3,,,,,,,,"Retype school name","schlName_other","confidential: removed from data","confidential: removed from data",26
"COMMENT","Assistance",104,"confidential: replaced by 'CLID_anonymous'",15,2,,,,,,,1,"Did this school receive any assistance or contributions from NGOs/ Religious org","asstNGO","confidential: removed from data","confidential: removed from data",27
"COMMENT","Grade",104,"confidential: replaced by 'CLID_anonymous'",15,2,,,,1,,,,"Total number of students, across all shifts","studentNo","confidential: removed from data","confidential: removed from data",28
"COMMENT","Assistance",104,"confidential: replaced by 'CLID_anonymous'",15,2,,,,,,,2,"Did this school receive any assistance or contributions from NGOs/ Religious org","asstNGO","confidential: removed from data","confidential: removed from data",29
"TRANS","School",104,"confidential: replaced by 'CLID_anonymous'",15,3,,,,,,,,"Record the GPS coordinates for this school","schlGPS","confidential: removed from data","confidential: removed from data",30
"COMMENT","Assistance",104,"confidential: replaced by 'CLID_anonymous'",15,2,,,,,,,3,"Did this school receive any assistance or contributions from NGOs/ Religious org","asstNGO","confidential: removed from data","confidential: removed from data",31
"TRANS","School",104,"confidential: replaced by 'CLID_anonymous'",15,2,,,,,,,,"Comment","schlComment","confidential: removed from data","confidential: removed from data",32
"TRANS","School",104,"confidential: replaced by 'CLID_anonymous'",15,3,,,,,,,,"Comment","schlComment","confidential: removed from data","confidential: removed from data",33
"TRANS","School",104,"confidential: replaced by 'CLID_anonymous'",15,2,,,,,,,,"Retype school name","schlName_other","confidential: removed from data","confidential: removed from data",34
"TRANS","School",104,"confidential: replaced by 'CLID_anonymous'",15,1,,,,,,,,"Retype school name","schlName_other","confidential: removed from data","confidential: removed from data",35
"TRANS","School",104,"confidential: replaced by 'CLID_anonymous'",16,1,,,,,,,,"Retype school name","schlName_other","confidential: removed from data","confidential: removed from data",36
"TRANS","School",104,"confidential: replaced by 'CLID_anonymous'",16,1,,,,,,,,"Comment","schlComment","confidential: removed from data","confidential: removed from data",37
"TRANS","School",104,"confidential: replaced by 'CLID_anonymous'",16,1,,,,,,,,"Record the GPS coordinates for this school","schlGPS","confidential: removed from data","confidential: removed from data",38
"COMMENT","Attendance",104,"confidential: replaced by 'CLID_anonymous'",16,1,,,7,,,,,"Attendance sheet student class","class","confidential: removed from data","confidential: removed from data",39
"COMMENT","Attendance",104,"confidential: replaced by 'CLID_anonymous'",16,1,,,8,,,,,"Attendance sheet student class","class","confidential: removed from data","confidential: removed from data",40
"TRANS","School",104,"confidential: replaced by 'CLID_anonymous'",80,2,,,,,,,,"Comment","schlComment","confidential: removed from data","confidential: removed from data",41
"TRANS","School",104,"confidential: replaced by 'CLID_anonymous'",80,2,,,,,,,,"Record the GPS coordinates for this school","schlGPS","confidential: removed from data","confidential: removed from data",42
"COMMENT","Grade",104,"confidential: replaced by 'CLID_anonymous'",80,2,,,,1,,,,"Total number of students, across all shifts","studentNo","confidential: removed from data","confidential: removed from data",43
"TRANS","School",104,"confidential: replaced by 'CLID_anonymous'",80,1,,,,,,,,"Comment","schlComment","confidential: removed from data","confidential: removed from data",44
"TRANS","School",104,"confidential: replaced by 'CLID_anonymous'",80,2,,,,,,,,"Other specify","schlLocVlg_other","confidential: removed from data","confidential: removed from data",45
"TRANS","SchoolVill",104,"confidential: replaced by 'CLID_anonymous'",80,2,1,,,,,,,"No description entered","vlgName_other","confidential: removed from data","confidential: removed from data",46
"TRANS","School",104,"confidential: replaced by 'CLID_anonymous'",80,3,,,,,,,,"Retype school name","schlName_other","confidential: removed from data","confidential: removed from data",47
"TRANS","School",104,"confidential: replaced by 'CLID_anonymous'",80,3,,,,,,,,"Comment","schlComment","confidential: removed from data","confidential: removed from data",48
"TRANS","School",104,"confidential: replaced by 'CLID_anonymous'",80,2,,,,,,,,"Retype school name","schlName_other","confidential: removed from data","confidential: removed from data",49
"TRANS","School",104,"confidential: replaced by 'CLID_anonymous'",80,1,,,,,,,,"Record the GPS coordinates for this school","schlGPS","confidential: removed from data","confidential: removed from data",50
"TRANS","School",104,"confidential: replaced by 'CLID_anonymous'",80,3,,,,,,,,"Record the GPS coordinates for this school","schlGPS","confidential: removed from data","confidential: removed from data",51
"TRANS","School",104,"confidential: replaced by 'CLID_anonymous'",80,1,,,,,,,,"Retype school name","schlName_other","confidential: removed from data","confidential: removed from data",52
"TRANS","School",104,"confidential: replaced by 'CLID_anonymous'",22,1,,,,,,,,"Retype school name","schlName_other","confidential: removed from data","confidential: removed from data",53
"TRANS","School",104,"confidential: replaced by 'CLID_anonymous'",22,1,,,,,,,,"Record the GPS coordinates for this school","schlGPS","confidential: removed from data","confidential: removed from data",54
"TRANS","School",104,"confidential: replaced by 'CLID_anonymous'",22,1,,,,,,,,"Comment","schlComment","confidential: removed from data","confidential: removed from data",55
"TRANS","School",104,"confidential: replaced by 'CLID_anonymous'",67,1,,,,,,,,"Record the GPS coordinates for this school","schlGPS","confidential: removed from data","confidential: removed from data",56
"TRANS","School",104,"confidential: replaced by 'CLID_anonymous'",67,1,,,,,,,,"Retype school name","schlName_other","confidential: removed from data","confidential: removed from data",57
"TRANS","School",104,"confidential: replaced by 'CLID_anonymous'",67,1,,,,,,,,"Comment","schlComment","confidential: removed from data","confidential: removed from data",58
"TRANS","School",104,"confidential: replaced by 'CLID_anonymous'",40,2,,,,,,,,"Retype school name","schlName_other","confidential: removed from data","confidential: removed from data",59
"TRANS","School",104,"confidential: replaced by 'CLID_anonymous'",40,1,,,,,,,,"Record the GPS coordinates for this school","schlGPS","confidential: removed from data","confidential: removed from data",60
"TRANS","School",104,"confidential: replaced by 'CLID_anonymous'",40,2,,,,,,,,"Comment","schlComment","confidential: removed from data","confidential: removed from data",61
"TRANS","School",104,"confidential: replaced by 'CLID_anonymous'",40,2,,,,,,,,"Record the GPS coordinates for this school","schlGPS","confidential: removed from data","confidential: removed from data",62
"TRANS","School",104,"confidential: replaced by 'CLID_anonymous'",40,1,,,,,,,,"Comment","schlComment","confidential: removed from data","confidential: removed from data",63
"TRANS","School",104,"confidential: replaced by 'CLID_anonymous'",40,1,,,,,,,,"Retype school name","schlName_other","confidential: removed from data","confidential: removed from data",64
"TRANS","School",104,"confidential: replaced by 'CLID_anonymous'",19,1,,,,,,,,"Retype school name","schlName_other","confidential: removed from data","confidential: removed from data",65
"TRANS","School",104,"confidential: replaced by 'CLID_anonymous'",19,2,,,,,,,,"Retype school name","schlName_other","confidential: removed from data","confidential: removed from data",66
"TRANS","School",104,"confidential: replaced by 'CLID_anonymous'",19,1,,,,,,,,"Record the GPS coordinates for this school","schlGPS","confidential: removed from data","confidential: removed from data",67
"TRANS","School",104,"confidential: replaced by 'CLID_anonymous'",19,2,,,,,,,,"Comment","schlComment","confidential: removed from data","confidential: removed from data",68
"TRANS","School",104,"confidential: replaced by 'CLID_anonymous'",19,1,,,,,,,,"Comment","schlComment","confidential: removed from data","confidential: removed from data",69
"COMMENT","School",104,"confidential: replaced by 'CLID_anonymous'",19,2,,,,,,,,"How many years has the head teacher been in this post?","headTeacherYrs","confidential: removed from data","confidential: removed from data",70
"TRANS","School",104,"confidential: replaced by 'CLID_anonymous'",19,2,,,,,,,,"Record the GPS coordinates for this school","schlGPS","confidential: removed from data","confidential: removed from data",71
"TRANS","School",104,"confidential: replaced by 'CLID_anonymous'",50,1,,,,,,,,"Record the GPS coordinates for this school","schlGPS","confidential: removed from data","confidential: removed from data",72
"TRANS","School",104,"confidential: replaced by 'CLID_anonymous'",50,1,,,,,,,,"Retype school name","schlName_other","confidential: removed from data","confidential: removed from data",73
"TRANS","School",104,"confidential: replaced by 'CLID_anonymous'",50,1,,,,,,,,"Comment","schlComment","confidential: removed from data","confidential: removed from data",74
"TRANS","School",104,"confidential: replaced by 'CLID_anonymous'",6,1,,,,,,,,"Retype school name","schlName_other","confidential: removed from data","confidential: removed from data",75
"TRANS","School",104,"confidential: replaced by 'CLID_anonymous'",6,1,,,,,,,,"Record the GPS coordinates for this school","schlGPS","confidential: removed from data","confidential: removed from data",76
"TRANS","School",104,"confidential: replaced by 'CLID_anonymous'",6,1,,,,,,,,"Comment","schlComment","confidential: removed from data","confidential: removed from data",77
"TRANS","School",104,"confidential: replaced by 'CLID_anonymous'",48,1,,,,,,,,"Record the GPS coordinates for this school","schlGPS","confidential: removed from data","confidential: removed from data",78
"TRANS","School",104,"confidential: replaced by 'CLID_anonymous'",48,1,,,,,,,,"Comment","schlComment","confidential: removed from data","confidential: removed from data",79
"TRANS","School",104,"confidential: replaced by 'CLID_anonymous'",48,1,,,,,,,,"Retype school name","schlName_other","confidential: removed from data","confidential: removed from data",80
"TRANS","School",104,"confidential: replaced by 'CLID_anonymous'",56,2,,,,,,,,"Comment","schlComment","confidential: removed from data","confidential: removed from data",81
"TRANS","School",104,"confidential: replaced by 'CLID_anonymous'",56,1,,,,,,,,"Retype school name","schlName_other","confidential: removed from data","confidential: removed from data",82
"TRANS","School",104,"confidential: replaced by 'CLID_anonymous'",56,1,,,,,,,,"Record the GPS coordinates for this school","schlGPS","confidential: removed from data","confidential: removed from data",83
"TRANS","School",104,"confidential: replaced by 'CLID_anonymous'",56,2,,,,,,,,"Retype school name","schlName_other","confidential: removed from data","confidential: removed from data",84
"TRANS","School",104,"confidential: replaced by 'CLID_anonymous'",56,2,,,,,,,,"Record the GPS coordinates for this school","schlGPS","confidential: removed from data","confidential: removed from data",85
"TRANS","School",104,"confidential: replaced by 'CLID_anonymous'",56,1,,,,,,,,"Comment","schlComment","confidential: removed from data","confidential: removed from data",86
"TRANS","School",104,"confidential: replaced by 'CLID_anonymous'",82,1,,,,,,,,"Comment","schlComment","confidential: removed from data","confidential: removed from data",87
"TRANS","School",104,"confidential: replaced by 'CLID_anonymous'",82,1,,,,,,,,"Record the GPS coordinates for this school","schlGPS","confidential: removed from data","confidential: removed from data",88
"TRANS","School",104,"confidential: replaced by 'CLID_anonymous'",82,1,,,,,,,,"Retype school name","schlName_other","confidential: removed from data","confidential: removed from data",89
"TRANS","School",104,"confidential: replaced by 'CLID_anonymous'",70,1,,,,,,,,"Record the GPS coordinates for this school","schlGPS","confidential: removed from data","confidential: removed from data",90
"TRANS","School",104,"confidential: replaced by 'CLID_anonymous'",70,1,,,,,,,,"Comment","schlComment","confidential: removed from data","confidential: removed from data",91
"TRANS","School",104,"confidential: replaced by 'CLID_anonymous'",70,1,,,,,,,,"Retype school name","schlName_other","confidential: removed from data","confidential: removed from data",92
"OTHER","RespondentEdu",104,"confidential: replaced by 'CLID_anonymous'",70,1,,2,,,,,,"Respondent Role/Position","REposition","confidential: removed from data","confidential: removed from data",93
"TRANS","School",104,"confidential: replaced by 'CLID_anonymous'",52,1,,,,,,,,"Comment","schlComment","confidential: removed from data","confidential: removed from data",94
"TRANS","School",104,"confidential: replaced by 'CLID_anonymous'",52,1,,,,,,,,"Record the GPS coordinates for this school","schlGPS","confidential: removed from data","confidential: removed from data",95
"TRANS","School",104,"confidential: replaced by 'CLID_anonymous'",52,1,,,,,,,,"Retype school name","schlName_other","confidential: removed from data","confidential: removed from data",96
"TRANS","School",104,"confidential: replaced by 'CLID_anonymous'",27,1,,,,,,,,"Comment","schlComment","confidential: removed from data","confidential: removed from data",97
"TRANS","School",104,"confidential: replaced by 'CLID_anonymous'",27,1,,,,,,,,"Retype school name","schlName_other","confidential: removed from data","confidential: removed from data",98
"TRANS","School",104,"confidential: replaced by 'CLID_anonymous'",27,1,,,,,,,,"Record the GPS coordinates for this school","schlGPS","confidential: removed from data","confidential: removed from data",99
"TRANS","School",104,"confidential: replaced by 'CLID_anonymous'",68,1,,,,,,,,"Retype school name","schlName_other","confidential: removed from data","confidential: removed from data",100
"TRANS","School",104,"confidential: replaced by 'CLID_anonymous'",68,1,,,,,,,,"Record the GPS coordinates for this school","schlGPS","confidential: removed from data","confidential: removed from data",101
"COMMENT","Assistance",104,"confidential: replaced by 'CLID_anonymous'",68,1,,,,,,,3,"How much did the school receive?<font:color=bleu> in TSH","asstNGOamount","confidential: removed from data","confidential: removed from data",102
"TRANS","School",104,"confidential: replaced by 'CLID_anonymous'",68,1,,,,,,,,"Comment","schlComment","confidential: removed from data","confidential: removed from data",103
"TRANS","School",104,"confidential: replaced by 'CLID_anonymous'",8,1,,,,,,,,"Retype school name","schlName_other","confidential: removed from data","confidential: removed from data",104
"TRANS","School",104,"confidential: replaced by 'CLID_anonymous'",8,1,,,,,,,,"Comment","schlComment","confidential: removed from data","confidential: removed from data",105
"TRANS","School",104,"confidential: replaced by 'CLID_anonymous'",8,1,,,,,,,,"Record the GPS coordinates for this school","schlGPS","confidential: removed from data","confidential: removed from data",106
"TRANS","School",104,"confidential: replaced by 'CLID_anonymous'",66,1,,,,,,,,"Retype school name","schlName_other","confidential: removed from data","confidential: removed from data",107
"TRANS","School",104,"confidential: replaced by 'CLID_anonymous'",66,2,,,,,,,,"Record the GPS coordinates for this school","schlGPS","confidential: removed from data","confidential: removed from data",108
"TRANS","School",104,"confidential: replaced by 'CLID_anonymous'",66,2,,,,,,,,"Comment","schlComment","confidential: removed from data","confidential: removed from data",109
"TRANS","School",104,"confidential: replaced by 'CLID_anonymous'",66,1,,,,,,,,"Record the GPS coordinates for this school","schlGPS","confidential: removed from data","confidential: removed from data",110
"TRANS","School",104,"confidential: replaced by 'CLID_anonymous'",66,1,,,,,,,,"Comment","schlComment","confidential: removed from data","confidential: removed from data",111
"COMMENT","NationalExams",104,"confidential: replaced by 'CLID_anonymous'",66,1,,,,,3,,,"How many students sat for national primary examination?","exams","confidential: removed from data","confidential: removed from data",112
"TRANS","School",104,"confidential: replaced by 'CLID_anonymous'",66,2,,,,,,,,"Retype school name","schlName_other","confidential: removed from data","confidential: removed from data",113
"TRANS","School",601,"confidential: replaced by 'CLID_anonymous'",5,1,,,,,,,,"Retype school name","schlName_other","confidential: removed from data","confidential: removed from data",114
"OTHER","RespondentEdu",601,"confidential: replaced by 'CLID_anonymous'",5,1,,2,,,,,,"Respondent Role/Position","REposition","confidential: removed from data","confidential: removed from data",115
"OTHER","School",601,"confidential: replaced by 'CLID_anonymous'",5,1,,,,,,,,"If yes, who funds the program?","feedingProgFunds","confidential: removed from data","confidential: removed from data",116
"TRANS","School",601,"confidential: replaced by 'CLID_anonymous'",5,1,,,,,,,,"Record the GPS coordinates for this school","schlGPS","confidential: removed from data","confidential: removed from data",117
"TRANS","School",601,"confidential: replaced by 'CLID_anonymous'",5,1,,,,,,,,"Comment","schlComment","confidential: removed from data","confidential: removed from data",118
"TRANS","School",601,"confidential: replaced by 'CLID_anonymous'",49,1,,,,,,,,"Comment","schlComment","confidential: removed from data","confidential: removed from data",119
"TRANS","School",601,"confidential: replaced by 'CLID_anonymous'",49,1,,,,,,,,"Retype school name","schlName_other","confidential: removed from data","confidential: removed from data",120
"TRANS","School",601,"confidential: replaced by 'CLID_anonymous'",49,1,,,,,,,,"Record the GPS coordinates for this school","schlGPS","confidential: removed from data","confidential: removed from data",121
"OTHER","School",601,"confidential: replaced by 'CLID_anonymous'",74,2,,,,,,,,"If yes, who funds the program?","feedingProgFunds","confidential: removed from data","confidential: removed from data",122
"TRANS","School",601,"confidential: replaced by 'CLID_anonymous'",74,2,,,,,,,,"Record the GPS coordinates for this school","schlGPS","confidential: removed from data","confidential: removed from data",123
"TRANS","School",601,"confidential: replaced by 'CLID_anonymous'",74,1,,,,,,,,"Comment","schlComment","confidential: removed from data","confidential: removed from data",124
"TRANS","School",601,"confidential: replaced by 'CLID_anonymous'",74,1,,,,,,,,"Retype school name","schlName_other","confidential: removed from data","confidential: removed from data",125
"OTHER","School",601,"confidential: replaced by 'CLID_anonymous'",74,1,,,,,,,,"If yes, who funds the program?","feedingProgFunds","confidential: removed from data","confidential: removed from data",126
"TRANS","School",601,"confidential: replaced by 'CLID_anonymous'",74,2,,,,,,,,"Retype school name","schlName_other","confidential: removed from data","confidential: removed from data",127
"TRANS","School",601,"confidential: replaced by 'CLID_anonymous'",74,1,,,,,,,,"Record the GPS coordinates for this school","schlGPS","confidential: removed from data","confidential: removed from data",128
"TRANS","School",601,"confidential: replaced by 'CLID_anonymous'",74,2,,,,,,,,"Comment","schlComment","confidential: removed from data","confidential: removed from data",129
"TRANS","School",601,"confidential: replaced by 'CLID_anonymous'",62,1,,,,,,,,"Retype school name","schlName_other","confidential: removed from data","confidential: removed from data",130
"TRANS","SchoolVill",601,"confidential: replaced by 'CLID_anonymous'",62,3,3,,,,,,,"No description entered","vlgName_other","confidential: removed from data","confidential: removed from data",131
"TRANS","School",601,"confidential: replaced by 'CLID_anonymous'",62,2,,,,,,,,"Record the GPS coordinates for this school","schlGPS","confidential: removed from data","confidential: removed from data",132
"TRANS","School",601,"confidential: replaced by 'CLID_anonymous'",62,3,,,,,,,,"Retype school name","schlName_other","confidential: removed from data","confidential: removed from data",133
"TRANS","School",601,"confidential: replaced by 'CLID_anonymous'",62,3,,,,,,,,"Comment","schlComment","confidential: removed from data","confidential: removed from data",134
"TRANS","School",601,"confidential: replaced by 'CLID_anonymous'",62,3,,,,,,,,"Other specify","schlLocVlg_other","confidential: removed from data","confidential: removed from data",135
"TRANS","School",601,"confidential: replaced by 'CLID_anonymous'",62,1,,,,,,,,"Record the GPS coordinates for this school","schlGPS","confidential: removed from data","confidential: removed from data",136
"TRANS","School",601,"confidential: replaced by 'CLID_anonymous'",62,2,,,,,,,,"Retype school name","schlName_other","confidential: removed from data","confidential: removed from data",137
"TRANS","School",601,"confidential: replaced by 'CLID_anonymous'",62,1,,,,,,,,"Comment","schlComment","confidential: removed from data","confidential: removed from data",138
"TRANS","School",601,"confidential: replaced by 'CLID_anonymous'",62,2,,,,,,,,"Comment","schlComment","confidential: removed from data","confidential: removed from data",139
"TRANS","SchoolVill",601,"confidential: replaced by 'CLID_anonymous'",62,2,3,,,,,,,"No description entered","vlgName_other","confidential: removed from data","confidential: removed from data",140
"TRANS","School",601,"confidential: replaced by 'CLID_anonymous'",62,3,,,,,,,,"Record the GPS coordinates for this school","schlGPS","confidential: removed from data","confidential: removed from data",141
"TRANS","SchoolVill",601,"confidential: replaced by 'CLID_anonymous'",62,3,1,,,,,,,"No description entered","vlgName_other","confidential: removed from data","confidential: removed from data",142
"TRANS","School",601,"confidential: replaced by 'CLID_anonymous'",21,1,,,,,,,,"Comment","schlComment","confidential: removed from data","confidential: removed from data",143
"TRANS","School",601,"confidential: replaced by 'CLID_anonymous'",21,1,,,,,,,,"Record the GPS coordinates for this school","schlGPS","confidential: removed from data","confidential: removed from data",144
"TRANS","School",601,"confidential: replaced by 'CLID_anonymous'",21,1,,,,,,,,"Retype school name","schlName_other","confidential: removed from data","confidential: removed from data",145
"TRANS","School",601,"confidential: replaced by 'CLID_anonymous'",1,1,,,,,,,,"Comment","schlComment","confidential: removed from data","confidential: removed from data",146
"TRANS","School",601,"confidential: replaced by 'CLID_anonymous'",1,1,,,,,,,,"Record the GPS coordinates for this school","schlGPS","confidential: removed from data","confidential: removed from data",147
"TRANS","School",601,"confidential: replaced by 'CLID_anonymous'",1,1,,,,,,,,"Retype school name","schlName_other","confidential: removed from data","confidential: removed from data",148
"TRANS","School",601,"confidential: replaced by 'CLID_anonymous'",79,1,,,,,,,,"Retype school name","schlName_other","confidential: removed from data","confidential: removed from data",149
"TRANS","SchoolVill",601,"confidential: replaced by 'CLID_anonymous'",79,1,2,,,,,,,"No description entered","vlgName_other","confidential: removed from data","confidential: removed from data",150
"TRANS","School",601,"confidential: replaced by 'CLID_anonymous'",79,1,,,,,,,,"Record the GPS coordinates for this school","schlGPS","confidential: removed from data","confidential: removed from data",151
"TRANS","School",601,"confidential: replaced by 'CLID_anonymous'",79,1,,,,,,,,"Comment","schlComment","confidential: removed from data","confidential: removed from data",152
"TRANS","School",601,"confidential: replaced by 'CLID_anonymous'",41,1,,,,,,,,"Record the GPS coordinates for this school","schlGPS","confidential: removed from data","confidential: removed from data",153
"TRANS","School",601,"confidential: replaced by 'CLID_anonymous'",41,1,,,,,,,,"Comment","schlComment","confidential: removed from data","confidential: removed from data",154
"TRANS","SchoolVill",601,"confidential: replaced by 'CLID_anonymous'",41,1,1,,,,,,,"No description entered","vlgName_other","confidential: removed from data","confidential: removed from data",155
"OTHER","School",601,"confidential: replaced by 'CLID_anonymous'",41,1,,,,,,,,"If yes, who funds the program?","feedingProgFunds","confidential: removed from data","confidential: removed from data",156
"TRANS","School",601,"confidential: replaced by 'CLID_anonymous'",41,2,,,,,,,,"Comment","schlComment","confidential: removed from data","confidential: removed from data",157
"COMMENT","School",601,"confidential: replaced by 'CLID_anonymous'",41,1,,,,,,,,"Record the Cluster ID in which the education section has been conducted.","clusterEduRecorded","confidential: removed from data","confidential: removed from data",158
"TRANS","School",601,"confidential: replaced by 'CLID_anonymous'",41,2,,,,,,,,"Record the GPS coordinates for this school","schlGPS","confidential: removed from data","confidential: removed from data",159
"OTHER","School",601,"confidential: replaced by 'CLID_anonymous'",41,2,,,,,,,,"If yes, who funds the program?","feedingProgFunds","confidential: removed from data","confidential: removed from data",160
"TRANS","School",601,"confidential: replaced by 'CLID_anonymous'",41,1,,,,,,,,"Other specify","schlLocVlg_other","confidential: removed from data","confidential: removed from data",161
"TRANS","School",601,"confidential: replaced by 'CLID_anonymous'",41,2,,,,,,,,"Retype school name","schlName_other","confidential: removed from data","confidential: removed from data",162
"TRANS","School",601,"confidential: replaced by 'CLID_anonymous'",41,1,,,,,,,,"Retype school name","schlName_other","confidential: removed from data","confidential: removed from data",163
"TRANS","School",601,"confidential: replaced by 'CLID_anonymous'",71,1,,,,,,,,"Record the GPS coordinates for this school","schlGPS","confidential: removed from data","confidential: removed from data",164
"TRANS","School",601,"confidential: replaced by 'CLID_anonymous'",71,3,,,,,,,,"Comment","schlComment","confidential: removed from data","confidential: removed from data",165
"TRANS","School",601,"confidential: replaced by 'CLID_anonymous'",71,3,,,,,,,,"Record the GPS coordinates for this school","schlGPS","confidential: removed from data","confidential: removed from data",166
"TRANS","School",601,"confidential: replaced by 'CLID_anonymous'",71,2,,,,,,,,"Comment","schlComment","confidential: removed from data","confidential: removed from data",167
"TRANS","School",601,"confidential: replaced by 'CLID_anonymous'",71,3,,,,,,,,"Retype school name","schlName_other","confidential: removed from data","confidential: removed from data",168
"TRANS","School",601,"confidential: replaced by 'CLID_anonymous'",71,1,,,,,,,,"Retype school name","schlName_other","confidential: removed from data","confidential: removed from data",169
"TRANS","School",601,"confidential: replaced by 'CLID_anonymous'",71,1,,,,,,,,"Comment","schlComment","confidential: removed from data","confidential: removed from data",170
"OTHER","School",601,"confidential: replaced by 'CLID_anonymous'",71,3,,,,,,,,"If yes, who funds the program?","feedingProgFunds","confidential: removed from data","confidential: removed from data",171
"TRANS","SchoolVill",601,"confidential: replaced by 'CLID_anonymous'",71,3,1,,,,,,,"No description entered","vlgName_other","confidential: removed from data","confidential: removed from data",172
"TRANS","School",601,"confidential: replaced by 'CLID_anonymous'",71,2,,,,,,,,"Record the GPS coordinates for this school","schlGPS","confidential: removed from data","confidential: removed from data",173
"TRANS","School",601,"confidential: replaced by 'CLID_anonymous'",71,2,,,,,,,,"Retype school name","schlName_other","confidential: removed from data","confidential: removed from data",174
"TRANS","School",601,"confidential: replaced by 'CLID_anonymous'",53,1,,,,,,,,"Comment","schlComment","confidential: removed from data","confidential: removed from data",175
"TRANS","School",601,"confidential: replaced by 'CLID_anonymous'",53,1,,,,,,,,"Retype school name","schlName_other","confidential: removed from data","confidential: removed from data",176
"TRANS","School",601,"confidential: replaced by 'CLID_anonymous'",53,2,,,,,,,,"Retype school name","schlName_other","confidential: removed from data","confidential: removed from data",177
"TRANS","School",601,"confidential: replaced by 'CLID_anonymous'",53,2,,,,,,,,"Comment","schlComment","confidential: removed from data","confidential: removed from data",178
"TRANS","School",601,"confidential: replaced by 'CLID_anonymous'",53,1,,,,,,,,"Record the GPS coordinates for this school","schlGPS","confidential: removed from data","confidential: removed from data",179
"TRANS","School",601,"confidential: replaced by 'CLID_anonymous'",53,2,,,,,,,,"Record the GPS coordinates for this school","schlGPS","confidential: removed from data","confidential: removed from data",180
"TRANS","School",601,"confidential: replaced by 'CLID_anonymous'",75,1,,,,,,,,"Retype school name","schlName_other","confidential: removed from data","confidential: removed from data",181
"TRANS","School",601,"confidential: replaced by 'CLID_anonymous'",75,1,,,,,,,,"Comment","schlComment","confidential: removed from data","confidential: removed from data",182
"TRANS","SchoolVill",601,"confidential: replaced by 'CLID_anonymous'",75,1,2,,,,,,,"No description entered","vlgName_other","confidential: removed from data","confidential: removed from data",183
"TRANS","School",601,"confidential: replaced by 'CLID_anonymous'",75,1,,,,,,,,"Record the GPS coordinates for this school","schlGPS","confidential: removed from data","confidential: removed from data",184
"TRANS","School",601,"confidential: replaced by 'CLID_anonymous'",37,1,,,,,,,,"Record the GPS coordinates for this school","schlGPS","confidential: removed from data","confidential: removed from data",185
"TRANS","School",601,"confidential: replaced by 'CLID_anonymous'",37,1,,,,,,,,"Comment","schlComment","confidential: removed from data","confidential: removed from data",186
"TRANS","School",601,"confidential: replaced by 'CLID_anonymous'",37,2,,,,,,,,"Retype school name","schlName_other","confidential: removed from data","confidential: removed from data",187
"TRANS","School",601,"confidential: replaced by 'CLID_anonymous'",37,3,,,,,,,,"Comment","schlComment","confidential: removed from data","confidential: removed from data",188
"TRANS","School",601,"confidential: replaced by 'CLID_anonymous'",37,3,,,,,,,,"Record the GPS coordinates for this school","schlGPS","confidential: removed from data","confidential: removed from data",189
"TRANS","School",601,"confidential: replaced by 'CLID_anonymous'",37,2,,,,,,,,"Comment","schlComment","confidential: removed from data","confidential: removed from data",190
"TRANS","School",601,"confidential: replaced by 'CLID_anonymous'",37,3,,,,,,,,"Retype school name","schlName_other","confidential: removed from data","confidential: removed from data",191
"TRANS","School",601,"confidential: replaced by 'CLID_anonymous'",37,1,,,,,,,,"Retype school name","schlName_other","confidential: removed from data","confidential: removed from data",192
"TRANS","School",601,"confidential: replaced by 'CLID_anonymous'",37,2,,,,,,,,"Record the GPS coordinates for this school","schlGPS","confidential: removed from data","confidential: removed from data",193
"COMMENT","Assistance",601,"confidential: replaced by 'CLID_anonymous'",61,1,,,,,,,2,"How much did the school receive?<font:color=bleu> in TSH","asstNGOamount","confidential: removed from data","confidential: removed from data",194
"TRANS","School",601,"confidential: replaced by 'CLID_anonymous'",61,1,,,,,,,,"Record the GPS coordinates for this school","schlGPS","confidential: removed from data","confidential: removed from data",195
"TRANS","School",601,"confidential: replaced by 'CLID_anonymous'",61,1,,,,,,,,"Retype school name","schlName_other","confidential: removed from data","confidential: removed from data",196
"TRANS","School",601,"confidential: replaced by 'CLID_anonymous'",61,1,,,,,,,,"Comment","schlComment","confidential: removed from data","confidential: removed from data",197
"TRANS","School",601,"confidential: replaced by 'CLID_anonymous'",60,1,,,,,,,,"Comment","schlComment","confidential: removed from data","confidential: removed from data",198
"TRANS","School",601,"confidential: replaced by 'CLID_anonymous'",60,1,,,,,,,,"Retype school name","schlName_other","confidential: removed from data","confidential: removed from data",199
"OTHER","School",601,"confidential: replaced by 'CLID_anonymous'",60,1,,,,,,,,"If yes, who funds the program?","feedingProgFunds","confidential: removed from data","confidential: removed from data",200
"TRANS","School",601,"confidential: replaced by 'CLID_anonymous'",60,1,,,,,,,,"Record the GPS coordinates for this school","schlGPS","confidential: removed from data","confidential: removed from data",201
"TRANS","School",601,"confidential: replaced by 'CLID_anonymous'",4,1,,,,,,,,"Retype school name","schlName_other","confidential: removed from data","confidential: removed from data",202
"TRANS","School",601,"confidential: replaced by 'CLID_anonymous'",4,1,,,,,,,,"Comment","schlComment","confidential: removed from data","confidential: removed from data",203
"TRANS","School",601,"confidential: replaced by 'CLID_anonymous'",4,2,,,,,,,,"Comment","schlComment","confidential: removed from data","confidential: removed from data",204
"OTHER","School",601,"confidential: replaced by 'CLID_anonymous'",4,2,,,,,,,,"If yes, who funds the program?","feedingProgFunds","confidential: removed from data","confidential: removed from data",205
"OTHER","School",601,"confidential: replaced by 'CLID_anonymous'",4,1,,,,,,,,"If yes, who funds the program?","feedingProgFunds","confidential: removed from data","confidential: removed from data",206
"TRANS","School",601,"confidential: replaced by 'CLID_anonymous'",4,2,,,,,,,,"Record the GPS coordinates for this school","schlGPS","confidential: removed from data","confidential: removed from data",207
"TRANS","School",601,"confidential: replaced by 'CLID_anonymous'",4,1,,,,,,,,"Record the GPS coordinates for this school","schlGPS","confidential: removed from data","confidential: removed from data",208
"TRANS","School",601,"confidential: replaced by 'CLID_anonymous'",4,2,,,,,,,,"Retype school name","schlName_other","confidential: removed from data","confidential: removed from data",209
"TRANS","School",601,"confidential: replaced by 'CLID_anonymous'",7,2,,,,,,,,"Record the GPS coordinates for this school","schlGPS","confidential: removed from data","confidential: removed from data",210
"TRANS","School",601,"confidential: replaced by 'CLID_anonymous'",7,1,,,,,,,,"Comment","schlComment","confidential: removed from data","confidential: removed from data",211
"TRANS","SchoolVill",601,"confidential: replaced by 'CLID_anonymous'",7,2,2,,,,,,,"No description entered","vlgName_other","confidential: removed from data","confidential: removed from data",212
"TRANS","School",601,"confidential: replaced by 'CLID_anonymous'",7,1,,,,,,,,"Record the GPS coordinates for this school","schlGPS","confidential: removed from data","confidential: removed from data",213
"TRANS","School",601,"confidential: replaced by 'CLID_anonymous'",7,2,,,,,,,,"Other specify","schlLocVlg_other","confidential: removed from data","confidential: removed from data",214
"TRANS","School",601,"confidential: replaced by 'CLID_anonymous'",7,2,,,,,,,,"Comment","schlComment","confidential: removed from data","confidential: removed from data",215
"TRANS","School",601,"confidential: replaced by 'CLID_anonymous'",7,2,,,,,,,,"Retype school name","schlName_other","confidential: removed from data","confidential: removed from data",216
"TRANS","SchoolVill",601,"confidential: replaced by 'CLID_anonymous'",7,1,2,,,,,,,"No description entered","vlgName_other","confidential: removed from data","confidential: removed from data",217
"TRANS","School",601,"confidential: replaced by 'CLID_anonymous'",7,1,,,,,,,,"Retype school name","schlName_other","confidential: removed from data","confidential: removed from data",218
"TRANS","School",601,"confidential: replaced by 'CLID_anonymous'",32,1,,,,,,,,"Retype school name","schlName_other","confidential: removed from data","confidential: removed from data",219
"TRANS","School",601,"confidential: replaced by 'CLID_anonymous'",32,1,,,,,,,,"Comment","schlComment","confidential: removed from data","confidential: removed from data",220
"TRANS","School",601,"confidential: replaced by 'CLID_anonymous'",32,1,,,,,,,,"Record the GPS coordinates for this school","schlGPS","confidential: removed from data","confidential: removed from data",221
"TRANS","School",601,"confidential: replaced by 'CLID_anonymous'",17,2,,,,,,,,"Record the GPS coordinates for this school","schlGPS","confidential: removed from data","confidential: removed from data",222
"TRANS","School",601,"confidential: replaced by 'CLID_anonymous'",17,1,,,,,,,,"Comment","schlComment","confidential: removed from data","confidential: removed from data",223
"TRANS","School",601,"confidential: replaced by 'CLID_anonymous'",17,3,,,,,,,,"Comment","schlComment","confidential: removed from data","confidential: removed from data",224
"TRANS","School",601,"confidential: replaced by 'CLID_anonymous'",17,2,,,,,,,,"Comment","schlComment","confidential: removed from data","confidential: removed from data",225
"TRANS","School",601,"confidential: replaced by 'CLID_anonymous'",17,3,,,,,,,,"Record the GPS coordinates for this school","schlGPS","confidential: removed from data","confidential: removed from data",226
"TRANS","SchoolVill",601,"confidential: replaced by 'CLID_anonymous'",17,2,1,,,,,,,"No description entered","vlgName_other","confidential: removed from data","confidential: removed from data",227
"TRANS","School",601,"confidential: replaced by 'CLID_anonymous'",17,3,,,,,,,,"Retype school name","schlName_other","confidential: removed from data","confidential: removed from data",228
"TRANS","School",601,"confidential: replaced by 'CLID_anonymous'",17,2,,,,,,,,"Other specify","schlLocVlg_other","confidential: removed from data","confidential: removed from data",229
"TRANS","School",601,"confidential: replaced by 'CLID_anonymous'",17,2,,,,,,,,"Retype school name","schlName_other","confidential: removed from data","confidential: removed from data",230
"TRANS","School",601,"confidential: replaced by 'CLID_anonymous'",17,3,,,,,,,,"Other specify","schlLocVlg_other","confidential: removed from data","confidential: removed from data",231
"TRANS","School",601,"confidential: replaced by 'CLID_anonymous'",17,1,,,,,,,,"Record the GPS coordinates for this school","schlGPS","confidential: removed from data","confidential: removed from data",232
"TRANS","School",601,"confidential: replaced by 'CLID_anonymous'",17,1,,,,,,,,"Retype school name","schlName_other","confidential: removed from data","confidential: removed from data",233
"TRANS","School",601,"confidential: replaced by 'CLID_anonymous'",3,1,,,,,,,,"Record the GPS coordinates for this school","schlGPS","confidential: removed from data","confidential: removed from data",234
"TRANS","School",601,"confidential: replaced by 'CLID_anonymous'",3,1,,,,,,,,"Comment","schlComment","confidential: removed from data","confidential: removed from data",235
"OTHER","School",601,"confidential: replaced by 'CLID_anonymous'",3,1,,,,,,,,"If yes, who funds the program?","feedingProgFunds","confidential: removed from data","confidential: removed from data",236
"TRANS","School",601,"confidential: replaced by 'CLID_anonymous'",3,1,,,,,,,,"Retype school name","schlName_other","confidential: removed from data","confidential: removed from data",237
"TRANS","School",601,"confidential: replaced by 'CLID_anonymous'",43,1,,,,,,,,"Comment","schlComment","confidential: removed from data","confidential: removed from data",238
"OTHER","School",601,"confidential: replaced by 'CLID_anonymous'",43,1,,,,,,,,"If yes, who funds the program?","feedingProgFunds","confidential: removed from data","confidential: removed from data",239
"TRANS","School",601,"confidential: replaced by 'CLID_anonymous'",43,1,,,,,,,,"Record the GPS coordinates for this school","schlGPS","confidential: removed from data","confidential: removed from data",240
"TRANS","School",601,"confidential: replaced by 'CLID_anonymous'",43,1,,,,,,,,"Retype school name","schlName_other","confidential: removed from data","confidential: removed from data",241
"TRANS","School",601,"confidential: replaced by 'CLID_anonymous'",14,1,,,,,,,,"Retype school name","schlName_other","confidential: removed from data","confidential: removed from data",242
"TRANS","School",601,"confidential: replaced by 'CLID_anonymous'",14,1,,,,,,,,"Record the GPS coordinates for this school","schlGPS","confidential: removed from data","confidential: removed from data",243
"TRANS","School",601,"confidential: replaced by 'CLID_anonymous'",14,1,,,,,,,,"Comment","schlComment","confidential: removed from data","confidential: removed from data",244
"TRANS","School",601,"confidential: replaced by 'CLID_anonymous'",20,1,,,,,,,,"Record the GPS coordinates for this school","schlGPS","confidential: removed from data","confidential: removed from data",245
"TRANS","School",601,"confidential: replaced by 'CLID_anonymous'",20,2,,,,,,,,"Record the GPS coordinates for this school","schlGPS","confidential: removed from data","confidential: removed from data",246
"TRANS","School",601,"confidential: replaced by 'CLID_anonymous'",20,1,,,,,,,,"Retype school name","schlName_other","confidential: removed from data","confidential: removed from data",247
"OTHER","School",601,"confidential: replaced by 'CLID_anonymous'",20,2,,,,,,,,"If yes, who funds the program?","feedingProgFunds","confidential: removed from data","confidential: removed from data",248
"TRANS","School",601,"confidential: replaced by 'CLID_anonymous'",20,2,,,,,,,,"Comment","schlComment","confidential: removed from data","confidential: removed from data",249
"TRANS","School",601,"confidential: replaced by 'CLID_anonymous'",20,2,,,,,,,,"Retype school name","schlName_other","confidential: removed from data","confidential: removed from data",250
"TRANS","School",601,"confidential: replaced by 'CLID_anonymous'",20,1,,,,,,,,"Comment","schlComment","confidential: removed from data","confidential: removed from data",251
"TRANS","School",601,"confidential: replaced by 'CLID_anonymous'",13,1,,,,,,,,"Retype school name","schlName_other","confidential: removed from data","confidential: removed from data",252
"TRANS","School",601,"confidential: replaced by 'CLID_anonymous'",13,2,,,,,,,,"Retype school name","schlName_other","confidential: removed from data","confidential: removed from data",253
"TRANS","School",601,"confidential: replaced by 'CLID_anonymous'",13,1,,,,,,,,"Record the GPS coordinates for this school","schlGPS","confidential: removed from data","confidential: removed from data",254
"OTHER","School",601,"confidential: replaced by 'CLID_anonymous'",13,2,,,,,,,,"If yes, who funds the program?","feedingProgFunds","confidential: removed from data","confidential: removed from data",255
"TRANS","School",601,"confidential: replaced by 'CLID_anonymous'",13,1,,,,,,,,"Comment","schlComment","confidential: removed from data","confidential: removed from data",256
"TRANS","School",601,"confidential: replaced by 'CLID_anonymous'",13,2,,,,,,,,"Comment","schlComment","confidential: removed from data","confidential: removed from data",257
"OTHER","School",601,"confidential: replaced by 'CLID_anonymous'",13,1,,,,,,,,"If yes, who funds the program?","feedingProgFunds","confidential: removed from data","confidential: removed from data",258
"TRANS","School",601,"confidential: replaced by 'CLID_anonymous'",13,2,,,,,,,,"Record the GPS coordinates for this school","schlGPS","confidential: removed from data","confidential: removed from data",259
"TRANS","School",601,"confidential: replaced by 'CLID_anonymous'",55,1,,,,,,,,"Retype school name","schlName_other","confidential: removed from data","confidential: removed from data",260
"TRANS","School",601,"confidential: replaced by 'CLID_anonymous'",55,1,,,,,,,,"Comment","schlComment","confidential: removed from data","confidential: removed from data",261
"TRANS","School",601,"confidential: replaced by 'CLID_anonymous'",55,1,,,,,,,,"Record the GPS coordinates for this school","schlGPS","confidential: removed from data","confidential: removed from data",262
"TRANS","School",601,"confidential: replaced by 'CLID_anonymous'",9,1,,,,,,,,"Record the GPS coordinates for this school","schlGPS","confidential: removed from data","confidential: removed from data",263
"TRANS","School",601,"confidential: replaced by 'CLID_anonymous'",9,1,,,,,,,,"Retype school name","schlName_other","confidential: removed from data","confidential: removed from data",264
"TRANS","School",601,"confidential: replaced by 'CLID_anonymous'",9,1,,,,,,,,"Comment","schlComment","confidential: removed from data","confidential: removed from data",265
"TRANS","School",601,"confidential: replaced by 'CLID_anonymous'",36,1,,,,,,,,"Record the GPS coordinates for this school","schlGPS","confidential: removed from data","confidential: removed from data",266
"TRANS","School",601,"confidential: replaced by 'CLID_anonymous'",36,1,,,,,,,,"Comment","schlComment","confidential: removed from data","confidential: removed from data",267
"TRANS","School",601,"confidential: replaced by 'CLID_anonymous'",36,1,,,,,,,,"Retype school name","schlName_other","confidential: removed from data","confidential: removed from data",268
"OTHER","School",601,"confidential: replaced by 'CLID_anonymous'",73,3,,,,,,,,"If yes, who funds the program?","feedingProgFunds","confidential: removed from data","confidential: removed from data",269
"TRANS","School",601,"confidential: replaced by 'CLID_anonymous'",73,3,,,,,,,,"Comment","schlComment","confidential: removed from data","confidential: removed from data",270
"TRANS","School",601,"confidential: replaced by 'CLID_anonymous'",73,2,,,,,,,,"Comment","schlComment","confidential: removed from data","confidential: removed from data",271
"TRANS","School",601,"confidential: replaced by 'CLID_anonymous'",73,2,,,,,,,,"Retype school name","schlName_other","confidential: removed from data","confidential: removed from data",272
"TRANS","School",601,"confidential: replaced by 'CLID_anonymous'",73,3,,,,,,,,"Record the GPS coordinates for this school","schlGPS","confidential: removed from data","confidential: removed from data",273
"TRANS","School",601,"confidential: replaced by 'CLID_anonymous'",73,3,,,,,,,,"Retype school name","schlName_other","confidential: removed from data","confidential: removed from data",274
"TRANS","School",601,"confidential: replaced by 'CLID_anonymous'",73,2,,,,,,,,"Record the GPS coordinates for this school","schlGPS","confidential: removed from data","confidential: removed from data",275
"TRANS","School",601,"confidential: replaced by 'CLID_anonymous'",73,1,,,,,,,,"Comment","schlComment","confidential: removed from data","confidential: removed from data",276
"OTHER","School",601,"confidential: replaced by 'CLID_anonymous'",34,1,,,,,,,,"If yes, who funds the program?","feedingProgFunds","confidential: removed from data","confidential: removed from data",277
"TRANS","School",601,"confidential: replaced by 'CLID_anonymous'",34,3,,,,,,,,"Record the GPS coordinates for this school","schlGPS","confidential: removed from data","confidential: removed from data",278
"TRANS","School",601,"confidential: replaced by 'CLID_anonymous'",34,3,,,,,,,,"Comment","schlComment","confidential: removed from data","confidential: removed from data",279
"TRANS","School",601,"confidential: replaced by 'CLID_anonymous'",34,1,,,,,,,,"Comment","schlComment","confidential: removed from data","confidential: removed from data",280
"TRANS","School",601,"confidential: replaced by 'CLID_anonymous'",34,1,,,,,,,,"Record the GPS coordinates for this school","schlGPS","confidential: removed from data","confidential: removed from data",281
"TRANS","School",601,"confidential: replaced by 'CLID_anonymous'",34,2,,,,,,,,"Record the GPS coordinates for this school","schlGPS","confidential: removed from data","confidential: removed from data",282
"TRANS","School",601,"confidential: replaced by 'CLID_anonymous'",34,1,,,,,,,,"Retype school name","schlName_other","confidential: removed from data","confidential: removed from data",283
"TRANS","School",601,"confidential: replaced by 'CLID_anonymous'",34,2,,,,,,,,"Comment","schlComment","confidential: removed from data","confidential: removed from data",284
"TRANS","School",601,"confidential: replaced by 'CLID_anonymous'",34,2,,,,,,,,"Retype school name","schlName_other","confidential: removed from data","confidential: removed from data",285
"TRANS","School",601,"confidential: replaced by 'CLID_anonymous'",34,3,,,,,,,,"Retype school name","schlName_other","confidential: removed from data","confidential: removed from data",286
"TRANS","School",601,"confidential: replaced by 'CLID_anonymous'",64,2,,,,,,,,"Record the GPS coordinates for this school","schlGPS","confidential: removed from data","confidential: removed from data",287
"TRANS","School",601,"confidential: replaced by 'CLID_anonymous'",64,1,,,,,,,,"Comment","schlComment","confidential: removed from data","confidential: removed from data",288
"TRANS","School",601,"confidential: replaced by 'CLID_anonymous'",64,3,,,,,,,,"Record the GPS coordinates for this school","schlGPS","confidential: removed from data","confidential: removed from data",289
"TRANS","School",601,"confidential: replaced by 'CLID_anonymous'",64,4,,,,,,,,"Record the GPS coordinates for this school","schlGPS","confidential: removed from data","confidential: removed from data",290
"TRANS","School",601,"confidential: replaced by 'CLID_anonymous'",64,5,,,,,,,,"Retype school name","schlName_other","confidential: removed from data","confidential: removed from data",291
"TRANS","School",601,"confidential: replaced by 'CLID_anonymous'",64,5,,,,,,,,"Record the GPS coordinates for this school","schlGPS","confidential: removed from data","confidential: removed from data",292
"TRANS","School",601,"confidential: replaced by 'CLID_anonymous'",64,4,,,,,,,,"Retype school name","schlName_other","confidential: removed from data","confidential: removed from data",293
"TRANS","School",601,"confidential: replaced by 'CLID_anonymous'",64,1,,,,,,,,"Record the GPS coordinates for this school","schlGPS","confidential: removed from data","confidential: removed from data",294
"TRANS","School",601,"confidential: replaced by 'CLID_anonymous'",64,2,,,,,,,,"Comment","schlComment","confidential: removed from data","confidential: removed from data",295
"TRANS","School",601,"confidential: replaced by 'CLID_anonymous'",64,5,,,,,,,,"Comment","schlComment","confidential: removed from data","confidential: removed from data",296
"TRANS","School",601,"confidential: replaced by 'CLID_anonymous'",64,2,,,,,,,,"Retype school name","schlName_other","confidential: removed from data","confidential: removed from data",297
"TRANS","School",601,"confidential: replaced by 'CLID_anonymous'",64,3,,,,,,,,"Comment","schlComment","confidential: removed from data","confidential: removed from data",298
"TRANS","School",601,"confidential: replaced by 'CLID_anonymous'",64,3,,,,,,,,"Retype school name","schlName_other","confidential: removed from data","confidential: removed from data",299
"TRANS","School",601,"confidential: replaced by 'CLID_anonymous'",64,4,,,,,,,,"Comment","schlComment","confidential: removed from data","confidential: removed from data",300
"TRANS","School",601,"confidential: replaced by 'CLID_anonymous'",64,1,,,,,,,,"Retype school name","schlName_other","confidential: removed from data","confidential: removed from data",301
"TRANS","School",601,"confidential: replaced by 'CLID_anonymous'",78,1,,,,,,,,"Retype school name","schlName_other","confidential: removed from data","confidential: removed from data",302
"TRANS","School",601,"confidential: replaced by 'CLID_anonymous'",78,1,,,,,,,,"Comment","schlComment","confidential: removed from data","confidential: removed from data",303
"OTHER","School",601,"confidential: replaced by 'CLID_anonymous'",78,1,,,,,,,,"If yes, who funds the program?","feedingProgFunds","confidential: removed from data","confidential: removed from data",304
"TRANS","School",601,"confidential: replaced by 'CLID_anonymous'",78,1,,,,,,,,"Record the GPS coordinates for this school","schlGPS","confidential: removed from data","confidential: removed from data",305
"TRANS","SchoolVill",601,"confidential: replaced by 'CLID_anonymous'",2,1,2,,,,,,,"No description entered","vlgName_other","confidential: removed from data","confidential: removed from data",306
"TRANS","School",601,"confidential: replaced by 'CLID_anonymous'",2,1,,,,,,,,"Comment","schlComment","confidential: removed from data","confidential: removed from data",307
"TRANS","School",601,"confidential: replaced by 'CLID_anonymous'",2,1,,,,,,,,"Record the GPS coordinates for this school","schlGPS","confidential: removed from data","confidential: removed from data",308
"TRANS","School",601,"confidential: replaced by 'CLID_anonymous'",2,1,,,,,,,,"Retype school name","schlName_other","confidential: removed from data","confidential: removed from data",309
"TRANS","School",601,"confidential: replaced by 'CLID_anonymous'",51,1,,,,,,,,"Comment","schlComment","confidential: removed from data","confidential: removed from data",310
"TRANS","School",601,"confidential: replaced by 'CLID_anonymous'",51,1,,,,,,,,"Retype school name","schlName_other","confidential: removed from data","confidential: removed from data",311
"TRANS","School",601,"confidential: replaced by 'CLID_anonymous'",51,1,,,,,,,,"Record the GPS coordinates for this school","schlGPS","confidential: removed from data","confidential: removed from data",312
"TRANS","SchoolVill",601,"confidential: replaced by 'CLID_anonymous'",51,1,2,,,,,,,"No description entered","vlgName_other","confidential: removed from data","confidential: removed from data",313
"TRANS","School",601,"confidential: replaced by 'CLID_anonymous'",57,1,,,,,,,,"Comment","schlComment","confidential: removed from data","confidential: removed from data",314
"TRANS","School",601,"confidential: replaced by 'CLID_anonymous'",57,1,,,,,,,,"Retype school name","schlName_other","confidential: removed from data","confidential: removed from data",315
"TRANS","School",601,"confidential: replaced by 'CLID_anonymous'",57,1,,,,,,,,"Record the GPS coordinates for this school","schlGPS","confidential: removed from data","confidential: removed from data",316
"TRANS","School",601,"confidential: replaced by 'CLID_anonymous'",76,2,,,,,,,,"Record the GPS coordinates for this school","schlGPS","confidential: removed from data","confidential: removed from data",317
"TRANS","School",601,"confidential: replaced by 'CLID_anonymous'",76,1,,,,,,,,"Comment","schlComment","confidential: removed from data","confidential: removed from data",318
"TRANS","School",601,"confidential: replaced by 'CLID_anonymous'",76,2,,,,,,,,"Comment","schlComment","confidential: removed from data","confidential: removed from data",319
"TRANS","School",601,"confidential: replaced by 'CLID_anonymous'",76,1,,,,,,,,"Retype school name","schlName_other","confidential: removed from data","confidential: removed from data",320
"OTHER","School",601,"confidential: replaced by 'CLID_anonymous'",76,1,,,,,,,,"If yes, who funds the program?","feedingProgFunds","confidential: removed from data","confidential: removed from data",321
"TRANS","SchoolVill",601,"confidential: replaced by 'CLID_anonymous'",76,2,2,,,,,,,"No description entered","vlgName_other","confidential: removed from data","confidential: removed from data",322
"TRANS","SchoolVill",601,"confidential: replaced by 'CLID_anonymous'",76,1,2,,,,,,,"No description entered","vlgName_other","confidential: removed from data","confidential: removed from data",323
"TRANS","SchoolVill",601,"confidential: replaced by 'CLID_anonymous'",76,2,1,,,,,,,"No description entered","vlgName_other","confidential: removed from data","confidential: removed from data",324
"TRANS","School",601,"confidential: replaced by 'CLID_anonymous'",76,2,,,,,,,,"Retype school name","schlName_other","confidential: removed from data","confidential: removed from data",325
"TRANS","School",601,"confidential: replaced by 'CLID_anonymous'",76,1,,,,,,,,"Record the GPS coordinates for this school","schlGPS","confidential: removed from data","confidential: removed from data",326
"TRANS","SchoolVill",601,"confidential: replaced by 'CLID_anonymous'",76,1,3,,,,,,,"No description entered","vlgName_other","confidential: removed from data","confidential: removed from data",327
"OTHER","School",601,"confidential: replaced by 'CLID_anonymous'",76,2,,,,,,,,"If yes, who funds the program?","feedingProgFunds","confidential: removed from data","confidential: removed from data",328
"COMMENT","School",601,"confidential: replaced by 'CLID_anonymous'",59,1,,,,,,,,"How many years has the head teacher been in this post?","headTeacherYrs","confidential: removed from data","confidential: removed from data",329
"OTHER","School",601,"confidential: replaced by 'CLID_anonymous'",59,1,,,,,,,,"If yes, who funds the program?","feedingProgFunds","confidential: removed from data","confidential: removed from data",330
"TRANS","School",601,"confidential: replaced by 'CLID_anonymous'",59,1,,,,,,,,"Retype school name","schlName_other","confidential: removed from data","confidential: removed from data",331
"TRANS","School",601,"confidential: replaced by 'CLID_anonymous'",59,1,,,,,,,,"Record the GPS coordinates for this school","schlGPS","confidential: removed from data","confidential: removed from data",332
"TRANS","School",601,"confidential: replaced by 'CLID_anonymous'",59,1,,,,,,,,"Comment","schlComment","confidential: removed from data","confidential: removed from data",333
"TRANS","School",602,"confidential: replaced by 'CLID_anonymous'",35,1,,,,,,,,"Retype school name","schlName_other","confidential: removed from data","confidential: removed from data",334
"TRANS","School",602,"confidential: replaced by 'CLID_anonymous'",35,1,,,,,,,,"Record the GPS coordinates for this school","schlGPS","confidential: removed from data","confidential: removed from data",335
"COMMENT","School",602,"confidential: replaced by 'CLID_anonymous'",35,1,,,,,,,,"How many years has the head teacher been in this post?","headTeacherYrs","confidential: removed from data","confidential: removed from data",336
"COMMENT","School",602,"confidential: replaced by 'CLID_anonymous'",35,1,,,,,,,,"How many years was the previous head teacher in this post?","headTchrPrevYrs","confidential: removed from data","confidential: removed from data",337
"TRANS","School",602,"confidential: replaced by 'CLID_anonymous'",35,1,,,,,,,,"Comment","schlComment","confidential: removed from data","confidential: removed from data",338
"TRANS","School",602,"confidential: replaced by 'CLID_anonymous'",72,1,,,,,,,,"Retype school name","schlName_other","confidential: removed from data","confidential: removed from data",339
"TRANS","School",602,"confidential: replaced by 'CLID_anonymous'",72,1,,,,,,,,"Comment","schlComment","confidential: removed from data","confidential: removed from data",340
"TRANS","School",602,"confidential: replaced by 'CLID_anonymous'",72,1,,,,,,,,"Record the GPS coordinates for this school","schlGPS","confidential: removed from data","confidential: removed from data",341
"TRANS","School",602,"confidential: replaced by 'CLID_anonymous'",42,1,,,,,,,,"Retype school name","schlName_other","confidential: removed from data","confidential: removed from data",342
"TRANS","School",602,"confidential: replaced by 'CLID_anonymous'",42,1,,,,,,,,"Record the GPS coordinates for this school","schlGPS","confidential: removed from data","confidential: removed from data",343
"OTHER","School",602,"confidential: replaced by 'CLID_anonymous'",42,1,,,,,,,,"If yes, who funds the program?","feedingProgFunds","confidential: removed from data","confidential: removed from data",344
"TRANS","SchoolVill",602,"confidential: replaced by 'CLID_anonymous'",42,1,3,,,,,,,"No description entered","vlgName_other","confidential: removed from data","confidential: removed from data",345
"TRANS","School",602,"confidential: replaced by 'CLID_anonymous'",42,1,,,,,,,,"Comment","schlComment","confidential: removed from data","confidential: removed from data",346
"TRANS","School",602,"confidential: replaced by 'CLID_anonymous'",69,1,,,,,,,,"Comment","schlComment","confidential: removed from data","confidential: removed from data",347
"TRANS","School",602,"confidential: replaced by 'CLID_anonymous'",69,2,,,,,,,,"Retype school name","schlName_other","confidential: removed from data","confidential: removed from data",348
"TRANS","School",602,"confidential: replaced by 'CLID_anonymous'",69,2,,,,,,,,"Record the GPS coordinates for this school","schlGPS","confidential: removed from data","confidential: removed from data",349
"TRANS","School",602,"confidential: replaced by 'CLID_anonymous'",69,1,,,,,,,,"Retype school name","schlName_other","confidential: removed from data","confidential: removed from data",350
"TRANS","School",602,"confidential: replaced by 'CLID_anonymous'",69,1,,,,,,,,"Record the GPS coordinates for this school","schlGPS","confidential: removed from data","confidential: removed from data",351
"TRANS","School",602,"confidential: replaced by 'CLID_anonymous'",69,2,,,,,,,,"Comment","schlComment","confidential: removed from data","confidential: removed from data",352
"OTHER","School",602,"confidential: replaced by 'CLID_anonymous'",69,1,,,,,,,,"If yes, who funds the program?","feedingProgFunds","confidential: removed from data","confidential: removed from data",353
"TRANS","School",602,"confidential: replaced by 'CLID_anonymous'",47,2,,,,,,,,"Comment","schlComment","confidential: removed from data","confidential: removed from data",354
"TRANS","School",602,"confidential: replaced by 'CLID_anonymous'",47,1,,,,,,,,"Comment","schlComment","confidential: removed from data","confidential: removed from data",355
"TRANS","School",602,"confidential: replaced by 'CLID_anonymous'",47,1,,,,,,,,"Retype school name","schlName_other","confidential: removed from data","confidential: removed from data",356
"OTHER","School",602,"confidential: replaced by 'CLID_anonymous'",47,1,,,,,,,,"If yes, who funds the program?","feedingProgFunds","confidential: removed from data","confidential: removed from data",357
"TRANS","School",602,"confidential: replaced by 'CLID_anonymous'",47,2,,,,,,,,"Retype school name","schlName_other","confidential: removed from data","confidential: removed from data",358
"TRANS","School",602,"confidential: replaced by 'CLID_anonymous'",47,2,,,,,,,,"Record the GPS coordinates for this school","schlGPS","confidential: removed from data","confidential: removed from data",359
"TRANS","School",602,"confidential: replaced by 'CLID_anonymous'",47,1,,,,,,,,"Record the GPS coordinates for this school","schlGPS","confidential: removed from data","confidential: removed from data",360
"TRANS","School",602,"confidential: replaced by 'CLID_anonymous'",10,1,,,,,,,,"Retype school name","schlName_other","confidential: removed from data","confidential: removed from data",361
"TRANS","School",602,"confidential: replaced by 'CLID_anonymous'",10,1,,,,,,,,"Record the GPS coordinates for this school","schlGPS","confidential: removed from data","confidential: removed from data",362
"TRANS","School",602,"confidential: replaced by 'CLID_anonymous'",10,1,,,,,,,,"Comment","schlComment","confidential: removed from data","confidential: removed from data",363
"TRANS","School",602,"confidential: replaced by 'CLID_anonymous'",33,1,,,,,,,,"Comment","schlComment","confidential: removed from data","confidential: removed from data",364
"TRANS","School",602,"confidential: replaced by 'CLID_anonymous'",33,2,,,,,,,,"Record the GPS coordinates for this school","schlGPS","confidential: removed from data","confidential: removed from data",365
"TRANS","School",602,"confidential: replaced by 'CLID_anonymous'",33,1,,,,,,,,"Retype school name","schlName_other","confidential: removed from data","confidential: removed from data",366
"TRANS","School",602,"confidential: replaced by 'CLID_anonymous'",33,4,,,,,,,,"Retype school name","schlName_other","confidential: removed from data","confidential: removed from data",367
"TRANS","School",602,"confidential: replaced by 'CLID_anonymous'",33,4,,,,,,,,"Record the GPS coordinates for this school","schlGPS","confidential: removed from data","confidential: removed from data",368
"COMMENT","School",602,"confidential: replaced by 'CLID_anonymous'",33,2,,,,,,,,"How many years was the previous head teacher in this post?","headTchrPrevYrs","confidential: removed from data","confidential: removed from data",369
"TRANS","School",602,"confidential: replaced by 'CLID_anonymous'",33,4,,,,,,,,"Comment","schlComment","confidential: removed from data","confidential: removed from data",370
"TRANS","School",602,"confidential: replaced by 'CLID_anonymous'",33,1,,,,,,,,"Record the GPS coordinates for this school","schlGPS","confidential: removed from data","confidential: removed from data",371
"OTHER","School",602,"confidential: replaced by 'CLID_anonymous'",33,1,,,,,,,,"If yes, who funds the program?","feedingProgFunds","confidential: removed from data","confidential: removed from data",372
"TRANS","School",602,"confidential: replaced by 'CLID_anonymous'",33,2,,,,,,,,"Comment","schlComment","confidential: removed from data","confidential: removed from data",373
"TRANS","School",602,"confidential: replaced by 'CLID_anonymous'",33,3,,,,,,,,"Record the GPS coordinates for this school","schlGPS","confidential: removed from data","confidential: removed from data",374
"TRANS","School",602,"confidential: replaced by 'CLID_anonymous'",33,2,,,,,,,,"Retype school name","schlName_other","confidential: removed from data","confidential: removed from data",375
"TRANS","School",602,"confidential: replaced by 'CLID_anonymous'",33,3,,,,,,,,"Retype school name","schlName_other","confidential: removed from data","confidential: removed from data",376
"TRANS","School",602,"confidential: replaced by 'CLID_anonymous'",33,3,,,,,,,,"Comment","schlComment","confidential: removed from data","confidential: removed from data",377
"TRANS","School",602,"confidential: replaced by 'CLID_anonymous'",28,5,,,,,,,,"Record the GPS coordinates for this school","schlGPS","confidential: removed from data","confidential: removed from data",378
"TRANS","School",602,"confidential: replaced by 'CLID_anonymous'",28,1,,,,,,,,"Comment","schlComment","confidential: removed from data","confidential: removed from data",379
"TRANS","School",602,"confidential: replaced by 'CLID_anonymous'",28,5,,,,,,,,"Comment","schlComment","confidential: removed from data","confidential: removed from data",380
"OTHER","RespondentEdu",602,"confidential: replaced by 'CLID_anonymous'",28,5,,1,,,,,,"Respondent Role/Position","REposition","confidential: removed from data","confidential: removed from data",381
"TRANS","School",602,"confidential: replaced by 'CLID_anonymous'",28,1,,,,,,,,"Retype school name","schlName_other","confidential: removed from data","confidential: removed from data",382
"TRANS","School",602,"confidential: replaced by 'CLID_anonymous'",28,3,,,,,,,,"Record the GPS coordinates for this school","schlGPS","confidential: removed from data","confidential: removed from data",383
"OTHER","School",602,"confidential: replaced by 'CLID_anonymous'",28,5,,,,,,,,"If yes, who funds the program?","feedingProgFunds","confidential: removed from data","confidential: removed from data",384
"TRANS","School",602,"confidential: replaced by 'CLID_anonymous'",28,5,,,,,,,,"Retype school name","schlName_other","confidential: removed from data","confidential: removed from data",385
"TRANS","School",602,"confidential: replaced by 'CLID_anonymous'",28,1,,,,,,,,"Record the GPS coordinates for this school","schlGPS","confidential: removed from data","confidential: removed from data",386
"TRANS","School",602,"confidential: replaced by 'CLID_anonymous'",28,2,,,,,,,,"Comment","schlComment","confidential: removed from data","confidential: removed from data",387
"TRANS","School",602,"confidential: replaced by 'CLID_anonymous'",28,2,,,,,,,,"Record the GPS coordinates for this school","schlGPS","confidential: removed from data","confidential: removed from data",388
"TRANS","School",602,"confidential: replaced by 'CLID_anonymous'",28,4,,,,,,,,"Record the GPS coordinates for this school","schlGPS","confidential: removed from data","confidential: removed from data",389
"TRANS","School",602,"confidential: replaced by 'CLID_anonymous'",28,2,,,,,,,,"Retype school name","schlName_other","confidential: removed from data","confidential: removed from data",390
"TRANS","School",602,"confidential: replaced by 'CLID_anonymous'",28,4,,,,,,,,"Retype school name","schlName_other","confidential: removed from data","confidential: removed from data",391
"TRANS","School",602,"confidential: replaced by 'CLID_anonymous'",28,3,,,,,,,,"Comment","schlComment","confidential: removed from data","confidential: removed from data",392
"TRANS","School",602,"confidential: replaced by 'CLID_anonymous'",28,3,,,,,,,,"Retype school name","schlName_other","confidential: removed from data","confidential: removed from data",393
"TRANS","School",602,"confidential: replaced by 'CLID_anonymous'",28,4,,,,,,,,"Comment","schlComment","confidential: removed from data","confidential: removed from data",394
"TRANS","School",602,"confidential: replaced by 'CLID_anonymous'",11,2,,,,,,,,"Comment","schlComment","confidential: removed from data","confidential: removed from data",395
"TRANS","School",602,"confidential: replaced by 'CLID_anonymous'",11,1,,,,,,,,"Comment","schlComment","confidential: removed from data","confidential: removed from data",396
"TRANS","SchoolVill",602,"confidential: replaced by 'CLID_anonymous'",11,1,2,,,,,,,"No description entered","vlgName_other","confidential: removed from data","confidential: removed from data",397
"TRANS","School",602,"confidential: replaced by 'CLID_anonymous'",11,2,,,,,,,,"Retype school name","schlName_other","confidential: removed from data","confidential: removed from data",398
"TRANS","SchoolVill",602,"confidential: replaced by 'CLID_anonymous'",11,2,2,,,,,,,"No description entered","vlgName_other","confidential: removed from data","confidential: removed from data",399
"OTHER","School",602,"confidential: replaced by 'CLID_anonymous'",11,2,,,,,,,,"If yes, who funds the program?","feedingProgFunds","confidential: removed from data","confidential: removed from data",400
"TRANS","School",602,"confidential: replaced by 'CLID_anonymous'",11,2,,,,,,,,"Record the GPS coordinates for this school","schlGPS","confidential: removed from data","confidential: removed from data",401
"TRANS","School",602,"confidential: replaced by 'CLID_anonymous'",11,1,,,,,,,,"Retype school name","schlName_other","confidential: removed from data","confidential: removed from data",402
"TRANS","School",602,"confidential: replaced by 'CLID_anonymous'",11,1,,,,,,,,"Record the GPS coordinates for this school","schlGPS","confidential: removed from data","confidential: removed from data",403
"TRANS","School",602,"confidential: replaced by 'CLID_anonymous'",81,1,,,,,,,,"Comment","schlComment","confidential: removed from data","confidential: removed from data",404
"TRANS","School",602,"confidential: replaced by 'CLID_anonymous'",81,1,,,,,,,,"Record the GPS coordinates for this school","schlGPS","confidential: removed from data","confidential: removed from data",405
"TRANS","School",602,"confidential: replaced by 'CLID_anonymous'",81,1,,,,,,,,"Retype school name","schlName_other","confidential: removed from data","confidential: removed from data",406
"TRANS","School",602,"confidential: replaced by 'CLID_anonymous'",29,1,,,,,,,,"Record the GPS coordinates for this school","schlGPS","confidential: removed from data","confidential: removed from data",407
"TRANS","School",602,"confidential: replaced by 'CLID_anonymous'",29,1,,,,,,,,"Comment","schlComment","confidential: removed from data","confidential: removed from data",408
"TRANS","School",602,"confidential: replaced by 'CLID_anonymous'",29,1,,,,,,,,"Retype school name","schlName_other","confidential: removed from data","confidential: removed from data",409
"TRANS","School",602,"confidential: replaced by 'CLID_anonymous'",45,1,,,,,,,,"Retype school name","schlName_other","confidential: removed from data","confidential: removed from data",410
"TRANS","School",602,"confidential: replaced by 'CLID_anonymous'",45,1,,,,,,,,"Comment","schlComment","confidential: removed from data","confidential: removed from data",411
"TRANS","School",602,"confidential: replaced by 'CLID_anonymous'",45,1,,,,,,,,"Record the GPS coordinates for this school","schlGPS","confidential: removed from data","confidential: removed from data",412
"TRANS","School",602,"confidential: replaced by 'CLID_anonymous'",39,1,,,,,,,,"Comment","schlComment","confidential: removed from data","confidential: removed from data",413
"TRANS","School",602,"confidential: replaced by 'CLID_anonymous'",39,1,,,,,,,,"Record the GPS coordinates for this school","schlGPS","confidential: removed from data","confidential: removed from data",414
"TRANS","School",602,"confidential: replaced by 'CLID_anonymous'",39,1,,,,,,,,"Retype school name","schlName_other","confidential: removed from data","confidential: removed from data",415
"COMMENT","Assistance",602,"confidential: replaced by 'CLID_anonymous'",44,2,,,,,,,1,"How much did the school receive? in TSH","asstCommPrivatAmount","confidential: removed from data","confidential: removed from data",416
"TRANS","School",602,"confidential: replaced by 'CLID_anonymous'",44,2,,,,,,,,"Record the GPS coordinates for this school","schlGPS","confidential: removed from data","confidential: removed from data",417
"TRANS","School",602,"confidential: replaced by 'CLID_anonymous'",44,1,,,,,,,,"Comment","schlComment","confidential: removed from data","confidential: removed from data",418
"TRANS","School",602,"confidential: replaced by 'CLID_anonymous'",44,1,,,,,,,,"Retype school name","schlName_other","confidential: removed from data","confidential: removed from data",419
"TRANS","School",602,"confidential: replaced by 'CLID_anonymous'",44,2,,,,,,,,"Comment","schlComment","confidential: removed from data","confidential: removed from data",420
"COMMENT","Assistance",602,"confidential: replaced by 'CLID_anonymous'",44,2,,,,,,,2,"How much did the school receive?<font:color=bleu> in TSH","asstNGOamount","confidential: removed from data","confidential: removed from data",421
"TRANS","School",602,"confidential: replaced by 'CLID_anonymous'",44,2,,,,,,,,"Retype school name","schlName_other","confidential: removed from data","confidential: removed from data",422
"TRANS","SchoolVill",602,"confidential: replaced by 'CLID_anonymous'",44,2,1,,,,,,,"No description entered","vlgName_other","confidential: removed from data","confidential: removed from data",423
"TRANS","School",602,"confidential: replaced by 'CLID_anonymous'",18,1,,,,,,,,"Comment","schlComment","confidential: removed from data","confidential: removed from data",424
"OTHER","School",602,"confidential: replaced by 'CLID_anonymous'",18,1,,,,,,,,"If yes, who funds the program?","feedingProgFunds","confidential: removed from data","confidential: removed from data",425
"TRANS","School",602,"confidential: replaced by 'CLID_anonymous'",18,1,,,,,,,,"Retype school name","schlName_other","confidential: removed from data","confidential: removed from data",426
"TRANS","School",602,"confidential: replaced by 'CLID_anonymous'",18,1,,,,,,,,"Record the GPS coordinates for this school","schlGPS","confidential: removed from data","confidential: removed from data",427
"TRANS","SchoolVill",602,"confidential: replaced by 'CLID_anonymous'",18,1,3,,,,,,,"No description entered","vlgName_other","confidential: removed from data","confidential: removed from data",428
"TRANS","School",602,"confidential: replaced by 'CLID_anonymous'",12,1,,,,,,,,"Comment","schlComment","confidential: removed from data","confidential: removed from data",429
"TRANS","School",602,"confidential: replaced by 'CLID_anonymous'",12,1,,,,,,,,"Retype school name","schlName_other","confidential: removed from data","confidential: removed from data",430
"TRANS","School",602,"confidential: replaced by 'CLID_anonymous'",12,1,,,,,,,,"Record the GPS coordinates for this school","schlGPS","confidential: removed from data","confidential: removed from data",431
"TRANS","School",602,"confidential: replaced by 'CLID_anonymous'",65,1,,,,,,,,"Comment","schlComment","confidential: removed from data","confidential: removed from data",432
"TRANS","School",602,"confidential: replaced by 'CLID_anonymous'",65,1,,,,,,,,"Record the GPS coordinates for this school","schlGPS","confidential: removed from data","confidential: removed from data",433
"TRANS","School",602,"confidential: replaced by 'CLID_anonymous'",65,1,,,,,,,,"Retype school name","schlName_other","confidential: removed from data","confidential: removed from data",434
"TRANS","School",602,"confidential: replaced by 'CLID_anonymous'",54,1,,,,,,,,"Record the GPS coordinates for this school","schlGPS","confidential: removed from data","confidential: removed from data",435
"OTHER","RespondentEdu",602,"confidential: replaced by 'CLID_anonymous'",54,1,,1,,,,,,"Respondent Role/Position","REposition","confidential: removed from data","confidential: removed from data",436
"TRANS","School",602,"confidential: replaced by 'CLID_anonymous'",54,2,,,,,,,,"Comment","schlComment","confidential: removed from data","confidential: removed from data",437
"TRANS","School",602,"confidential: replaced by 'CLID_anonymous'",54,2,,,,,,,,"Record the GPS coordinates for this school","schlGPS","confidential: removed from data","confidential: removed from data",438
"TRANS","School",602,"confidential: replaced by 'CLID_anonymous'",54,2,,,,,,,,"Retype school name","schlName_other","confidential: removed from data","confidential: removed from data",439
"TRANS","School",602,"confidential: replaced by 'CLID_anonymous'",54,1,,,,,,,,"Retype school name","schlName_other","confidential: removed from data","confidential: removed from data",440
"TRANS","School",602,"confidential: replaced by 'CLID_anonymous'",54,1,,,,,,,,"Comment","schlComment","confidential: removed from data","confidential: removed from data",441
"TRANS","SchoolVill",602,"confidential: replaced by 'CLID_anonymous'",54,2,2,,,,,,,"No description entered","vlgName_other","confidential: removed from data","confidential: removed from data",442
"OTHER","School",602,"confidential: replaced by 'CLID_anonymous'",38,1,,,,,,,,"If yes, who funds the program?","feedingProgFunds","confidential: removed from data","confidential: removed from data",443
"TRANS","School",602,"confidential: replaced by 'CLID_anonymous'",38,1,,,,,,,,"Record the GPS coordinates for this school","schlGPS","confidential: removed from data","confidential: removed from data",444
"OTHER","RespondentEdu",602,"confidential: replaced by 'CLID_anonymous'",38,1,,2,,,,,,"Respondent Role/Position","REposition","confidential: removed from data","confidential: removed from data",445
"TRANS","School",602,"confidential: replaced by 'CLID_anonymous'",38,1,,,,,,,,"Comment","schlComment","confidential: removed from data","confidential: removed from data",446
"TRANS","School",602,"confidential: replaced by 'CLID_anonymous'",38,1,,,,,,,,"Retype school name","schlName_other","confidential: removed from data","confidential: removed from data",447
"TRANS","School",602,"confidential: replaced by 'CLID_anonymous'",25,1,,,,,,,,"Retype school name","schlName_other","confidential: removed from data","confidential: removed from data",448
"OTHER","School",602,"confidential: replaced by 'CLID_anonymous'",25,1,,,,,,,,"If yes, who funds the program?","feedingProgFunds","confidential: removed from data","confidential: removed from data",449
"TRANS","School",602,"confidential: replaced by 'CLID_anonymous'",25,1,,,,,,,,"Comment","schlComment","confidential: removed from data","confidential: removed from data",450
"OTHER","School",602,"confidential: replaced by 'CLID_anonymous'",23,1,,,,,,,,"If yes, who funds the program?","feedingProgFunds","confidential: removed from data","confidential: removed from data",451
"TRANS","School",602,"confidential: replaced by 'CLID_anonymous'",23,1,,,,,,,,"Record the GPS coordinates for this school","schlGPS","confidential: removed from data","confidential: removed from data",452
"TRANS","School",602,"confidential: replaced by 'CLID_anonymous'",23,1,,,,,,,,"Retype school name","schlName_other","confidential: removed from data","confidential: removed from data",453
"TRANS","School",602,"confidential: replaced by 'CLID_anonymous'",23,1,,,,,,,,"Comment","schlComment","confidential: removed from data","confidential: removed from data",454
"TRANS","School",602,"confidential: replaced by 'CLID_anonymous'",31,1,,,,,,,,"Comment","schlComment","confidential: removed from data","confidential: removed from data",455
"TRANS","School",602,"confidential: replaced by 'CLID_anonymous'",31,2,,,,,,,,"Record the GPS coordinates for this school","schlGPS","confidential: removed from data","confidential: removed from data",456
"TRANS","School",602,"confidential: replaced by 'CLID_anonymous'",31,1,,,,,,,,"Retype school name","schlName_other","confidential: removed from data","confidential: removed from data",457
"TRANS","School",602,"confidential: replaced by 'CLID_anonymous'",31,2,,,,,,,,"Comment","schlComment","confidential: removed from data","confidential: removed from data",458
"COMMENT","School",602,"confidential: replaced by 'CLID_anonymous'",31,1,,,,,,,,"How many years has the head teacher been in this post?","headTeacherYrs","confidential: removed from data","confidential: removed from data",459
"TRANS","School",602,"confidential: replaced by 'CLID_anonymous'",31,1,,,,,,,,"Record the GPS coordinates for this school","schlGPS","confidential: removed from data","confidential: removed from data",460
"TRANS","School",602,"confidential: replaced by 'CLID_anonymous'",31,2,,,,,,,,"Retype school name","schlName_other","confidential: removed from data","confidential: removed from data",461
"TRANS","School",602,"confidential: replaced by 'CLID_anonymous'",24,1,,,,,,,,"Retype school name","schlName_other","confidential: removed from data","confidential: removed from data",462
"TRANS","School",602,"confidential: replaced by 'CLID_anonymous'",24,1,,,,,,,,"Comment","schlComment","confidential: removed from data","confidential: removed from data",463
"TRANS","School",602,"confidential: replaced by 'CLID_anonymous'",24,1,,,,,,,,"Record the GPS coordinates for this school","schlGPS","confidential: removed from data","confidential: removed from data",464
