"CommentType","TableName","DistID","CLID","CLID_anonymous","VGRID","RGID","CID","CMCEID","varlabel","VariableName","originalEntry","English","anonymous_data_ID"
"COMMENT","Community",104,"confidential: replaced by 'CLID_anonymous'",26,,,,,"How  many years has the current VEO been the VEO of your village? (in completed","VEOyears","confidential: removed from data","confidential: removed from data",1
"TRANS","Community",104,"confidential: replaced by 'CLID_anonymous'",26,,,,,"Comment","Comment","confidential: removed from data","confidential: removed from data",2
"TRANS","RespondentGov",104,"confidential: replaced by 'CLID_anonymous'",26,,2,,,"Respondent name","RGname","confidential: removed from data","confidential: removed from data",3
"TRANS","RespondentGov",104,"confidential: replaced by 'CLID_anonymous'",26,,1,,,"Respondent name","RGname","confidential: removed from data","confidential: removed from data",4
"TRANS","VGrecords",104,"confidential: replaced by 'CLID_anonymous'",26,1,,,,"For which groups?","VGname","confidential: removed from data","confidential: removed from data",5
"TRANS","VGrecords",104,"confidential: replaced by 'CLID_anonymous'",26,2,,,,"For which groups?","VGname","confidential: removed from data","confidential: removed from data",6
"TRANS","RespondentGov",104,"confidential: replaced by 'CLID_anonymous'",46,,1,,,"Respondent name","RGname","confidential: removed from data","confidential: removed from data",7
"TRANS","RespondentGov",104,"confidential: replaced by 'CLID_anonymous'",46,,2,,,"Respondent name","RGname","confidential: removed from data","confidential: removed from data",8
"COMMENT","Community",104,"confidential: replaced by 'CLID_anonymous'",46,,,,,"How many CB-CCT beneficiaries live in this village? This information can be got","CCTBnfNo","confidential: removed from data","confidential: removed from data",9
"TRANS","VGrecords",104,"confidential: replaced by 'CLID_anonymous'",46,1,,,,"For which groups?","VGname","confidential: removed from data","confidential: removed from data",10
"TRANS","VGrecords",104,"confidential: replaced by 'CLID_anonymous'",46,2,,,,"For which groups?","VGname","confidential: removed from data","confidential: removed from data",11
"TRANS","Community",104,"confidential: replaced by 'CLID_anonymous'",46,,,,,"Comment","Comment","confidential: removed from data","confidential: removed from data",12
"TRANS","VGrecords",104,"confidential: replaced by 'CLID_anonymous'",46,3,,,,"For which groups?","VGname","confidential: removed from data","confidential: removed from data",13
"TRANS","RespondentGov",104,"confidential: replaced by 'CLID_anonymous'",77,,1,,,"Respondent name","RGname","confidential: removed from data","confidential: removed from data",14
"TRANS","RespondentGov",104,"confidential: replaced by 'CLID_anonymous'",77,,2,,,"Respondent name","RGname","confidential: removed from data","confidential: removed from data",15
"TRANS","Community",104,"confidential: replaced by 'CLID_anonymous'",77,,,,,"Comment","Comment","confidential: removed from data","confidential: removed from data",16
"TRANS","RespondentGov",104,"confidential: replaced by 'CLID_anonymous'",63,,1,,,"Respondent name","RGname","confidential: removed from data","confidential: removed from data",17
"TRANS","Community",104,"confidential: replaced by 'CLID_anonymous'",63,,,,,"Comment","Comment","confidential: removed from data","confidential: removed from data",18
"TRANS","RespondentGov",104,"confidential: replaced by 'CLID_anonymous'",63,,2,,,"Respondent name","RGname","confidential: removed from data","confidential: removed from data",19
"TRANS","VGrecords",104,"confidential: replaced by 'CLID_anonymous'",63,1,,,,"For which groups?","VGname","confidential: removed from data","confidential: removed from data",20
"COMMENT","Community",104,"confidential: replaced by 'CLID_anonymous'",63,,,,,"How many CB-CCT beneficiaries live in this village? This information can be got","CCTBnfNo","confidential: removed from data","confidential: removed from data",21
"COMMENT","Community",104,"confidential: replaced by 'CLID_anonymous'",63,,,,,"How many CB-CCT beneficiary households are there in the village? This informatio","beneficiaries","confidential: removed from data","confidential: removed from data",22
"TRANS","Community",104,"confidential: replaced by 'CLID_anonymous'",15,,,,,"Comment","Comment","confidential: removed from data","confidential: removed from data",23
"TRANS","RespondentGov",104,"confidential: replaced by 'CLID_anonymous'",15,,2,,,"Respondent name","RGname","confidential: removed from data","confidential: removed from data",24
"TRANS","RespondentGov",104,"confidential: replaced by 'CLID_anonymous'",15,,1,,,"Respondent name","RGname","confidential: removed from data","confidential: removed from data",25
"TRANS","RespondentGov",104,"confidential: replaced by 'CLID_anonymous'",16,,2,,,"Respondent name","RGname","confidential: removed from data","confidential: removed from data",26
"COMMENT","Community",104,"confidential: replaced by 'CLID_anonymous'",16,,,,,"How many years did the most recent previous VEO serve as VEO of this village?","VEOprevYears","confidential: removed from data","confidential: removed from data",27
"TRANS","Community",104,"confidential: replaced by 'CLID_anonymous'",16,,,,,"Comment","Comment","confidential: removed from data","confidential: removed from data",28
"TRANS","RespondentGov",104,"confidential: replaced by 'CLID_anonymous'",16,,1,,,"Respondent name","RGname","confidential: removed from data","confidential: removed from data",29
"TRANS","VGrecords",104,"confidential: replaced by 'CLID_anonymous'",80,2,,,,"For which groups?","VGname","confidential: removed from data","confidential: removed from data",30
"TRANS","VGrecords",104,"confidential: replaced by 'CLID_anonymous'",80,1,,,,"For which groups?","VGname","confidential: removed from data","confidential: removed from data",31
"TRANS","RespondentGov",104,"confidential: replaced by 'CLID_anonymous'",80,,2,,,"Respondent name","RGname","confidential: removed from data","confidential: removed from data",32
"TRANS","RespondentGov",104,"confidential: replaced by 'CLID_anonymous'",80,,1,,,"Respondent name","RGname","confidential: removed from data","confidential: removed from data",33
"TRANS","Community",104,"confidential: replaced by 'CLID_anonymous'",80,,,,,"Comment","Comment","confidential: removed from data","confidential: removed from data",34
"TRANS","Community",104,"confidential: replaced by 'CLID_anonymous'",22,,,,,"Comment","Comment","confidential: removed from data","confidential: removed from data",35
"TRANS","RespondentGov",104,"confidential: replaced by 'CLID_anonymous'",22,,2,,,"Respondent name","RGname","confidential: removed from data","confidential: removed from data",36
"TRANS","RespondentGov",104,"confidential: replaced by 'CLID_anonymous'",22,,3,,,"Respondent name","RGname","confidential: removed from data","confidential: removed from data",37
"TRANS","RespondentGov",104,"confidential: replaced by 'CLID_anonymous'",22,,1,,,"Respondent name","RGname","confidential: removed from data","confidential: removed from data",38
"TRANS","RespondentGov",104,"confidential: replaced by 'CLID_anonymous'",67,,1,,,"Respondent name","RGname","confidential: removed from data","confidential: removed from data",39
"TRANS","Community",104,"confidential: replaced by 'CLID_anonymous'",67,,,,,"Comment","Comment","confidential: removed from data","confidential: removed from data",40
"TRANS","RespondentGov",104,"confidential: replaced by 'CLID_anonymous'",67,,2,,,"Respondent name","RGname","confidential: removed from data","confidential: removed from data",41
"COMMENT","Community",104,"confidential: replaced by 'CLID_anonymous'",67,,,,,"How many CB-CCT beneficiaries live in this village? This information can be got","CCTBnfNo","confidential: removed from data","confidential: removed from data",42
"TRANS","Community",104,"confidential: replaced by 'CLID_anonymous'",40,,,,,"Comment","Comment","confidential: removed from data","confidential: removed from data",43
"COMMENT","RespondentGov",104,"confidential: replaced by 'CLID_anonymous'",40,,1,,,"Respondent residence in community in years","RGresidence","confidential: removed from data","confidential: removed from data",44
"TRANS","VGrecords",104,"confidential: replaced by 'CLID_anonymous'",40,1,,,,"For which groups?","VGname","confidential: removed from data","confidential: removed from data",45
"TRANS","RespondentGov",104,"confidential: replaced by 'CLID_anonymous'",40,,2,,,"Respondent name","RGname","confidential: removed from data","confidential: removed from data",46
"COMMENT","Community",104,"confidential: replaced by 'CLID_anonymous'",40,,,,,"How many years has the current Village Chairman been in his post?","VCyears","confidential: removed from data","confidential: removed from data",47
"COMMENT","Community",104,"confidential: replaced by 'CLID_anonymous'",40,,,,,"How  many years has the current VEO been the VEO of your village? (in completed","VEOyears","confidential: removed from data","confidential: removed from data",48
"TRANS","RespondentGov",104,"confidential: replaced by 'CLID_anonymous'",40,,1,,,"Respondent name","RGname","confidential: removed from data","confidential: removed from data",49
"TRANS","RespondentGov",104,"confidential: replaced by 'CLID_anonymous'",50,,2,,,"Respondent name","RGname","confidential: removed from data","confidential: removed from data",50
"TRANS","Community",104,"confidential: replaced by 'CLID_anonymous'",50,,,,,"Comment","Comment","confidential: removed from data","confidential: removed from data",51
"TRANS","RespondentGov",104,"confidential: replaced by 'CLID_anonymous'",50,,1,,,"Respondent name","RGname","confidential: removed from data","confidential: removed from data",52
"TRANS","VGrecords",104,"confidential: replaced by 'CLID_anonymous'",50,1,,,,"For which groups?","VGname","confidential: removed from data","confidential: removed from data",53
"TRANS","RespondentGov",104,"confidential: replaced by 'CLID_anonymous'",6,,2,,,"Respondent name","RGname","confidential: removed from data","confidential: removed from data",54
"TRANS","Community",104,"confidential: replaced by 'CLID_anonymous'",6,,,,,"Comment","Comment","confidential: removed from data","confidential: removed from data",55
"TRANS","RespondentGov",104,"confidential: replaced by 'CLID_anonymous'",6,,1,,,"Respondent name","RGname","confidential: removed from data","confidential: removed from data",56
"TRANS","RespondentGov",104,"confidential: replaced by 'CLID_anonymous'",6,,3,,,"Respondent name","RGname","confidential: removed from data","confidential: removed from data",57
"COMMENT","Community",104,"confidential: replaced by 'CLID_anonymous'",6,,,,,"How many people live in this village?","popNo","confidential: removed from data","confidential: removed from data",58
"TRANS","VGrecords",104,"confidential: replaced by 'CLID_anonymous'",6,1,,,,"For which groups?","VGname","confidential: removed from data","confidential: removed from data",59
"COMMENT","Community",104,"confidential: replaced by 'CLID_anonymous'",48,,,,,"How many CB-CCT beneficiaries live in this village? This information can be got","CCTBnfNo","confidential: removed from data","confidential: removed from data",60
"TRANS","VGrecords",104,"confidential: replaced by 'CLID_anonymous'",48,1,,,,"For which groups?","VGname","confidential: removed from data","confidential: removed from data",61
"COMMENT","Community",104,"confidential: replaced by 'CLID_anonymous'",48,,,,,"How many CB-CCT beneficiary households are there in the village? This informatio","beneficiaries","confidential: removed from data","confidential: removed from data",62
"TRANS","RespondentGov",104,"confidential: replaced by 'CLID_anonymous'",48,,1,,,"Respondent name","RGname","confidential: removed from data","confidential: removed from data",63
"TRANS","Community",104,"confidential: replaced by 'CLID_anonymous'",48,,,,,"Comment","Comment","confidential: removed from data","confidential: removed from data",64
"TRANS","RespondentGov",104,"confidential: replaced by 'CLID_anonymous'",48,,2,,,"Respondent name","RGname","confidential: removed from data","confidential: removed from data",65
"TRANS","VGrecords",104,"confidential: replaced by 'CLID_anonymous'",48,3,,,,"For which groups?","VGname","confidential: removed from data","confidential: removed from data",66
"TRANS","VGrecords",104,"confidential: replaced by 'CLID_anonymous'",48,2,,,,"For which groups?","VGname","confidential: removed from data","confidential: removed from data",67
"TRANS","Community",104,"confidential: replaced by 'CLID_anonymous'",56,,,,,"Comment","Comment","confidential: removed from data","confidential: removed from data",68
"TRANS","RespondentGov",104,"confidential: replaced by 'CLID_anonymous'",56,,2,,,"Respondent name","RGname","confidential: removed from data","confidential: removed from data",69
"TRANS","VGrecords",104,"confidential: replaced by 'CLID_anonymous'",56,2,,,,"For which groups?","VGname","confidential: removed from data","confidential: removed from data",70
"TRANS","VGrecords",104,"confidential: replaced by 'CLID_anonymous'",56,3,,,,"For which groups?","VGname","confidential: removed from data","confidential: removed from data",71
"TRANS","RespondentGov",104,"confidential: replaced by 'CLID_anonymous'",56,,1,,,"Respondent name","RGname","confidential: removed from data","confidential: removed from data",72
"TRANS","VGrecords",104,"confidential: replaced by 'CLID_anonymous'",56,1,,,,"For which groups?","VGname","confidential: removed from data","confidential: removed from data",73
"TRANS","VGrecords",104,"confidential: replaced by 'CLID_anonymous'",82,3,,,,"For which groups?","VGname","confidential: removed from data","confidential: removed from data",74
"TRANS","RespondentGov",104,"confidential: replaced by 'CLID_anonymous'",82,,2,,,"Respondent name","RGname","confidential: removed from data","confidential: removed from data",75
"TRANS","VGrecords",104,"confidential: replaced by 'CLID_anonymous'",82,1,,,,"For which groups?","VGname","confidential: removed from data","confidential: removed from data",76
"TRANS","RespondentGov",104,"confidential: replaced by 'CLID_anonymous'",82,,3,,,"Respondent name","RGname","confidential: removed from data","confidential: removed from data",77
"TRANS","Community",104,"confidential: replaced by 'CLID_anonymous'",82,,,,,"Comment","Comment","confidential: removed from data","confidential: removed from data",78
"TRANS","RespondentGov",104,"confidential: replaced by 'CLID_anonymous'",82,,1,,,"Respondent name","RGname","confidential: removed from data","confidential: removed from data",79
"TRANS","VGrecords",104,"confidential: replaced by 'CLID_anonymous'",82,2,,,,"For which groups?","VGname","confidential: removed from data","confidential: removed from data",80
"COMMENT","Community",104,"confidential: replaced by 'CLID_anonymous'",82,,,,,"How many years did the most recent previous VEO serve as VEO of this village?","VEOprevYears","confidential: removed from data","confidential: removed from data",81
"OTHER","RespondentGov",104,"confidential: replaced by 'CLID_anonymous'",82,,3,,,"Respondent Role/Position","RGposition","confidential: removed from data","confidential: removed from data",82
"TRANS","VGrecords",104,"confidential: replaced by 'CLID_anonymous'",70,2,,,,"For which groups?","VGname","confidential: removed from data","confidential: removed from data",83
"TRANS","VGrecords",104,"confidential: replaced by 'CLID_anonymous'",70,3,,,,"For which groups?","VGname","confidential: removed from data","confidential: removed from data",84
"TRANS","RespondentGov",104,"confidential: replaced by 'CLID_anonymous'",70,,2,,,"Respondent name","RGname","confidential: removed from data","confidential: removed from data",85
"TRANS","VGrecords",104,"confidential: replaced by 'CLID_anonymous'",70,1,,,,"For which groups?","VGname","confidential: removed from data","confidential: removed from data",86
"TRANS","RespondentGov",104,"confidential: replaced by 'CLID_anonymous'",70,,1,,,"Respondent name","RGname","confidential: removed from data","confidential: removed from data",87
"TRANS","Community",104,"confidential: replaced by 'CLID_anonymous'",70,,,,,"Comment","Comment","confidential: removed from data","confidential: removed from data",88
"TRANS","RespondentGov",104,"confidential: replaced by 'CLID_anonymous'",52,,1,,,"Respondent name","RGname","confidential: removed from data","confidential: removed from data",89
"TRANS","RespondentGov",104,"confidential: replaced by 'CLID_anonymous'",52,,2,,,"Respondent name","RGname","confidential: removed from data","confidential: removed from data",90
"TRANS","Community",104,"confidential: replaced by 'CLID_anonymous'",52,,,,,"Comment","Comment","confidential: removed from data","confidential: removed from data",91
"TRANS","VGrecords",104,"confidential: replaced by 'CLID_anonymous'",52,1,,,,"For which groups?","VGname","confidential: removed from data","confidential: removed from data",92
"TRANS","VGrecords",104,"confidential: replaced by 'CLID_anonymous'",27,1,,,,"For which groups?","VGname","confidential: removed from data","confidential: removed from data",93
"TRANS","RespondentGov",104,"confidential: replaced by 'CLID_anonymous'",27,,2,,,"Respondent name","RGname","confidential: removed from data","confidential: removed from data",94
"TRANS","Community",104,"confidential: replaced by 'CLID_anonymous'",27,,,,,"Comment","Comment","confidential: removed from data","confidential: removed from data",95
"TRANS","VGrecords",104,"confidential: replaced by 'CLID_anonymous'",27,2,,,,"For which groups?","VGname","confidential: removed from data","confidential: removed from data",96
"TRANS","RespondentGov",104,"confidential: replaced by 'CLID_anonymous'",27,,1,,,"Respondent name","RGname","confidential: removed from data","confidential: removed from data",97
"TRANS","Community",104,"confidential: replaced by 'CLID_anonymous'",68,,,,,"Comment","Comment","confidential: removed from data","confidential: removed from data",98
"COMMENT","Community",104,"confidential: replaced by 'CLID_anonymous'",68,,,,,"How many CB-CCT beneficiary households are there in the village? This informatio","beneficiaries","confidential: removed from data","confidential: removed from data",99
"TRANS","RespondentGov",104,"confidential: replaced by 'CLID_anonymous'",68,,1,,,"Respondent name","RGname","confidential: removed from data","confidential: removed from data",100
"TRANS","RespondentGov",104,"confidential: replaced by 'CLID_anonymous'",68,,2,,,"Respondent name","RGname","confidential: removed from data","confidential: removed from data",101
"COMMENT","Community",104,"confidential: replaced by 'CLID_anonymous'",68,,,,,"How many CB-CCT beneficiaries live in this village? This information can be got","CCTBnfNo","confidential: removed from data","confidential: removed from data",102
"COMMENT","Community",104,"confidential: replaced by 'CLID_anonymous'",8,,,,,"How many CB-CCT beneficiaries live in this village? This information can be got","CCTBnfNo","confidential: removed from data","confidential: removed from data",103
"TRANS","RespondentGov",104,"confidential: replaced by 'CLID_anonymous'",8,,1,,,"Respondent name","RGname","confidential: removed from data","confidential: removed from data",104
"TRANS","RespondentGov",104,"confidential: replaced by 'CLID_anonymous'",8,,2,,,"Respondent name","RGname","confidential: removed from data","confidential: removed from data",105
"COMMENT","Community",104,"confidential: replaced by 'CLID_anonymous'",8,,,,,"How many CB-CCT beneficiary households are there in the village? This informatio","beneficiaries","confidential: removed from data","confidential: removed from data",106
"TRANS","VGrecords",104,"confidential: replaced by 'CLID_anonymous'",8,1,,,,"For which groups?","VGname","confidential: removed from data","confidential: removed from data",107
"TRANS","Community",104,"confidential: replaced by 'CLID_anonymous'",8,,,,,"Comment","Comment","confidential: removed from data","confidential: removed from data",108
"TRANS","RespondentGov",104,"confidential: replaced by 'CLID_anonymous'",66,,1,,,"Respondent name","RGname","confidential: removed from data","confidential: removed from data",109
"TRANS","Community",104,"confidential: replaced by 'CLID_anonymous'",66,,,,,"Comment","Comment","confidential: removed from data","confidential: removed from data",110
"TRANS","RespondentGov",104,"confidential: replaced by 'CLID_anonymous'",66,,2,,,"Respondent name","RGname","confidential: removed from data","confidential: removed from data",111
"TRANS","VGrecords",601,"confidential: replaced by 'CLID_anonymous'",5,1,,,,"For which groups?","VGname","confidential: removed from data","confidential: removed from data",112
"TRANS","Community",601,"confidential: replaced by 'CLID_anonymous'",5,,,,,"Comment","Comment","confidential: removed from data","confidential: removed from data",113
"TRANS","RespondentGov",601,"confidential: replaced by 'CLID_anonymous'",5,,2,,,"Respondent name","RGname","confidential: removed from data","confidential: removed from data",114
"TRANS","RespondentGov",601,"confidential: replaced by 'CLID_anonymous'",5,,1,,,"Respondent name","RGname","confidential: removed from data","confidential: removed from data",115
"TRANS","RespondentGov",601,"confidential: replaced by 'CLID_anonymous'",49,,1,,,"Respondent name","RGname","confidential: removed from data","confidential: removed from data",116
"TRANS","Community",601,"confidential: replaced by 'CLID_anonymous'",49,,,,,"Comment","Comment","confidential: removed from data","confidential: removed from data",117
"TRANS","RespondentGov",601,"confidential: replaced by 'CLID_anonymous'",49,,2,,,"Respondent name","RGname","confidential: removed from data","confidential: removed from data",118
"TRANS","VGrecords",601,"confidential: replaced by 'CLID_anonymous'",49,2,,,,"For which groups?","VGname","confidential: removed from data","confidential: removed from data",119
"TRANS","VGrecords",601,"confidential: replaced by 'CLID_anonymous'",49,3,,,,"For which groups?","VGname","confidential: removed from data","confidential: removed from data",120
"TRANS","VGrecords",601,"confidential: replaced by 'CLID_anonymous'",49,1,,,,"For which groups?","VGname","confidential: removed from data","confidential: removed from data",121
"TRANS","RespondentGov",601,"confidential: replaced by 'CLID_anonymous'",74,,1,,,"Respondent name","RGname","confidential: removed from data","confidential: removed from data",122
"TRANS","Community",601,"confidential: replaced by 'CLID_anonymous'",74,,,,,"Comment","Comment","confidential: removed from data","confidential: removed from data",123
"TRANS","VGrecords",601,"confidential: replaced by 'CLID_anonymous'",74,1,,,,"For which groups?","VGname","confidential: removed from data","confidential: removed from data",124
"TRANS","RespondentGov",601,"confidential: replaced by 'CLID_anonymous'",74,,2,,,"Respondent name","RGname","confidential: removed from data","confidential: removed from data",125
"TRANS","RespondentGov",601,"confidential: replaced by 'CLID_anonymous'",62,,1,,,"Respondent name","RGname","confidential: removed from data","confidential: removed from data",126
"TRANS","Community",601,"confidential: replaced by 'CLID_anonymous'",62,,,,,"Comment","Comment","confidential: removed from data","confidential: removed from data",127
"TRANS","RespondentGov",601,"confidential: replaced by 'CLID_anonymous'",62,,2,,,"Respondent name","RGname","confidential: removed from data","confidential: removed from data",128
"COMMENT","Community",601,"confidential: replaced by 'CLID_anonymous'",62,,,,,"How many CB-CCT beneficiaries live in this village? This information can be got","CCTBnfNo","confidential: removed from data","confidential: removed from data",129
"TRANS","RespondentGov",601,"confidential: replaced by 'CLID_anonymous'",21,,1,,,"Respondent name","RGname","confidential: removed from data","confidential: removed from data",130
"TRANS","Community",601,"confidential: replaced by 'CLID_anonymous'",21,,,,,"Comment","Comment","confidential: removed from data","confidential: removed from data",131
"TRANS","RespondentGov",601,"confidential: replaced by 'CLID_anonymous'",21,,2,,,"Respondent name","RGname","confidential: removed from data","confidential: removed from data",132
"TRANS","VGrecords",601,"confidential: replaced by 'CLID_anonymous'",21,1,,,,"For which groups?","VGname","confidential: removed from data","confidential: removed from data",133
"TRANS","VGrecords",601,"confidential: replaced by 'CLID_anonymous'",21,2,,,,"For which groups?","VGname","confidential: removed from data","confidential: removed from data",134
"TRANS","VGrecords",601,"confidential: replaced by 'CLID_anonymous'",1,1,,,,"For which groups?","VGname","confidential: removed from data","confidential: removed from data",135
"TRANS","RespondentGov",601,"confidential: replaced by 'CLID_anonymous'",1,,1,,,"Respondent name","RGname","confidential: removed from data","confidential: removed from data",136
"TRANS","Community",601,"confidential: replaced by 'CLID_anonymous'",1,,,,,"Comment","Comment","confidential: removed from data","confidential: removed from data",137
"TRANS","VGrecords",601,"confidential: replaced by 'CLID_anonymous'",1,2,,,,"For which groups?","VGname","confidential: removed from data","confidential: removed from data",138
"TRANS","RespondentGov",601,"confidential: replaced by 'CLID_anonymous'",1,,2,,,"Respondent name","RGname","confidential: removed from data","confidential: removed from data",139
"COMMENT","Community",601,"confidential: replaced by 'CLID_anonymous'",1,,,,,"How many CB-CCT beneficiaries live in this village? This information can be got","CCTBnfNo","confidential: removed from data","confidential: removed from data",140
"COMMENT","Community",601,"confidential: replaced by 'CLID_anonymous'",79,,,,,"How many CB-CCT beneficiaries live in this village? This information can be got","CCTBnfNo","confidential: removed from data","confidential: removed from data",141
"TRANS","Community",601,"confidential: replaced by 'CLID_anonymous'",79,,,,,"Comment","Comment","confidential: removed from data","confidential: removed from data",142
"COMMENT","Community",601,"confidential: replaced by 'CLID_anonymous'",79,,,,,"How many CB-CCT beneficiary households are there in the village? This informatio","beneficiaries","confidential: removed from data","confidential: removed from data",143
"TRANS","RespondentGov",601,"confidential: replaced by 'CLID_anonymous'",79,,2,,,"Respondent name","RGname","confidential: removed from data","confidential: removed from data",144
"TRANS","VGrecords",601,"confidential: replaced by 'CLID_anonymous'",79,1,,,,"For which groups?","VGname","confidential: removed from data","confidential: removed from data",145
"TRANS","VGrecords",601,"confidential: replaced by 'CLID_anonymous'",79,2,,,,"For which groups?","VGname","confidential: removed from data","confidential: removed from data",146
"TRANS","RespondentGov",601,"confidential: replaced by 'CLID_anonymous'",79,,1,,,"Respondent name","RGname","confidential: removed from data","confidential: removed from data",147
"TRANS","Community",601,"confidential: replaced by 'CLID_anonymous'",41,,,,,"Comment","Comment","confidential: removed from data","confidential: removed from data",148
"TRANS","RespondentGov",601,"confidential: replaced by 'CLID_anonymous'",41,,2,,,"Respondent name","RGname","confidential: removed from data","confidential: removed from data",149
"TRANS","RespondentGov",601,"confidential: replaced by 'CLID_anonymous'",41,,1,,,"Respondent name","RGname","confidential: removed from data","confidential: removed from data",150
"TRANS","VGrecords",601,"confidential: replaced by 'CLID_anonymous'",41,2,,,,"For which groups?","VGname","confidential: removed from data","confidential: removed from data",151
"TRANS","VGrecords",601,"confidential: replaced by 'CLID_anonymous'",41,1,,,,"For which groups?","VGname","confidential: removed from data","confidential: removed from data",152
"TRANS","Community",601,"confidential: replaced by 'CLID_anonymous'",71,,,,,"Comment","Comment","confidential: removed from data","confidential: removed from data",153
"TRANS","RespondentGov",601,"confidential: replaced by 'CLID_anonymous'",71,,1,,,"Respondent name","RGname","confidential: removed from data","confidential: removed from data",154
"TRANS","RespondentGov",601,"confidential: replaced by 'CLID_anonymous'",71,,2,,,"Respondent name","RGname","confidential: removed from data","confidential: removed from data",155
"TRANS","RespondentGov",601,"confidential: replaced by 'CLID_anonymous'",53,,1,,,"Respondent name","RGname","confidential: removed from data","confidential: removed from data",156
"TRANS","Community",601,"confidential: replaced by 'CLID_anonymous'",53,,,,,"Comment","Comment","confidential: removed from data","confidential: removed from data",157
"TRANS","RespondentGov",601,"confidential: replaced by 'CLID_anonymous'",75,,1,,,"Respondent name","RGname","confidential: removed from data","confidential: removed from data",158
"TRANS","Community",601,"confidential: replaced by 'CLID_anonymous'",75,,,,,"Comment","Comment","confidential: removed from data","confidential: removed from data",159
"TRANS","VGrecords",601,"confidential: replaced by 'CLID_anonymous'",75,3,,,,"For which groups?","VGname","confidential: removed from data","confidential: removed from data",160
"TRANS","VGrecords",601,"confidential: replaced by 'CLID_anonymous'",75,2,,,,"For which groups?","VGname","confidential: removed from data","confidential: removed from data",161
"TRANS","VGrecords",601,"confidential: replaced by 'CLID_anonymous'",75,1,,,,"For which groups?","VGname","confidential: removed from data","confidential: removed from data",162
"TRANS","RespondentGov",601,"confidential: replaced by 'CLID_anonymous'",75,,2,,,"Respondent name","RGname","confidential: removed from data","confidential: removed from data",163
"TRANS","RespondentGov",601,"confidential: replaced by 'CLID_anonymous'",37,,1,,,"Respondent name","RGname","confidential: removed from data","confidential: removed from data",164
"TRANS","RespondentGov",601,"confidential: replaced by 'CLID_anonymous'",37,,2,,,"Respondent name","RGname","confidential: removed from data","confidential: removed from data",165
"TRANS","Community",601,"confidential: replaced by 'CLID_anonymous'",37,,,,,"Comment","Comment","confidential: removed from data","confidential: removed from data",166
"TRANS","RespondentGov",601,"confidential: replaced by 'CLID_anonymous'",61,,1,,,"Respondent name","RGname","confidential: removed from data","confidential: removed from data",167
"TRANS","Community",601,"confidential: replaced by 'CLID_anonymous'",61,,,,,"Comment","Comment","confidential: removed from data","confidential: removed from data",168
"TRANS","RespondentGov",601,"confidential: replaced by 'CLID_anonymous'",61,,2,,,"Respondent name","RGname","confidential: removed from data","confidential: removed from data",169
"TRANS","VGrecords",601,"confidential: replaced by 'CLID_anonymous'",61,1,,,,"For which groups?","VGname","confidential: removed from data","confidential: removed from data",170
"TRANS","VGrecords",601,"confidential: replaced by 'CLID_anonymous'",61,3,,,,"For which groups?","VGname","confidential: removed from data","confidential: removed from data",171
"TRANS","VGrecords",601,"confidential: replaced by 'CLID_anonymous'",61,2,,,,"For which groups?","VGname","confidential: removed from data","confidential: removed from data",172
"TRANS","Community",601,"confidential: replaced by 'CLID_anonymous'",60,,,,,"Comment","Comment","confidential: removed from data","confidential: removed from data",173
"TRANS","RespondentGov",601,"confidential: replaced by 'CLID_anonymous'",60,,1,,,"Respondent name","RGname","confidential: removed from data","confidential: removed from data",174
"TRANS","RespondentGov",601,"confidential: replaced by 'CLID_anonymous'",60,,2,,,"Respondent name","RGname","confidential: removed from data","confidential: removed from data",175
"COMMENT","RespondentGov",601,"confidential: replaced by 'CLID_anonymous'",60,,1,,,"Respondent residence in community in years","RGresidence","confidential: removed from data","confidential: removed from data",176
"OTHER","RespondentGov",601,"confidential: replaced by 'CLID_anonymous'",4,,3,,,"Respondent Role/Position","RGposition","confidential: removed from data","confidential: removed from data",177
"TRANS","RespondentGov",601,"confidential: replaced by 'CLID_anonymous'",4,,2,,,"Respondent name","RGname","confidential: removed from data","confidential: removed from data",178
"TRANS","VGrecords",601,"confidential: replaced by 'CLID_anonymous'",4,3,,,,"For which groups?","VGname","confidential: removed from data","confidential: removed from data",179
"TRANS","RespondentGov",601,"confidential: replaced by 'CLID_anonymous'",4,,3,,,"Respondent name","RGname","confidential: removed from data","confidential: removed from data",180
"TRANS","Community",601,"confidential: replaced by 'CLID_anonymous'",4,,,,,"Comment","Comment","confidential: removed from data","confidential: removed from data",181
"TRANS","VGrecords",601,"confidential: replaced by 'CLID_anonymous'",4,2,,,,"For which groups?","VGname","confidential: removed from data","confidential: removed from data",182
"TRANS","VGrecords",601,"confidential: replaced by 'CLID_anonymous'",4,1,,,,"For which groups?","VGname","confidential: removed from data","confidential: removed from data",183
"TRANS","RespondentGov",601,"confidential: replaced by 'CLID_anonymous'",4,,1,,,"Respondent name","RGname","confidential: removed from data","confidential: removed from data",184
"TRANS","RespondentGov",601,"confidential: replaced by 'CLID_anonymous'",4,,4,,,"Respondent name","RGname","confidential: removed from data","confidential: removed from data",185
"TRANS","RespondentGov",601,"confidential: replaced by 'CLID_anonymous'",7,,2,,,"Respondent name","RGname","confidential: removed from data","confidential: removed from data",186
"TRANS","Community",601,"confidential: replaced by 'CLID_anonymous'",7,,,,,"Comment","Comment","confidential: removed from data","confidential: removed from data",187
"TRANS","RespondentGov",601,"confidential: replaced by 'CLID_anonymous'",7,,1,,,"Respondent name","RGname","confidential: removed from data","confidential: removed from data",188
"TRANS","VGrecords",601,"confidential: replaced by 'CLID_anonymous'",7,1,,,,"For which groups?","VGname","confidential: removed from data","confidential: removed from data",189
"COMMENT","Community",601,"confidential: replaced by 'CLID_anonymous'",32,,,,,"How many CB-CCT beneficiary households are there in the village? This informatio","beneficiaries","confidential: removed from data","confidential: removed from data",190
"TRANS","RespondentGov",601,"confidential: replaced by 'CLID_anonymous'",32,,1,,,"Respondent name","RGname","confidential: removed from data","confidential: removed from data",191
"TRANS","VGrecords",601,"confidential: replaced by 'CLID_anonymous'",32,1,,,,"For which groups?","VGname","confidential: removed from data","confidential: removed from data",192
"COMMENT","Community",601,"confidential: replaced by 'CLID_anonymous'",32,,,,,"How many CB-CCT beneficiaries live in this village? This information can be got","CCTBnfNo","confidential: removed from data","confidential: removed from data",193
"TRANS","Community",601,"confidential: replaced by 'CLID_anonymous'",32,,,,,"Comment","Comment","confidential: removed from data","confidential: removed from data",194
"TRANS","Community",601,"confidential: replaced by 'CLID_anonymous'",17,,,,,"Comment","Comment","confidential: removed from data","confidential: removed from data",195
"TRANS","RespondentGov",601,"confidential: replaced by 'CLID_anonymous'",17,,1,,,"Respondent name","RGname","confidential: removed from data","confidential: removed from data",196
"TRANS","RespondentGov",601,"confidential: replaced by 'CLID_anonymous'",17,,2,,,"Respondent name","RGname","confidential: removed from data","confidential: removed from data",197
"TRANS","RespondentGov",601,"confidential: replaced by 'CLID_anonymous'",3,,2,,,"Respondent name","RGname","confidential: removed from data","confidential: removed from data",198
"TRANS","RespondentGov",601,"confidential: replaced by 'CLID_anonymous'",3,,1,,,"Respondent name","RGname","confidential: removed from data","confidential: removed from data",199
"TRANS","Community",601,"confidential: replaced by 'CLID_anonymous'",3,,,,,"Comment","Comment","confidential: removed from data","confidential: removed from data",200
"TRANS","VGrecords",601,"confidential: replaced by 'CLID_anonymous'",43,1,,,,"For which groups?","VGname","confidential: removed from data","confidential: removed from data",201
"TRANS","VGrecords",601,"confidential: replaced by 'CLID_anonymous'",43,2,,,,"For which groups?","VGname","confidential: removed from data","confidential: removed from data",202
"TRANS","Community",601,"confidential: replaced by 'CLID_anonymous'",43,,,,,"Comment","Comment","confidential: removed from data","confidential: removed from data",203
"TRANS","RespondentGov",601,"confidential: replaced by 'CLID_anonymous'",43,,1,,,"Respondent name","RGname","confidential: removed from data","confidential: removed from data",204
"TRANS","RespondentGov",601,"confidential: replaced by 'CLID_anonymous'",43,,2,,,"Respondent name","RGname","confidential: removed from data","confidential: removed from data",205
"TRANS","Community",601,"confidential: replaced by 'CLID_anonymous'",14,,,,,"Comment","Comment","confidential: removed from data","confidential: removed from data",206
"TRANS","RespondentGov",601,"confidential: replaced by 'CLID_anonymous'",14,,1,,,"Respondent name","RGname","confidential: removed from data","confidential: removed from data",207
"TRANS","RespondentGov",601,"confidential: replaced by 'CLID_anonymous'",14,,2,,,"Respondent name","RGname","confidential: removed from data","confidential: removed from data",208
"TRANS","VGrecords",601,"confidential: replaced by 'CLID_anonymous'",14,2,,,,"For which groups?","VGname","confidential: removed from data","confidential: removed from data",209
"TRANS","VGrecords",601,"confidential: replaced by 'CLID_anonymous'",14,1,,,,"For which groups?","VGname","confidential: removed from data","confidential: removed from data",210
"TRANS","Community",601,"confidential: replaced by 'CLID_anonymous'",20,,,,,"Comment","Comment","confidential: removed from data","confidential: removed from data",211
"TRANS","RespondentGov",601,"confidential: replaced by 'CLID_anonymous'",20,,2,,,"Respondent name","RGname","confidential: removed from data","confidential: removed from data",212
"TRANS","VGrecords",601,"confidential: replaced by 'CLID_anonymous'",20,1,,,,"For which groups?","VGname","confidential: removed from data","confidential: removed from data",213
"COMMENT","Community",601,"confidential: replaced by 'CLID_anonymous'",20,,,,,"How  many years has the current VEO been the VEO of your village? (in completed","VEOyears","confidential: removed from data","confidential: removed from data",214
"TRANS","VGrecords",601,"confidential: replaced by 'CLID_anonymous'",20,2,,,,"For which groups?","VGname","confidential: removed from data","confidential: removed from data",215
"TRANS","RespondentGov",601,"confidential: replaced by 'CLID_anonymous'",20,,1,,,"Respondent name","RGname","confidential: removed from data","confidential: removed from data",216
"COMMENT","Community",601,"confidential: replaced by 'CLID_anonymous'",13,,,,,"How many CB-CCT beneficiaries live in this village? This information can be got","CCTBnfNo","confidential: removed from data","confidential: removed from data",217
"TRANS","RespondentGov",601,"confidential: replaced by 'CLID_anonymous'",13,,1,,,"Respondent name","RGname","confidential: removed from data","confidential: removed from data",218
"COMMENT","Community",601,"confidential: replaced by 'CLID_anonymous'",13,,,,,"How  many years has the current VEO been the VEO of your village? (in completed","VEOyears","confidential: removed from data","confidential: removed from data",219
"TRANS","RespondentGov",601,"confidential: replaced by 'CLID_anonymous'",13,,2,,,"Respondent name","RGname","confidential: removed from data","confidential: removed from data",220
"COMMENT","RespondentGov",601,"confidential: replaced by 'CLID_anonymous'",13,,1,,,"Respondent residence in community in years","RGresidence","confidential: removed from data","confidential: removed from data",221
"TRANS","VGrecords",601,"confidential: replaced by 'CLID_anonymous'",13,2,,,,"For which groups?","VGname","confidential: removed from data","confidential: removed from data",222
"COMMENT","Community",601,"confidential: replaced by 'CLID_anonymous'",13,,,,,"How many CB-CCT beneficiary households are there in the village? This informatio","beneficiaries","confidential: removed from data","confidential: removed from data",223
"TRANS","VGrecords",601,"confidential: replaced by 'CLID_anonymous'",13,1,,,,"For which groups?","VGname","confidential: removed from data","confidential: removed from data",224
"TRANS","Community",601,"confidential: replaced by 'CLID_anonymous'",13,,,,,"Comment","Comment","confidential: removed from data","confidential: removed from data",225
"TRANS","Community",601,"confidential: replaced by 'CLID_anonymous'",55,,,,,"Comment","Comment","confidential: removed from data","confidential: removed from data",226
"TRANS","VGrecords",601,"confidential: replaced by 'CLID_anonymous'",55,2,,,,"For which groups?","VGname","confidential: removed from data","confidential: removed from data",227
"TRANS","VGrecords",601,"confidential: replaced by 'CLID_anonymous'",55,1,,,,"For which groups?","VGname","confidential: removed from data","confidential: removed from data",228
"TRANS","RespondentGov",601,"confidential: replaced by 'CLID_anonymous'",55,,2,,,"Respondent name","RGname","confidential: removed from data","confidential: removed from data",229
"TRANS","RespondentGov",601,"confidential: replaced by 'CLID_anonymous'",55,,1,,,"Respondent name","RGname","confidential: removed from data","confidential: removed from data",230
"TRANS","Community",601,"confidential: replaced by 'CLID_anonymous'",9,,,,,"Comment","Comment","confidential: removed from data","confidential: removed from data",231
"TRANS","VGrecords",601,"confidential: replaced by 'CLID_anonymous'",9,1,,,,"For which groups?","VGname","confidential: removed from data","confidential: removed from data",232
"TRANS","RespondentGov",601,"confidential: replaced by 'CLID_anonymous'",9,,1,,,"Respondent name","RGname","confidential: removed from data","confidential: removed from data",233
"TRANS","RespondentGov",601,"confidential: replaced by 'CLID_anonymous'",9,,2,,,"Respondent name","RGname","confidential: removed from data","confidential: removed from data",234
"TRANS","VGrecords",601,"confidential: replaced by 'CLID_anonymous'",36,1,,,,"For which groups?","VGname","confidential: removed from data","confidential: removed from data",235
"COMMENT","Community",601,"confidential: replaced by 'CLID_anonymous'",36,,,,,"How many CB-CCT beneficiary households are there in the village? This informatio","beneficiaries","confidential: removed from data","confidential: removed from data",236
"TRANS","Community",601,"confidential: replaced by 'CLID_anonymous'",36,,,,,"Comment","Comment","confidential: removed from data","confidential: removed from data",237
"TRANS","VGrecords",601,"confidential: replaced by 'CLID_anonymous'",36,3,,,,"For which groups?","VGname","confidential: removed from data","confidential: removed from data",238
"TRANS","RespondentGov",601,"confidential: replaced by 'CLID_anonymous'",36,,1,,,"Respondent name","RGname","confidential: removed from data","confidential: removed from data",239
"COMMENT","Community",601,"confidential: replaced by 'CLID_anonymous'",36,,,,,"How many CB-CCT beneficiaries live in this village? This information can be got","CCTBnfNo","confidential: removed from data","confidential: removed from data",240
"TRANS","VGrecords",601,"confidential: replaced by 'CLID_anonymous'",36,2,,,,"For which groups?","VGname","confidential: removed from data","confidential: removed from data",241
"TRANS","VGrecords",601,"confidential: replaced by 'CLID_anonymous'",73,3,,,,"For which groups?","VGname","confidential: removed from data","confidential: removed from data",242
"COMMENT","Community",601,"confidential: replaced by 'CLID_anonymous'",73,,,,,"How many CB-CCT beneficiaries live in this village? This information can be got","CCTBnfNo","confidential: removed from data","confidential: removed from data",243
"OTHER","RespondentGov",601,"confidential: replaced by 'CLID_anonymous'",73,,1,,,"Respondent Role/Position","RGposition","confidential: removed from data","confidential: removed from data",244
"TRANS","Community",601,"confidential: replaced by 'CLID_anonymous'",73,,,,,"Comment","Comment","confidential: removed from data","confidential: removed from data",245
"TRANS","RespondentGov",601,"confidential: replaced by 'CLID_anonymous'",73,,1,,,"Respondent name","RGname","confidential: removed from data","confidential: removed from data",246
"TRANS","VGrecords",601,"confidential: replaced by 'CLID_anonymous'",73,1,,,,"For which groups?","VGname","confidential: removed from data","confidential: removed from data",247
"TRANS","VGrecords",601,"confidential: replaced by 'CLID_anonymous'",73,2,,,,"For which groups?","VGname","confidential: removed from data","confidential: removed from data",248
"COMMENT","Community",601,"confidential: replaced by 'CLID_anonymous'",73,,,,,"How many CB-CCT beneficiary households are there in the village? This informatio","beneficiaries","confidential: removed from data","confidential: removed from data",249
"TRANS","Community",601,"confidential: replaced by 'CLID_anonymous'",34,,,,,"Comment","Comment","confidential: removed from data","confidential: removed from data",250
"TRANS","VGrecords",601,"confidential: replaced by 'CLID_anonymous'",34,1,,,,"For which groups?","VGname","confidential: removed from data","confidential: removed from data",251
"TRANS","RespondentGov",601,"confidential: replaced by 'CLID_anonymous'",34,,1,,,"Respondent name","RGname","confidential: removed from data","confidential: removed from data",252
"TRANS","RespondentGov",601,"confidential: replaced by 'CLID_anonymous'",34,,2,,,"Respondent name","RGname","confidential: removed from data","confidential: removed from data",253
"TRANS","Community",601,"confidential: replaced by 'CLID_anonymous'",64,,,,,"Comment","Comment","confidential: removed from data","confidential: removed from data",254
"TRANS","RespondentGov",601,"confidential: replaced by 'CLID_anonymous'",64,,1,,,"Respondent name","RGname","confidential: removed from data","confidential: removed from data",255
"TRANS","VGrecords",601,"confidential: replaced by 'CLID_anonymous'",64,1,,,,"For which groups?","VGname","confidential: removed from data","confidential: removed from data",256
"TRANS","VGrecords",601,"confidential: replaced by 'CLID_anonymous'",64,3,,,,"For which groups?","VGname","confidential: removed from data","confidential: removed from data",257
"TRANS","VGrecords",601,"confidential: replaced by 'CLID_anonymous'",64,2,,,,"For which groups?","VGname","confidential: removed from data","confidential: removed from data",258
"COMMENT","Community",601,"confidential: replaced by 'CLID_anonymous'",64,,,,,"How many CB-CCT beneficiary households are there in the village? This informatio","beneficiaries","confidential: removed from data","confidential: removed from data",259
"COMMENT","Community",601,"confidential: replaced by 'CLID_anonymous'",64,,,,,"How many CB-CCT beneficiaries live in this village? This information can be got","CCTBnfNo","confidential: removed from data","confidential: removed from data",260
"TRANS","VGrecords",601,"confidential: replaced by 'CLID_anonymous'",78,1,,,,"For which groups?","VGname","confidential: removed from data","confidential: removed from data",261
"TRANS","RespondentGov",601,"confidential: replaced by 'CLID_anonymous'",78,,2,,,"Respondent name","RGname","confidential: removed from data","confidential: removed from data",262
"TRANS","RespondentGov",601,"confidential: replaced by 'CLID_anonymous'",78,,3,,,"Respondent name","RGname","confidential: removed from data","confidential: removed from data",263
"TRANS","Community",601,"confidential: replaced by 'CLID_anonymous'",78,,,,,"Comment","Comment","confidential: removed from data","confidential: removed from data",264
"TRANS","VGrecords",601,"confidential: replaced by 'CLID_anonymous'",78,2,,,,"For which groups?","VGname","confidential: removed from data","confidential: removed from data",265
"OTHER","RespondentGov",601,"confidential: replaced by 'CLID_anonymous'",78,,2,,,"Respondent Role/Position","RGposition","confidential: removed from data","confidential: removed from data",266
"TRANS","RespondentGov",601,"confidential: replaced by 'CLID_anonymous'",78,,1,,,"Respondent name","RGname","confidential: removed from data","confidential: removed from data",267
"TRANS","Community",601,"confidential: replaced by 'CLID_anonymous'",2,,,,,"Comment","Comment","confidential: removed from data","confidential: removed from data",268
"COMMENT","Community",601,"confidential: replaced by 'CLID_anonymous'",2,,,,,"Three years ago, in 2009, how many households were there in this village?","popHHNo2009","confidential: removed from data","confidential: removed from data",269
"TRANS","VGrecords",601,"confidential: replaced by 'CLID_anonymous'",2,1,,,,"For which groups?","VGname","confidential: removed from data","confidential: removed from data",270
"COMMENT","Community",601,"confidential: replaced by 'CLID_anonymous'",2,,,,,"Three years ago, in 2009, how many people lived in this village?","popNo2009","confidential: removed from data","confidential: removed from data",271
"TRANS","VGrecords",601,"confidential: replaced by 'CLID_anonymous'",2,2,,,,"For which groups?","VGname","confidential: removed from data","confidential: removed from data",272
"TRANS","RespondentGov",601,"confidential: replaced by 'CLID_anonymous'",2,,1,,,"Respondent name","RGname","confidential: removed from data","confidential: removed from data",273
"TRANS","RespondentGov",601,"confidential: replaced by 'CLID_anonymous'",2,,2,,,"Respondent name","RGname","confidential: removed from data","confidential: removed from data",274
"COMMENT","Community",601,"confidential: replaced by 'CLID_anonymous'",51,,,,,"How many years did the most recent previous VEO serve as VEO of this village?","VEOprevYears","confidential: removed from data","confidential: removed from data",275
"TRANS","VGrecords",601,"confidential: replaced by 'CLID_anonymous'",51,1,,,,"For which groups?","VGname","confidential: removed from data","confidential: removed from data",276
"TRANS","RespondentGov",601,"confidential: replaced by 'CLID_anonymous'",51,,1,,,"Respondent name","RGname","confidential: removed from data","confidential: removed from data",277
"TRANS","Community",601,"confidential: replaced by 'CLID_anonymous'",51,,,,,"Comment","Comment","confidential: removed from data","confidential: removed from data",278
"TRANS","RespondentGov",601,"confidential: replaced by 'CLID_anonymous'",51,,2,,,"Respondent name","RGname","confidential: removed from data","confidential: removed from data",279
"OTHER","RespondentGov",601,"confidential: replaced by 'CLID_anonymous'",57,,2,,,"Respondent Role/Position","RGposition","confidential: removed from data","confidential: removed from data",280
"TRANS","Community",601,"confidential: replaced by 'CLID_anonymous'",57,,,,,"Comment","Comment","confidential: removed from data","confidential: removed from data",281
"TRANS","RespondentGov",601,"confidential: replaced by 'CLID_anonymous'",57,,2,,,"Respondent name","RGname","confidential: removed from data","confidential: removed from data",282
"TRANS","RespondentGov",601,"confidential: replaced by 'CLID_anonymous'",57,,1,,,"Respondent name","RGname","confidential: removed from data","confidential: removed from data",283
"TRANS","VGrecords",601,"confidential: replaced by 'CLID_anonymous'",57,1,,,,"For which groups?","VGname","confidential: removed from data","confidential: removed from data",284
"TRANS","Community",601,"confidential: replaced by 'CLID_anonymous'",76,,,,,"Comment","Comment","confidential: removed from data","confidential: removed from data",285
"TRANS","VGrecords",601,"confidential: replaced by 'CLID_anonymous'",76,2,,,,"For which groups?","VGname","confidential: removed from data","confidential: removed from data",286
"TRANS","RespondentGov",601,"confidential: replaced by 'CLID_anonymous'",76,,2,,,"Respondent name","RGname","confidential: removed from data","confidential: removed from data",287
"TRANS","VGrecords",601,"confidential: replaced by 'CLID_anonymous'",76,1,,,,"For which groups?","VGname","confidential: removed from data","confidential: removed from data",288
"TRANS","RespondentGov",601,"confidential: replaced by 'CLID_anonymous'",76,,1,,,"Respondent name","RGname","confidential: removed from data","confidential: removed from data",289
"TRANS","RespondentGov",601,"confidential: replaced by 'CLID_anonymous'",59,,2,,,"Respondent name","RGname","confidential: removed from data","confidential: removed from data",290
"TRANS","Community",601,"confidential: replaced by 'CLID_anonymous'",59,,,,,"Comment","Comment","confidential: removed from data","confidential: removed from data",291
"TRANS","VGrecords",601,"confidential: replaced by 'CLID_anonymous'",59,2,,,,"For which groups?","VGname","confidential: removed from data","confidential: removed from data",292
"TRANS","RespondentGov",601,"confidential: replaced by 'CLID_anonymous'",59,,1,,,"Respondent name","RGname","confidential: removed from data","confidential: removed from data",293
"TRANS","VGrecords",601,"confidential: replaced by 'CLID_anonymous'",59,1,,,,"For which groups?","VGname","confidential: removed from data","confidential: removed from data",294
"TRANS","RespondentGov",602,"confidential: replaced by 'CLID_anonymous'",35,,1,,,"Respondent name","RGname","confidential: removed from data","confidential: removed from data",295
"TRANS","Community",602,"confidential: replaced by 'CLID_anonymous'",35,,,,,"Comment","Comment","confidential: removed from data","confidential: removed from data",296
"OTHER","RespondentGov",602,"confidential: replaced by 'CLID_anonymous'",35,,2,,,"Respondent Role/Position","RGposition","confidential: removed from data","confidential: removed from data",297
"TRANS","RespondentGov",602,"confidential: replaced by 'CLID_anonymous'",35,,2,,,"Respondent name","RGname","confidential: removed from data","confidential: removed from data",298
"COMMENT","Community",602,"confidential: replaced by 'CLID_anonymous'",35,,,,,"How many years did the most recent previous VEO serve as VEO of this village?","VEOprevYears","confidential: removed from data","confidential: removed from data",299
"COMMENT","Community",602,"confidential: replaced by 'CLID_anonymous'",35,,,,,"How many households are there in this village?","popHHNo","confidential: removed from data","confidential: removed from data",300
"COMMENT","Community",602,"confidential: replaced by 'CLID_anonymous'",35,,,,,"Three years ago, in 2009, how many households were there in this village?","popHHNo2009","confidential: removed from data","confidential: removed from data",301
"COMMENT","RespondentGov",602,"confidential: replaced by 'CLID_anonymous'",72,,2,,,"Respondent residence in community in years","RGresidence","confidential: removed from data","confidential: removed from data",302
"TRANS","RespondentGov",602,"confidential: replaced by 'CLID_anonymous'",72,,1,,,"Respondent name","RGname","confidential: removed from data","confidential: removed from data",303
"TRANS","Community",602,"confidential: replaced by 'CLID_anonymous'",72,,,,,"Comment","Comment","confidential: removed from data","confidential: removed from data",304
"TRANS","RespondentGov",602,"confidential: replaced by 'CLID_anonymous'",72,,3,,,"Respondent name","RGname","confidential: removed from data","confidential: removed from data",305
"TRANS","RespondentGov",602,"confidential: replaced by 'CLID_anonymous'",72,,2,,,"Respondent name","RGname","confidential: removed from data","confidential: removed from data",306
"TRANS","VGrecords",602,"confidential: replaced by 'CLID_anonymous'",72,2,,,,"For which groups?","VGname","confidential: removed from data","confidential: removed from data",307
"TRANS","VGrecords",602,"confidential: replaced by 'CLID_anonymous'",72,3,,,,"For which groups?","VGname","confidential: removed from data","confidential: removed from data",308
"OTHER","RespondentGov",602,"confidential: replaced by 'CLID_anonymous'",72,,3,,,"Respondent Role/Position","RGposition","confidential: removed from data","confidential: removed from data",309
"COMMENT","Community",602,"confidential: replaced by 'CLID_anonymous'",72,,,,,"How  many years has the current VEO been the VEO of your village? (in completed","VEOyears","confidential: removed from data","confidential: removed from data",310
"TRANS","VGrecords",602,"confidential: replaced by 'CLID_anonymous'",72,1,,,,"For which groups?","VGname","confidential: removed from data","confidential: removed from data",311
"TRANS","RespondentGov",602,"confidential: replaced by 'CLID_anonymous'",42,,1,,,"Respondent name","RGname","confidential: removed from data","confidential: removed from data",312
"TRANS","Community",602,"confidential: replaced by 'CLID_anonymous'",42,,,,,"Comment","Comment","confidential: removed from data","confidential: removed from data",313
"TRANS","RespondentGov",602,"confidential: replaced by 'CLID_anonymous'",42,,2,,,"Respondent name","RGname","confidential: removed from data","confidential: removed from data",314
"TRANS","VGrecords",602,"confidential: replaced by 'CLID_anonymous'",42,4,,,,"For which groups?","VGname","confidential: removed from data","confidential: removed from data",315
"TRANS","VGrecords",602,"confidential: replaced by 'CLID_anonymous'",42,3,,,,"For which groups?","VGname","confidential: removed from data","confidential: removed from data",316
"TRANS","VGrecords",602,"confidential: replaced by 'CLID_anonymous'",42,2,,,,"For which groups?","VGname","confidential: removed from data","confidential: removed from data",317
"TRANS","VGrecords",602,"confidential: replaced by 'CLID_anonymous'",42,1,,,,"For which groups?","VGname","confidential: removed from data","confidential: removed from data",318
"TRANS","RespondentGov",602,"confidential: replaced by 'CLID_anonymous'",69,,2,,,"Respondent name","RGname","confidential: removed from data","confidential: removed from data",319
"COMMENT","Community",602,"confidential: replaced by 'CLID_anonymous'",69,,,,,"How many CB-CCT beneficiary households are there in the village? This informatio","beneficiaries","confidential: removed from data","confidential: removed from data",320
"TRANS","RespondentGov",602,"confidential: replaced by 'CLID_anonymous'",69,,3,,,"Respondent name","RGname","confidential: removed from data","confidential: removed from data",321
"COMMENT","Community",602,"confidential: replaced by 'CLID_anonymous'",69,,,,,"How  many years has the current VEO been the VEO of your village? (in completed","VEOyears","confidential: removed from data","confidential: removed from data",322
"TRANS","RespondentGov",602,"confidential: replaced by 'CLID_anonymous'",69,,1,,,"Respondent name","RGname","confidential: removed from data","confidential: removed from data",323
"COMMENT","Community",602,"confidential: replaced by 'CLID_anonymous'",69,,,,,"How many CB-CCT beneficiaries live in this village? This information can be got","CCTBnfNo","confidential: removed from data","confidential: removed from data",324
"TRANS","VGrecords",602,"confidential: replaced by 'CLID_anonymous'",69,1,,,,"For which groups?","VGname","confidential: removed from data","confidential: removed from data",325
"TRANS","Community",602,"confidential: replaced by 'CLID_anonymous'",69,,,,,"Comment","Comment","confidential: removed from data","confidential: removed from data",326
"TRANS","VGrecords",602,"confidential: replaced by 'CLID_anonymous'",47,1,,,,"For which groups?","VGname","confidential: removed from data","confidential: removed from data",327
"TRANS","RespondentGov",602,"confidential: replaced by 'CLID_anonymous'",47,,1,,,"Respondent name","RGname","confidential: removed from data","confidential: removed from data",328
"TRANS","Community",602,"confidential: replaced by 'CLID_anonymous'",47,,,,,"Comment","Comment","confidential: removed from data","confidential: removed from data",329
"TRANS","VGrecords",602,"confidential: replaced by 'CLID_anonymous'",47,2,,,,"For which groups?","VGname","confidential: removed from data","confidential: removed from data",330
"TRANS","RespondentGov",602,"confidential: replaced by 'CLID_anonymous'",47,,2,,,"Respondent name","RGname","confidential: removed from data","confidential: removed from data",331
"COMMENT","Community",602,"confidential: replaced by 'CLID_anonymous'",10,,,,,"How many CB-CCT beneficiaries live in this village? This information can be got","CCTBnfNo","confidential: removed from data","confidential: removed from data",332
"TRANS","RespondentGov",602,"confidential: replaced by 'CLID_anonymous'",10,,2,,,"Respondent name","RGname","confidential: removed from data","confidential: removed from data",333
"COMMENT","Community",602,"confidential: replaced by 'CLID_anonymous'",10,,,,,"How many CB-CCT beneficiary households are there in the village? This informatio","beneficiaries","confidential: removed from data","confidential: removed from data",334
"TRANS","VGrecords",602,"confidential: replaced by 'CLID_anonymous'",10,1,,,,"For which groups?","VGname","confidential: removed from data","confidential: removed from data",335
"TRANS","Community",602,"confidential: replaced by 'CLID_anonymous'",10,,,,,"Comment","Comment","confidential: removed from data","confidential: removed from data",336
"TRANS","RespondentGov",602,"confidential: replaced by 'CLID_anonymous'",10,,1,,,"Respondent name","RGname","confidential: removed from data","confidential: removed from data",337
"TRANS","VGrecords",602,"confidential: replaced by 'CLID_anonymous'",10,2,,,,"For which groups?","VGname","confidential: removed from data","confidential: removed from data",338
"TRANS","VGrecords",602,"confidential: replaced by 'CLID_anonymous'",33,4,,,,"For which groups?","VGname","confidential: removed from data","confidential: removed from data",339
"TRANS","VGrecords",602,"confidential: replaced by 'CLID_anonymous'",33,2,,,,"For which groups?","VGname","confidential: removed from data","confidential: removed from data",340
"TRANS","RespondentGov",602,"confidential: replaced by 'CLID_anonymous'",33,,2,,,"Respondent name","RGname","confidential: removed from data","confidential: removed from data",341
"COMMENT","Community",602,"confidential: replaced by 'CLID_anonymous'",33,,,,,"How many CB-CCT beneficiary households are there in the village? This informatio","beneficiaries","confidential: removed from data","confidential: removed from data",342
"TRANS","RespondentGov",602,"confidential: replaced by 'CLID_anonymous'",33,,1,,,"Respondent name","RGname","confidential: removed from data","confidential: removed from data",343
"COMMENT","Community",602,"confidential: replaced by 'CLID_anonymous'",33,,,,,"How many CB-CCT beneficiaries live in this village? This information can be got","CCTBnfNo","confidential: removed from data","confidential: removed from data",344
"TRANS","Community",602,"confidential: replaced by 'CLID_anonymous'",33,,,,,"Comment","Comment","confidential: removed from data","confidential: removed from data",345
"TRANS","VGrecords",602,"confidential: replaced by 'CLID_anonymous'",33,1,,,,"For which groups?","VGname","confidential: removed from data","confidential: removed from data",346
"OTHER","RespondentGov",602,"confidential: replaced by 'CLID_anonymous'",28,,1,,,"Respondent Role/Position","RGposition","confidential: removed from data","confidential: removed from data",347
"TRANS","RespondentGov",602,"confidential: replaced by 'CLID_anonymous'",28,,3,,,"Respondent name","RGname","confidential: removed from data","confidential: removed from data",348
"TRANS","VGrecords",602,"confidential: replaced by 'CLID_anonymous'",28,2,,,,"For which groups?","VGname","confidential: removed from data","confidential: removed from data",349
"TRANS","RespondentGov",602,"confidential: replaced by 'CLID_anonymous'",28,,1,,,"Respondent name","RGname","confidential: removed from data","confidential: removed from data",350
"OTHER","RespondentGov",602,"confidential: replaced by 'CLID_anonymous'",28,,2,,,"Respondent Role/Position","RGposition","confidential: removed from data","confidential: removed from data",351
"TRANS","VGrecords",602,"confidential: replaced by 'CLID_anonymous'",28,3,,,,"For which groups?","VGname","confidential: removed from data","confidential: removed from data",352
"COMMENT","Community",602,"confidential: replaced by 'CLID_anonymous'",28,,,,,"How many CB-CCT beneficiary households are there in the village? This informatio","beneficiaries","confidential: removed from data","confidential: removed from data",353
"TRANS","RespondentGov",602,"confidential: replaced by 'CLID_anonymous'",28,,2,,,"Respondent name","RGname","confidential: removed from data","confidential: removed from data",354
"COMMENT","Community",602,"confidential: replaced by 'CLID_anonymous'",28,,,,,"How many CB-CCT beneficiaries live in this village? This information can be got","CCTBnfNo","confidential: removed from data","confidential: removed from data",355
"TRANS","VGrecords",602,"confidential: replaced by 'CLID_anonymous'",28,1,,,,"For which groups?","VGname","confidential: removed from data","confidential: removed from data",356
"TRANS","Community",602,"confidential: replaced by 'CLID_anonymous'",28,,,,,"Comment","Comment","confidential: removed from data","confidential: removed from data",357
"TRANS","VGrecords",602,"confidential: replaced by 'CLID_anonymous'",11,2,,,,"For which groups?","VGname","confidential: removed from data","confidential: removed from data",358
"TRANS","RespondentGov",602,"confidential: replaced by 'CLID_anonymous'",11,,2,,,"Respondent name","RGname","confidential: removed from data","confidential: removed from data",359
"COMMENT","Community",602,"confidential: replaced by 'CLID_anonymous'",11,,,,,"How many CB-CCT beneficiary households are there in the village? This informatio","beneficiaries","confidential: removed from data","confidential: removed from data",360
"TRANS","Community",602,"confidential: replaced by 'CLID_anonymous'",11,,,,,"Comment","Comment","confidential: removed from data","confidential: removed from data",361
"COMMENT","Community",602,"confidential: replaced by 'CLID_anonymous'",11,,,,,"How many CB-CCT beneficiaries live in this village? This information can be got","CCTBnfNo","confidential: removed from data","confidential: removed from data",362
"TRANS","VGrecords",602,"confidential: replaced by 'CLID_anonymous'",11,3,,,,"For which groups?","VGname","confidential: removed from data","confidential: removed from data",363
"TRANS","VGrecords",602,"confidential: replaced by 'CLID_anonymous'",11,1,,,,"For which groups?","VGname","confidential: removed from data","confidential: removed from data",364
"TRANS","RespondentGov",602,"confidential: replaced by 'CLID_anonymous'",11,,1,,,"Respondent name","RGname","confidential: removed from data","confidential: removed from data",365
"TRANS","Community",602,"confidential: replaced by 'CLID_anonymous'",81,,,,,"Comment","Comment","confidential: removed from data","confidential: removed from data",366
"TRANS","VGrecords",602,"confidential: replaced by 'CLID_anonymous'",81,2,,,,"For which groups?","VGname","confidential: removed from data","confidential: removed from data",367
"TRANS","RespondentGov",602,"confidential: replaced by 'CLID_anonymous'",81,,2,,,"Respondent name","RGname","confidential: removed from data","confidential: removed from data",368
"TRANS","VGrecords",602,"confidential: replaced by 'CLID_anonymous'",81,1,,,,"For which groups?","VGname","confidential: removed from data","confidential: removed from data",369
"TRANS","RespondentGov",602,"confidential: replaced by 'CLID_anonymous'",81,,1,,,"Respondent name","RGname","confidential: removed from data","confidential: removed from data",370
"TRANS","Community",602,"confidential: replaced by 'CLID_anonymous'",29,,,,,"Comment","Comment","confidential: removed from data","confidential: removed from data",371
"TRANS","RespondentGov",602,"confidential: replaced by 'CLID_anonymous'",29,,2,,,"Respondent name","RGname","confidential: removed from data","confidential: removed from data",372
"TRANS","RespondentGov",602,"confidential: replaced by 'CLID_anonymous'",29,,1,,,"Respondent name","RGname","confidential: removed from data","confidential: removed from data",373
"TRANS","Community",602,"confidential: replaced by 'CLID_anonymous'",45,,,,,"Comment","Comment","confidential: removed from data","confidential: removed from data",374
"TRANS","VGrecords",602,"confidential: replaced by 'CLID_anonymous'",45,1,,,,"For which groups?","VGname","confidential: removed from data","confidential: removed from data",375
"TRANS","RespondentGov",602,"confidential: replaced by 'CLID_anonymous'",45,,1,,,"Respondent name","RGname","confidential: removed from data","confidential: removed from data",376
"COMMENT","Community",602,"confidential: replaced by 'CLID_anonymous'",45,,,,,"How many CB-CCT beneficiaries live in this village? This information can be got","CCTBnfNo","confidential: removed from data","confidential: removed from data",377
"COMMENT","Community",602,"confidential: replaced by 'CLID_anonymous'",45,,,,,"How many CB-CCT beneficiary households are there in the village? This informatio","beneficiaries","confidential: removed from data","confidential: removed from data",378
"TRANS","RespondentGov",602,"confidential: replaced by 'CLID_anonymous'",45,,2,,,"Respondent name","RGname","confidential: removed from data","confidential: removed from data",379
"TRANS","VGrecords",602,"confidential: replaced by 'CLID_anonymous'",39,2,,,,"For which groups?","VGname","confidential: removed from data","confidential: removed from data",380
"TRANS","VGrecords",602,"confidential: replaced by 'CLID_anonymous'",39,3,,,,"For which groups?","VGname","confidential: removed from data","confidential: removed from data",381
"TRANS","Community",602,"confidential: replaced by 'CLID_anonymous'",39,,,,,"Comment","Comment","confidential: removed from data","confidential: removed from data",382
"TRANS","RespondentGov",602,"confidential: replaced by 'CLID_anonymous'",39,,3,,,"Respondent name","RGname","confidential: removed from data","confidential: removed from data",383
"TRANS","VGrecords",602,"confidential: replaced by 'CLID_anonymous'",39,1,,,,"For which groups?","VGname","confidential: removed from data","confidential: removed from data",384
"TRANS","RespondentGov",602,"confidential: replaced by 'CLID_anonymous'",39,,2,,,"Respondent name","RGname","confidential: removed from data","confidential: removed from data",385
"TRANS","VGrecords",602,"confidential: replaced by 'CLID_anonymous'",39,4,,,,"For which groups?","VGname","confidential: removed from data","confidential: removed from data",386
"TRANS","RespondentGov",602,"confidential: replaced by 'CLID_anonymous'",39,,1,,,"Respondent name","RGname","confidential: removed from data","confidential: removed from data",387
"TRANS","RespondentGov",602,"confidential: replaced by 'CLID_anonymous'",44,,1,,,"Respondent name","RGname","confidential: removed from data","confidential: removed from data",388
"TRANS","RespondentGov",602,"confidential: replaced by 'CLID_anonymous'",44,,2,,,"Respondent name","RGname","confidential: removed from data","confidential: removed from data",389
"TRANS","Community",602,"confidential: replaced by 'CLID_anonymous'",44,,,,,"Comment","Comment","confidential: removed from data","confidential: removed from data",390
"TRANS","RespondentGov",602,"confidential: replaced by 'CLID_anonymous'",18,,1,,,"Respondent name","RGname","confidential: removed from data","confidential: removed from data",391
"TRANS","VGrecords",602,"confidential: replaced by 'CLID_anonymous'",18,2,,,,"For which groups?","VGname","confidential: removed from data","confidential: removed from data",392
"TRANS","Community",602,"confidential: replaced by 'CLID_anonymous'",18,,,,,"Comment","Comment","confidential: removed from data","confidential: removed from data",393
"TRANS","VGrecords",602,"confidential: replaced by 'CLID_anonymous'",18,3,,,,"For which groups?","VGname","confidential: removed from data","confidential: removed from data",394
"TRANS","RespondentGov",602,"confidential: replaced by 'CLID_anonymous'",18,,2,,,"Respondent name","RGname","confidential: removed from data","confidential: removed from data",395
"TRANS","VGrecords",602,"confidential: replaced by 'CLID_anonymous'",18,1,,,,"For which groups?","VGname","confidential: removed from data","confidential: removed from data",396
"TRANS","VGrecords",602,"confidential: replaced by 'CLID_anonymous'",12,4,,,,"For which groups?","VGname","confidential: removed from data","confidential: removed from data",397
"TRANS","RespondentGov",602,"confidential: replaced by 'CLID_anonymous'",12,,2,,,"Respondent name","RGname","confidential: removed from data","confidential: removed from data",398
"TRANS","RespondentGov",602,"confidential: replaced by 'CLID_anonymous'",12,,1,,,"Respondent name","RGname","confidential: removed from data","confidential: removed from data",399
"TRANS","VGrecords",602,"confidential: replaced by 'CLID_anonymous'",12,3,,,,"For which groups?","VGname","confidential: removed from data","confidential: removed from data",400
"TRANS","Community",602,"confidential: replaced by 'CLID_anonymous'",12,,,,,"Comment","Comment","confidential: removed from data","confidential: removed from data",401
"TRANS","VGrecords",602,"confidential: replaced by 'CLID_anonymous'",12,1,,,,"For which groups?","VGname","confidential: removed from data","confidential: removed from data",402
"TRANS","VGrecords",602,"confidential: replaced by 'CLID_anonymous'",12,2,,,,"For which groups?","VGname","confidential: removed from data","confidential: removed from data",403
"TRANS","VGrecords",602,"confidential: replaced by 'CLID_anonymous'",65,2,,,,"For which groups?","VGname","confidential: removed from data","confidential: removed from data",404
"TRANS","Community",602,"confidential: replaced by 'CLID_anonymous'",65,,,,,"Comment","Comment","confidential: removed from data","confidential: removed from data",405
"TRANS","VGrecords",602,"confidential: replaced by 'CLID_anonymous'",65,1,,,,"For which groups?","VGname","confidential: removed from data","confidential: removed from data",406
"TRANS","RespondentGov",602,"confidential: replaced by 'CLID_anonymous'",65,,2,,,"Respondent name","RGname","confidential: removed from data","confidential: removed from data",407
"TRANS","RespondentGov",602,"confidential: replaced by 'CLID_anonymous'",65,,3,,,"Respondent name","RGname","confidential: removed from data","confidential: removed from data",408
"OTHER","RespondentGov",602,"confidential: replaced by 'CLID_anonymous'",65,,3,,,"Respondent Role/Position","RGposition","confidential: removed from data","confidential: removed from data",409
"TRANS","RespondentGov",602,"confidential: replaced by 'CLID_anonymous'",65,,1,,,"Respondent name","RGname","confidential: removed from data","confidential: removed from data",410
"TRANS","VGrecords",602,"confidential: replaced by 'CLID_anonymous'",54,2,,,,"For which groups?","VGname","confidential: removed from data","confidential: removed from data",411
"TRANS","Community",602,"confidential: replaced by 'CLID_anonymous'",54,,,,,"Comment","Comment","confidential: removed from data","confidential: removed from data",412
"TRANS","RespondentGov",602,"confidential: replaced by 'CLID_anonymous'",54,,1,,,"Respondent name","RGname","confidential: removed from data","confidential: removed from data",413
"TRANS","RespondentGov",602,"confidential: replaced by 'CLID_anonymous'",54,,2,,,"Respondent name","RGname","confidential: removed from data","confidential: removed from data",414
"TRANS","VGrecords",602,"confidential: replaced by 'CLID_anonymous'",54,1,,,,"For which groups?","VGname","confidential: removed from data","confidential: removed from data",415
"TRANS","RespondentGov",602,"confidential: replaced by 'CLID_anonymous'",38,,1,,,"Respondent name","RGname","confidential: removed from data","confidential: removed from data",416
"TRANS","Community",602,"confidential: replaced by 'CLID_anonymous'",38,,,,,"Comment","Comment","confidential: removed from data","confidential: removed from data",417
"TRANS","VGrecords",602,"confidential: replaced by 'CLID_anonymous'",38,1,,,,"For which groups?","VGname","confidential: removed from data","confidential: removed from data",418
"TRANS","RespondentGov",602,"confidential: replaced by 'CLID_anonymous'",38,,2,,,"Respondent name","RGname","confidential: removed from data","confidential: removed from data",419
"TRANS","RespondentGov",602,"confidential: replaced by 'CLID_anonymous'",25,,2,,,"Respondent name","RGname","confidential: removed from data","confidential: removed from data",420
"TRANS","Community",602,"confidential: replaced by 'CLID_anonymous'",25,,,,,"Comment","Comment","confidential: removed from data","confidential: removed from data",421
"TRANS","RespondentGov",602,"confidential: replaced by 'CLID_anonymous'",25,,1,,,"Respondent name","RGname","confidential: removed from data","confidential: removed from data",422
"TRANS","VGrecords",602,"confidential: replaced by 'CLID_anonymous'",23,1,,,,"For which groups?","VGname","confidential: removed from data","confidential: removed from data",423
"TRANS","VGrecords",602,"confidential: replaced by 'CLID_anonymous'",23,2,,,,"For which groups?","VGname","confidential: removed from data","confidential: removed from data",424
"TRANS","RespondentGov",602,"confidential: replaced by 'CLID_anonymous'",23,,2,,,"Respondent name","RGname","confidential: removed from data","confidential: removed from data",425
"TRANS","Community",602,"confidential: replaced by 'CLID_anonymous'",23,,,,,"Comment","Comment","confidential: removed from data","confidential: removed from data",426
"TRANS","RespondentGov",602,"confidential: replaced by 'CLID_anonymous'",23,,1,,,"Respondent name","RGname","confidential: removed from data","confidential: removed from data",427
"TRANS","VGrecords",602,"confidential: replaced by 'CLID_anonymous'",31,1,,,,"For which groups?","VGname","confidential: removed from data","confidential: removed from data",428
"COMMENT","Community",602,"confidential: replaced by 'CLID_anonymous'",31,,,,,"How many CB-CCT beneficiaries live in this village? This information can be got","CCTBnfNo","confidential: removed from data","confidential: removed from data",429
"COMMENT","Community",602,"confidential: replaced by 'CLID_anonymous'",31,,,,,"How many CB-CCT beneficiary households are there in the village? This informatio","beneficiaries","confidential: removed from data","confidential: removed from data",430
"TRANS","RespondentGov",602,"confidential: replaced by 'CLID_anonymous'",31,,1,,,"Respondent name","RGname","confidential: removed from data","confidential: removed from data",431
"TRANS","Community",602,"confidential: replaced by 'CLID_anonymous'",31,,,,,"Comment","Comment","confidential: removed from data","confidential: removed from data",432
"COMMENT","RespondentGov",602,"confidential: replaced by 'CLID_anonymous'",24,,1,,,"Respondent residence in community in years","RGresidence","confidential: removed from data","confidential: removed from data",433
"TRANS","Community",602,"confidential: replaced by 'CLID_anonymous'",24,,,,,"Comment","Comment","confidential: removed from data","confidential: removed from data",434
"TRANS","RespondentGov",602,"confidential: replaced by 'CLID_anonymous'",24,,1,,,"Respondent name","RGname","confidential: removed from data","confidential: removed from data",435
"TRANS","RespondentGov",602,"confidential: replaced by 'CLID_anonymous'",24,,2,,,"Respondent name","RGname","confidential: removed from data","confidential: removed from data",436
"COMMENT","Community",602,"confidential: replaced by 'CLID_anonymous'",24,,,,,"How  many years has the current VEO been the VEO of your village? (in completed","VEOyears","confidential: removed from data","confidential: removed from data",437
"TRANS","VGrecords",602,"confidential: replaced by 'CLID_anonymous'",24,1,,,,"For which groups?","VGname","confidential: removed from data","confidential: removed from data",438
