"DistID","CLID","CLID_anonymous","VGRID","VGname","VGrecReqrdYN","VGrecMonth","VGrecYear"
104,"confidential: replaced by 'CLID_anonymous'",26,1,"oprhan children",2,7,2012
104,"confidential: replaced by 'CLID_anonymous'",26,2,"HIV/AIDS victims",2,9,2012
104,"confidential: replaced by 'CLID_anonymous'",46,1,"HIV/AIDS victims",1,5,2012
104,"confidential: replaced by 'CLID_anonymous'",46,2,"children at risk",1,6,2011
104,"confidential: replaced by 'CLID_anonymous'",46,3,"widows",1,8,2011
104,"confidential: replaced by 'CLID_anonymous'",63,1,"orphans",1,6,2012
104,"confidential: replaced by 'CLID_anonymous'",80,1,"children at risk",1,12,2011
104,"confidential: replaced by 'CLID_anonymous'",80,2,"oprhan children",1,12,2011
104,"confidential: replaced by 'CLID_anonymous'",40,1,"oprhan children",1,6,2012
104,"confidential: replaced by 'CLID_anonymous'",50,1,"People live at risk",1,3,2012
104,"confidential: replaced by 'CLID_anonymous'",6,1,"disabled persons",1,7,2012
104,"confidential: replaced by 'CLID_anonymous'",48,1,"widows",1,9,2012
104,"confidential: replaced by 'CLID_anonymous'",48,2,"children",1,9,2012
104,"confidential: replaced by 'CLID_anonymous'",48,3,"HIV/AIDS victims",1,9,2012
104,"confidential: replaced by 'CLID_anonymous'",56,1,"poor elders",1,8,2011
104,"confidential: replaced by 'CLID_anonymous'",56,2,"children at risk",1,10,2011
104,"confidential: replaced by 'CLID_anonymous'",56,3,"children at risk",1,3,2012
104,"confidential: replaced by 'CLID_anonymous'",82,1,"oprhan children",1,10,2011
104,"confidential: replaced by 'CLID_anonymous'",82,2,"widows",1,8,2011
104,"confidential: replaced by 'CLID_anonymous'",82,3,"poor elders",1,8,2011
104,"confidential: replaced by 'CLID_anonymous'",70,1,"disabled persons",1,9,2009
104,"confidential: replaced by 'CLID_anonymous'",70,2,"widows",1,9,2009
104,"confidential: replaced by 'CLID_anonymous'",70,3,"children at risk",1,9,2009
104,"confidential: replaced by 'CLID_anonymous'",52,1,"oprhan children",2,6,2012
104,"confidential: replaced by 'CLID_anonymous'",27,1,"disabled persons",1,5,2012
104,"confidential: replaced by 'CLID_anonymous'",27,2,"elders",1,3,2012
104,"confidential: replaced by 'CLID_anonymous'",8,1,"elders",1,6,2004
601,"confidential: replaced by 'CLID_anonymous'",5,1,"children at risk",1,2,2012
601,"confidential: replaced by 'CLID_anonymous'",49,1,"disorders",1,6,2011
601,"confidential: replaced by 'CLID_anonymous'",49,2,"elders",1,6,2011
601,"confidential: replaced by 'CLID_anonymous'",49,3,"widows",1,6,2011
601,"confidential: replaced by 'CLID_anonymous'",74,1,"orphans",1,6,2012
601,"confidential: replaced by 'CLID_anonymous'",21,1,"HIV/AIDS victims",1,6,2011
601,"confidential: replaced by 'CLID_anonymous'",21,2,"children at risk",1,12,2012
601,"confidential: replaced by 'CLID_anonymous'",1,1,"children",1,6,2012
601,"confidential: replaced by 'CLID_anonymous'",1,2,"HIV/AIDS victims",1,2,2012
601,"confidential: replaced by 'CLID_anonymous'",79,1,"children at risk",1,8,2012
601,"confidential: replaced by 'CLID_anonymous'",79,2,"HIV/AIDS victims",1,8,2012
601,"confidential: replaced by 'CLID_anonymous'",41,1,"widows",1,7,2012
601,"confidential: replaced by 'CLID_anonymous'",41,2,"HIV/AIDS victims",1,4,2012
601,"confidential: replaced by 'CLID_anonymous'",75,1,"children at risk",1,6,2012
601,"confidential: replaced by 'CLID_anonymous'",75,2,"orphans",1,1,2012
601,"confidential: replaced by 'CLID_anonymous'",75,3,"widows",1,4,2012
601,"confidential: replaced by 'CLID_anonymous'",61,1,"children at risk",1,8,2012
601,"confidential: replaced by 'CLID_anonymous'",61,2,"HIV/AIDS victims (women)",1,8,2012
601,"confidential: replaced by 'CLID_anonymous'",61,3,"widows",1,8,2012
601,"confidential: replaced by 'CLID_anonymous'",4,1,"children",1,6,2012
601,"confidential: replaced by 'CLID_anonymous'",4,2,"widows",2,3,2012
601,"confidential: replaced by 'CLID_anonymous'",4,3,"elders",2,6,2012
601,"confidential: replaced by 'CLID_anonymous'",7,1,"children at risk",1,9,2012
601,"confidential: replaced by 'CLID_anonymous'",32,1,"HIV/AIDS victims",1,6,2012
601,"confidential: replaced by 'CLID_anonymous'",43,1,"disorders",1,7,2012
601,"confidential: replaced by 'CLID_anonymous'",43,2,"elders",1,5,2011
601,"confidential: replaced by 'CLID_anonymous'",14,1,"children at risk",1,6,2012
601,"confidential: replaced by 'CLID_anonymous'",14,2,"HIV/AIDS victims",1,8,2012
601,"confidential: replaced by 'CLID_anonymous'",20,1,"children at risk",1,8,2012
601,"confidential: replaced by 'CLID_anonymous'",20,2,"HIV/AIDS victims",1,2,2012
601,"confidential: replaced by 'CLID_anonymous'",13,1,"widows",1,9,2012
601,"confidential: replaced by 'CLID_anonymous'",13,2,"children at risk",1,9,2012
601,"confidential: replaced by 'CLID_anonymous'",55,1,"disorders",1,4,2012
601,"confidential: replaced by 'CLID_anonymous'",55,2,"elders",1,6,2012
601,"confidential: replaced by 'CLID_anonymous'",9,1,"children at risk",1,2,2008
601,"confidential: replaced by 'CLID_anonymous'",36,1,"children",1,5,2012
601,"confidential: replaced by 'CLID_anonymous'",36,2,"widows",2,6,2012
601,"confidential: replaced by 'CLID_anonymous'",36,3,"HIV/AIDS victims",2,6,2012
601,"confidential: replaced by 'CLID_anonymous'",73,1,"children",1,6,2012
601,"confidential: replaced by 'CLID_anonymous'",73,2,"widows",2,8,2012
601,"confidential: replaced by 'CLID_anonymous'",73,3,"HIV/AIDS victims",2,1,2012
601,"confidential: replaced by 'CLID_anonymous'",34,1,"children at risk",1,4,2012
601,"confidential: replaced by 'CLID_anonymous'",64,1,"children",1,2,2012
601,"confidential: replaced by 'CLID_anonymous'",64,2,"widows",2,4,2012
601,"confidential: replaced by 'CLID_anonymous'",64,3,"HIV/AIDS victims",2,3,2012
601,"confidential: replaced by 'CLID_anonymous'",78,1,"children at risk",1,7,2012
601,"confidential: replaced by 'CLID_anonymous'",78,2,"disabled group",1,4,2010
601,"confidential: replaced by 'CLID_anonymous'",2,1,"disorders",1,7,2011
601,"confidential: replaced by 'CLID_anonymous'",2,2,"elders",1,3,2012
601,"confidential: replaced by 'CLID_anonymous'",51,1,"children at risk",1,7,2012
601,"confidential: replaced by 'CLID_anonymous'",57,1,"children at risk",1,7,2012
601,"confidential: replaced by 'CLID_anonymous'",76,1,"disorders",1,7,2012
601,"confidential: replaced by 'CLID_anonymous'",76,2,"HIV/AIDS victims",1,7,2012
601,"confidential: replaced by 'CLID_anonymous'",59,1,"children",1,8,2012
601,"confidential: replaced by 'CLID_anonymous'",59,2,"women",1,8,2012
602,"confidential: replaced by 'CLID_anonymous'",72,1,"children at risk",1,7,2012
602,"confidential: replaced by 'CLID_anonymous'",72,2,"disabled group",1,6,2012
602,"confidential: replaced by 'CLID_anonymous'",72,3,"elders",1,3,2012
602,"confidential: replaced by 'CLID_anonymous'",42,1,"orphan group",1,7,2012
602,"confidential: replaced by 'CLID_anonymous'",42,2,"widow group",1,6,2010
602,"confidential: replaced by 'CLID_anonymous'",42,3,"saccos ruvu station",1,6,2012
602,"confidential: replaced by 'CLID_anonymous'",42,4,"pigana na umaskini",1,11,2006
602,"confidential: replaced by 'CLID_anonymous'",69,1,"kukundi cha wazee",1,4,2011
602,"confidential: replaced by 'CLID_anonymous'",47,1,"disorders",1,6,2012
602,"confidential: replaced by 'CLID_anonymous'",47,2,"children at risk",1,5,2012
602,"confidential: replaced by 'CLID_anonymous'",10,1,"disorders",1,7,2012
602,"confidential: replaced by 'CLID_anonymous'",10,2,"orphans",1,6,2012
602,"confidential: replaced by 'CLID_anonymous'",33,1,"widows",2,8,2011
602,"confidential: replaced by 'CLID_anonymous'",33,2,"elders",2,5,2012
602,"confidential: replaced by 'CLID_anonymous'",33,4,"orphans",1,3,2012
602,"confidential: replaced by 'CLID_anonymous'",28,1,"elders",1,4,2012
602,"confidential: replaced by 'CLID_anonymous'",28,2,"hatima",1,7,2011
602,"confidential: replaced by 'CLID_anonymous'",28,3,"disorders",1,3,2011
602,"confidential: replaced by 'CLID_anonymous'",11,1,"elders",1,2,2012
602,"confidential: replaced by 'CLID_anonymous'",11,2,"hatima",1,12,2011
602,"confidential: replaced by 'CLID_anonymous'",11,3,"widows",1,5,2012
602,"confidential: replaced by 'CLID_anonymous'",81,1,"kicodet",1,6,2012
602,"confidential: replaced by 'CLID_anonymous'",81,2,"camfed",1,6,2012
602,"confidential: replaced by 'CLID_anonymous'",45,1,"children",1,6,2012
602,"confidential: replaced by 'CLID_anonymous'",39,1,"elders",1,4,2012
602,"confidential: replaced by 'CLID_anonymous'",39,2,"disorders",1,3,2012
602,"confidential: replaced by 'CLID_anonymous'",39,3,"widows",1,12,2011
602,"confidential: replaced by 'CLID_anonymous'",39,4,"children at risk",1,7,2012
602,"confidential: replaced by 'CLID_anonymous'",18,1,"disorders",1,6,2009
602,"confidential: replaced by 'CLID_anonymous'",18,2,"elders",1,6,2009
602,"confidential: replaced by 'CLID_anonymous'",18,3,"HIV/AIDS victims",1,6,2012
602,"confidential: replaced by 'CLID_anonymous'",12,1,"orphans",1,7,2007
602,"confidential: replaced by 'CLID_anonymous'",12,2,"elders",1,1,2011
602,"confidential: replaced by 'CLID_anonymous'",12,3,"disorders",1,6,2011
602,"confidential: replaced by 'CLID_anonymous'",12,4,"kaya duni",1,6,2009
602,"confidential: replaced by 'CLID_anonymous'",65,1,"elders group",1,12,2011
602,"confidential: replaced by 'CLID_anonymous'",65,2,"orphan group",1,12,2011
602,"confidential: replaced by 'CLID_anonymous'",54,1,"elders group",1,8,2010
602,"confidential: replaced by 'CLID_anonymous'",54,2,"saccos",1,8,2009
602,"confidential: replaced by 'CLID_anonymous'",38,1,"disorders",1,3,2012
602,"confidential: replaced by 'CLID_anonymous'",23,1,"disorders",1,3,2012
602,"confidential: replaced by 'CLID_anonymous'",23,2,"children at risk",1,4,2012
602,"confidential: replaced by 'CLID_anonymous'",31,1,"children",1,5,2012
602,"confidential: replaced by 'CLID_anonymous'",24,1,"children",1,4,2012
