"DistID","closestCLID","closestCLID_anonymous","SeqID","YearsID","doctorsNo","nursesNo","otherMedStaffNo"
104,"confidential: replaced by 'closestCLID_anonymous'",26,1,1,0,1,1
104,"confidential: replaced by 'closestCLID_anonymous'",26,1,2,0,1,1
104,"confidential: replaced by 'closestCLID_anonymous'",26,1,3,0,1,1
104,"confidential: replaced by 'closestCLID_anonymous'",26,1,4,0,1,1
104,"confidential: replaced by 'closestCLID_anonymous'",46,1,1,0,1,1
104,"confidential: replaced by 'closestCLID_anonymous'",46,1,2,0,1,1
104,"confidential: replaced by 'closestCLID_anonymous'",46,1,3,0,0,2
104,"confidential: replaced by 'closestCLID_anonymous'",46,1,4,0,0,2
104,"confidential: replaced by 'closestCLID_anonymous'",77,1,1,1,2,0
104,"confidential: replaced by 'closestCLID_anonymous'",77,1,2,1,2,0
104,"confidential: replaced by 'closestCLID_anonymous'",77,1,3,1,2,0
104,"confidential: replaced by 'closestCLID_anonymous'",77,1,4,1,2,0
104,"confidential: replaced by 'closestCLID_anonymous'",63,1,1,0,1,1
104,"confidential: replaced by 'closestCLID_anonymous'",63,1,2,0,1,1
104,"confidential: replaced by 'closestCLID_anonymous'",63,1,3,0,1,1
104,"confidential: replaced by 'closestCLID_anonymous'",63,1,4,0,1,1
104,"confidential: replaced by 'closestCLID_anonymous'",15,1,1,13,46,54
104,"confidential: replaced by 'closestCLID_anonymous'",15,1,2,15,49,56
104,"confidential: replaced by 'closestCLID_anonymous'",15,1,3,13,47,54
104,"confidential: replaced by 'closestCLID_anonymous'",15,1,4,14,51,52
104,"confidential: replaced by 'closestCLID_anonymous'",16,1,1,2,8,2
104,"confidential: replaced by 'closestCLID_anonymous'",16,1,2,10,8,2
104,"confidential: replaced by 'closestCLID_anonymous'",16,1,3,10,8,2
104,"confidential: replaced by 'closestCLID_anonymous'",16,1,4,10,8,2
104,"confidential: replaced by 'closestCLID_anonymous'",80,1,1,1,1,1
104,"confidential: replaced by 'closestCLID_anonymous'",80,1,2,0,1,0
104,"confidential: replaced by 'closestCLID_anonymous'",80,1,3,1,1,0
104,"confidential: replaced by 'closestCLID_anonymous'",80,1,4,1,1,1
104,"confidential: replaced by 'closestCLID_anonymous'",40,1,1,0,2,1
104,"confidential: replaced by 'closestCLID_anonymous'",40,1,2,0,2,0
104,"confidential: replaced by 'closestCLID_anonymous'",40,1,3,0,2,0
104,"confidential: replaced by 'closestCLID_anonymous'",40,1,4,0,3,1
104,"confidential: replaced by 'closestCLID_anonymous'",19,1,1,0,0,2
104,"confidential: replaced by 'closestCLID_anonymous'",19,1,2,0,1,2
104,"confidential: replaced by 'closestCLID_anonymous'",19,1,3,0,0,2
104,"confidential: replaced by 'closestCLID_anonymous'",19,1,4,0,0,2
104,"confidential: replaced by 'closestCLID_anonymous'",50,1,1,0,2,1
104,"confidential: replaced by 'closestCLID_anonymous'",50,1,2,0,2,1
104,"confidential: replaced by 'closestCLID_anonymous'",50,1,3,0,2,0
104,"confidential: replaced by 'closestCLID_anonymous'",50,1,4,0,2,0
104,"confidential: replaced by 'closestCLID_anonymous'",6,1,1,1,2,0
104,"confidential: replaced by 'closestCLID_anonymous'",6,1,2,1,2,0
104,"confidential: replaced by 'closestCLID_anonymous'",6,1,3,1,2,0
104,"confidential: replaced by 'closestCLID_anonymous'",6,1,4,1,2,0
104,"confidential: replaced by 'closestCLID_anonymous'",48,1,1,0,0,4
104,"confidential: replaced by 'closestCLID_anonymous'",48,1,2,0,0,4
104,"confidential: replaced by 'closestCLID_anonymous'",48,1,3,0,0,4
104,"confidential: replaced by 'closestCLID_anonymous'",48,1,4,0,0,3
104,"confidential: replaced by 'closestCLID_anonymous'",56,1,1,1,2,2
104,"confidential: replaced by 'closestCLID_anonymous'",56,1,2,1,2,2
104,"confidential: replaced by 'closestCLID_anonymous'",56,1,3,1,2,2
104,"confidential: replaced by 'closestCLID_anonymous'",56,1,4,1,2,2
104,"confidential: replaced by 'closestCLID_anonymous'",82,1,1,0,2,3
104,"confidential: replaced by 'closestCLID_anonymous'",82,1,2,0,2,3
104,"confidential: replaced by 'closestCLID_anonymous'",82,1,3,0,2,3
104,"confidential: replaced by 'closestCLID_anonymous'",82,1,4,0,2,0
104,"confidential: replaced by 'closestCLID_anonymous'",70,1,1,0,2,1
104,"confidential: replaced by 'closestCLID_anonymous'",70,1,2,0,2,1
104,"confidential: replaced by 'closestCLID_anonymous'",70,1,3,0,2,1
104,"confidential: replaced by 'closestCLID_anonymous'",70,1,4,0,2,1
104,"confidential: replaced by 'closestCLID_anonymous'",52,1,1,1,1,1
104,"confidential: replaced by 'closestCLID_anonymous'",52,1,2,0,1,0
104,"confidential: replaced by 'closestCLID_anonymous'",52,1,3,1,1,0
104,"confidential: replaced by 'closestCLID_anonymous'",52,1,4,1,1,1
104,"confidential: replaced by 'closestCLID_anonymous'",27,1,1,1,1,0
104,"confidential: replaced by 'closestCLID_anonymous'",27,1,2,1,1,0
104,"confidential: replaced by 'closestCLID_anonymous'",27,1,3,1,1,0
104,"confidential: replaced by 'closestCLID_anonymous'",27,1,4,1,1,0
104,"confidential: replaced by 'closestCLID_anonymous'",68,1,1,0,1,5
104,"confidential: replaced by 'closestCLID_anonymous'",68,1,2,0,1,5
104,"confidential: replaced by 'closestCLID_anonymous'",68,1,3,0,1,4
104,"confidential: replaced by 'closestCLID_anonymous'",68,1,4,0,1,5
104,"confidential: replaced by 'closestCLID_anonymous'",8,1,1,0,2,10
104,"confidential: replaced by 'closestCLID_anonymous'",8,1,2,0,3,12
104,"confidential: replaced by 'closestCLID_anonymous'",8,1,3,0,4,12
104,"confidential: replaced by 'closestCLID_anonymous'",8,1,4,0,3,12
104,"confidential: replaced by 'closestCLID_anonymous'",66,1,1,0,0,3
104,"confidential: replaced by 'closestCLID_anonymous'",66,1,2,0,0,3
104,"confidential: replaced by 'closestCLID_anonymous'",66,1,3,0,0,3
104,"confidential: replaced by 'closestCLID_anonymous'",66,1,4,0,0,3
601,"confidential: replaced by 'closestCLID_anonymous'",5,1,1,1,3,3
601,"confidential: replaced by 'closestCLID_anonymous'",5,1,2,1,3,3
601,"confidential: replaced by 'closestCLID_anonymous'",5,1,3,2,3,3
601,"confidential: replaced by 'closestCLID_anonymous'",5,1,4,2,3,3
601,"confidential: replaced by 'closestCLID_anonymous'",49,1,1,1,2,0
601,"confidential: replaced by 'closestCLID_anonymous'",49,1,2,1,1,0
601,"confidential: replaced by 'closestCLID_anonymous'",49,1,3,1,1,0
601,"confidential: replaced by 'closestCLID_anonymous'",49,1,4,1,1,0
601,"confidential: replaced by 'closestCLID_anonymous'",74,1,1,2,2,1
601,"confidential: replaced by 'closestCLID_anonymous'",74,1,2,2,1,1
601,"confidential: replaced by 'closestCLID_anonymous'",74,1,3,2,0,1
601,"confidential: replaced by 'closestCLID_anonymous'",74,1,4,1,1,1
601,"confidential: replaced by 'closestCLID_anonymous'",62,1,1,3,1,2
601,"confidential: replaced by 'closestCLID_anonymous'",62,1,2,2,2,2
601,"confidential: replaced by 'closestCLID_anonymous'",62,1,3,2,2,2
601,"confidential: replaced by 'closestCLID_anonymous'",62,1,4,1,2,2
601,"confidential: replaced by 'closestCLID_anonymous'",21,1,1,0,1,2
601,"confidential: replaced by 'closestCLID_anonymous'",21,1,2,0,1,2
601,"confidential: replaced by 'closestCLID_anonymous'",21,1,3,0,1,1
601,"confidential: replaced by 'closestCLID_anonymous'",21,1,4,0,1,1
601,"confidential: replaced by 'closestCLID_anonymous'",79,1,1,0,1,2
601,"confidential: replaced by 'closestCLID_anonymous'",79,1,2,0,1,2
601,"confidential: replaced by 'closestCLID_anonymous'",79,1,3,0,1,2
601,"confidential: replaced by 'closestCLID_anonymous'",79,1,4,0,1,2
601,"confidential: replaced by 'closestCLID_anonymous'",41,1,1,1,2,0
601,"confidential: replaced by 'closestCLID_anonymous'",41,1,2,0,1,0
601,"confidential: replaced by 'closestCLID_anonymous'",41,1,3,0,1,0
601,"confidential: replaced by 'closestCLID_anonymous'",41,1,4,1,1,0
601,"confidential: replaced by 'closestCLID_anonymous'",71,1,1,0,5,4
601,"confidential: replaced by 'closestCLID_anonymous'",71,1,2,0,4,3
601,"confidential: replaced by 'closestCLID_anonymous'",71,1,3,0,3,2
601,"confidential: replaced by 'closestCLID_anonymous'",71,1,4,0,3,2
601,"confidential: replaced by 'closestCLID_anonymous'",53,1,1,2,2,0
601,"confidential: replaced by 'closestCLID_anonymous'",53,1,2,1,1,0
601,"confidential: replaced by 'closestCLID_anonymous'",53,1,3,1,1,0
601,"confidential: replaced by 'closestCLID_anonymous'",53,1,4,1,1,0
601,"confidential: replaced by 'closestCLID_anonymous'",75,1,1,3,2,11
601,"confidential: replaced by 'closestCLID_anonymous'",75,1,2,2,2,9
601,"confidential: replaced by 'closestCLID_anonymous'",75,1,3,3,2,7
601,"confidential: replaced by 'closestCLID_anonymous'",75,1,4,4,2,5
601,"confidential: replaced by 'closestCLID_anonymous'",37,1,1,1,1,0
601,"confidential: replaced by 'closestCLID_anonymous'",37,1,2,0,1,0
601,"confidential: replaced by 'closestCLID_anonymous'",37,1,3,1,1,0
601,"confidential: replaced by 'closestCLID_anonymous'",37,1,4,1,1,0
601,"confidential: replaced by 'closestCLID_anonymous'",61,1,1,1,2,0
601,"confidential: replaced by 'closestCLID_anonymous'",61,1,2,1,2,0
601,"confidential: replaced by 'closestCLID_anonymous'",61,1,3,1,2,0
601,"confidential: replaced by 'closestCLID_anonymous'",61,1,4,1,2,0
601,"confidential: replaced by 'closestCLID_anonymous'",60,1,1,0,1,0
601,"confidential: replaced by 'closestCLID_anonymous'",60,1,2,0,1,0
601,"confidential: replaced by 'closestCLID_anonymous'",60,1,3,0,1,0
601,"confidential: replaced by 'closestCLID_anonymous'",60,1,4,0,1,0
601,"confidential: replaced by 'closestCLID_anonymous'",4,1,1,0,1,1
601,"confidential: replaced by 'closestCLID_anonymous'",4,1,2,0,1,1
601,"confidential: replaced by 'closestCLID_anonymous'",4,1,3,0,1,1
601,"confidential: replaced by 'closestCLID_anonymous'",4,1,4,0,1,1
601,"confidential: replaced by 'closestCLID_anonymous'",7,1,1,1,1,0
601,"confidential: replaced by 'closestCLID_anonymous'",7,1,2,1,1,0
601,"confidential: replaced by 'closestCLID_anonymous'",7,1,3,1,1,0
601,"confidential: replaced by 'closestCLID_anonymous'",7,1,4,1,1,0
601,"confidential: replaced by 'closestCLID_anonymous'",32,1,1,0,1,1
601,"confidential: replaced by 'closestCLID_anonymous'",32,1,2,0,1,1
601,"confidential: replaced by 'closestCLID_anonymous'",32,1,3,0,1,1
601,"confidential: replaced by 'closestCLID_anonymous'",32,1,4,0,1,1
601,"confidential: replaced by 'closestCLID_anonymous'",17,1,1,1,1,0
601,"confidential: replaced by 'closestCLID_anonymous'",17,1,2,1,1,0
601,"confidential: replaced by 'closestCLID_anonymous'",17,1,3,1,1,0
601,"confidential: replaced by 'closestCLID_anonymous'",17,1,4,1,1,0
601,"confidential: replaced by 'closestCLID_anonymous'",3,1,1,1,2,0
601,"confidential: replaced by 'closestCLID_anonymous'",3,1,2,1,1,0
601,"confidential: replaced by 'closestCLID_anonymous'",3,1,3,1,1,0
601,"confidential: replaced by 'closestCLID_anonymous'",3,1,4,1,1,0
601,"confidential: replaced by 'closestCLID_anonymous'",43,1,1,0,0,1
601,"confidential: replaced by 'closestCLID_anonymous'",43,1,2,0,0,1
601,"confidential: replaced by 'closestCLID_anonymous'",43,1,3,0,0,1
601,"confidential: replaced by 'closestCLID_anonymous'",43,1,4,0,0,1
601,"confidential: replaced by 'closestCLID_anonymous'",14,1,1,0,1,1
601,"confidential: replaced by 'closestCLID_anonymous'",14,1,2,0,1,1
601,"confidential: replaced by 'closestCLID_anonymous'",14,1,3,0,1,1
601,"confidential: replaced by 'closestCLID_anonymous'",14,1,4,0,1,1
601,"confidential: replaced by 'closestCLID_anonymous'",20,1,1,0,1,1
601,"confidential: replaced by 'closestCLID_anonymous'",20,1,2,0,1,1
601,"confidential: replaced by 'closestCLID_anonymous'",20,1,3,0,1,1
601,"confidential: replaced by 'closestCLID_anonymous'",20,1,4,0,1,1
601,"confidential: replaced by 'closestCLID_anonymous'",13,1,1,0,0,4
601,"confidential: replaced by 'closestCLID_anonymous'",13,1,2,0,0,4
601,"confidential: replaced by 'closestCLID_anonymous'",13,1,3,0,0,4
601,"confidential: replaced by 'closestCLID_anonymous'",13,1,4,0,0,4
601,"confidential: replaced by 'closestCLID_anonymous'",55,1,1,1,1,1
601,"confidential: replaced by 'closestCLID_anonymous'",55,1,2,0,1,1
601,"confidential: replaced by 'closestCLID_anonymous'",55,1,3,1,1,1
601,"confidential: replaced by 'closestCLID_anonymous'",55,1,4,1,1,1
601,"confidential: replaced by 'closestCLID_anonymous'",9,1,1,1,2,1
601,"confidential: replaced by 'closestCLID_anonymous'",9,1,2,1,2,1
601,"confidential: replaced by 'closestCLID_anonymous'",9,1,3,1,2,1
601,"confidential: replaced by 'closestCLID_anonymous'",9,1,4,1,2,1
601,"confidential: replaced by 'closestCLID_anonymous'",36,1,1,0,1,2
601,"confidential: replaced by 'closestCLID_anonymous'",36,1,2,0,1,2
601,"confidential: replaced by 'closestCLID_anonymous'",36,1,3,0,1,2
601,"confidential: replaced by 'closestCLID_anonymous'",36,1,4,0,1,2
601,"confidential: replaced by 'closestCLID_anonymous'",73,1,1,5,17,111
601,"confidential: replaced by 'closestCLID_anonymous'",73,1,2,5,16,108
601,"confidential: replaced by 'closestCLID_anonymous'",73,1,3,5,18,106
601,"confidential: replaced by 'closestCLID_anonymous'",73,1,4,5,16,105
601,"confidential: replaced by 'closestCLID_anonymous'",34,1,1,1,1,0
601,"confidential: replaced by 'closestCLID_anonymous'",34,1,2,1,1,0
601,"confidential: replaced by 'closestCLID_anonymous'",34,1,3,1,1,0
601,"confidential: replaced by 'closestCLID_anonymous'",34,1,4,1,1,0
601,"confidential: replaced by 'closestCLID_anonymous'",78,1,1,1,1,2
601,"confidential: replaced by 'closestCLID_anonymous'",78,1,2,1,0,2
601,"confidential: replaced by 'closestCLID_anonymous'",78,1,3,1,0,2
601,"confidential: replaced by 'closestCLID_anonymous'",78,1,4,1,0,2
601,"confidential: replaced by 'closestCLID_anonymous'",2,1,1,12,17,14
601,"confidential: replaced by 'closestCLID_anonymous'",2,1,2,10,13,14
601,"confidential: replaced by 'closestCLID_anonymous'",2,1,3,8,10,14
601,"confidential: replaced by 'closestCLID_anonymous'",2,1,4,8,10,14
601,"confidential: replaced by 'closestCLID_anonymous'",57,1,1,1,2,1
601,"confidential: replaced by 'closestCLID_anonymous'",57,1,2,1,1,1
601,"confidential: replaced by 'closestCLID_anonymous'",57,1,3,1,1,1
601,"confidential: replaced by 'closestCLID_anonymous'",57,1,4,1,1,1
601,"confidential: replaced by 'closestCLID_anonymous'",76,1,1,1,1,1
601,"confidential: replaced by 'closestCLID_anonymous'",76,1,2,1,1,1
601,"confidential: replaced by 'closestCLID_anonymous'",76,1,3,1,1,1
601,"confidential: replaced by 'closestCLID_anonymous'",76,1,4,1,1,1
602,"confidential: replaced by 'closestCLID_anonymous'",35,1,1,1,1,2
602,"confidential: replaced by 'closestCLID_anonymous'",35,1,2,1,1,2
602,"confidential: replaced by 'closestCLID_anonymous'",35,1,3,1,2,1
602,"confidential: replaced by 'closestCLID_anonymous'",35,1,4,1,1,1
602,"confidential: replaced by 'closestCLID_anonymous'",72,1,1,2,3,2
602,"confidential: replaced by 'closestCLID_anonymous'",72,1,2,1,3,1
602,"confidential: replaced by 'closestCLID_anonymous'",72,1,3,2,2,1
602,"confidential: replaced by 'closestCLID_anonymous'",72,1,4,2,2,1
602,"confidential: replaced by 'closestCLID_anonymous'",69,1,1,1,1,1
602,"confidential: replaced by 'closestCLID_anonymous'",69,1,2,1,1,1
602,"confidential: replaced by 'closestCLID_anonymous'",69,1,3,0,0,1
602,"confidential: replaced by 'closestCLID_anonymous'",69,1,4,0,1,1
602,"confidential: replaced by 'closestCLID_anonymous'",47,1,1,0,2,1
602,"confidential: replaced by 'closestCLID_anonymous'",47,1,2,0,1,1
602,"confidential: replaced by 'closestCLID_anonymous'",47,1,3,0,1,1
602,"confidential: replaced by 'closestCLID_anonymous'",47,1,4,1,1,1
602,"confidential: replaced by 'closestCLID_anonymous'",10,1,1,0,1,2
602,"confidential: replaced by 'closestCLID_anonymous'",10,1,2,0,1,2
602,"confidential: replaced by 'closestCLID_anonymous'",10,1,3,0,1,2
602,"confidential: replaced by 'closestCLID_anonymous'",10,1,4,0,0,1
602,"confidential: replaced by 'closestCLID_anonymous'",28,1,1,7,16,30
602,"confidential: replaced by 'closestCLID_anonymous'",28,1,2,6,15,28
602,"confidential: replaced by 'closestCLID_anonymous'",28,1,3,6,15,28
602,"confidential: replaced by 'closestCLID_anonymous'",28,1,4,4,13,26
602,"confidential: replaced by 'closestCLID_anonymous'",11,1,1,0,1,3
602,"confidential: replaced by 'closestCLID_anonymous'",11,1,2,0,1,1
602,"confidential: replaced by 'closestCLID_anonymous'",11,1,3,0,1,1
602,"confidential: replaced by 'closestCLID_anonymous'",11,1,4,0,0,0
602,"confidential: replaced by 'closestCLID_anonymous'",45,1,1,0,1,1
602,"confidential: replaced by 'closestCLID_anonymous'",45,1,2,0,1,1
602,"confidential: replaced by 'closestCLID_anonymous'",45,1,3,0,1,1
602,"confidential: replaced by 'closestCLID_anonymous'",45,1,4,0,1,1
602,"confidential: replaced by 'closestCLID_anonymous'",39,1,1,0,1,4
602,"confidential: replaced by 'closestCLID_anonymous'",39,1,2,0,1,3
602,"confidential: replaced by 'closestCLID_anonymous'",39,1,3,0,1,4
602,"confidential: replaced by 'closestCLID_anonymous'",39,1,4,0,1,3
602,"confidential: replaced by 'closestCLID_anonymous'",44,1,1,1,2,2
602,"confidential: replaced by 'closestCLID_anonymous'",44,1,2,1,2,2
602,"confidential: replaced by 'closestCLID_anonymous'",44,1,3,1,2,2
602,"confidential: replaced by 'closestCLID_anonymous'",44,1,4,2,2,2
602,"confidential: replaced by 'closestCLID_anonymous'",18,1,1,3,1,3
602,"confidential: replaced by 'closestCLID_anonymous'",18,1,2,2,1,2
602,"confidential: replaced by 'closestCLID_anonymous'",18,1,3,2,1,2
602,"confidential: replaced by 'closestCLID_anonymous'",18,1,4,2,1,2
602,"confidential: replaced by 'closestCLID_anonymous'",65,1,1,1,1,0
602,"confidential: replaced by 'closestCLID_anonymous'",65,1,2,1,1,0
602,"confidential: replaced by 'closestCLID_anonymous'",65,1,3,0,1,0
602,"confidential: replaced by 'closestCLID_anonymous'",65,1,4,0,0,0
602,"confidential: replaced by 'closestCLID_anonymous'",54,1,1,1,1,2
602,"confidential: replaced by 'closestCLID_anonymous'",54,1,2,1,2,2
602,"confidential: replaced by 'closestCLID_anonymous'",54,1,3,1,1,2
602,"confidential: replaced by 'closestCLID_anonymous'",54,1,4,0,2,1
602,"confidential: replaced by 'closestCLID_anonymous'",38,1,1,1,2,1
602,"confidential: replaced by 'closestCLID_anonymous'",38,1,2,1,2,0
602,"confidential: replaced by 'closestCLID_anonymous'",38,1,3,2,1,0
602,"confidential: replaced by 'closestCLID_anonymous'",38,1,4,2,1,0
602,"confidential: replaced by 'closestCLID_anonymous'",23,1,1,0,2,3
602,"confidential: replaced by 'closestCLID_anonymous'",23,1,2,0,2,2
602,"confidential: replaced by 'closestCLID_anonymous'",23,1,3,0,2,2
602,"confidential: replaced by 'closestCLID_anonymous'",23,1,4,0,2,2
602,"confidential: replaced by 'closestCLID_anonymous'",31,1,1,0,1,3
602,"confidential: replaced by 'closestCLID_anonymous'",31,1,2,0,1,3
602,"confidential: replaced by 'closestCLID_anonymous'",31,1,3,0,1,3
602,"confidential: replaced by 'closestCLID_anonymous'",31,1,4,0,2,3
602,"confidential: replaced by 'closestCLID_anonymous'",24,1,1,0,1,3
602,"confidential: replaced by 'closestCLID_anonymous'",24,1,2,0,1,3
602,"confidential: replaced by 'closestCLID_anonymous'",24,1,3,0,1,3
602,"confidential: replaced by 'closestCLID_anonymous'",24,1,4,0,1,2
