"DistID","CLID","CLID_anonymous","PrevHHID","PrevHHPID","PrevMemName","PrevHHSex","LivInCluster","BenHH","NotInClWhy","WhyNotBen","LastPayDay","LastPayMonth","LastPayYear","anonymous_data_ID"
104,"confidential: replaced by 'CLID_anonymous'",26,1,1,"confidential: removed from data",2,1,1,,,25,6,2011,1
104,"confidential: replaced by 'CLID_anonymous'",26,2,2,"confidential: removed from data",1,1,1,,,25,6,2011,2
104,"confidential: replaced by 'CLID_anonymous'",26,3,3,"confidential: removed from data",1,1,1,,,25,6,2011,3
104,"confidential: replaced by 'CLID_anonymous'",26,4,4,"confidential: removed from data",1,1,1,,,25,6,2011,4
104,"confidential: replaced by 'CLID_anonymous'",26,5,5,"confidential: removed from data",2,1,1,,,25,6,2011,5
104,"confidential: replaced by 'CLID_anonymous'",26,6,6,"confidential: removed from data",1,1,1,,,25,6,2011,6
104,"confidential: replaced by 'CLID_anonymous'",26,7,7,"confidential: removed from data",1,1,1,,,25,6,2011,7
104,"confidential: replaced by 'CLID_anonymous'",26,8,9,"confidential: removed from data",2,2,,1,,,,,8
104,"confidential: replaced by 'CLID_anonymous'",26,9,10,"confidential: removed from data",2,1,1,,,25,6,2011,9
104,"confidential: replaced by 'CLID_anonymous'",26,10,11,"confidential: removed from data",1,1,1,,,25,6,2011,10
104,"confidential: replaced by 'CLID_anonymous'",26,11,12,"confidential: removed from data",2,1,1,,,25,6,2011,11
104,"confidential: replaced by 'CLID_anonymous'",26,12,13,"confidential: removed from data",1,1,1,,,25,6,2011,12
104,"confidential: replaced by 'CLID_anonymous'",26,13,14,"confidential: removed from data",1,1,1,,,25,6,2011,13
104,"confidential: replaced by 'CLID_anonymous'",26,14,15,"confidential: removed from data",2,1,1,,,25,6,2011,14
104,"confidential: replaced by 'CLID_anonymous'",26,15,16,"confidential: removed from data",2,1,1,,,25,6,2011,15
104,"confidential: replaced by 'CLID_anonymous'",26,16,17,"confidential: removed from data",1,1,1,,,25,6,2011,16
104,"confidential: replaced by 'CLID_anonymous'",26,17,19,"confidential: removed from data",1,1,1,,,25,6,2011,17
104,"confidential: replaced by 'CLID_anonymous'",26,18,20,"confidential: removed from data",1,1,1,,,25,6,2011,18
104,"confidential: replaced by 'CLID_anonymous'",26,19,21,"confidential: removed from data",1,1,1,,,25,6,2011,19
104,"confidential: replaced by 'CLID_anonymous'",26,20,23,"confidential: removed from data",2,1,1,,,25,6,2011,20
104,"confidential: replaced by 'CLID_anonymous'",26,21,24,"confidential: removed from data",1,1,1,,,25,6,2011,21
104,"confidential: replaced by 'CLID_anonymous'",26,22,25,"confidential: removed from data",1,1,1,,,25,6,2011,22
104,"confidential: replaced by 'CLID_anonymous'",77,1,1,"confidential: removed from data",2,2,,1,,,,,23
104,"confidential: replaced by 'CLID_anonymous'",77,2,2,"confidential: removed from data",2,1,1,,,24,6,2011,24
104,"confidential: replaced by 'CLID_anonymous'",77,3,3,"confidential: removed from data",2,1,1,,,24,6,2011,25
104,"confidential: replaced by 'CLID_anonymous'",77,4,4,"confidential: removed from data",1,2,,1,,,,,26
104,"confidential: replaced by 'CLID_anonymous'",77,6,7,"confidential: removed from data",2,1,1,,,24,6,2011,27
104,"confidential: replaced by 'CLID_anonymous'",77,7,8,"confidential: removed from data",2,1,1,,,24,6,2011,28
104,"confidential: replaced by 'CLID_anonymous'",77,8,9,"confidential: removed from data",1,1,1,,,24,6,2011,29
104,"confidential: replaced by 'CLID_anonymous'",77,9,10,"confidential: removed from data",2,1,1,,,24,6,2011,30
104,"confidential: replaced by 'CLID_anonymous'",77,10,11,"confidential: removed from data",2,2,,1,,,,,31
104,"confidential: replaced by 'CLID_anonymous'",77,11,12,"confidential: removed from data",2,1,1,,,24,6,2011,32
104,"confidential: replaced by 'CLID_anonymous'",77,12,13,"confidential: removed from data",1,1,1,,,24,6,2011,33
104,"confidential: replaced by 'CLID_anonymous'",77,13,14,"confidential: removed from data",2,1,1,,,24,6,2011,34
104,"confidential: replaced by 'CLID_anonymous'",77,14,15,"confidential: removed from data",2,1,1,,,24,6,2011,35
104,"confidential: replaced by 'CLID_anonymous'",77,15,16,"confidential: removed from data",2,1,1,,,24,6,2011,36
104,"confidential: replaced by 'CLID_anonymous'",77,16,17,"confidential: removed from data",2,1,1,,,24,6,2011,37
104,"confidential: replaced by 'CLID_anonymous'",77,17,18,"confidential: removed from data",1,1,1,,,24,6,2011,38
104,"confidential: replaced by 'CLID_anonymous'",77,18,19,"confidential: removed from data",2,1,1,,,24,6,2011,39
104,"confidential: replaced by 'CLID_anonymous'",77,19,20,"confidential: removed from data",2,1,1,,,24,6,2011,40
104,"confidential: replaced by 'CLID_anonymous'",77,20,21,"confidential: removed from data",1,1,1,,,24,6,2011,41
104,"confidential: replaced by 'CLID_anonymous'",77,21,22,"confidential: removed from data",2,1,1,,,24,6,2011,42
104,"confidential: replaced by 'CLID_anonymous'",77,22,23,"confidential: removed from data",2,1,1,,,24,6,2011,43
104,"confidential: replaced by 'CLID_anonymous'",77,23,24,"confidential: removed from data",1,2,,2,,,,,44
104,"confidential: replaced by 'CLID_anonymous'",22,1,2,"confidential: removed from data",2,1,1,,,4,6,2011,45
104,"confidential: replaced by 'CLID_anonymous'",22,2,3,"confidential: removed from data",2,1,1,,,4,6,2011,46
104,"confidential: replaced by 'CLID_anonymous'",22,3,4,"confidential: removed from data",1,1,1,,,4,6,2011,47
104,"confidential: replaced by 'CLID_anonymous'",22,4,5,"confidential: removed from data",2,1,1,,,4,6,2011,48
104,"confidential: replaced by 'CLID_anonymous'",22,5,6,"confidential: removed from data",1,1,1,,,4,6,2011,49
104,"confidential: replaced by 'CLID_anonymous'",22,6,7,"confidential: removed from data",2,1,1,,,4,6,2011,50
104,"confidential: replaced by 'CLID_anonymous'",22,7,9,"confidential: removed from data",2,1,1,,,4,6,2011,51
104,"confidential: replaced by 'CLID_anonymous'",22,8,10,"confidential: removed from data",2,1,1,,,4,6,2011,52
104,"confidential: replaced by 'CLID_anonymous'",22,9,11,"confidential: removed from data",2,1,1,,,4,6,2011,53
104,"confidential: replaced by 'CLID_anonymous'",22,10,12,"confidential: removed from data",2,1,1,,,4,6,2011,54
104,"confidential: replaced by 'CLID_anonymous'",22,11,13,"confidential: removed from data",2,1,1,,,4,6,2011,55
104,"confidential: replaced by 'CLID_anonymous'",22,12,14,"confidential: removed from data",2,1,1,,,4,6,2011,56
104,"confidential: replaced by 'CLID_anonymous'",22,13,15,"confidential: removed from data",1,2,,1,,,,,57
104,"confidential: replaced by 'CLID_anonymous'",22,14,16,"confidential: removed from data",2,1,2,,4,,,,58
104,"confidential: replaced by 'CLID_anonymous'",22,15,18,"confidential: removed from data",2,1,1,,,4,6,2011,59
104,"confidential: replaced by 'CLID_anonymous'",22,16,19,"confidential: removed from data",2,1,1,,,4,6,2011,60
104,"confidential: replaced by 'CLID_anonymous'",22,17,20,"confidential: removed from data",1,1,1,,,4,6,2011,61
104,"confidential: replaced by 'CLID_anonymous'",22,18,21,"confidential: removed from data",1,1,1,,,4,6,2011,62
104,"confidential: replaced by 'CLID_anonymous'",22,19,22,"confidential: removed from data",2,1,1,,,4,6,2011,63
104,"confidential: replaced by 'CLID_anonymous'",22,20,23,"confidential: removed from data",1,1,1,,,4,6,2011,64
104,"confidential: replaced by 'CLID_anonymous'",22,21,24,"confidential: removed from data",2,1,1,,,4,6,2011,65
104,"confidential: replaced by 'CLID_anonymous'",22,22,25,"confidential: removed from data",2,1,1,,,4,6,2011,66
104,"confidential: replaced by 'CLID_anonymous'",22,23,26,"confidential: removed from data",1,1,1,,,4,6,2011,67
104,"confidential: replaced by 'CLID_anonymous'",67,1,1,"confidential: removed from data",2,2,,1,,,,,68
104,"confidential: replaced by 'CLID_anonymous'",67,2,2,"confidential: removed from data",1,1,1,,,22,6,2011,69
104,"confidential: replaced by 'CLID_anonymous'",67,3,3,"confidential: removed from data",2,1,2,,4,,,,70
104,"confidential: replaced by 'CLID_anonymous'",67,4,4,"confidential: removed from data",2,1,1,,,22,6,2011,71
104,"confidential: replaced by 'CLID_anonymous'",67,5,5,"confidential: removed from data",1,1,1,,,22,6,2011,72
104,"confidential: replaced by 'CLID_anonymous'",67,6,6,"confidential: removed from data",2,1,1,,,22,6,2011,73
104,"confidential: replaced by 'CLID_anonymous'",67,7,7,"confidential: removed from data",2,1,1,,,22,6,2011,74
104,"confidential: replaced by 'CLID_anonymous'",67,8,8,"confidential: removed from data",2,1,1,,,22,6,2011,75
104,"confidential: replaced by 'CLID_anonymous'",67,9,10,"confidential: removed from data",1,1,1,,,22,6,2011,76
104,"confidential: replaced by 'CLID_anonymous'",67,10,11,"confidential: removed from data",2,2,,1,,,,,77
104,"confidential: replaced by 'CLID_anonymous'",67,11,12,"confidential: removed from data",2,1,1,,,22,6,2011,78
104,"confidential: replaced by 'CLID_anonymous'",67,12,13,"confidential: removed from data",2,1,1,,,22,6,2011,79
104,"confidential: replaced by 'CLID_anonymous'",67,13,14,"confidential: removed from data",1,1,1,,,22,6,2011,80
104,"confidential: replaced by 'CLID_anonymous'",67,14,15,"confidential: removed from data",2,1,1,,,22,6,2011,81
104,"confidential: replaced by 'CLID_anonymous'",67,15,16,"confidential: removed from data",1,1,1,,,22,6,2011,82
104,"confidential: replaced by 'CLID_anonymous'",67,16,17,"confidential: removed from data",1,1,1,,,22,6,2011,83
104,"confidential: replaced by 'CLID_anonymous'",67,17,18,"confidential: removed from data",1,1,1,,,22,6,2011,84
104,"confidential: replaced by 'CLID_anonymous'",67,18,19,"confidential: removed from data",2,1,1,,,22,6,2011,85
104,"confidential: replaced by 'CLID_anonymous'",67,19,21,"confidential: removed from data",2,1,1,,,22,6,2011,86
104,"confidential: replaced by 'CLID_anonymous'",67,20,22,"confidential: removed from data",1,1,1,,,22,6,2011,87
104,"confidential: replaced by 'CLID_anonymous'",67,21,23,"confidential: removed from data",2,1,1,,,22,6,2011,88
104,"confidential: replaced by 'CLID_anonymous'",67,22,25,"confidential: removed from data",1,1,1,,,22,6,2011,89
104,"confidential: replaced by 'CLID_anonymous'",40,1,1,"confidential: removed from data",1,1,1,,,27,6,2011,90
104,"confidential: replaced by 'CLID_anonymous'",40,2,2,"confidential: removed from data",1,2,,3,,,,,91
104,"confidential: replaced by 'CLID_anonymous'",40,3,3,"confidential: removed from data",2,1,1,,,4,6,2011,92
104,"confidential: replaced by 'CLID_anonymous'",40,4,4,"confidential: removed from data",1,1,1,,,4,6,2011,93
104,"confidential: replaced by 'CLID_anonymous'",40,5,5,"confidential: removed from data",1,1,1,,,4,6,2011,94
104,"confidential: replaced by 'CLID_anonymous'",40,6,6,"confidential: removed from data",1,1,1,,,4,6,2011,95
104,"confidential: replaced by 'CLID_anonymous'",40,7,7,"confidential: removed from data",2,1,1,,,4,6,2011,96
104,"confidential: replaced by 'CLID_anonymous'",40,8,8,"confidential: removed from data",1,2,,2,,,,,97
104,"confidential: replaced by 'CLID_anonymous'",40,9,9,"confidential: removed from data",2,1,1,,,4,6,2011,98
104,"confidential: replaced by 'CLID_anonymous'",40,10,10,"confidential: removed from data",2,1,1,,,4,6,2011,99
104,"confidential: replaced by 'CLID_anonymous'",40,11,11,"confidential: removed from data",1,1,1,,,4,6,2011,100
104,"confidential: replaced by 'CLID_anonymous'",40,12,12,"confidential: removed from data",1,1,1,,,4,6,2011,101
104,"confidential: replaced by 'CLID_anonymous'",40,13,13,"confidential: removed from data",1,1,1,,,4,6,2011,102
104,"confidential: replaced by 'CLID_anonymous'",40,14,14,"confidential: removed from data",2,1,1,,,4,6,2011,103
104,"confidential: replaced by 'CLID_anonymous'",40,15,15,"confidential: removed from data",1,1,2,,4,,,,104
104,"confidential: replaced by 'CLID_anonymous'",40,16,16,"confidential: removed from data",1,1,1,,,4,6,2011,105
104,"confidential: replaced by 'CLID_anonymous'",40,17,17,"confidential: removed from data",1,1,1,,,4,6,2011,106
104,"confidential: replaced by 'CLID_anonymous'",40,18,18,"confidential: removed from data",1,1,1,,,4,6,2011,107
104,"confidential: replaced by 'CLID_anonymous'",40,19,19,"confidential: removed from data",2,1,1,,,4,6,2011,108
104,"confidential: replaced by 'CLID_anonymous'",50,1,1,"confidential: removed from data",2,1,1,,,24,6,2011,109
104,"confidential: replaced by 'CLID_anonymous'",50,2,3,"confidential: removed from data",2,1,1,,,24,6,2011,110
104,"confidential: replaced by 'CLID_anonymous'",50,3,4,"confidential: removed from data",2,1,1,,,24,6,2011,111
104,"confidential: replaced by 'CLID_anonymous'",50,4,6,"confidential: removed from data",2,2,,1,,,,,112
104,"confidential: replaced by 'CLID_anonymous'",50,5,7,"confidential: removed from data",1,1,1,,,24,6,2011,113
104,"confidential: replaced by 'CLID_anonymous'",50,6,8,"confidential: removed from data",1,1,1,,,24,6,2011,114
104,"confidential: replaced by 'CLID_anonymous'",50,7,10,"confidential: removed from data",2,1,1,,,24,6,2011,115
104,"confidential: replaced by 'CLID_anonymous'",50,8,12,"confidential: removed from data",1,1,1,,,24,6,2011,116
104,"confidential: replaced by 'CLID_anonymous'",50,9,13,"confidential: removed from data",1,1,1,,,24,6,2011,117
104,"confidential: replaced by 'CLID_anonymous'",50,10,14,"confidential: removed from data",1,1,1,,,24,6,2011,118
104,"confidential: replaced by 'CLID_anonymous'",50,11,15,"confidential: removed from data",2,1,1,,,24,6,2011,119
104,"confidential: replaced by 'CLID_anonymous'",50,12,16,"confidential: removed from data",1,1,1,,,24,6,2011,120
104,"confidential: replaced by 'CLID_anonymous'",50,13,17,"confidential: removed from data",2,1,1,,,24,6,2011,121
104,"confidential: replaced by 'CLID_anonymous'",50,14,18,"confidential: removed from data",1,1,1,,,24,6,2011,122
104,"confidential: replaced by 'CLID_anonymous'",50,15,19,"confidential: removed from data",2,1,1,,,24,6,2011,123
104,"confidential: replaced by 'CLID_anonymous'",50,16,20,"confidential: removed from data",1,1,1,,,24,6,2011,124
104,"confidential: replaced by 'CLID_anonymous'",50,17,21,"confidential: removed from data",1,1,1,,,24,6,2011,125
104,"confidential: replaced by 'CLID_anonymous'",50,18,22,"confidential: removed from data",1,1,1,,,24,6,2011,126
104,"confidential: replaced by 'CLID_anonymous'",50,19,23,"confidential: removed from data",1,1,1,,,24,6,2011,127
104,"confidential: replaced by 'CLID_anonymous'",50,20,24,"confidential: removed from data",1,1,2,,2,,,,128
104,"confidential: replaced by 'CLID_anonymous'",50,21,25,"confidential: removed from data",1,1,1,,,24,6,2011,129
104,"confidential: replaced by 'CLID_anonymous'",50,22,27,"confidential: removed from data",2,1,1,,,24,6,2011,130
104,"confidential: replaced by 'CLID_anonymous'",6,1,1,"confidential: removed from data",2,1,1,,,23,6,2011,131
104,"confidential: replaced by 'CLID_anonymous'",6,2,2,"confidential: removed from data",1,1,1,,,23,6,2011,132
104,"confidential: replaced by 'CLID_anonymous'",6,3,3,"confidential: removed from data",2,2,,2,,,,,133
104,"confidential: replaced by 'CLID_anonymous'",6,4,4,"confidential: removed from data",2,1,1,,,23,6,2011,134
104,"confidential: replaced by 'CLID_anonymous'",6,5,5,"confidential: removed from data",2,1,1,,,23,6,2011,135
104,"confidential: replaced by 'CLID_anonymous'",6,6,6,"confidential: removed from data",1,1,1,,,23,6,2011,136
104,"confidential: replaced by 'CLID_anonymous'",6,7,8,"confidential: removed from data",1,1,1,,,23,6,2011,137
104,"confidential: replaced by 'CLID_anonymous'",6,8,9,"confidential: removed from data",2,1,1,,,23,6,2011,138
104,"confidential: replaced by 'CLID_anonymous'",6,9,10,"confidential: removed from data",1,1,1,,,23,6,2011,139
104,"confidential: replaced by 'CLID_anonymous'",6,10,11,"confidential: removed from data",1,1,1,,,23,6,2011,140
104,"confidential: replaced by 'CLID_anonymous'",6,11,12,"confidential: removed from data",2,1,1,,,23,6,2011,141
104,"confidential: replaced by 'CLID_anonymous'",6,12,13,"confidential: removed from data",1,1,2,,3,,,,142
104,"confidential: replaced by 'CLID_anonymous'",6,13,14,"confidential: removed from data",2,1,1,,,23,6,2011,143
104,"confidential: replaced by 'CLID_anonymous'",6,14,15,"confidential: removed from data",1,1,1,,,23,6,2011,144
104,"confidential: replaced by 'CLID_anonymous'",6,15,16,"confidential: removed from data",1,1,1,,,23,6,2011,145
104,"confidential: replaced by 'CLID_anonymous'",6,16,17,"confidential: removed from data",2,1,1,,,23,6,2011,146
104,"confidential: replaced by 'CLID_anonymous'",6,17,18,"confidential: removed from data",1,1,1,,,23,6,2011,147
104,"confidential: replaced by 'CLID_anonymous'",6,18,19,"confidential: removed from data",2,1,1,,,23,6,2011,148
104,"confidential: replaced by 'CLID_anonymous'",6,19,20,"confidential: removed from data",2,1,1,,,23,6,2011,149
104,"confidential: replaced by 'CLID_anonymous'",6,20,21,"confidential: removed from data",1,1,2,,4,,,,150
104,"confidential: replaced by 'CLID_anonymous'",82,1,1,"confidential: removed from data",2,1,1,,,24,6,2011,151
104,"confidential: replaced by 'CLID_anonymous'",82,2,2,"confidential: removed from data",1,1,1,,,24,6,2011,152
104,"confidential: replaced by 'CLID_anonymous'",82,3,3,"confidential: removed from data",2,1,1,,,24,6,2011,153
104,"confidential: replaced by 'CLID_anonymous'",82,4,4,"confidential: removed from data",2,1,1,,,24,6,2011,154
104,"confidential: replaced by 'CLID_anonymous'",82,5,5,"confidential: removed from data",1,1,1,,,24,6,2011,155
104,"confidential: replaced by 'CLID_anonymous'",82,6,6,"confidential: removed from data",2,1,1,,,24,6,2011,156
104,"confidential: replaced by 'CLID_anonymous'",82,7,7,"confidential: removed from data",1,1,1,,,24,6,2011,157
104,"confidential: replaced by 'CLID_anonymous'",82,8,8,"confidential: removed from data",1,1,1,,,24,6,2011,158
104,"confidential: replaced by 'CLID_anonymous'",82,9,9,"confidential: removed from data",1,1,1,,,24,6,2011,159
104,"confidential: replaced by 'CLID_anonymous'",82,10,10,"confidential: removed from data",1,1,1,,,24,6,2011,160
104,"confidential: replaced by 'CLID_anonymous'",82,11,11,"confidential: removed from data",1,1,1,,,24,6,2011,161
104,"confidential: replaced by 'CLID_anonymous'",82,12,12,"confidential: removed from data",1,1,1,,,24,6,2011,162
104,"confidential: replaced by 'CLID_anonymous'",82,13,13,"confidential: removed from data",1,1,1,,,24,6,2011,163
104,"confidential: replaced by 'CLID_anonymous'",82,14,14,"confidential: removed from data",1,1,1,,,24,6,2011,164
104,"confidential: replaced by 'CLID_anonymous'",82,15,15,"confidential: removed from data",2,1,1,,,24,6,2011,165
104,"confidential: replaced by 'CLID_anonymous'",82,16,16,"confidential: removed from data",2,1,1,,,24,6,2011,166
104,"confidential: replaced by 'CLID_anonymous'",82,17,17,"confidential: removed from data",2,1,1,,,24,6,2011,167
104,"confidential: replaced by 'CLID_anonymous'",82,18,18,"confidential: removed from data",1,1,1,,,24,6,2011,168
104,"confidential: replaced by 'CLID_anonymous'",82,19,19,"confidential: removed from data",2,1,1,,,24,6,2011,169
104,"confidential: replaced by 'CLID_anonymous'",82,20,20,"confidential: removed from data",1,1,1,,,24,6,2011,170
104,"confidential: replaced by 'CLID_anonymous'",82,21,21,"confidential: removed from data",1,1,1,,,24,6,2011,171
104,"confidential: replaced by 'CLID_anonymous'",82,22,22,"confidential: removed from data",2,1,1,,,24,6,2011,172
104,"confidential: replaced by 'CLID_anonymous'",70,1,1,"confidential: removed from data",2,1,1,,,24,6,2011,173
104,"confidential: replaced by 'CLID_anonymous'",70,2,2,"confidential: removed from data",1,1,1,,,24,6,2011,174
104,"confidential: replaced by 'CLID_anonymous'",70,3,3,"confidential: removed from data",1,1,1,,,24,6,2011,175
104,"confidential: replaced by 'CLID_anonymous'",70,4,4,"confidential: removed from data",1,1,1,,,24,6,2011,176
104,"confidential: replaced by 'CLID_anonymous'",70,5,5,"confidential: removed from data",2,1,1,,,24,6,2011,177
104,"confidential: replaced by 'CLID_anonymous'",70,6,6,"confidential: removed from data",1,1,1,,,24,6,2011,178
104,"confidential: replaced by 'CLID_anonymous'",70,7,7,"confidential: removed from data",1,1,2,,4,,,,179
104,"confidential: replaced by 'CLID_anonymous'",70,8,8,"confidential: removed from data",1,1,1,,,24,6,2011,180
104,"confidential: replaced by 'CLID_anonymous'",70,9,9,"confidential: removed from data",1,1,1,,,24,6,2011,181
104,"confidential: replaced by 'CLID_anonymous'",70,10,10,"confidential: removed from data",1,1,1,,,24,6,2011,182
104,"confidential: replaced by 'CLID_anonymous'",70,11,11,"confidential: removed from data",2,1,1,,,24,6,2011,183
104,"confidential: replaced by 'CLID_anonymous'",70,12,12,"confidential: removed from data",2,1,1,,,24,6,2011,184
104,"confidential: replaced by 'CLID_anonymous'",70,13,13,"confidential: removed from data",2,1,1,,,24,6,2011,185
104,"confidential: replaced by 'CLID_anonymous'",70,14,15,"confidential: removed from data",2,1,1,,,24,6,2011,186
104,"confidential: replaced by 'CLID_anonymous'",70,15,16,"confidential: removed from data",2,1,1,,,24,6,2011,187
104,"confidential: replaced by 'CLID_anonymous'",70,16,17,"confidential: removed from data",2,1,2,,4,,,,188
104,"confidential: replaced by 'CLID_anonymous'",70,17,18,"confidential: removed from data",1,1,1,,,24,6,2011,189
104,"confidential: replaced by 'CLID_anonymous'",70,18,19,"confidential: removed from data",1,1,1,,,24,6,2011,190
104,"confidential: replaced by 'CLID_anonymous'",70,19,20,"confidential: removed from data",2,1,1,,,24,6,2011,191
104,"confidential: replaced by 'CLID_anonymous'",70,20,21,"confidential: removed from data",1,1,1,,,24,6,2011,192
104,"confidential: replaced by 'CLID_anonymous'",70,21,22,"confidential: removed from data",1,1,1,,,24,6,2011,193
104,"confidential: replaced by 'CLID_anonymous'",70,22,27,"confidential: removed from data",1,1,1,,,24,6,2011,194
104,"confidential: replaced by 'CLID_anonymous'",27,1,1,"confidential: removed from data",1,1,1,,,26,6,2011,195
104,"confidential: replaced by 'CLID_anonymous'",27,2,2,"confidential: removed from data",1,1,1,,,26,6,2011,196
104,"confidential: replaced by 'CLID_anonymous'",27,3,3,"confidential: removed from data",1,1,1,,,26,6,2011,197
104,"confidential: replaced by 'CLID_anonymous'",27,4,4,"confidential: removed from data",2,1,1,,,26,6,2011,198
104,"confidential: replaced by 'CLID_anonymous'",27,5,5,"confidential: removed from data",2,1,1,,,26,6,2011,199
104,"confidential: replaced by 'CLID_anonymous'",27,6,7,"confidential: removed from data",2,1,1,,,26,6,2011,200
104,"confidential: replaced by 'CLID_anonymous'",27,7,8,"confidential: removed from data",1,1,1,,,26,6,2011,201
104,"confidential: replaced by 'CLID_anonymous'",27,8,9,"confidential: removed from data",2,1,2,,4,,,,202
104,"confidential: replaced by 'CLID_anonymous'",27,9,10,"confidential: removed from data",2,1,1,,,26,6,2011,203
104,"confidential: replaced by 'CLID_anonymous'",27,10,11,"confidential: removed from data",2,2,,1,,,,,204
104,"confidential: replaced by 'CLID_anonymous'",27,11,12,"confidential: removed from data",1,1,1,,,26,6,2011,205
104,"confidential: replaced by 'CLID_anonymous'",27,12,13,"confidential: removed from data",1,1,2,,4,,,,206
104,"confidential: replaced by 'CLID_anonymous'",27,13,14,"confidential: removed from data",1,1,1,,,26,6,2011,207
104,"confidential: replaced by 'CLID_anonymous'",27,14,15,"confidential: removed from data",1,1,1,,,26,6,2011,208
104,"confidential: replaced by 'CLID_anonymous'",27,15,16,"confidential: removed from data",2,2,,2,,,,,209
104,"confidential: replaced by 'CLID_anonymous'",27,16,17,"confidential: removed from data",1,1,1,,,26,6,2011,210
104,"confidential: replaced by 'CLID_anonymous'",27,17,18,"confidential: removed from data",2,1,1,,,26,6,2011,211
104,"confidential: replaced by 'CLID_anonymous'",27,18,19,"confidential: removed from data",2,1,1,,,26,6,2011,212
104,"confidential: replaced by 'CLID_anonymous'",27,19,20,"confidential: removed from data",2,1,1,,,26,6,2011,213
104,"confidential: replaced by 'CLID_anonymous'",27,20,21,"confidential: removed from data",2,1,2,,4,,,,214
104,"confidential: replaced by 'CLID_anonymous'",27,21,22,"confidential: removed from data",2,1,1,,,26,6,2011,215
104,"confidential: replaced by 'CLID_anonymous'",27,22,23,"confidential: removed from data",1,1,1,,,26,6,2011,216
104,"confidential: replaced by 'CLID_anonymous'",68,1,1,"confidential: removed from data",2,1,1,,,23,6,2011,217
104,"confidential: replaced by 'CLID_anonymous'",68,2,2,"confidential: removed from data",1,1,1,,,23,6,2011,218
104,"confidential: replaced by 'CLID_anonymous'",68,3,3,"confidential: removed from data",1,2,,1,,,,,219
104,"confidential: replaced by 'CLID_anonymous'",68,4,4,"confidential: removed from data",1,1,2,,4,,,,220
104,"confidential: replaced by 'CLID_anonymous'",68,5,5,"confidential: removed from data",1,1,1,,,23,6,2011,221
104,"confidential: replaced by 'CLID_anonymous'",68,6,6,"confidential: removed from data",2,1,1,,,23,6,2011,222
104,"confidential: replaced by 'CLID_anonymous'",68,7,7,"confidential: removed from data",2,1,1,,,23,6,2011,223
104,"confidential: replaced by 'CLID_anonymous'",68,8,8,"confidential: removed from data",2,1,1,,,23,6,2011,224
104,"confidential: replaced by 'CLID_anonymous'",68,9,9,"confidential: removed from data",1,1,1,,,23,6,2011,225
104,"confidential: replaced by 'CLID_anonymous'",68,10,10,"confidential: removed from data",2,1,1,,,23,6,2011,226
104,"confidential: replaced by 'CLID_anonymous'",68,11,11,"confidential: removed from data",1,1,1,,,23,6,2011,227
104,"confidential: replaced by 'CLID_anonymous'",68,12,12,"confidential: removed from data",2,1,1,,,23,6,2011,228
104,"confidential: replaced by 'CLID_anonymous'",68,13,13,"confidential: removed from data",2,1,1,,,23,6,2011,229
104,"confidential: replaced by 'CLID_anonymous'",68,14,15,"confidential: removed from data",1,1,1,,,23,6,2011,230
104,"confidential: replaced by 'CLID_anonymous'",68,15,16,"confidential: removed from data",1,1,2,,4,,,,231
104,"confidential: replaced by 'CLID_anonymous'",68,16,17,"confidential: removed from data",2,1,1,,,23,6,2011,232
104,"confidential: replaced by 'CLID_anonymous'",68,17,18,"confidential: removed from data",1,1,1,,,23,6,2011,233
104,"confidential: replaced by 'CLID_anonymous'",68,18,19,"confidential: removed from data",2,1,1,,,23,6,2011,234
104,"confidential: replaced by 'CLID_anonymous'",68,19,20,"confidential: removed from data",2,1,1,,,23,6,2011,235
104,"confidential: replaced by 'CLID_anonymous'",68,20,22,"confidential: removed from data",2,1,1,,,23,6,2011,236
601,"confidential: replaced by 'CLID_anonymous'",74,1,1,"confidential: removed from data",2,1,1,,,4,6,2011,237
601,"confidential: replaced by 'CLID_anonymous'",74,2,2,"confidential: removed from data",2,2,,2,,,,,238
601,"confidential: replaced by 'CLID_anonymous'",74,3,3,"confidential: removed from data",1,2,,1,,,,,239
601,"confidential: replaced by 'CLID_anonymous'",74,4,4,"confidential: removed from data",1,1,1,,,4,6,2011,240
601,"confidential: replaced by 'CLID_anonymous'",74,5,5,"confidential: removed from data",1,1,1,,,4,6,2011,241
601,"confidential: replaced by 'CLID_anonymous'",74,6,6,"confidential: removed from data",1,1,1,,,4,6,2011,242
601,"confidential: replaced by 'CLID_anonymous'",74,7,7,"confidential: removed from data",1,1,1,,,4,6,2011,243
601,"confidential: replaced by 'CLID_anonymous'",74,8,9,"confidential: removed from data",2,2,,2,,,,,244
601,"confidential: replaced by 'CLID_anonymous'",74,9,12,"confidential: removed from data",1,1,1,,,4,6,2011,245
601,"confidential: replaced by 'CLID_anonymous'",74,10,13,"confidential: removed from data",1,1,1,,,4,6,2011,246
601,"confidential: replaced by 'CLID_anonymous'",74,11,14,"confidential: removed from data",1,1,1,,,4,6,2011,247
601,"confidential: replaced by 'CLID_anonymous'",74,12,15,"confidential: removed from data",1,1,1,,,4,6,2011,248
601,"confidential: replaced by 'CLID_anonymous'",74,13,16,"confidential: removed from data",1,1,1,,,4,6,2011,249
601,"confidential: replaced by 'CLID_anonymous'",74,14,17,"confidential: removed from data",2,1,1,,,4,6,2011,250
601,"confidential: replaced by 'CLID_anonymous'",74,15,18,"confidential: removed from data",1,1,2,,2,,,,251
601,"confidential: replaced by 'CLID_anonymous'",74,16,19,"confidential: removed from data",2,1,1,,,4,6,2011,252
601,"confidential: replaced by 'CLID_anonymous'",74,17,20,"confidential: removed from data",2,1,1,,,4,6,2011,253
601,"confidential: replaced by 'CLID_anonymous'",74,18,21,"confidential: removed from data",2,1,1,,,4,6,2011,254
601,"confidential: replaced by 'CLID_anonymous'",74,19,22,"confidential: removed from data",1,1,1,,,4,6,2011,255
601,"confidential: replaced by 'CLID_anonymous'",74,20,23,"confidential: removed from data",1,1,1,,,4,6,2011,256
601,"confidential: replaced by 'CLID_anonymous'",74,21,24,"confidential: removed from data",1,1,1,,,4,6,2011,257
601,"confidential: replaced by 'CLID_anonymous'",74,22,26,"confidential: removed from data",1,1,1,,,4,6,2011,258
601,"confidential: replaced by 'CLID_anonymous'",21,1,1,"confidential: removed from data",2,1,1,,,4,6,2011,259
601,"confidential: replaced by 'CLID_anonymous'",21,2,2,"confidential: removed from data",2,1,1,,,4,6,2011,260
601,"confidential: replaced by 'CLID_anonymous'",21,3,4,"confidential: removed from data",2,1,1,,,4,6,2011,261
601,"confidential: replaced by 'CLID_anonymous'",21,4,5,"confidential: removed from data",1,1,1,,,4,6,2011,262
601,"confidential: replaced by 'CLID_anonymous'",21,5,6,"confidential: removed from data",1,1,1,,,4,6,2011,263
601,"confidential: replaced by 'CLID_anonymous'",21,6,7,"confidential: removed from data",1,1,1,,,4,6,2011,264
601,"confidential: replaced by 'CLID_anonymous'",21,7,8,"confidential: removed from data",1,1,1,,,4,6,2011,265
601,"confidential: replaced by 'CLID_anonymous'",21,8,9,"confidential: removed from data",2,1,1,,,4,6,2011,266
601,"confidential: replaced by 'CLID_anonymous'",21,9,10,"confidential: removed from data",1,1,1,,,4,6,2011,267
601,"confidential: replaced by 'CLID_anonymous'",21,10,11,"confidential: removed from data",2,1,1,,,4,6,2011,268
601,"confidential: replaced by 'CLID_anonymous'",21,11,12,"confidential: removed from data",2,1,1,,,4,6,2011,269
601,"confidential: replaced by 'CLID_anonymous'",21,12,13,"confidential: removed from data",1,1,1,,,4,6,2011,270
601,"confidential: replaced by 'CLID_anonymous'",21,13,14,"confidential: removed from data",1,1,1,,,4,6,2011,271
601,"confidential: replaced by 'CLID_anonymous'",21,14,15,"confidential: removed from data",2,1,1,,,4,6,2011,272
601,"confidential: replaced by 'CLID_anonymous'",21,15,16,"confidential: removed from data",2,1,1,,,4,6,2011,273
601,"confidential: replaced by 'CLID_anonymous'",21,16,17,"confidential: removed from data",1,1,1,,,4,6,2011,274
601,"confidential: replaced by 'CLID_anonymous'",21,17,18,"confidential: removed from data",1,1,1,,,4,6,2011,275
601,"confidential: replaced by 'CLID_anonymous'",21,18,19,"confidential: removed from data",2,1,1,,,4,6,2011,276
601,"confidential: replaced by 'CLID_anonymous'",21,19,20,"confidential: removed from data",1,1,1,,,4,6,2011,277
601,"confidential: replaced by 'CLID_anonymous'",21,20,21,"confidential: removed from data",1,2,,1,,,,,278
601,"confidential: replaced by 'CLID_anonymous'",21,21,22,"confidential: removed from data",1,1,1,,,4,6,2011,279
601,"confidential: replaced by 'CLID_anonymous'",21,22,23,"confidential: removed from data",1,1,1,,,4,6,2011,280
601,"confidential: replaced by 'CLID_anonymous'",53,1,1,"confidential: removed from data",2,1,1,,,22,6,2011,281
601,"confidential: replaced by 'CLID_anonymous'",53,2,2,"confidential: removed from data",1,1,1,,,22,6,2011,282
601,"confidential: replaced by 'CLID_anonymous'",53,3,4,"confidential: removed from data",2,1,1,,,22,6,2011,283
601,"confidential: replaced by 'CLID_anonymous'",53,4,5,"confidential: removed from data",1,1,1,,,22,6,2011,284
601,"confidential: replaced by 'CLID_anonymous'",53,5,6,"confidential: removed from data",1,1,1,,,22,6,2011,285
601,"confidential: replaced by 'CLID_anonymous'",53,6,7,"confidential: removed from data",1,1,1,,,22,6,2011,286
601,"confidential: replaced by 'CLID_anonymous'",53,7,8,"confidential: removed from data",1,1,1,,,22,6,2011,287
601,"confidential: replaced by 'CLID_anonymous'",53,8,9,"confidential: removed from data",1,1,1,,,22,6,2011,288
601,"confidential: replaced by 'CLID_anonymous'",53,9,11,"confidential: removed from data",2,1,1,,,22,6,2011,289
601,"confidential: replaced by 'CLID_anonymous'",53,10,12,"confidential: removed from data",2,1,1,,,22,6,2011,290
601,"confidential: replaced by 'CLID_anonymous'",53,11,13,"confidential: removed from data",2,1,1,,,22,6,2011,291
601,"confidential: replaced by 'CLID_anonymous'",53,12,15,"confidential: removed from data",1,1,1,,,22,6,2011,292
601,"confidential: replaced by 'CLID_anonymous'",53,13,16,"confidential: removed from data",1,1,1,,,22,6,2011,293
601,"confidential: replaced by 'CLID_anonymous'",53,14,17,"confidential: removed from data",1,1,1,,,22,6,2011,294
601,"confidential: replaced by 'CLID_anonymous'",53,15,18,"confidential: removed from data",2,1,1,,,22,6,2011,295
601,"confidential: replaced by 'CLID_anonymous'",53,16,19,"confidential: removed from data",2,1,2,,4,,,,296
601,"confidential: replaced by 'CLID_anonymous'",53,17,20,"confidential: removed from data",2,1,1,,,22,6,2011,297
601,"confidential: replaced by 'CLID_anonymous'",53,18,21,"confidential: removed from data",1,2,,2,,,,,298
601,"confidential: replaced by 'CLID_anonymous'",53,19,22,"confidential: removed from data",1,1,1,,,22,6,2011,299
601,"confidential: replaced by 'CLID_anonymous'",53,20,24,"confidential: removed from data",2,1,1,,,22,6,2011,300
601,"confidential: replaced by 'CLID_anonymous'",53,21,25,"confidential: removed from data",1,1,1,,,22,6,2011,301
601,"confidential: replaced by 'CLID_anonymous'",53,22,27,"confidential: removed from data",2,1,1,,,22,6,2011,302
601,"confidential: replaced by 'CLID_anonymous'",37,1,1,"confidential: removed from data",2,1,1,,,3,6,2011,303
601,"confidential: replaced by 'CLID_anonymous'",37,2,2,"confidential: removed from data",1,1,1,,,3,6,2011,304
601,"confidential: replaced by 'CLID_anonymous'",37,3,3,"confidential: removed from data",1,2,,1,,,,,305
601,"confidential: replaced by 'CLID_anonymous'",37,4,5,"confidential: removed from data",1,1,1,,,3,6,2011,306
601,"confidential: replaced by 'CLID_anonymous'",37,5,6,"confidential: removed from data",2,1,1,,,9,11,2010,307
601,"confidential: replaced by 'CLID_anonymous'",37,6,7,"confidential: removed from data",2,1,1,,,3,6,2011,308
601,"confidential: replaced by 'CLID_anonymous'",37,7,9,"confidential: removed from data",2,1,1,,,3,6,2011,309
601,"confidential: replaced by 'CLID_anonymous'",37,8,10,"confidential: removed from data",2,1,2,,2,,,,310
601,"confidential: replaced by 'CLID_anonymous'",37,9,11,"confidential: removed from data",2,1,1,,,3,6,2011,311
601,"confidential: replaced by 'CLID_anonymous'",37,10,12,"confidential: removed from data",2,1,1,,,3,6,2011,312
601,"confidential: replaced by 'CLID_anonymous'",37,11,13,"confidential: removed from data",1,1,1,,,3,6,2011,313
601,"confidential: replaced by 'CLID_anonymous'",37,12,14,"confidential: removed from data",2,1,1,,,3,6,2011,314
601,"confidential: replaced by 'CLID_anonymous'",37,13,15,"confidential: removed from data",2,1,1,,,3,6,2011,315
601,"confidential: replaced by 'CLID_anonymous'",37,14,16,"confidential: removed from data",2,1,1,,,3,6,2011,316
601,"confidential: replaced by 'CLID_anonymous'",37,15,17,"confidential: removed from data",1,1,1,,,3,6,2011,317
601,"confidential: replaced by 'CLID_anonymous'",37,16,18,"confidential: removed from data",1,1,1,,,3,6,2011,318
601,"confidential: replaced by 'CLID_anonymous'",37,17,19,"confidential: removed from data",2,1,1,,,3,6,2011,319
601,"confidential: replaced by 'CLID_anonymous'",37,18,20,"confidential: removed from data",2,1,1,,,3,6,2011,320
601,"confidential: replaced by 'CLID_anonymous'",37,19,21,"confidential: removed from data",2,1,1,,,3,6,2011,321
601,"confidential: replaced by 'CLID_anonymous'",37,20,22,"confidential: removed from data",2,1,1,,,4,2,2011,322
601,"confidential: replaced by 'CLID_anonymous'",37,21,26,"confidential: removed from data",1,1,1,,,3,6,2011,323
601,"confidential: replaced by 'CLID_anonymous'",37,22,27,"confidential: removed from data",2,1,1,,,3,6,2011,324
601,"confidential: replaced by 'CLID_anonymous'",61,1,1,"confidential: removed from data",2,1,1,,,3,6,2011,325
601,"confidential: replaced by 'CLID_anonymous'",61,2,2,"confidential: removed from data",1,1,1,,,3,6,2011,326
601,"confidential: replaced by 'CLID_anonymous'",61,3,3,"confidential: removed from data",2,1,1,,,3,6,2011,327
601,"confidential: replaced by 'CLID_anonymous'",61,4,4,"confidential: removed from data",1,1,1,,,3,6,2011,328
601,"confidential: replaced by 'CLID_anonymous'",61,5,5,"confidential: removed from data",1,2,,1,,,,,329
601,"confidential: replaced by 'CLID_anonymous'",61,6,6,"confidential: removed from data",1,1,1,,,3,6,2011,330
601,"confidential: replaced by 'CLID_anonymous'",61,7,7,"confidential: removed from data",2,1,1,,,3,6,2011,331
601,"confidential: replaced by 'CLID_anonymous'",61,8,8,"confidential: removed from data",1,1,1,,,3,6,2011,332
601,"confidential: replaced by 'CLID_anonymous'",61,9,9,"confidential: removed from data",2,1,2,,4,,,,333
601,"confidential: replaced by 'CLID_anonymous'",61,10,11,"confidential: removed from data",2,1,1,,,3,6,2011,334
601,"confidential: replaced by 'CLID_anonymous'",61,11,12,"confidential: removed from data",1,1,1,,,3,6,2011,335
601,"confidential: replaced by 'CLID_anonymous'",61,12,13,"confidential: removed from data",2,1,1,,,3,6,2011,336
601,"confidential: replaced by 'CLID_anonymous'",61,13,14,"confidential: removed from data",1,1,1,,,3,6,2011,337
601,"confidential: replaced by 'CLID_anonymous'",61,14,15,"confidential: removed from data",2,1,1,,,3,6,2011,338
601,"confidential: replaced by 'CLID_anonymous'",61,15,16,"confidential: removed from data",2,1,1,,,3,6,2011,339
601,"confidential: replaced by 'CLID_anonymous'",61,16,17,"confidential: removed from data",1,1,1,,,3,6,2011,340
601,"confidential: replaced by 'CLID_anonymous'",61,17,18,"confidential: removed from data",1,1,1,,,3,6,2011,341
601,"confidential: replaced by 'CLID_anonymous'",61,18,19,"confidential: removed from data",2,1,1,,,3,6,2011,342
601,"confidential: replaced by 'CLID_anonymous'",61,19,20,"confidential: removed from data",2,1,1,,,3,6,2011,343
601,"confidential: replaced by 'CLID_anonymous'",61,20,21,"confidential: removed from data",1,1,1,,,3,6,2011,344
601,"confidential: replaced by 'CLID_anonymous'",61,21,22,"confidential: removed from data",2,1,1,,,3,6,2011,345
601,"confidential: replaced by 'CLID_anonymous'",61,22,23,"confidential: removed from data",1,1,1,,,3,6,2011,346
601,"confidential: replaced by 'CLID_anonymous'",60,1,1,"confidential: removed from data",1,1,1,,,6,6,2011,347
601,"confidential: replaced by 'CLID_anonymous'",60,2,2,"confidential: removed from data",2,1,1,,,6,6,2011,348
601,"confidential: replaced by 'CLID_anonymous'",60,3,3,"confidential: removed from data",2,1,1,,,6,6,2011,349
601,"confidential: replaced by 'CLID_anonymous'",60,4,4,"confidential: removed from data",1,1,1,,,6,6,2011,350
601,"confidential: replaced by 'CLID_anonymous'",60,5,5,"confidential: removed from data",1,1,1,,,6,6,2011,351
601,"confidential: replaced by 'CLID_anonymous'",60,6,6,"confidential: removed from data",1,1,1,,,6,6,2011,352
601,"confidential: replaced by 'CLID_anonymous'",60,7,7,"confidential: removed from data",2,1,1,,,6,6,2011,353
601,"confidential: replaced by 'CLID_anonymous'",60,8,8,"confidential: removed from data",2,1,1,,,6,6,2011,354
601,"confidential: replaced by 'CLID_anonymous'",60,9,9,"confidential: removed from data",1,1,1,,,6,6,2011,355
601,"confidential: replaced by 'CLID_anonymous'",60,10,10,"confidential: removed from data",1,1,1,,,6,6,2011,356
601,"confidential: replaced by 'CLID_anonymous'",60,11,11,"confidential: removed from data",2,1,1,,,6,6,2011,357
601,"confidential: replaced by 'CLID_anonymous'",60,12,12,"confidential: removed from data",2,1,1,,,6,6,2011,358
601,"confidential: replaced by 'CLID_anonymous'",60,13,13,"confidential: removed from data",2,1,1,,,6,6,2011,359
601,"confidential: replaced by 'CLID_anonymous'",60,14,14,"confidential: removed from data",1,1,1,,,6,6,2011,360
601,"confidential: replaced by 'CLID_anonymous'",60,15,15,"confidential: removed from data",1,1,1,,,6,6,2011,361
601,"confidential: replaced by 'CLID_anonymous'",60,16,16,"confidential: removed from data",2,1,1,,,6,6,2011,362
601,"confidential: replaced by 'CLID_anonymous'",60,17,17,"confidential: removed from data",1,1,1,,,6,6,2011,363
601,"confidential: replaced by 'CLID_anonymous'",60,18,18,"confidential: removed from data",2,1,1,,,6,6,2011,364
601,"confidential: replaced by 'CLID_anonymous'",60,19,19,"confidential: removed from data",2,1,1,,,6,6,2011,365
601,"confidential: replaced by 'CLID_anonymous'",60,20,20,"confidential: removed from data",2,1,1,,,6,6,2011,366
601,"confidential: replaced by 'CLID_anonymous'",60,21,21,"confidential: removed from data",2,1,1,,,6,6,2011,367
601,"confidential: replaced by 'CLID_anonymous'",60,22,22,"confidential: removed from data",2,1,2,,4,,,,368
601,"confidential: replaced by 'CLID_anonymous'",60,23,26,"confidential: removed from data",2,1,1,,,6,6,2011,369
601,"confidential: replaced by 'CLID_anonymous'",7,1,1,"confidential: removed from data",2,1,1,,,6,6,2011,370
601,"confidential: replaced by 'CLID_anonymous'",7,2,2,"confidential: removed from data",2,1,2,,4,,,,371
601,"confidential: replaced by 'CLID_anonymous'",7,3,4,"confidential: removed from data",1,1,1,,,6,6,2011,372
601,"confidential: replaced by 'CLID_anonymous'",7,4,5,"confidential: removed from data",2,1,1,,,6,6,2011,373
601,"confidential: replaced by 'CLID_anonymous'",7,5,6,"confidential: removed from data",2,1,1,,,6,6,2011,374
601,"confidential: replaced by 'CLID_anonymous'",7,6,7,"confidential: removed from data",2,1,1,,,6,6,2011,375
601,"confidential: replaced by 'CLID_anonymous'",7,7,8,"confidential: removed from data",2,1,1,,,6,6,2011,376
601,"confidential: replaced by 'CLID_anonymous'",7,8,9,"confidential: removed from data",1,1,1,,,6,6,2011,377
601,"confidential: replaced by 'CLID_anonymous'",7,9,10,"confidential: removed from data",1,1,1,,,6,6,2011,378
601,"confidential: replaced by 'CLID_anonymous'",7,10,12,"confidential: removed from data",1,1,1,,,6,6,2011,379
601,"confidential: replaced by 'CLID_anonymous'",7,11,13,"confidential: removed from data",1,1,1,,,6,6,2011,380
601,"confidential: replaced by 'CLID_anonymous'",7,12,14,"confidential: removed from data",2,1,1,,,6,6,2011,381
601,"confidential: replaced by 'CLID_anonymous'",7,13,15,"confidential: removed from data",2,1,1,,,6,6,2011,382
601,"confidential: replaced by 'CLID_anonymous'",7,14,16,"confidential: removed from data",1,1,1,,,6,6,2011,383
601,"confidential: replaced by 'CLID_anonymous'",7,15,17,"confidential: removed from data",1,1,1,,,6,6,2011,384
601,"confidential: replaced by 'CLID_anonymous'",7,16,18,"confidential: removed from data",1,1,1,,,6,6,2011,385
601,"confidential: replaced by 'CLID_anonymous'",7,17,19,"confidential: removed from data",2,2,,1,,,,,386
601,"confidential: replaced by 'CLID_anonymous'",7,18,20,"confidential: removed from data",1,1,1,,,6,6,2011,387
601,"confidential: replaced by 'CLID_anonymous'",7,19,21,"confidential: removed from data",1,1,1,,,6,6,2011,388
601,"confidential: replaced by 'CLID_anonymous'",7,20,23,"confidential: removed from data",2,1,1,,,6,6,2011,389
601,"confidential: replaced by 'CLID_anonymous'",7,21,26,"confidential: removed from data",1,1,1,,,6,6,2011,390
601,"confidential: replaced by 'CLID_anonymous'",7,22,27,"confidential: removed from data",2,1,1,,,6,6,2011,391
601,"confidential: replaced by 'CLID_anonymous'",32,1,1,"confidential: removed from data",1,1,1,,,6,6,2011,392
601,"confidential: replaced by 'CLID_anonymous'",32,2,2,"confidential: removed from data",1,1,1,,,6,6,2011,393
601,"confidential: replaced by 'CLID_anonymous'",32,3,3,"confidential: removed from data",1,1,1,,,6,6,2011,394
601,"confidential: replaced by 'CLID_anonymous'",32,4,4,"confidential: removed from data",2,1,1,,,6,6,2011,395
601,"confidential: replaced by 'CLID_anonymous'",32,5,5,"confidential: removed from data",1,1,1,,,6,6,2011,396
601,"confidential: replaced by 'CLID_anonymous'",32,6,6,"confidential: removed from data",1,1,2,,4,,,,397
601,"confidential: replaced by 'CLID_anonymous'",32,7,7,"confidential: removed from data",1,1,1,,,6,6,2011,398
601,"confidential: replaced by 'CLID_anonymous'",32,8,8,"confidential: removed from data",1,1,1,,,6,6,2011,399
601,"confidential: replaced by 'CLID_anonymous'",32,9,9,"confidential: removed from data",2,1,1,,,6,6,2011,400
601,"confidential: replaced by 'CLID_anonymous'",32,10,11,"confidential: removed from data",2,2,,1,,,,,401
601,"confidential: replaced by 'CLID_anonymous'",32,11,12,"confidential: removed from data",2,1,1,,,6,6,2011,402
601,"confidential: replaced by 'CLID_anonymous'",32,12,13,"confidential: removed from data",2,1,2,,4,,,,403
601,"confidential: replaced by 'CLID_anonymous'",32,13,14,"confidential: removed from data",1,1,1,,,6,6,2011,404
601,"confidential: replaced by 'CLID_anonymous'",32,14,15,"confidential: removed from data",2,1,1,,,6,6,2011,405
601,"confidential: replaced by 'CLID_anonymous'",32,15,16,"confidential: removed from data",2,1,1,,,6,6,2011,406
601,"confidential: replaced by 'CLID_anonymous'",32,16,17,"confidential: removed from data",2,1,1,,,6,6,2011,407
601,"confidential: replaced by 'CLID_anonymous'",32,17,18,"confidential: removed from data",1,1,1,,,6,6,2011,408
601,"confidential: replaced by 'CLID_anonymous'",32,18,19,"confidential: removed from data",1,1,1,,,6,6,2011,409
601,"confidential: replaced by 'CLID_anonymous'",32,19,20,"confidential: removed from data",2,1,1,,,6,6,2011,410
601,"confidential: replaced by 'CLID_anonymous'",32,20,21,"confidential: removed from data",1,1,1,,,6,6,2011,411
601,"confidential: replaced by 'CLID_anonymous'",32,21,22,"confidential: removed from data",1,1,1,,,6,6,2011,412
601,"confidential: replaced by 'CLID_anonymous'",32,22,23,"confidential: removed from data",1,1,1,,,6,6,2011,413
601,"confidential: replaced by 'CLID_anonymous'",3,1,1,"confidential: removed from data",1,1,2,,3,,,,414
601,"confidential: replaced by 'CLID_anonymous'",3,2,2,"confidential: removed from data",1,1,1,,,5,6,2011,415
601,"confidential: replaced by 'CLID_anonymous'",3,3,3,"confidential: removed from data",1,1,1,,,5,6,2011,416
601,"confidential: replaced by 'CLID_anonymous'",3,4,4,"confidential: removed from data",1,1,1,,,5,6,2011,417
601,"confidential: replaced by 'CLID_anonymous'",3,5,5,"confidential: removed from data",1,1,1,,,5,6,2011,418
601,"confidential: replaced by 'CLID_anonymous'",3,6,6,"confidential: removed from data",1,1,1,,,5,6,2011,419
601,"confidential: replaced by 'CLID_anonymous'",3,7,7,"confidential: removed from data",1,1,1,,,5,6,2011,420
601,"confidential: replaced by 'CLID_anonymous'",3,8,8,"confidential: removed from data",1,1,1,,,5,6,2011,421
601,"confidential: replaced by 'CLID_anonymous'",3,9,9,"confidential: removed from data",1,1,1,,,5,6,2011,422
601,"confidential: replaced by 'CLID_anonymous'",3,10,10,"confidential: removed from data",1,1,1,,,5,6,2011,423
601,"confidential: replaced by 'CLID_anonymous'",3,11,11,"confidential: removed from data",1,1,1,,,5,6,2011,424
601,"confidential: replaced by 'CLID_anonymous'",3,12,12,"confidential: removed from data",1,1,1,,,5,6,2011,425
601,"confidential: replaced by 'CLID_anonymous'",3,13,13,"confidential: removed from data",1,1,1,,,5,6,2011,426
601,"confidential: replaced by 'CLID_anonymous'",3,14,14,"confidential: removed from data",2,1,1,,,5,6,2011,427
601,"confidential: replaced by 'CLID_anonymous'",3,15,15,"confidential: removed from data",1,1,1,,,5,6,2011,428
601,"confidential: replaced by 'CLID_anonymous'",3,16,16,"confidential: removed from data",1,1,1,,,5,6,2011,429
601,"confidential: replaced by 'CLID_anonymous'",3,17,17,"confidential: removed from data",1,1,1,,,5,6,2011,430
601,"confidential: replaced by 'CLID_anonymous'",3,18,18,"confidential: removed from data",1,1,1,,,5,6,2011,431
601,"confidential: replaced by 'CLID_anonymous'",3,19,19,"confidential: removed from data",1,1,1,,,5,6,2011,432
601,"confidential: replaced by 'CLID_anonymous'",3,20,20,"confidential: removed from data",1,1,1,,,5,6,2011,433
601,"confidential: replaced by 'CLID_anonymous'",3,21,21,"confidential: removed from data",1,1,1,,,5,6,2011,434
601,"confidential: replaced by 'CLID_anonymous'",3,22,22,"confidential: removed from data",1,1,1,,,5,6,2011,435
601,"confidential: replaced by 'CLID_anonymous'",20,1,1,"confidential: removed from data",1,1,1,,,5,6,2011,436
601,"confidential: replaced by 'CLID_anonymous'",20,2,2,"confidential: removed from data",1,1,1,,,5,6,2011,437
601,"confidential: replaced by 'CLID_anonymous'",20,3,3,"confidential: removed from data",1,1,1,,,5,6,2011,438
601,"confidential: replaced by 'CLID_anonymous'",20,4,4,"confidential: removed from data",1,1,1,,,5,6,2011,439
601,"confidential: replaced by 'CLID_anonymous'",20,5,5,"confidential: removed from data",1,1,1,,,5,6,2011,440
601,"confidential: replaced by 'CLID_anonymous'",20,6,6,"confidential: removed from data",1,1,1,,,5,6,2011,441
601,"confidential: replaced by 'CLID_anonymous'",20,7,7,"confidential: removed from data",1,1,1,,,5,6,2011,442
601,"confidential: replaced by 'CLID_anonymous'",20,8,8,"confidential: removed from data",1,1,1,,,5,6,2011,443
601,"confidential: replaced by 'CLID_anonymous'",20,9,9,"confidential: removed from data",1,1,1,,,5,6,2011,444
601,"confidential: replaced by 'CLID_anonymous'",20,10,10,"confidential: removed from data",2,1,1,,,5,6,2011,445
601,"confidential: replaced by 'CLID_anonymous'",20,11,11,"confidential: removed from data",2,1,1,,,5,6,2011,446
601,"confidential: replaced by 'CLID_anonymous'",20,12,12,"confidential: removed from data",1,1,1,,,5,6,2011,447
601,"confidential: replaced by 'CLID_anonymous'",20,13,13,"confidential: removed from data",1,1,1,,,5,6,2011,448
601,"confidential: replaced by 'CLID_anonymous'",20,14,14,"confidential: removed from data",1,1,1,,,5,6,2011,449
601,"confidential: replaced by 'CLID_anonymous'",20,15,15,"confidential: removed from data",2,1,1,,,5,6,2011,450
601,"confidential: replaced by 'CLID_anonymous'",20,16,16,"confidential: removed from data",2,1,1,,,5,6,2011,451
601,"confidential: replaced by 'CLID_anonymous'",20,17,17,"confidential: removed from data",2,1,1,,,5,6,2011,452
601,"confidential: replaced by 'CLID_anonymous'",20,18,18,"confidential: removed from data",2,1,1,,,5,6,2011,453
601,"confidential: replaced by 'CLID_anonymous'",20,19,19,"confidential: removed from data",1,1,1,,,5,6,2011,454
601,"confidential: replaced by 'CLID_anonymous'",20,20,20,"confidential: removed from data",1,1,1,,,5,6,2011,455
601,"confidential: replaced by 'CLID_anonymous'",20,21,21,"confidential: removed from data",2,1,1,,,5,6,2011,456
601,"confidential: replaced by 'CLID_anonymous'",20,22,22,"confidential: removed from data",2,1,1,,,5,6,2011,457
601,"confidential: replaced by 'CLID_anonymous'",55,1,1,"confidential: removed from data",2,1,1,,,4,6,2011,458
601,"confidential: replaced by 'CLID_anonymous'",55,2,2,"confidential: removed from data",2,1,1,,,4,6,2011,459
601,"confidential: replaced by 'CLID_anonymous'",55,3,3,"confidential: removed from data",1,1,2,,3,,,,460
601,"confidential: replaced by 'CLID_anonymous'",55,4,4,"confidential: removed from data",2,1,1,,,4,6,2011,461
601,"confidential: replaced by 'CLID_anonymous'",55,5,5,"confidential: removed from data",1,1,1,,,4,6,2011,462
601,"confidential: replaced by 'CLID_anonymous'",55,6,6,"confidential: removed from data",2,1,1,,,4,6,2011,463
601,"confidential: replaced by 'CLID_anonymous'",55,7,7,"confidential: removed from data",2,1,1,,,4,6,2011,464
601,"confidential: replaced by 'CLID_anonymous'",55,8,8,"confidential: removed from data",1,1,1,,,4,6,2011,465
601,"confidential: replaced by 'CLID_anonymous'",55,9,9,"confidential: removed from data",2,1,1,,,4,6,2011,466
601,"confidential: replaced by 'CLID_anonymous'",55,10,10,"confidential: removed from data",1,2,,1,,,,,467
601,"confidential: replaced by 'CLID_anonymous'",55,11,11,"confidential: removed from data",2,1,1,,,4,6,2011,468
601,"confidential: replaced by 'CLID_anonymous'",55,12,12,"confidential: removed from data",2,2,,1,,,,,469
601,"confidential: replaced by 'CLID_anonymous'",55,13,13,"confidential: removed from data",2,1,1,,,4,6,2011,470
601,"confidential: replaced by 'CLID_anonymous'",55,14,14,"confidential: removed from data",2,1,1,,,4,6,2011,471
601,"confidential: replaced by 'CLID_anonymous'",55,15,15,"confidential: removed from data",2,1,1,,,27,3,2011,472
601,"confidential: replaced by 'CLID_anonymous'",55,16,16,"confidential: removed from data",1,1,1,,,4,6,2011,473
601,"confidential: replaced by 'CLID_anonymous'",55,17,18,"confidential: removed from data",1,2,,2,,,,,474
601,"confidential: replaced by 'CLID_anonymous'",55,18,19,"confidential: removed from data",2,1,1,,,4,6,2011,475
601,"confidential: replaced by 'CLID_anonymous'",55,19,20,"confidential: removed from data",1,1,1,,,4,6,2011,476
601,"confidential: replaced by 'CLID_anonymous'",55,20,21,"confidential: removed from data",2,1,1,,,4,6,2011,477
601,"confidential: replaced by 'CLID_anonymous'",55,21,22,"confidential: removed from data",1,1,1,,,4,6,2011,478
601,"confidential: replaced by 'CLID_anonymous'",55,22,23,"confidential: removed from data",1,1,1,,,4,6,2011,479
601,"confidential: replaced by 'CLID_anonymous'",64,1,1,"confidential: removed from data",2,1,1,,,4,6,2011,480
601,"confidential: replaced by 'CLID_anonymous'",64,2,3,"confidential: removed from data",1,1,1,,,4,6,2011,481
601,"confidential: replaced by 'CLID_anonymous'",64,3,4,"confidential: removed from data",1,1,1,,,4,6,2011,482
601,"confidential: replaced by 'CLID_anonymous'",64,4,6,"confidential: removed from data",1,1,1,,,4,6,2011,483
601,"confidential: replaced by 'CLID_anonymous'",64,5,7,"confidential: removed from data",1,1,1,,,4,6,2011,484
601,"confidential: replaced by 'CLID_anonymous'",64,6,8,"confidential: removed from data",2,1,1,,,4,6,2011,485
601,"confidential: replaced by 'CLID_anonymous'",64,7,9,"confidential: removed from data",2,1,1,,,4,6,2011,486
601,"confidential: replaced by 'CLID_anonymous'",64,8,10,"confidential: removed from data",1,1,1,,,4,6,2011,487
601,"confidential: replaced by 'CLID_anonymous'",64,9,12,"confidential: removed from data",2,1,1,,,4,6,2011,488
601,"confidential: replaced by 'CLID_anonymous'",64,10,13,"confidential: removed from data",2,1,1,,,4,6,2011,489
601,"confidential: replaced by 'CLID_anonymous'",64,11,14,"confidential: removed from data",1,1,1,,,4,6,2011,490
601,"confidential: replaced by 'CLID_anonymous'",64,12,15,"confidential: removed from data",2,1,1,,,4,6,2011,491
601,"confidential: replaced by 'CLID_anonymous'",64,13,16,"confidential: removed from data",1,1,1,,,4,6,2011,492
601,"confidential: replaced by 'CLID_anonymous'",64,14,17,"confidential: removed from data",1,1,1,,,4,6,2011,493
601,"confidential: replaced by 'CLID_anonymous'",64,15,18,"confidential: removed from data",1,1,1,,,4,6,2011,494
601,"confidential: replaced by 'CLID_anonymous'",64,16,19,"confidential: removed from data",1,1,1,,,4,6,2011,495
601,"confidential: replaced by 'CLID_anonymous'",64,17,20,"confidential: removed from data",1,1,1,,,4,6,2011,496
601,"confidential: replaced by 'CLID_anonymous'",64,18,22,"confidential: removed from data",1,1,1,,,4,6,2011,497
601,"confidential: replaced by 'CLID_anonymous'",64,19,23,"confidential: removed from data",1,1,1,,,4,6,2011,498
601,"confidential: replaced by 'CLID_anonymous'",64,20,24,"confidential: removed from data",1,1,1,,,4,6,2011,499
601,"confidential: replaced by 'CLID_anonymous'",64,21,25,"confidential: removed from data",1,1,1,,,4,6,2011,500
601,"confidential: replaced by 'CLID_anonymous'",64,22,27,"confidential: removed from data",1,1,1,,,4,6,2011,501
601,"confidential: replaced by 'CLID_anonymous'",78,1,1,"confidential: removed from data",1,1,1,,,1,6,2011,502
601,"confidential: replaced by 'CLID_anonymous'",78,2,2,"confidential: removed from data",1,1,1,,,12,2,2011,503
601,"confidential: replaced by 'CLID_anonymous'",78,3,3,"confidential: removed from data",2,1,1,,,12,2,2011,504
601,"confidential: replaced by 'CLID_anonymous'",78,4,4,"confidential: removed from data",1,1,1,,,12,2,2011,505
601,"confidential: replaced by 'CLID_anonymous'",78,5,5,"confidential: removed from data",2,1,1,,,1,6,2011,506
601,"confidential: replaced by 'CLID_anonymous'",78,6,6,"confidential: removed from data",1,2,,2,,,,,507
601,"confidential: replaced by 'CLID_anonymous'",78,7,7,"confidential: removed from data",2,1,1,,,1,6,2011,508
601,"confidential: replaced by 'CLID_anonymous'",78,8,8,"confidential: removed from data",2,1,1,,,1,6,2011,509
601,"confidential: replaced by 'CLID_anonymous'",78,9,9,"confidential: removed from data",2,1,1,,,12,2,2011,510
601,"confidential: replaced by 'CLID_anonymous'",78,10,11,"confidential: removed from data",2,1,2,,4,,,,511
601,"confidential: replaced by 'CLID_anonymous'",78,11,12,"confidential: removed from data",2,1,1,,,12,2,2011,512
601,"confidential: replaced by 'CLID_anonymous'",78,12,13,"confidential: removed from data",1,1,1,,,1,6,2011,513
601,"confidential: replaced by 'CLID_anonymous'",78,13,14,"confidential: removed from data",1,1,1,,,12,2,2011,514
601,"confidential: replaced by 'CLID_anonymous'",78,14,15,"confidential: removed from data",1,1,1,,,12,2,2011,515
601,"confidential: replaced by 'CLID_anonymous'",78,15,16,"confidential: removed from data",1,1,1,,,1,6,2011,516
601,"confidential: replaced by 'CLID_anonymous'",78,16,17,"confidential: removed from data",2,2,,2,,,,,517
601,"confidential: replaced by 'CLID_anonymous'",78,17,18,"confidential: removed from data",2,1,1,,,12,2,2011,518
601,"confidential: replaced by 'CLID_anonymous'",78,18,19,"confidential: removed from data",1,1,1,,,12,2,2011,519
601,"confidential: replaced by 'CLID_anonymous'",78,19,20,"confidential: removed from data",2,1,1,,,12,2,2011,520
601,"confidential: replaced by 'CLID_anonymous'",78,20,21,"confidential: removed from data",1,1,1,,,1,6,2011,521
601,"confidential: replaced by 'CLID_anonymous'",78,21,23,"confidential: removed from data",1,1,1,,,1,6,2011,522
601,"confidential: replaced by 'CLID_anonymous'",78,22,24,"confidential: removed from data",2,1,1,,,12,2,2011,523
601,"confidential: replaced by 'CLID_anonymous'",2,1,1,"confidential: removed from data",1,1,1,,,3,6,2011,524
601,"confidential: replaced by 'CLID_anonymous'",2,2,2,"confidential: removed from data",1,2,,1,,,,,525
601,"confidential: replaced by 'CLID_anonymous'",2,3,3,"confidential: removed from data",1,2,,1,,,,,526
601,"confidential: replaced by 'CLID_anonymous'",2,4,4,"confidential: removed from data",1,1,1,,,3,6,2011,527
601,"confidential: replaced by 'CLID_anonymous'",2,5,5,"confidential: removed from data",1,1,1,,,3,6,2011,528
601,"confidential: replaced by 'CLID_anonymous'",2,6,6,"confidential: removed from data",1,1,1,,,3,6,2011,529
601,"confidential: replaced by 'CLID_anonymous'",2,7,7,"confidential: removed from data",1,1,1,,,3,6,2011,530
601,"confidential: replaced by 'CLID_anonymous'",2,8,8,"confidential: removed from data",2,1,1,,,3,6,2011,531
601,"confidential: replaced by 'CLID_anonymous'",2,9,9,"confidential: removed from data",1,1,1,,,3,6,2011,532
601,"confidential: replaced by 'CLID_anonymous'",2,10,10,"confidential: removed from data",1,1,1,,,3,6,2011,533
601,"confidential: replaced by 'CLID_anonymous'",2,11,11,"confidential: removed from data",1,1,1,,,3,6,2011,534
601,"confidential: replaced by 'CLID_anonymous'",2,12,12,"confidential: removed from data",1,1,1,,,3,6,2011,535
601,"confidential: replaced by 'CLID_anonymous'",2,13,13,"confidential: removed from data",1,1,1,,,3,6,2011,536
601,"confidential: replaced by 'CLID_anonymous'",2,14,14,"confidential: removed from data",1,1,1,,,3,6,2011,537
601,"confidential: replaced by 'CLID_anonymous'",2,15,15,"confidential: removed from data",1,1,1,,,3,6,2011,538
601,"confidential: replaced by 'CLID_anonymous'",2,16,16,"confidential: removed from data",1,1,1,,,3,6,2011,539
601,"confidential: replaced by 'CLID_anonymous'",2,17,17,"confidential: removed from data",1,1,1,,,3,6,2011,540
601,"confidential: replaced by 'CLID_anonymous'",2,18,18,"confidential: removed from data",2,1,1,,,3,6,2011,541
601,"confidential: replaced by 'CLID_anonymous'",2,19,19,"confidential: removed from data",1,1,1,,,3,6,2011,542
601,"confidential: replaced by 'CLID_anonymous'",2,20,20,"confidential: removed from data",2,1,1,,,3,6,2011,543
601,"confidential: replaced by 'CLID_anonymous'",2,21,21,"confidential: removed from data",1,1,1,,,3,6,2011,544
601,"confidential: replaced by 'CLID_anonymous'",2,22,22,"confidential: removed from data",1,2,,1,,,,,545
601,"confidential: replaced by 'CLID_anonymous'",51,1,1,"confidential: removed from data",1,1,1,,,5,6,2011,546
601,"confidential: replaced by 'CLID_anonymous'",51,2,2,"confidential: removed from data",1,1,1,,,5,6,2011,547
601,"confidential: replaced by 'CLID_anonymous'",51,3,3,"confidential: removed from data",1,1,1,,,5,6,2011,548
601,"confidential: replaced by 'CLID_anonymous'",51,4,4,"confidential: removed from data",1,1,1,,,5,6,2011,549
601,"confidential: replaced by 'CLID_anonymous'",51,5,5,"confidential: removed from data",2,2,,1,,,,,550
601,"confidential: replaced by 'CLID_anonymous'",51,6,6,"confidential: removed from data",1,1,2,,4,,,,551
601,"confidential: replaced by 'CLID_anonymous'",51,7,7,"confidential: removed from data",2,1,1,,,5,6,2011,552
601,"confidential: replaced by 'CLID_anonymous'",51,8,8,"confidential: removed from data",1,1,2,,4,,,,553
601,"confidential: replaced by 'CLID_anonymous'",51,9,11,"confidential: removed from data",2,2,,2,,,,,554
601,"confidential: replaced by 'CLID_anonymous'",51,10,12,"confidential: removed from data",1,1,1,,,5,6,2011,555
601,"confidential: replaced by 'CLID_anonymous'",51,11,13,"confidential: removed from data",2,1,1,,,5,6,2011,556
601,"confidential: replaced by 'CLID_anonymous'",51,12,14,"confidential: removed from data",2,1,1,,,5,6,2011,557
601,"confidential: replaced by 'CLID_anonymous'",51,13,15,"confidential: removed from data",1,1,1,,,5,6,2011,558
601,"confidential: replaced by 'CLID_anonymous'",51,14,16,"confidential: removed from data",2,1,1,,,5,6,2011,559
601,"confidential: replaced by 'CLID_anonymous'",51,15,17,"confidential: removed from data",2,1,1,,,5,6,2011,560
601,"confidential: replaced by 'CLID_anonymous'",51,16,18,"confidential: removed from data",2,1,2,,4,,,,561
601,"confidential: replaced by 'CLID_anonymous'",51,17,19,"confidential: removed from data",2,2,,1,,,,,562
601,"confidential: replaced by 'CLID_anonymous'",51,18,20,"confidential: removed from data",2,1,1,,,5,6,2011,563
601,"confidential: replaced by 'CLID_anonymous'",51,19,23,"confidential: removed from data",1,1,1,,,5,6,2011,564
601,"confidential: replaced by 'CLID_anonymous'",51,20,25,"confidential: removed from data",1,1,1,,,5,6,2011,565
601,"confidential: replaced by 'CLID_anonymous'",51,21,26,"confidential: removed from data",1,1,1,,,5,6,2011,566
601,"confidential: replaced by 'CLID_anonymous'",51,22,27,"confidential: removed from data",1,1,1,,,5,6,2011,567
601,"confidential: replaced by 'CLID_anonymous'",57,1,1,"confidential: removed from data",1,1,1,,,3,6,2011,568
601,"confidential: replaced by 'CLID_anonymous'",57,2,2,"confidential: removed from data",1,1,1,,,3,6,2011,569
601,"confidential: replaced by 'CLID_anonymous'",57,3,3,"confidential: removed from data",2,1,2,,4,,,,570
601,"confidential: replaced by 'CLID_anonymous'",57,4,4,"confidential: removed from data",1,1,1,,,3,6,2011,571
601,"confidential: replaced by 'CLID_anonymous'",57,5,6,"confidential: removed from data",1,1,1,,,3,6,2011,572
601,"confidential: replaced by 'CLID_anonymous'",57,6,7,"confidential: removed from data",1,1,1,,,3,6,2011,573
601,"confidential: replaced by 'CLID_anonymous'",57,7,8,"confidential: removed from data",2,1,1,,,3,6,2011,574
601,"confidential: replaced by 'CLID_anonymous'",57,8,9,"confidential: removed from data",2,1,2,,4,,,,575
601,"confidential: replaced by 'CLID_anonymous'",57,9,10,"confidential: removed from data",1,1,1,,,3,6,2011,576
601,"confidential: replaced by 'CLID_anonymous'",57,10,11,"confidential: removed from data",1,1,1,,,3,6,2011,577
601,"confidential: replaced by 'CLID_anonymous'",57,11,12,"confidential: removed from data",1,1,1,,,3,6,2011,578
601,"confidential: replaced by 'CLID_anonymous'",57,12,14,"confidential: removed from data",1,1,2,,4,,,,579
601,"confidential: replaced by 'CLID_anonymous'",57,13,15,"confidential: removed from data",1,1,1,,,3,6,2011,580
601,"confidential: replaced by 'CLID_anonymous'",57,14,16,"confidential: removed from data",2,1,1,,,3,6,2011,581
601,"confidential: replaced by 'CLID_anonymous'",57,15,17,"confidential: removed from data",1,1,1,,,3,6,2011,582
601,"confidential: replaced by 'CLID_anonymous'",57,16,18,"confidential: removed from data",1,2,,1,,,,,583
601,"confidential: replaced by 'CLID_anonymous'",57,17,19,"confidential: removed from data",1,1,1,,,3,6,2011,584
601,"confidential: replaced by 'CLID_anonymous'",57,18,21,"confidential: removed from data",2,1,1,,,3,6,2011,585
601,"confidential: replaced by 'CLID_anonymous'",57,19,22,"confidential: removed from data",1,1,1,,,3,6,2011,586
601,"confidential: replaced by 'CLID_anonymous'",57,20,23,"confidential: removed from data",2,1,1,,,3,6,2011,587
601,"confidential: replaced by 'CLID_anonymous'",57,21,25,"confidential: removed from data",1,1,1,,,3,6,2011,588
601,"confidential: replaced by 'CLID_anonymous'",57,22,27,"confidential: removed from data",1,1,1,,,3,6,2011,589
601,"confidential: replaced by 'CLID_anonymous'",59,1,1,"confidential: removed from data",2,1,1,,,6,4,2011,590
601,"confidential: replaced by 'CLID_anonymous'",59,2,2,"confidential: removed from data",1,1,1,,,6,4,2011,591
601,"confidential: replaced by 'CLID_anonymous'",59,3,3,"confidential: removed from data",1,1,1,,,6,4,2011,592
601,"confidential: replaced by 'CLID_anonymous'",59,4,4,"confidential: removed from data",2,1,1,,,6,4,2011,593
601,"confidential: replaced by 'CLID_anonymous'",59,5,5,"confidential: removed from data",1,1,1,,,6,4,2011,594
601,"confidential: replaced by 'CLID_anonymous'",59,6,6,"confidential: removed from data",2,1,1,,,6,4,2011,595
601,"confidential: replaced by 'CLID_anonymous'",59,7,7,"confidential: removed from data",1,1,1,,,6,4,2011,596
601,"confidential: replaced by 'CLID_anonymous'",59,8,8,"confidential: removed from data",1,1,1,,,6,4,2011,597
601,"confidential: replaced by 'CLID_anonymous'",59,9,9,"confidential: removed from data",1,1,1,,,6,4,2011,598
601,"confidential: replaced by 'CLID_anonymous'",59,10,10,"confidential: removed from data",2,1,1,,,6,4,2011,599
601,"confidential: replaced by 'CLID_anonymous'",59,11,11,"confidential: removed from data",2,1,1,,,6,4,2011,600
601,"confidential: replaced by 'CLID_anonymous'",59,12,12,"confidential: removed from data",2,1,1,,,6,4,2011,601
601,"confidential: replaced by 'CLID_anonymous'",59,13,13,"confidential: removed from data",1,1,1,,,6,4,2011,602
601,"confidential: replaced by 'CLID_anonymous'",59,14,14,"confidential: removed from data",1,1,1,,,6,4,2011,603
601,"confidential: replaced by 'CLID_anonymous'",59,15,15,"confidential: removed from data",1,1,1,,,6,4,2011,604
601,"confidential: replaced by 'CLID_anonymous'",59,16,16,"confidential: removed from data",1,1,1,,,6,4,2011,605
601,"confidential: replaced by 'CLID_anonymous'",59,17,17,"confidential: removed from data",1,1,1,,,6,4,2011,606
601,"confidential: replaced by 'CLID_anonymous'",59,18,18,"confidential: removed from data",1,1,1,,,6,4,2011,607
601,"confidential: replaced by 'CLID_anonymous'",59,19,20,"confidential: removed from data",1,1,1,,,6,4,2011,608
601,"confidential: replaced by 'CLID_anonymous'",59,20,21,"confidential: removed from data",1,1,1,,,6,4,2011,609
601,"confidential: replaced by 'CLID_anonymous'",59,21,22,"confidential: removed from data",1,1,1,,,6,4,2011,610
601,"confidential: replaced by 'CLID_anonymous'",59,22,23,"confidential: removed from data",1,1,1,,,6,4,2011,611
602,"confidential: replaced by 'CLID_anonymous'",35,1,21,"confidential: removed from data",2,1,1,,,3,6,2011,612
602,"confidential: replaced by 'CLID_anonymous'",35,2,19,"confidential: removed from data",2,1,1,,,3,6,2011,613
602,"confidential: replaced by 'CLID_anonymous'",35,3,11,"confidential: removed from data",1,1,2,,4,,,,614
602,"confidential: replaced by 'CLID_anonymous'",35,4,7,"confidential: removed from data",2,1,1,,,3,6,2011,615
602,"confidential: replaced by 'CLID_anonymous'",35,5,28,"confidential: removed from data",1,1,1,,,3,6,2011,616
602,"confidential: replaced by 'CLID_anonymous'",35,6,48,"confidential: removed from data",2,1,1,,,3,6,2011,617
602,"confidential: replaced by 'CLID_anonymous'",35,7,39,"confidential: removed from data",2,1,1,,,3,6,2011,618
602,"confidential: replaced by 'CLID_anonymous'",35,8,1,"confidential: removed from data",1,1,2,,3,,,,619
602,"confidential: replaced by 'CLID_anonymous'",35,9,36,"confidential: removed from data",1,2,,2,,,,,620
602,"confidential: replaced by 'CLID_anonymous'",35,10,32,"confidential: removed from data",1,2,,1,,,,,621
602,"confidential: replaced by 'CLID_anonymous'",35,11,46,"confidential: removed from data",1,1,1,,,3,6,2011,622
602,"confidential: replaced by 'CLID_anonymous'",35,12,35,"confidential: removed from data",1,1,1,,,3,6,2011,623
602,"confidential: replaced by 'CLID_anonymous'",35,13,15,"confidential: removed from data",1,1,1,,,3,6,2011,624
602,"confidential: replaced by 'CLID_anonymous'",35,14,8,"confidential: removed from data",1,1,1,,,3,6,2011,625
602,"confidential: replaced by 'CLID_anonymous'",35,15,44,"confidential: removed from data",1,1,1,,,3,6,2011,626
602,"confidential: replaced by 'CLID_anonymous'",35,16,16,"confidential: removed from data",1,1,1,,,3,5,2011,627
602,"confidential: replaced by 'CLID_anonymous'",35,17,26,"confidential: removed from data",1,1,1,,,3,6,2011,628
602,"confidential: replaced by 'CLID_anonymous'",35,18,47,"confidential: removed from data",1,1,1,,,3,6,2011,629
602,"confidential: replaced by 'CLID_anonymous'",35,19,27,"confidential: removed from data",1,1,1,,,3,6,2011,630
602,"confidential: replaced by 'CLID_anonymous'",35,20,3,"confidential: removed from data",1,1,1,,,3,6,2011,631
602,"confidential: replaced by 'CLID_anonymous'",35,21,6,"confidential: removed from data",1,1,1,,,3,6,2011,632
602,"confidential: replaced by 'CLID_anonymous'",35,22,42,"confidential: removed from data",2,1,1,,,3,6,2011,633
602,"confidential: replaced by 'CLID_anonymous'",47,1,12,"confidential: removed from data",1,1,1,,,27,5,2011,634
602,"confidential: replaced by 'CLID_anonymous'",47,2,13,"confidential: removed from data",2,1,1,,,27,5,2011,635
602,"confidential: replaced by 'CLID_anonymous'",47,3,37,"confidential: removed from data",1,1,1,,,27,5,2011,636
602,"confidential: replaced by 'CLID_anonymous'",47,4,44,"confidential: removed from data",2,1,1,,,27,5,2011,637
602,"confidential: replaced by 'CLID_anonymous'",47,5,47,"confidential: removed from data",2,1,1,,,27,5,2011,638
602,"confidential: replaced by 'CLID_anonymous'",47,6,50,"confidential: removed from data",1,1,2,,4,,,,639
602,"confidential: replaced by 'CLID_anonymous'",47,7,21,"confidential: removed from data",1,1,1,,,27,5,2011,640
602,"confidential: replaced by 'CLID_anonymous'",47,8,6,"confidential: removed from data",1,1,1,,,27,5,2011,641
602,"confidential: replaced by 'CLID_anonymous'",47,9,8,"confidential: removed from data",1,1,1,,,27,5,2011,642
602,"confidential: replaced by 'CLID_anonymous'",47,10,10,"confidential: removed from data",1,1,1,,,27,5,2011,643
602,"confidential: replaced by 'CLID_anonymous'",47,11,7,"confidential: removed from data",2,1,1,,,27,5,2011,644
602,"confidential: replaced by 'CLID_anonymous'",47,12,49,"confidential: removed from data",1,1,2,,3,,,,645
602,"confidential: replaced by 'CLID_anonymous'",47,13,19,"confidential: removed from data",1,1,1,,,27,5,2011,646
602,"confidential: replaced by 'CLID_anonymous'",47,14,39,"confidential: removed from data",1,1,1,,,27,5,2011,647
602,"confidential: replaced by 'CLID_anonymous'",47,15,46,"confidential: removed from data",2,1,1,,,27,5,2011,648
602,"confidential: replaced by 'CLID_anonymous'",47,16,18,"confidential: removed from data",2,1,1,,,27,5,2011,649
602,"confidential: replaced by 'CLID_anonymous'",47,17,17,"confidential: removed from data",2,1,1,,,27,5,2011,650
602,"confidential: replaced by 'CLID_anonymous'",47,18,29,"confidential: removed from data",1,1,1,,,27,5,2011,651
602,"confidential: replaced by 'CLID_anonymous'",47,19,34,"confidential: removed from data",1,1,2,,4,,,,652
602,"confidential: replaced by 'CLID_anonymous'",47,20,40,"confidential: removed from data",1,1,1,,,27,5,2011,653
602,"confidential: replaced by 'CLID_anonymous'",47,21,33,"confidential: removed from data",2,1,2,,2,,,,654
602,"confidential: replaced by 'CLID_anonymous'",47,22,15,"confidential: removed from data",2,1,1,,,27,5,2011,655
602,"confidential: replaced by 'CLID_anonymous'",10,1,17,"confidential: removed from data",1,1,1,,,4,5,2011,656
602,"confidential: replaced by 'CLID_anonymous'",10,2,29,"confidential: removed from data",1,1,1,,,4,5,2011,657
602,"confidential: replaced by 'CLID_anonymous'",10,3,16,"confidential: removed from data",2,1,1,,,4,5,2011,658
602,"confidential: replaced by 'CLID_anonymous'",10,4,3,"confidential: removed from data",1,1,1,,,4,5,2011,659
602,"confidential: replaced by 'CLID_anonymous'",10,5,40,"confidential: removed from data",2,1,1,,,4,5,2011,660
602,"confidential: replaced by 'CLID_anonymous'",10,6,9,"confidential: removed from data",2,1,1,,,4,5,2011,661
602,"confidential: replaced by 'CLID_anonymous'",10,7,19,"confidential: removed from data",1,1,1,,,4,5,2011,662
602,"confidential: replaced by 'CLID_anonymous'",10,8,39,"confidential: removed from data",1,1,1,,,4,5,2011,663
602,"confidential: replaced by 'CLID_anonymous'",10,9,26,"confidential: removed from data",1,1,1,,,4,5,2011,664
602,"confidential: replaced by 'CLID_anonymous'",10,10,27,"confidential: removed from data",1,1,1,,,4,5,2011,665
602,"confidential: replaced by 'CLID_anonymous'",10,11,23,"confidential: removed from data",1,1,1,,,4,5,2011,666
602,"confidential: replaced by 'CLID_anonymous'",10,12,42,"confidential: removed from data",1,1,1,,,4,5,2011,667
602,"confidential: replaced by 'CLID_anonymous'",10,13,8,"confidential: removed from data",1,1,1,,,4,5,2011,668
602,"confidential: replaced by 'CLID_anonymous'",10,14,24,"confidential: removed from data",1,1,1,,,4,5,2011,669
602,"confidential: replaced by 'CLID_anonymous'",10,15,38,"confidential: removed from data",1,1,1,,,4,5,2011,670
602,"confidential: replaced by 'CLID_anonymous'",10,16,1,"confidential: removed from data",1,1,1,,,4,5,2011,671
602,"confidential: replaced by 'CLID_anonymous'",10,17,4,"confidential: removed from data",1,1,1,,,4,5,2011,672
602,"confidential: replaced by 'CLID_anonymous'",10,18,47,"confidential: removed from data",1,1,1,,,4,5,2011,673
602,"confidential: replaced by 'CLID_anonymous'",10,19,14,"confidential: removed from data",1,1,1,,,4,5,2011,674
602,"confidential: replaced by 'CLID_anonymous'",10,20,30,"confidential: removed from data",1,1,1,,,4,5,2011,675
602,"confidential: replaced by 'CLID_anonymous'",10,21,45,"confidential: removed from data",2,1,1,,,4,5,2011,676
602,"confidential: replaced by 'CLID_anonymous'",10,22,10,"confidential: removed from data",2,1,1,,,4,5,2011,677
602,"confidential: replaced by 'CLID_anonymous'",81,1,12,"confidential: removed from data",1,1,1,,,21,5,2011,678
602,"confidential: replaced by 'CLID_anonymous'",81,2,29,"confidential: removed from data",1,1,1,,,21,5,2011,679
602,"confidential: replaced by 'CLID_anonymous'",81,3,11,"confidential: removed from data",1,1,1,,,21,5,2011,680
602,"confidential: replaced by 'CLID_anonymous'",81,4,6,"confidential: removed from data",1,1,1,,,21,5,2011,681
602,"confidential: replaced by 'CLID_anonymous'",81,5,7,"confidential: removed from data",2,1,1,,,21,5,2011,682
602,"confidential: replaced by 'CLID_anonymous'",81,6,33,"confidential: removed from data",2,1,1,,,21,5,2011,683
602,"confidential: replaced by 'CLID_anonymous'",81,7,22,"confidential: removed from data",1,1,1,,,21,5,2011,684
602,"confidential: replaced by 'CLID_anonymous'",81,8,15,"confidential: removed from data",2,1,1,,,21,5,2011,685
602,"confidential: replaced by 'CLID_anonymous'",81,9,4,"confidential: removed from data",1,1,1,,,21,5,2011,686
602,"confidential: replaced by 'CLID_anonymous'",81,10,36,"confidential: removed from data",1,1,1,,,21,5,2011,687
602,"confidential: replaced by 'CLID_anonymous'",81,11,8,"confidential: removed from data",1,1,1,,,21,5,2011,688
602,"confidential: replaced by 'CLID_anonymous'",81,12,23,"confidential: removed from data",2,1,1,,,21,5,2011,689
602,"confidential: replaced by 'CLID_anonymous'",81,13,1,"confidential: removed from data",1,1,1,,,21,5,2011,690
602,"confidential: replaced by 'CLID_anonymous'",81,14,19,"confidential: removed from data",1,1,1,,,21,5,2011,691
602,"confidential: replaced by 'CLID_anonymous'",81,15,13,"confidential: removed from data",1,1,1,,,21,5,2011,692
602,"confidential: replaced by 'CLID_anonymous'",81,16,3,"confidential: removed from data",1,1,1,,,21,5,2011,693
602,"confidential: replaced by 'CLID_anonymous'",81,17,18,"confidential: removed from data",1,1,1,,,21,5,2011,694
602,"confidential: replaced by 'CLID_anonymous'",81,18,27,"confidential: removed from data",2,1,1,,,21,5,2011,695
602,"confidential: replaced by 'CLID_anonymous'",81,19,21,"confidential: removed from data",1,1,1,,,21,5,2011,696
602,"confidential: replaced by 'CLID_anonymous'",81,20,9,"confidential: removed from data",2,1,1,,,21,5,2011,697
602,"confidential: replaced by 'CLID_anonymous'",81,21,17,"confidential: removed from data",1,1,1,,,21,5,2011,698
602,"confidential: replaced by 'CLID_anonymous'",81,22,26,"confidential: removed from data",1,1,1,,,21,5,2011,699
602,"confidential: replaced by 'CLID_anonymous'",29,1,35,"confidential: removed from data",1,1,2,,2,,,,700
602,"confidential: replaced by 'CLID_anonymous'",29,2,9,"confidential: removed from data",1,1,1,,,18,5,2011,701
602,"confidential: replaced by 'CLID_anonymous'",29,3,15,"confidential: removed from data",1,1,1,,,18,5,2011,702
602,"confidential: replaced by 'CLID_anonymous'",29,4,18,"confidential: removed from data",2,1,1,,,18,5,2011,703
602,"confidential: replaced by 'CLID_anonymous'",29,5,29,"confidential: removed from data",1,1,1,,,18,5,2011,704
602,"confidential: replaced by 'CLID_anonymous'",29,6,23,"confidential: removed from data",2,1,1,,,18,5,2011,705
602,"confidential: replaced by 'CLID_anonymous'",29,7,27,"confidential: removed from data",2,1,1,,,18,5,2011,706
602,"confidential: replaced by 'CLID_anonymous'",29,8,22,"confidential: removed from data",1,1,1,,,18,5,2011,707
602,"confidential: replaced by 'CLID_anonymous'",29,9,34,"confidential: removed from data",1,1,1,,,18,5,2011,708
602,"confidential: replaced by 'CLID_anonymous'",29,10,11,"confidential: removed from data",1,2,,2,,,,,709
602,"confidential: replaced by 'CLID_anonymous'",29,11,12,"confidential: removed from data",1,2,,1,,,,,710
602,"confidential: replaced by 'CLID_anonymous'",29,12,6,"confidential: removed from data",2,1,1,,,18,5,2011,711
602,"confidential: replaced by 'CLID_anonymous'",29,13,19,"confidential: removed from data",2,1,2,,4,,,,712
602,"confidential: replaced by 'CLID_anonymous'",29,14,17,"confidential: removed from data",1,1,1,,,18,5,2011,713
602,"confidential: replaced by 'CLID_anonymous'",29,15,1,"confidential: removed from data",2,1,1,,,18,5,2011,714
602,"confidential: replaced by 'CLID_anonymous'",29,16,3,"confidential: removed from data",1,1,2,,4,,,,715
602,"confidential: replaced by 'CLID_anonymous'",29,17,33,"confidential: removed from data",1,1,1,,,18,5,2011,716
602,"confidential: replaced by 'CLID_anonymous'",29,18,4,"confidential: removed from data",1,2,,1,,,,,717
602,"confidential: replaced by 'CLID_anonymous'",29,19,8,"confidential: removed from data",1,1,1,,,18,5,2011,718
602,"confidential: replaced by 'CLID_anonymous'",29,20,26,"confidential: removed from data",2,1,2,,4,,,,719
602,"confidential: replaced by 'CLID_anonymous'",45,1,1,"confidential: removed from data",2,1,1,,,20,5,2011,720
602,"confidential: replaced by 'CLID_anonymous'",45,2,2,"confidential: removed from data",1,1,2,,4,,,,721
602,"confidential: replaced by 'CLID_anonymous'",45,3,3,"confidential: removed from data",2,1,1,,,20,5,2011,722
602,"confidential: replaced by 'CLID_anonymous'",45,4,4,"confidential: removed from data",1,1,1,,,20,5,2011,723
602,"confidential: replaced by 'CLID_anonymous'",45,5,6,"confidential: removed from data",1,1,1,,,20,5,2011,724
602,"confidential: replaced by 'CLID_anonymous'",45,6,7,"confidential: removed from data",2,1,1,,,20,5,2011,725
602,"confidential: replaced by 'CLID_anonymous'",45,7,9,"confidential: removed from data",2,1,1,,,20,5,2011,726
602,"confidential: replaced by 'CLID_anonymous'",45,8,11,"confidential: removed from data",2,1,1,,,20,5,2011,727
602,"confidential: replaced by 'CLID_anonymous'",45,9,13,"confidential: removed from data",2,1,1,,,20,5,2011,728
602,"confidential: replaced by 'CLID_anonymous'",45,10,14,"confidential: removed from data",2,1,1,,,20,5,2011,729
602,"confidential: replaced by 'CLID_anonymous'",45,11,15,"confidential: removed from data",1,1,1,,,20,5,2011,730
602,"confidential: replaced by 'CLID_anonymous'",45,12,18,"confidential: removed from data",2,1,1,,,20,5,2011,731
602,"confidential: replaced by 'CLID_anonymous'",45,13,20,"confidential: removed from data",1,1,1,,,20,5,2011,732
602,"confidential: replaced by 'CLID_anonymous'",45,14,21,"confidential: removed from data",2,1,1,,,20,5,2011,733
602,"confidential: replaced by 'CLID_anonymous'",45,15,22,"confidential: removed from data",2,1,1,,,20,5,2011,734
602,"confidential: replaced by 'CLID_anonymous'",45,16,25,"confidential: removed from data",1,1,1,,,20,5,2011,735
602,"confidential: replaced by 'CLID_anonymous'",45,17,27,"confidential: removed from data",2,1,1,,,20,5,2011,736
602,"confidential: replaced by 'CLID_anonymous'",45,18,30,"confidential: removed from data",2,1,1,,,20,5,2011,737
602,"confidential: replaced by 'CLID_anonymous'",45,19,32,"confidential: removed from data",2,1,1,,,20,5,2011,738
602,"confidential: replaced by 'CLID_anonymous'",45,20,34,"confidential: removed from data",1,1,1,,,20,5,2011,739
602,"confidential: replaced by 'CLID_anonymous'",45,21,35,"confidential: removed from data",2,1,1,,,20,5,2011,740
602,"confidential: replaced by 'CLID_anonymous'",45,22,36,"confidential: removed from data",2,1,1,,,20,5,2011,741
602,"confidential: replaced by 'CLID_anonymous'",18,1,38,"confidential: removed from data",2,1,1,,,19,5,2011,742
602,"confidential: replaced by 'CLID_anonymous'",18,2,18,"confidential: removed from data",2,1,1,,,19,5,2011,743
602,"confidential: replaced by 'CLID_anonymous'",18,3,14,"confidential: removed from data",2,1,1,,,19,5,2011,744
602,"confidential: replaced by 'CLID_anonymous'",18,4,8,"confidential: removed from data",2,2,,1,,,,,745
602,"confidential: replaced by 'CLID_anonymous'",18,5,22,"confidential: removed from data",1,1,1,,,19,5,2011,746
602,"confidential: replaced by 'CLID_anonymous'",18,6,42,"confidential: removed from data",2,1,1,,,19,5,2011,747
602,"confidential: replaced by 'CLID_anonymous'",18,7,47,"confidential: removed from data",2,1,1,,,19,5,2011,748
602,"confidential: replaced by 'CLID_anonymous'",18,8,6,"confidential: removed from data",2,1,1,,,19,5,2011,749
602,"confidential: replaced by 'CLID_anonymous'",18,9,43,"confidential: removed from data",1,1,1,,,19,5,2011,750
602,"confidential: replaced by 'CLID_anonymous'",18,10,21,"confidential: removed from data",1,1,1,,,19,5,2011,751
602,"confidential: replaced by 'CLID_anonymous'",18,11,17,"confidential: removed from data",1,1,1,,,19,5,2011,752
602,"confidential: replaced by 'CLID_anonymous'",18,12,20,"confidential: removed from data",1,1,1,,,19,5,2011,753
602,"confidential: replaced by 'CLID_anonymous'",18,13,15,"confidential: removed from data",1,1,1,,,19,5,2011,754
602,"confidential: replaced by 'CLID_anonymous'",18,14,39,"confidential: removed from data",1,1,1,,,19,5,2011,755
602,"confidential: replaced by 'CLID_anonymous'",18,15,28,"confidential: removed from data",1,1,1,,,19,5,2011,756
602,"confidential: replaced by 'CLID_anonymous'",18,16,7,"confidential: removed from data",1,1,1,,,19,5,2011,757
602,"confidential: replaced by 'CLID_anonymous'",18,17,45,"confidential: removed from data",1,1,1,,,19,5,2011,758
602,"confidential: replaced by 'CLID_anonymous'",18,18,16,"confidential: removed from data",2,1,1,,,19,5,2011,759
602,"confidential: replaced by 'CLID_anonymous'",18,19,36,"confidential: removed from data",2,1,1,,,19,5,2011,760
602,"confidential: replaced by 'CLID_anonymous'",18,20,48,"confidential: removed from data",2,1,1,,,5,5,2011,761
602,"confidential: replaced by 'CLID_anonymous'",18,21,26,"confidential: removed from data",2,1,1,,,19,5,2011,762
602,"confidential: replaced by 'CLID_anonymous'",18,22,31,"confidential: removed from data",2,1,1,,,19,5,2011,763
602,"confidential: replaced by 'CLID_anonymous'",65,1,36,"confidential: removed from data",1,1,1,,,23,5,2011,764
602,"confidential: replaced by 'CLID_anonymous'",65,2,10,"confidential: removed from data",1,2,,1,,,,,765
602,"confidential: replaced by 'CLID_anonymous'",65,3,7,"confidential: removed from data",2,1,1,,,23,5,2011,766
602,"confidential: replaced by 'CLID_anonymous'",65,4,15,"confidential: removed from data",2,1,1,,,23,5,2011,767
602,"confidential: replaced by 'CLID_anonymous'",65,5,29,"confidential: removed from data",2,1,2,,4,,,,768
602,"confidential: replaced by 'CLID_anonymous'",65,6,37,"confidential: removed from data",2,1,1,,,23,5,2011,769
602,"confidential: replaced by 'CLID_anonymous'",65,7,5,"confidential: removed from data",2,1,1,,,23,5,2011,770
602,"confidential: replaced by 'CLID_anonymous'",65,8,19,"confidential: removed from data",2,1,1,,,23,5,2011,771
602,"confidential: replaced by 'CLID_anonymous'",65,9,34,"confidential: removed from data",1,1,1,,,23,5,2011,772
602,"confidential: replaced by 'CLID_anonymous'",65,10,16,"confidential: removed from data",1,1,1,,,23,5,2011,773
602,"confidential: replaced by 'CLID_anonymous'",65,11,12,"confidential: removed from data",1,1,1,,,23,5,2011,774
602,"confidential: replaced by 'CLID_anonymous'",65,12,25,"confidential: removed from data",2,1,1,,,23,5,2011,775
602,"confidential: replaced by 'CLID_anonymous'",65,13,6,"confidential: removed from data",1,1,1,,,23,5,2011,776
602,"confidential: replaced by 'CLID_anonymous'",65,14,22,"confidential: removed from data",1,1,1,,,23,5,2011,777
602,"confidential: replaced by 'CLID_anonymous'",65,15,48,"confidential: removed from data",1,1,2,,4,,,,778
602,"confidential: replaced by 'CLID_anonymous'",65,16,47,"confidential: removed from data",1,1,1,,,23,5,2011,779
602,"confidential: replaced by 'CLID_anonymous'",65,17,46,"confidential: removed from data",1,1,1,,,23,5,2011,780
602,"confidential: replaced by 'CLID_anonymous'",65,18,45,"confidential: removed from data",1,1,1,,,23,5,2011,781
602,"confidential: replaced by 'CLID_anonymous'",65,19,38,"confidential: removed from data",1,1,1,,,23,5,2011,782
602,"confidential: replaced by 'CLID_anonymous'",65,20,3,"confidential: removed from data",1,1,1,,,23,5,2011,783
602,"confidential: replaced by 'CLID_anonymous'",65,21,8,"confidential: removed from data",1,1,1,,,23,5,2011,784
602,"confidential: replaced by 'CLID_anonymous'",65,22,11,"confidential: removed from data",2,2,,2,,,,,785
602,"confidential: replaced by 'CLID_anonymous'",25,1,9,"confidential: removed from data",1,1,1,,,19,5,2011,786
602,"confidential: replaced by 'CLID_anonymous'",25,2,39,"confidential: removed from data",1,1,2,,4,,,,787
602,"confidential: replaced by 'CLID_anonymous'",25,3,16,"confidential: removed from data",2,1,1,,,19,5,2011,788
602,"confidential: replaced by 'CLID_anonymous'",25,4,14,"confidential: removed from data",2,1,1,,,19,5,2011,789
602,"confidential: replaced by 'CLID_anonymous'",25,5,20,"confidential: removed from data",2,1,1,,,19,5,2011,790
602,"confidential: replaced by 'CLID_anonymous'",25,6,21,"confidential: removed from data",1,1,2,,4,,,,791
602,"confidential: replaced by 'CLID_anonymous'",25,7,24,"confidential: removed from data",1,1,2,,4,,,,792
602,"confidential: replaced by 'CLID_anonymous'",25,8,15,"confidential: removed from data",1,1,1,,,19,5,2011,793
602,"confidential: replaced by 'CLID_anonymous'",25,9,36,"confidential: removed from data",1,1,2,,4,,,,794
602,"confidential: replaced by 'CLID_anonymous'",25,10,23,"confidential: removed from data",2,1,1,,,19,5,2011,795
602,"confidential: replaced by 'CLID_anonymous'",25,11,1,"confidential: removed from data",1,1,1,,,19,5,2011,796
602,"confidential: replaced by 'CLID_anonymous'",25,12,3,"confidential: removed from data",1,1,1,,,19,5,2011,797
602,"confidential: replaced by 'CLID_anonymous'",25,13,29,"confidential: removed from data",1,1,1,,,19,5,2011,798
602,"confidential: replaced by 'CLID_anonymous'",25,14,2,"confidential: removed from data",1,1,2,,4,,,,799
602,"confidential: replaced by 'CLID_anonymous'",25,15,4,"confidential: removed from data",2,1,1,,,19,5,2011,800
602,"confidential: replaced by 'CLID_anonymous'",25,16,19,"confidential: removed from data",2,1,1,,,19,5,2011,801
602,"confidential: replaced by 'CLID_anonymous'",25,17,31,"confidential: removed from data",1,1,1,,,19,5,2011,802
602,"confidential: replaced by 'CLID_anonymous'",25,18,32,"confidential: removed from data",1,1,2,,4,,,,803
602,"confidential: replaced by 'CLID_anonymous'",25,19,26,"confidential: removed from data",1,1,1,,,19,5,2011,804
602,"confidential: replaced by 'CLID_anonymous'",25,20,13,"confidential: removed from data",1,1,1,,,19,5,2011,805
602,"confidential: replaced by 'CLID_anonymous'",25,21,30,"confidential: removed from data",2,1,1,,,19,5,2011,806
602,"confidential: replaced by 'CLID_anonymous'",25,22,28,"confidential: removed from data",1,1,1,,,19,5,2011,807
602,"confidential: replaced by 'CLID_anonymous'",23,1,17,"confidential: removed from data",1,1,1,,,6,6,2011,808
602,"confidential: replaced by 'CLID_anonymous'",23,2,32,"confidential: removed from data",2,1,1,,,6,6,2011,809
602,"confidential: replaced by 'CLID_anonymous'",23,3,22,"confidential: removed from data",1,1,1,,,6,6,2011,810
602,"confidential: replaced by 'CLID_anonymous'",23,4,40,"confidential: removed from data",2,1,1,,,6,6,2011,811
602,"confidential: replaced by 'CLID_anonymous'",23,5,36,"confidential: removed from data",1,1,1,,,6,6,2011,812
602,"confidential: replaced by 'CLID_anonymous'",23,6,13,"confidential: removed from data",1,1,1,,,6,6,2011,813
602,"confidential: replaced by 'CLID_anonymous'",23,7,47,"confidential: removed from data",1,1,1,,,6,6,2011,814
602,"confidential: replaced by 'CLID_anonymous'",23,8,44,"confidential: removed from data",1,1,2,,99,,,,815
602,"confidential: replaced by 'CLID_anonymous'",23,9,2,"confidential: removed from data",1,1,1,,,6,6,2011,816
602,"confidential: replaced by 'CLID_anonymous'",23,10,23,"confidential: removed from data",2,1,1,,,6,6,2011,817
602,"confidential: replaced by 'CLID_anonymous'",23,11,19,"confidential: removed from data",2,1,1,,,6,6,2011,818
602,"confidential: replaced by 'CLID_anonymous'",23,12,4,"confidential: removed from data",1,1,1,,,6,6,2011,819
602,"confidential: replaced by 'CLID_anonymous'",23,13,18,"confidential: removed from data",1,1,1,,,6,6,2011,820
602,"confidential: replaced by 'CLID_anonymous'",23,14,24,"confidential: removed from data",1,1,1,,,6,6,2011,821
602,"confidential: replaced by 'CLID_anonymous'",23,15,26,"confidential: removed from data",1,1,1,,,6,6,2011,822
602,"confidential: replaced by 'CLID_anonymous'",23,16,49,"confidential: removed from data",2,1,1,,,6,6,2011,823
602,"confidential: replaced by 'CLID_anonymous'",23,17,34,"confidential: removed from data",2,1,1,,,6,6,2011,824
602,"confidential: replaced by 'CLID_anonymous'",23,18,46,"confidential: removed from data",2,1,1,,,6,6,2011,825
602,"confidential: replaced by 'CLID_anonymous'",23,19,42,"confidential: removed from data",2,1,1,,,6,6,2011,826
602,"confidential: replaced by 'CLID_anonymous'",23,20,31,"confidential: removed from data",2,1,1,,,6,6,2011,827
602,"confidential: replaced by 'CLID_anonymous'",23,21,14,"confidential: removed from data",2,1,1,,,6,6,2011,828
602,"confidential: replaced by 'CLID_anonymous'",23,22,21,"confidential: removed from data",2,1,1,,,6,6,2011,829
602,"confidential: replaced by 'CLID_anonymous'",31,1,47,"confidential: removed from data",2,1,1,,,19,5,2011,830
602,"confidential: replaced by 'CLID_anonymous'",31,2,42,"confidential: removed from data",2,1,1,,,19,5,2011,831
602,"confidential: replaced by 'CLID_anonymous'",31,3,10,"confidential: removed from data",2,1,2,,4,,,,832
602,"confidential: replaced by 'CLID_anonymous'",31,4,17,"confidential: removed from data",2,1,2,,4,,,,833
602,"confidential: replaced by 'CLID_anonymous'",31,5,45,"confidential: removed from data",2,1,1,,,19,5,2011,834
602,"confidential: replaced by 'CLID_anonymous'",31,6,29,"confidential: removed from data",1,1,1,,,19,5,2011,835
602,"confidential: replaced by 'CLID_anonymous'",31,7,11,"confidential: removed from data",1,1,1,,,19,5,2011,836
602,"confidential: replaced by 'CLID_anonymous'",31,8,2,"confidential: removed from data",1,1,1,,,19,5,2011,837
602,"confidential: replaced by 'CLID_anonymous'",31,9,34,"confidential: removed from data",1,1,1,,,19,5,2011,838
602,"confidential: replaced by 'CLID_anonymous'",31,10,43,"confidential: removed from data",1,1,1,,,19,5,2011,839
602,"confidential: replaced by 'CLID_anonymous'",31,11,38,"confidential: removed from data",2,1,1,,,19,5,2011,840
602,"confidential: replaced by 'CLID_anonymous'",31,12,22,"confidential: removed from data",1,1,1,,,19,5,2011,841
602,"confidential: replaced by 'CLID_anonymous'",31,13,41,"confidential: removed from data",1,1,1,,,19,5,2011,842
602,"confidential: replaced by 'CLID_anonymous'",31,14,7,"confidential: removed from data",1,1,1,,,19,5,2011,843
602,"confidential: replaced by 'CLID_anonymous'",31,15,32,"confidential: removed from data",1,1,1,,,19,5,2011,844
602,"confidential: replaced by 'CLID_anonymous'",31,16,28,"confidential: removed from data",1,1,1,,,19,5,2011,845
602,"confidential: replaced by 'CLID_anonymous'",31,17,3,"confidential: removed from data",1,1,1,,,19,5,2011,846
602,"confidential: replaced by 'CLID_anonymous'",31,18,16,"confidential: removed from data",1,1,1,,,19,5,2011,847
602,"confidential: replaced by 'CLID_anonymous'",31,19,26,"confidential: removed from data",1,1,1,,,19,5,2011,848
602,"confidential: replaced by 'CLID_anonymous'",31,20,50,"confidential: removed from data",2,1,1,,,19,5,2011,849
602,"confidential: replaced by 'CLID_anonymous'",31,21,19,"confidential: removed from data",2,1,1,,,19,5,2011,850
602,"confidential: replaced by 'CLID_anonymous'",31,22,5,"confidential: removed from data",2,1,2,,4,,,,851
602,"confidential: replaced by 'CLID_anonymous'",24,1,26,"confidential: removed from data",1,1,1,,,20,5,2011,852
602,"confidential: replaced by 'CLID_anonymous'",24,2,24,"confidential: removed from data",1,1,1,,,20,5,2011,853
602,"confidential: replaced by 'CLID_anonymous'",24,3,10,"confidential: removed from data",2,1,1,,,20,5,2011,854
602,"confidential: replaced by 'CLID_anonymous'",24,4,40,"confidential: removed from data",2,1,1,,,20,5,2011,855
602,"confidential: replaced by 'CLID_anonymous'",24,5,5,"confidential: removed from data",2,1,1,,,20,5,2011,856
602,"confidential: replaced by 'CLID_anonymous'",24,6,50,"confidential: removed from data",2,1,1,,,20,5,2011,857
602,"confidential: replaced by 'CLID_anonymous'",24,7,11,"confidential: removed from data",1,1,1,,,20,5,2011,858
602,"confidential: replaced by 'CLID_anonymous'",24,8,29,"confidential: removed from data",1,1,1,,,20,5,2011,859
602,"confidential: replaced by 'CLID_anonymous'",24,9,22,"confidential: removed from data",1,1,1,,,20,5,2011,860
602,"confidential: replaced by 'CLID_anonymous'",24,10,32,"confidential: removed from data",1,1,1,,,20,5,2011,861
602,"confidential: replaced by 'CLID_anonymous'",24,11,8,"confidential: removed from data",1,1,1,,,20,5,2011,862
602,"confidential: replaced by 'CLID_anonymous'",24,12,17,"confidential: removed from data",1,1,1,,,20,5,2011,863
602,"confidential: replaced by 'CLID_anonymous'",24,13,28,"confidential: removed from data",1,1,1,,,20,5,2011,864
602,"confidential: replaced by 'CLID_anonymous'",24,14,45,"confidential: removed from data",1,1,1,,,20,5,2011,865
602,"confidential: replaced by 'CLID_anonymous'",24,15,47,"confidential: removed from data",1,1,1,,,20,5,2011,866
602,"confidential: replaced by 'CLID_anonymous'",24,16,7,"confidential: removed from data",1,1,1,,,20,5,2011,867
602,"confidential: replaced by 'CLID_anonymous'",24,17,41,"confidential: removed from data",1,1,1,,,20,5,2011,868
602,"confidential: replaced by 'CLID_anonymous'",24,18,23,"confidential: removed from data",1,1,1,,,20,5,2011,869
602,"confidential: replaced by 'CLID_anonymous'",24,19,34,"confidential: removed from data",1,1,1,,,20,5,2011,870
602,"confidential: replaced by 'CLID_anonymous'",24,20,42,"confidential: removed from data",2,1,2,,2,,,,871
602,"confidential: replaced by 'CLID_anonymous'",24,21,19,"confidential: removed from data",2,1,1,,,20,5,2011,872
602,"confidential: replaced by 'CLID_anonymous'",24,22,12,"confidential: removed from data",2,1,1,,,20,5,2011,873
