"Sort","crops"
1,"Mahindi"
2,"Kahawa"
3,"Migomba"
4,"Korosho"
5,"Mihogo"
6,"Viazi vitamu"
7,"Viazi mviringo"
8,"Karanga"
9,"Mpunga"
10,"Ulezi"
11,"Mtama"
12,"Ngano"
13,"Maharage"
14,"Soya"
15,"dengu"
16,"Tumbaku"
17,"Pamba"
18,"Miwa"
19,"Kabichi"
20,"Bamia"
21,"Nyanya"
22,"Vitunguu"
23,"njegere"
24,"Limepumzishwa"
31,"Matunda mchanganyiko"
32,"Mboga nyingine"
33,"Mazao mengine ya mizizi"
34,"Mazao mengine jamii ya kunde"
35,"Chai"
36,"Miti ya kupandwa"
37,"Mazao ya malisho"
38,"Malisho"
39,"Alizeti"
77,"<none>"
99,"Nyingine (taja)"
