"CMC_DistID","CMC_CLID","CMC_CLID_anonymous","CMC_ID","CMC_Name","anonymous_data_ID"
104,"confidential: replaced by 'CMC_CLID_anonymous'",26,4,"confidential: removed from data",1
104,"confidential: replaced by 'CMC_CLID_anonymous'",26,12,"confidential: removed from data",2
104,"confidential: replaced by 'CMC_CLID_anonymous'",26,9,"confidential: removed from data",3
104,"confidential: replaced by 'CMC_CLID_anonymous'",26,7,"confidential: removed from data",4
104,"confidential: replaced by 'CMC_CLID_anonymous'",26,5,"confidential: removed from data",5
104,"confidential: replaced by 'CMC_CLID_anonymous'",26,2,"confidential: removed from data",6
104,"confidential: replaced by 'CMC_CLID_anonymous'",26,3,"confidential: removed from data",7
104,"confidential: replaced by 'CMC_CLID_anonymous'",26,10,"confidential: removed from data",8
104,"confidential: replaced by 'CMC_CLID_anonymous'",26,8,"confidential: removed from data",9
104,"confidential: replaced by 'CMC_CLID_anonymous'",26,6,"confidential: removed from data",10
104,"confidential: replaced by 'CMC_CLID_anonymous'",26,1,"confidential: removed from data",11
104,"confidential: replaced by 'CMC_CLID_anonymous'",26,11,"confidential: removed from data",12
104,"confidential: replaced by 'CMC_CLID_anonymous'",77,4,"confidential: removed from data",13
104,"confidential: replaced by 'CMC_CLID_anonymous'",77,8,"confidential: removed from data",14
104,"confidential: replaced by 'CMC_CLID_anonymous'",77,9,"confidential: removed from data",15
104,"confidential: replaced by 'CMC_CLID_anonymous'",77,2,"confidential: removed from data",16
104,"confidential: replaced by 'CMC_CLID_anonymous'",77,1,"confidential: removed from data",17
104,"confidential: replaced by 'CMC_CLID_anonymous'",77,7,"confidential: removed from data",18
104,"confidential: replaced by 'CMC_CLID_anonymous'",77,10,"confidential: removed from data",19
104,"confidential: replaced by 'CMC_CLID_anonymous'",77,3,"confidential: removed from data",20
104,"confidential: replaced by 'CMC_CLID_anonymous'",77,5,"confidential: removed from data",21
104,"confidential: replaced by 'CMC_CLID_anonymous'",77,6,"confidential: removed from data",22
104,"confidential: replaced by 'CMC_CLID_anonymous'",22,7,"confidential: removed from data",23
104,"confidential: replaced by 'CMC_CLID_anonymous'",22,4,"confidential: removed from data",24
104,"confidential: replaced by 'CMC_CLID_anonymous'",22,2,"confidential: removed from data",25
104,"confidential: replaced by 'CMC_CLID_anonymous'",22,10,"confidential: removed from data",26
104,"confidential: replaced by 'CMC_CLID_anonymous'",22,5,"confidential: removed from data",27
104,"confidential: replaced by 'CMC_CLID_anonymous'",22,9,"confidential: removed from data",28
104,"confidential: replaced by 'CMC_CLID_anonymous'",22,6,"confidential: removed from data",29
104,"confidential: replaced by 'CMC_CLID_anonymous'",22,8,"confidential: removed from data",30
104,"confidential: replaced by 'CMC_CLID_anonymous'",22,3,"confidential: removed from data",31
104,"confidential: replaced by 'CMC_CLID_anonymous'",22,1,"confidential: removed from data",32
104,"confidential: replaced by 'CMC_CLID_anonymous'",67,9,"confidential: removed from data",33
104,"confidential: replaced by 'CMC_CLID_anonymous'",67,2,"confidential: removed from data",34
104,"confidential: replaced by 'CMC_CLID_anonymous'",67,5,"confidential: removed from data",35
104,"confidential: replaced by 'CMC_CLID_anonymous'",67,4,"confidential: removed from data",36
104,"confidential: replaced by 'CMC_CLID_anonymous'",67,7,"confidential: removed from data",37
104,"confidential: replaced by 'CMC_CLID_anonymous'",67,3,"confidential: removed from data",38
104,"confidential: replaced by 'CMC_CLID_anonymous'",67,1,"confidential: removed from data",39
104,"confidential: replaced by 'CMC_CLID_anonymous'",67,8,"confidential: removed from data",40
104,"confidential: replaced by 'CMC_CLID_anonymous'",67,6,"confidential: removed from data",41
104,"confidential: replaced by 'CMC_CLID_anonymous'",67,10,"confidential: removed from data",42
104,"confidential: replaced by 'CMC_CLID_anonymous'",40,4,"confidential: removed from data",43
104,"confidential: replaced by 'CMC_CLID_anonymous'",40,5,"confidential: removed from data",44
104,"confidential: replaced by 'CMC_CLID_anonymous'",40,3,"confidential: removed from data",45
104,"confidential: replaced by 'CMC_CLID_anonymous'",40,2,"confidential: removed from data",46
104,"confidential: replaced by 'CMC_CLID_anonymous'",40,6,"confidential: removed from data",47
104,"confidential: replaced by 'CMC_CLID_anonymous'",40,12,"confidential: removed from data",48
104,"confidential: replaced by 'CMC_CLID_anonymous'",40,9,"confidential: removed from data",49
104,"confidential: replaced by 'CMC_CLID_anonymous'",40,8,"confidential: removed from data",50
104,"confidential: replaced by 'CMC_CLID_anonymous'",40,1,"confidential: removed from data",51
104,"confidential: replaced by 'CMC_CLID_anonymous'",40,11,"confidential: removed from data",52
104,"confidential: replaced by 'CMC_CLID_anonymous'",40,10,"confidential: removed from data",53
104,"confidential: replaced by 'CMC_CLID_anonymous'",40,7,"confidential: removed from data",54
104,"confidential: replaced by 'CMC_CLID_anonymous'",50,8,"confidential: removed from data",55
104,"confidential: replaced by 'CMC_CLID_anonymous'",50,6,"confidential: removed from data",56
104,"confidential: replaced by 'CMC_CLID_anonymous'",50,4,"confidential: removed from data",57
104,"confidential: replaced by 'CMC_CLID_anonymous'",50,1,"confidential: removed from data",58
104,"confidential: replaced by 'CMC_CLID_anonymous'",50,9,"confidential: removed from data",59
104,"confidential: replaced by 'CMC_CLID_anonymous'",50,5,"confidential: removed from data",60
104,"confidential: replaced by 'CMC_CLID_anonymous'",50,7,"confidential: removed from data",61
104,"confidential: replaced by 'CMC_CLID_anonymous'",50,10,"confidential: removed from data",62
104,"confidential: replaced by 'CMC_CLID_anonymous'",50,3,"confidential: removed from data",63
104,"confidential: replaced by 'CMC_CLID_anonymous'",50,2,"confidential: removed from data",64
104,"confidential: replaced by 'CMC_CLID_anonymous'",6,2,"confidential: removed from data",65
104,"confidential: replaced by 'CMC_CLID_anonymous'",6,5,"confidential: removed from data",66
104,"confidential: replaced by 'CMC_CLID_anonymous'",6,6,"confidential: removed from data",67
104,"confidential: replaced by 'CMC_CLID_anonymous'",6,1,"confidential: removed from data",68
104,"confidential: replaced by 'CMC_CLID_anonymous'",6,3,"confidential: removed from data",69
104,"confidential: replaced by 'CMC_CLID_anonymous'",6,10,"confidential: removed from data",70
104,"confidential: replaced by 'CMC_CLID_anonymous'",6,4,"confidential: removed from data",71
104,"confidential: replaced by 'CMC_CLID_anonymous'",6,7,"confidential: removed from data",72
104,"confidential: replaced by 'CMC_CLID_anonymous'",6,8,"confidential: removed from data",73
104,"confidential: replaced by 'CMC_CLID_anonymous'",6,9,"confidential: removed from data",74
104,"confidential: replaced by 'CMC_CLID_anonymous'",82,6,"confidential: removed from data",75
104,"confidential: replaced by 'CMC_CLID_anonymous'",82,9,"confidential: removed from data",76
104,"confidential: replaced by 'CMC_CLID_anonymous'",82,8,"confidential: removed from data",77
104,"confidential: replaced by 'CMC_CLID_anonymous'",82,4,"confidential: removed from data",78
104,"confidential: replaced by 'CMC_CLID_anonymous'",82,3,"confidential: removed from data",79
104,"confidential: replaced by 'CMC_CLID_anonymous'",82,1,"confidential: removed from data",80
104,"confidential: replaced by 'CMC_CLID_anonymous'",82,2,"confidential: removed from data",81
104,"confidential: replaced by 'CMC_CLID_anonymous'",82,5,"confidential: removed from data",82
104,"confidential: replaced by 'CMC_CLID_anonymous'",82,10,"confidential: removed from data",83
104,"confidential: replaced by 'CMC_CLID_anonymous'",82,7,"confidential: removed from data",84
104,"confidential: replaced by 'CMC_CLID_anonymous'",70,13,"confidential: removed from data",85
104,"confidential: replaced by 'CMC_CLID_anonymous'",70,9,"confidential: removed from data",86
104,"confidential: replaced by 'CMC_CLID_anonymous'",70,8,"confidential: removed from data",87
104,"confidential: replaced by 'CMC_CLID_anonymous'",70,1,"confidential: removed from data",88
104,"confidential: replaced by 'CMC_CLID_anonymous'",70,12,"confidential: removed from data",89
104,"confidential: replaced by 'CMC_CLID_anonymous'",70,2,"confidential: removed from data",90
104,"confidential: replaced by 'CMC_CLID_anonymous'",70,6,"confidential: removed from data",91
104,"confidential: replaced by 'CMC_CLID_anonymous'",70,11,"confidential: removed from data",92
104,"confidential: replaced by 'CMC_CLID_anonymous'",70,4,"confidential: removed from data",93
104,"confidential: replaced by 'CMC_CLID_anonymous'",70,14,"confidential: removed from data",94
104,"confidential: replaced by 'CMC_CLID_anonymous'",70,5,"confidential: removed from data",95
104,"confidential: replaced by 'CMC_CLID_anonymous'",70,3,"confidential: removed from data",96
104,"confidential: replaced by 'CMC_CLID_anonymous'",70,7,"confidential: removed from data",97
104,"confidential: replaced by 'CMC_CLID_anonymous'",70,10,"confidential: removed from data",98
104,"confidential: replaced by 'CMC_CLID_anonymous'",27,3,"confidential: removed from data",99
104,"confidential: replaced by 'CMC_CLID_anonymous'",27,4,"confidential: removed from data",100
104,"confidential: replaced by 'CMC_CLID_anonymous'",27,5,"confidential: removed from data",101
104,"confidential: replaced by 'CMC_CLID_anonymous'",27,7,"confidential: removed from data",102
104,"confidential: replaced by 'CMC_CLID_anonymous'",27,8,"confidential: removed from data",103
104,"confidential: replaced by 'CMC_CLID_anonymous'",27,1,"confidential: removed from data",104
104,"confidential: replaced by 'CMC_CLID_anonymous'",27,6,"confidential: removed from data",105
104,"confidential: replaced by 'CMC_CLID_anonymous'",27,9,"confidential: removed from data",106
104,"confidential: replaced by 'CMC_CLID_anonymous'",27,10,"confidential: removed from data",107
104,"confidential: replaced by 'CMC_CLID_anonymous'",27,2,"confidential: removed from data",108
104,"confidential: replaced by 'CMC_CLID_anonymous'",68,9,"confidential: removed from data",109
104,"confidential: replaced by 'CMC_CLID_anonymous'",68,6,"confidential: removed from data",110
104,"confidential: replaced by 'CMC_CLID_anonymous'",68,1,"confidential: removed from data",111
104,"confidential: replaced by 'CMC_CLID_anonymous'",68,3,"confidential: removed from data",112
104,"confidential: replaced by 'CMC_CLID_anonymous'",68,2,"confidential: removed from data",113
104,"confidential: replaced by 'CMC_CLID_anonymous'",68,10,"confidential: removed from data",114
104,"confidential: replaced by 'CMC_CLID_anonymous'",68,4,"confidential: removed from data",115
104,"confidential: replaced by 'CMC_CLID_anonymous'",68,8,"confidential: removed from data",116
104,"confidential: replaced by 'CMC_CLID_anonymous'",68,7,"confidential: removed from data",117
104,"confidential: replaced by 'CMC_CLID_anonymous'",68,5,"confidential: removed from data",118
601,"confidential: replaced by 'CMC_CLID_anonymous'",74,6,"confidential: removed from data",119
601,"confidential: replaced by 'CMC_CLID_anonymous'",74,4,"confidential: removed from data",120
601,"confidential: replaced by 'CMC_CLID_anonymous'",74,2,"confidential: removed from data",121
601,"confidential: replaced by 'CMC_CLID_anonymous'",74,3,"confidential: removed from data",122
601,"confidential: replaced by 'CMC_CLID_anonymous'",74,5,"confidential: removed from data",123
601,"confidential: replaced by 'CMC_CLID_anonymous'",74,1,"confidential: removed from data",124
601,"confidential: replaced by 'CMC_CLID_anonymous'",21,3,"confidential: removed from data",125
601,"confidential: replaced by 'CMC_CLID_anonymous'",21,5,"confidential: removed from data",126
601,"confidential: replaced by 'CMC_CLID_anonymous'",21,4,"confidential: removed from data",127
601,"confidential: replaced by 'CMC_CLID_anonymous'",21,9,"confidential: removed from data",128
601,"confidential: replaced by 'CMC_CLID_anonymous'",21,8,"confidential: removed from data",129
601,"confidential: replaced by 'CMC_CLID_anonymous'",21,6,"confidential: removed from data",130
601,"confidential: replaced by 'CMC_CLID_anonymous'",21,7,"confidential: removed from data",131
601,"confidential: replaced by 'CMC_CLID_anonymous'",21,2,"confidential: removed from data",132
601,"confidential: replaced by 'CMC_CLID_anonymous'",21,1,"confidential: removed from data",133
601,"confidential: replaced by 'CMC_CLID_anonymous'",53,3,"confidential: removed from data",134
601,"confidential: replaced by 'CMC_CLID_anonymous'",53,7,"confidential: removed from data",135
601,"confidential: replaced by 'CMC_CLID_anonymous'",53,1,"confidential: removed from data",136
601,"confidential: replaced by 'CMC_CLID_anonymous'",53,2,"confidential: removed from data",137
601,"confidential: replaced by 'CMC_CLID_anonymous'",53,9,"confidential: removed from data",138
601,"confidential: replaced by 'CMC_CLID_anonymous'",53,8,"confidential: removed from data",139
601,"confidential: replaced by 'CMC_CLID_anonymous'",53,4,"confidential: removed from data",140
601,"confidential: replaced by 'CMC_CLID_anonymous'",53,6,"confidential: removed from data",141
601,"confidential: replaced by 'CMC_CLID_anonymous'",53,10,"confidential: removed from data",142
601,"confidential: replaced by 'CMC_CLID_anonymous'",53,5,"confidential: removed from data",143
601,"confidential: replaced by 'CMC_CLID_anonymous'",37,6,"confidential: removed from data",144
601,"confidential: replaced by 'CMC_CLID_anonymous'",37,1,"confidential: removed from data",145
601,"confidential: replaced by 'CMC_CLID_anonymous'",37,5,"confidential: removed from data",146
601,"confidential: replaced by 'CMC_CLID_anonymous'",37,9,"confidential: removed from data",147
601,"confidential: replaced by 'CMC_CLID_anonymous'",37,2,"confidential: removed from data",148
601,"confidential: replaced by 'CMC_CLID_anonymous'",37,8,"confidential: removed from data",149
601,"confidential: replaced by 'CMC_CLID_anonymous'",37,4,"confidential: removed from data",150
601,"confidential: replaced by 'CMC_CLID_anonymous'",37,7,"confidential: removed from data",151
601,"confidential: replaced by 'CMC_CLID_anonymous'",37,10,"confidential: removed from data",152
601,"confidential: replaced by 'CMC_CLID_anonymous'",37,3,"confidential: removed from data",153
601,"confidential: replaced by 'CMC_CLID_anonymous'",61,4,"confidential: removed from data",154
601,"confidential: replaced by 'CMC_CLID_anonymous'",61,8,"confidential: removed from data",155
601,"confidential: replaced by 'CMC_CLID_anonymous'",61,1,"confidential: removed from data",156
601,"confidential: replaced by 'CMC_CLID_anonymous'",61,5,"confidential: removed from data",157
601,"confidential: replaced by 'CMC_CLID_anonymous'",61,9,"confidential: removed from data",158
601,"confidential: replaced by 'CMC_CLID_anonymous'",61,6,"confidential: removed from data",159
601,"confidential: replaced by 'CMC_CLID_anonymous'",61,3,"confidential: removed from data",160
601,"confidential: replaced by 'CMC_CLID_anonymous'",61,10,"confidential: removed from data",161
601,"confidential: replaced by 'CMC_CLID_anonymous'",61,2,"confidential: removed from data",162
601,"confidential: replaced by 'CMC_CLID_anonymous'",61,7,"confidential: removed from data",163
601,"confidential: replaced by 'CMC_CLID_anonymous'",60,3,"confidential: removed from data",164
601,"confidential: replaced by 'CMC_CLID_anonymous'",60,7,"confidential: removed from data",165
601,"confidential: replaced by 'CMC_CLID_anonymous'",60,2,"confidential: removed from data",166
601,"confidential: replaced by 'CMC_CLID_anonymous'",60,6,"confidential: removed from data",167
601,"confidential: replaced by 'CMC_CLID_anonymous'",60,8,"confidential: removed from data",168
601,"confidential: replaced by 'CMC_CLID_anonymous'",60,1,"confidential: removed from data",169
601,"confidential: replaced by 'CMC_CLID_anonymous'",60,5,"confidential: removed from data",170
601,"confidential: replaced by 'CMC_CLID_anonymous'",60,4,"confidential: removed from data",171
601,"confidential: replaced by 'CMC_CLID_anonymous'",7,8,"confidential: removed from data",172
601,"confidential: replaced by 'CMC_CLID_anonymous'",7,1,"confidential: removed from data",173
601,"confidential: replaced by 'CMC_CLID_anonymous'",7,7,"confidential: removed from data",174
601,"confidential: replaced by 'CMC_CLID_anonymous'",7,3,"confidential: removed from data",175
601,"confidential: replaced by 'CMC_CLID_anonymous'",7,9,"confidential: removed from data",176
601,"confidential: replaced by 'CMC_CLID_anonymous'",7,6,"confidential: removed from data",177
601,"confidential: replaced by 'CMC_CLID_anonymous'",7,10,"confidential: removed from data",178
601,"confidential: replaced by 'CMC_CLID_anonymous'",7,2,"confidential: removed from data",179
601,"confidential: replaced by 'CMC_CLID_anonymous'",7,5,"confidential: removed from data",180
601,"confidential: replaced by 'CMC_CLID_anonymous'",7,4,"confidential: removed from data",181
601,"confidential: replaced by 'CMC_CLID_anonymous'",32,9,"confidential: removed from data",182
601,"confidential: replaced by 'CMC_CLID_anonymous'",32,1,"confidential: removed from data",183
601,"confidential: replaced by 'CMC_CLID_anonymous'",32,5,"confidential: removed from data",184
601,"confidential: replaced by 'CMC_CLID_anonymous'",32,3,"confidential: removed from data",185
601,"confidential: replaced by 'CMC_CLID_anonymous'",32,8,"confidential: removed from data",186
601,"confidential: replaced by 'CMC_CLID_anonymous'",32,6,"confidential: removed from data",187
601,"confidential: replaced by 'CMC_CLID_anonymous'",32,2,"confidential: removed from data",188
601,"confidential: replaced by 'CMC_CLID_anonymous'",32,4,"confidential: removed from data",189
601,"confidential: replaced by 'CMC_CLID_anonymous'",32,7,"confidential: removed from data",190
601,"confidential: replaced by 'CMC_CLID_anonymous'",32,10,"confidential: removed from data",191
601,"confidential: replaced by 'CMC_CLID_anonymous'",3,1,"confidential: removed from data",192
601,"confidential: replaced by 'CMC_CLID_anonymous'",3,7,"confidential: removed from data",193
601,"confidential: replaced by 'CMC_CLID_anonymous'",3,8,"confidential: removed from data",194
601,"confidential: replaced by 'CMC_CLID_anonymous'",3,9,"confidential: removed from data",195
601,"confidential: replaced by 'CMC_CLID_anonymous'",3,10,"confidential: removed from data",196
601,"confidential: replaced by 'CMC_CLID_anonymous'",3,3,"confidential: removed from data",197
601,"confidential: replaced by 'CMC_CLID_anonymous'",3,6,"confidential: removed from data",198
601,"confidential: replaced by 'CMC_CLID_anonymous'",3,5,"confidential: removed from data",199
601,"confidential: replaced by 'CMC_CLID_anonymous'",3,4,"confidential: removed from data",200
601,"confidential: replaced by 'CMC_CLID_anonymous'",3,2,"confidential: removed from data",201
601,"confidential: replaced by 'CMC_CLID_anonymous'",20,4,"confidential: removed from data",202
601,"confidential: replaced by 'CMC_CLID_anonymous'",20,1,"confidential: removed from data",203
601,"confidential: replaced by 'CMC_CLID_anonymous'",20,8,"confidential: removed from data",204
601,"confidential: replaced by 'CMC_CLID_anonymous'",20,5,"confidential: removed from data",205
601,"confidential: replaced by 'CMC_CLID_anonymous'",20,3,"confidential: removed from data",206
601,"confidential: replaced by 'CMC_CLID_anonymous'",20,7,"confidential: removed from data",207
601,"confidential: replaced by 'CMC_CLID_anonymous'",20,2,"confidential: removed from data",208
601,"confidential: replaced by 'CMC_CLID_anonymous'",20,6,"confidential: removed from data",209
601,"confidential: replaced by 'CMC_CLID_anonymous'",20,9,"confidential: removed from data",210
601,"confidential: replaced by 'CMC_CLID_anonymous'",55,7,"confidential: removed from data",211
601,"confidential: replaced by 'CMC_CLID_anonymous'",55,4,"confidential: removed from data",212
601,"confidential: replaced by 'CMC_CLID_anonymous'",55,1,"confidential: removed from data",213
601,"confidential: replaced by 'CMC_CLID_anonymous'",55,3,"confidential: removed from data",214
601,"confidential: replaced by 'CMC_CLID_anonymous'",55,5,"confidential: removed from data",215
601,"confidential: replaced by 'CMC_CLID_anonymous'",55,2,"confidential: removed from data",216
601,"confidential: replaced by 'CMC_CLID_anonymous'",55,8,"confidential: removed from data",217
601,"confidential: replaced by 'CMC_CLID_anonymous'",55,6,"confidential: removed from data",218
601,"confidential: replaced by 'CMC_CLID_anonymous'",64,12,"confidential: removed from data",219
601,"confidential: replaced by 'CMC_CLID_anonymous'",64,11,"confidential: removed from data",220
601,"confidential: replaced by 'CMC_CLID_anonymous'",64,4,"confidential: removed from data",221
601,"confidential: replaced by 'CMC_CLID_anonymous'",64,5,"confidential: removed from data",222
601,"confidential: replaced by 'CMC_CLID_anonymous'",64,9,"confidential: removed from data",223
601,"confidential: replaced by 'CMC_CLID_anonymous'",64,8,"confidential: removed from data",224
601,"confidential: replaced by 'CMC_CLID_anonymous'",64,1,"confidential: removed from data",225
601,"confidential: replaced by 'CMC_CLID_anonymous'",64,3,"confidential: removed from data",226
601,"confidential: replaced by 'CMC_CLID_anonymous'",64,7,"confidential: removed from data",227
601,"confidential: replaced by 'CMC_CLID_anonymous'",64,2,"confidential: removed from data",228
601,"confidential: replaced by 'CMC_CLID_anonymous'",64,6,"confidential: removed from data",229
601,"confidential: replaced by 'CMC_CLID_anonymous'",64,10,"confidential: removed from data",230
601,"confidential: replaced by 'CMC_CLID_anonymous'",78,5,"confidential: removed from data",231
601,"confidential: replaced by 'CMC_CLID_anonymous'",78,9,"confidential: removed from data",232
601,"confidential: replaced by 'CMC_CLID_anonymous'",78,2,"confidential: removed from data",233
601,"confidential: replaced by 'CMC_CLID_anonymous'",78,10,"confidential: removed from data",234
601,"confidential: replaced by 'CMC_CLID_anonymous'",78,6,"confidential: removed from data",235
601,"confidential: replaced by 'CMC_CLID_anonymous'",78,4,"confidential: removed from data",236
601,"confidential: replaced by 'CMC_CLID_anonymous'",78,8,"confidential: removed from data",237
601,"confidential: replaced by 'CMC_CLID_anonymous'",78,3,"confidential: removed from data",238
601,"confidential: replaced by 'CMC_CLID_anonymous'",78,7,"confidential: removed from data",239
601,"confidential: replaced by 'CMC_CLID_anonymous'",78,1,"confidential: removed from data",240
601,"confidential: replaced by 'CMC_CLID_anonymous'",2,7,"confidential: removed from data",241
601,"confidential: replaced by 'CMC_CLID_anonymous'",2,1,"confidential: removed from data",242
601,"confidential: replaced by 'CMC_CLID_anonymous'",2,4,"confidential: removed from data",243
601,"confidential: replaced by 'CMC_CLID_anonymous'",2,10,"confidential: removed from data",244
601,"confidential: replaced by 'CMC_CLID_anonymous'",2,5,"confidential: removed from data",245
601,"confidential: replaced by 'CMC_CLID_anonymous'",2,8,"confidential: removed from data",246
601,"confidential: replaced by 'CMC_CLID_anonymous'",2,2,"confidential: removed from data",247
601,"confidential: replaced by 'CMC_CLID_anonymous'",2,3,"confidential: removed from data",248
601,"confidential: replaced by 'CMC_CLID_anonymous'",2,9,"confidential: removed from data",249
601,"confidential: replaced by 'CMC_CLID_anonymous'",2,6,"confidential: removed from data",250
601,"confidential: replaced by 'CMC_CLID_anonymous'",51,7,"confidential: removed from data",251
601,"confidential: replaced by 'CMC_CLID_anonymous'",51,5,"confidential: removed from data",252
601,"confidential: replaced by 'CMC_CLID_anonymous'",51,9,"confidential: removed from data",253
601,"confidential: replaced by 'CMC_CLID_anonymous'",51,6,"confidential: removed from data",254
601,"confidential: replaced by 'CMC_CLID_anonymous'",51,3,"confidential: removed from data",255
601,"confidential: replaced by 'CMC_CLID_anonymous'",51,8,"confidential: removed from data",256
601,"confidential: replaced by 'CMC_CLID_anonymous'",51,1,"confidential: removed from data",257
601,"confidential: replaced by 'CMC_CLID_anonymous'",51,10,"confidential: removed from data",258
601,"confidential: replaced by 'CMC_CLID_anonymous'",51,2,"confidential: removed from data",259
601,"confidential: replaced by 'CMC_CLID_anonymous'",51,4,"confidential: removed from data",260
601,"confidential: replaced by 'CMC_CLID_anonymous'",57,5,"confidential: removed from data",261
601,"confidential: replaced by 'CMC_CLID_anonymous'",57,1,"confidential: removed from data",262
601,"confidential: replaced by 'CMC_CLID_anonymous'",57,3,"confidential: removed from data",263
601,"confidential: replaced by 'CMC_CLID_anonymous'",57,7,"confidential: removed from data",264
601,"confidential: replaced by 'CMC_CLID_anonymous'",57,6,"confidential: removed from data",265
601,"confidential: replaced by 'CMC_CLID_anonymous'",57,2,"confidential: removed from data",266
601,"confidential: replaced by 'CMC_CLID_anonymous'",57,8,"confidential: removed from data",267
601,"confidential: replaced by 'CMC_CLID_anonymous'",57,9,"confidential: removed from data",268
601,"confidential: replaced by 'CMC_CLID_anonymous'",57,4,"confidential: removed from data",269
601,"confidential: replaced by 'CMC_CLID_anonymous'",59,2,"confidential: removed from data",270
601,"confidential: replaced by 'CMC_CLID_anonymous'",59,3,"confidential: removed from data",271
601,"confidential: replaced by 'CMC_CLID_anonymous'",59,5,"confidential: removed from data",272
601,"confidential: replaced by 'CMC_CLID_anonymous'",59,6,"confidential: removed from data",273
601,"confidential: replaced by 'CMC_CLID_anonymous'",59,4,"confidential: removed from data",274
601,"confidential: replaced by 'CMC_CLID_anonymous'",59,1,"confidential: removed from data",275
601,"confidential: replaced by 'CMC_CLID_anonymous'",59,9,"confidential: removed from data",276
601,"confidential: replaced by 'CMC_CLID_anonymous'",59,7,"confidential: removed from data",277
601,"confidential: replaced by 'CMC_CLID_anonymous'",59,8,"confidential: removed from data",278
602,"confidential: replaced by 'CMC_CLID_anonymous'",35,1,"confidential: removed from data",279
602,"confidential: replaced by 'CMC_CLID_anonymous'",35,7,"confidential: removed from data",280
602,"confidential: replaced by 'CMC_CLID_anonymous'",35,3,"confidential: removed from data",281
602,"confidential: replaced by 'CMC_CLID_anonymous'",35,9,"confidential: removed from data",282
602,"confidential: replaced by 'CMC_CLID_anonymous'",35,8,"confidential: removed from data",283
602,"confidential: replaced by 'CMC_CLID_anonymous'",35,2,"confidential: removed from data",284
602,"confidential: replaced by 'CMC_CLID_anonymous'",35,5,"confidential: removed from data",285
602,"confidential: replaced by 'CMC_CLID_anonymous'",35,6,"confidential: removed from data",286
602,"confidential: replaced by 'CMC_CLID_anonymous'",35,4,"confidential: removed from data",287
602,"confidential: replaced by 'CMC_CLID_anonymous'",47,2,"confidential: removed from data",288
602,"confidential: replaced by 'CMC_CLID_anonymous'",47,8,"confidential: removed from data",289
602,"confidential: replaced by 'CMC_CLID_anonymous'",47,7,"confidential: removed from data",290
602,"confidential: replaced by 'CMC_CLID_anonymous'",47,6,"confidential: removed from data",291
602,"confidential: replaced by 'CMC_CLID_anonymous'",47,10,"confidential: removed from data",292
602,"confidential: replaced by 'CMC_CLID_anonymous'",47,4,"confidential: removed from data",293
602,"confidential: replaced by 'CMC_CLID_anonymous'",47,9,"confidential: removed from data",294
602,"confidential: replaced by 'CMC_CLID_anonymous'",47,3,"confidential: removed from data",295
602,"confidential: replaced by 'CMC_CLID_anonymous'",47,5,"confidential: removed from data",296
602,"confidential: replaced by 'CMC_CLID_anonymous'",47,1,"confidential: removed from data",297
602,"confidential: replaced by 'CMC_CLID_anonymous'",10,9,"confidential: removed from data",298
602,"confidential: replaced by 'CMC_CLID_anonymous'",10,1,"confidential: removed from data",299
602,"confidential: replaced by 'CMC_CLID_anonymous'",10,6,"confidential: removed from data",300
602,"confidential: replaced by 'CMC_CLID_anonymous'",10,4,"confidential: removed from data",301
602,"confidential: replaced by 'CMC_CLID_anonymous'",10,5,"confidential: removed from data",302
602,"confidential: replaced by 'CMC_CLID_anonymous'",10,2,"confidential: removed from data",303
602,"confidential: replaced by 'CMC_CLID_anonymous'",10,7,"confidential: removed from data",304
602,"confidential: replaced by 'CMC_CLID_anonymous'",10,8,"confidential: removed from data",305
602,"confidential: replaced by 'CMC_CLID_anonymous'",10,10,"confidential: removed from data",306
602,"confidential: replaced by 'CMC_CLID_anonymous'",10,3,"confidential: removed from data",307
602,"confidential: replaced by 'CMC_CLID_anonymous'",81,5,"confidential: removed from data",308
602,"confidential: replaced by 'CMC_CLID_anonymous'",81,9,"confidential: removed from data",309
602,"confidential: replaced by 'CMC_CLID_anonymous'",81,1,"confidential: removed from data",310
602,"confidential: replaced by 'CMC_CLID_anonymous'",81,7,"confidential: removed from data",311
602,"confidential: replaced by 'CMC_CLID_anonymous'",81,2,"confidential: removed from data",312
602,"confidential: replaced by 'CMC_CLID_anonymous'",81,6,"confidential: removed from data",313
602,"confidential: replaced by 'CMC_CLID_anonymous'",81,8,"confidential: removed from data",314
602,"confidential: replaced by 'CMC_CLID_anonymous'",81,10,"confidential: removed from data",315
602,"confidential: replaced by 'CMC_CLID_anonymous'",81,4,"confidential: removed from data",316
602,"confidential: replaced by 'CMC_CLID_anonymous'",81,3,"confidential: removed from data",317
602,"confidential: replaced by 'CMC_CLID_anonymous'",29,2,"confidential: removed from data",318
602,"confidential: replaced by 'CMC_CLID_anonymous'",29,6,"confidential: removed from data",319
602,"confidential: replaced by 'CMC_CLID_anonymous'",29,8,"confidential: removed from data",320
602,"confidential: replaced by 'CMC_CLID_anonymous'",29,5,"confidential: removed from data",321
602,"confidential: replaced by 'CMC_CLID_anonymous'",29,3,"confidential: removed from data",322
602,"confidential: replaced by 'CMC_CLID_anonymous'",29,1,"confidential: removed from data",323
602,"confidential: replaced by 'CMC_CLID_anonymous'",29,7,"confidential: removed from data",324
602,"confidential: replaced by 'CMC_CLID_anonymous'",29,9,"confidential: removed from data",325
602,"confidential: replaced by 'CMC_CLID_anonymous'",29,4,"confidential: removed from data",326
602,"confidential: replaced by 'CMC_CLID_anonymous'",29,10,"confidential: removed from data",327
602,"confidential: replaced by 'CMC_CLID_anonymous'",45,4,"confidential: removed from data",328
602,"confidential: replaced by 'CMC_CLID_anonymous'",45,9,"confidential: removed from data",329
602,"confidential: replaced by 'CMC_CLID_anonymous'",45,1,"confidential: removed from data",330
602,"confidential: replaced by 'CMC_CLID_anonymous'",45,2,"confidential: removed from data",331
602,"confidential: replaced by 'CMC_CLID_anonymous'",45,7,"confidential: removed from data",332
602,"confidential: replaced by 'CMC_CLID_anonymous'",45,5,"confidential: removed from data",333
602,"confidential: replaced by 'CMC_CLID_anonymous'",45,6,"confidential: removed from data",334
602,"confidential: replaced by 'CMC_CLID_anonymous'",45,8,"confidential: removed from data",335
602,"confidential: replaced by 'CMC_CLID_anonymous'",45,3,"confidential: removed from data",336
602,"confidential: replaced by 'CMC_CLID_anonymous'",18,8,"confidential: removed from data",337
602,"confidential: replaced by 'CMC_CLID_anonymous'",18,5,"confidential: removed from data",338
602,"confidential: replaced by 'CMC_CLID_anonymous'",18,10,"confidential: removed from data",339
602,"confidential: replaced by 'CMC_CLID_anonymous'",18,1,"confidential: removed from data",340
602,"confidential: replaced by 'CMC_CLID_anonymous'",18,4,"confidential: removed from data",341
602,"confidential: replaced by 'CMC_CLID_anonymous'",18,6,"confidential: removed from data",342
602,"confidential: replaced by 'CMC_CLID_anonymous'",18,9,"confidential: removed from data",343
602,"confidential: replaced by 'CMC_CLID_anonymous'",18,7,"confidential: removed from data",344
602,"confidential: replaced by 'CMC_CLID_anonymous'",18,3,"confidential: removed from data",345
602,"confidential: replaced by 'CMC_CLID_anonymous'",18,2,"confidential: removed from data",346
602,"confidential: replaced by 'CMC_CLID_anonymous'",65,7,"confidential: removed from data",347
602,"confidential: replaced by 'CMC_CLID_anonymous'",65,8,"confidential: removed from data",348
602,"confidential: replaced by 'CMC_CLID_anonymous'",65,5,"confidential: removed from data",349
602,"confidential: replaced by 'CMC_CLID_anonymous'",65,2,"confidential: removed from data",350
602,"confidential: replaced by 'CMC_CLID_anonymous'",65,3,"confidential: removed from data",351
602,"confidential: replaced by 'CMC_CLID_anonymous'",65,9,"confidential: removed from data",352
602,"confidential: replaced by 'CMC_CLID_anonymous'",65,6,"confidential: removed from data",353
602,"confidential: replaced by 'CMC_CLID_anonymous'",65,4,"confidential: removed from data",354
602,"confidential: replaced by 'CMC_CLID_anonymous'",65,1,"confidential: removed from data",355
602,"confidential: replaced by 'CMC_CLID_anonymous'",25,2,"confidential: removed from data",356
602,"confidential: replaced by 'CMC_CLID_anonymous'",25,9,"confidential: removed from data",357
602,"confidential: replaced by 'CMC_CLID_anonymous'",25,4,"confidential: removed from data",358
602,"confidential: replaced by 'CMC_CLID_anonymous'",25,5,"confidential: removed from data",359
602,"confidential: replaced by 'CMC_CLID_anonymous'",25,1,"confidential: removed from data",360
602,"confidential: replaced by 'CMC_CLID_anonymous'",25,8,"confidential: removed from data",361
602,"confidential: replaced by 'CMC_CLID_anonymous'",25,3,"confidential: removed from data",362
602,"confidential: replaced by 'CMC_CLID_anonymous'",25,6,"confidential: removed from data",363
602,"confidential: replaced by 'CMC_CLID_anonymous'",25,7,"confidential: removed from data",364
602,"confidential: replaced by 'CMC_CLID_anonymous'",23,1,"confidential: removed from data",365
602,"confidential: replaced by 'CMC_CLID_anonymous'",23,4,"confidential: removed from data",366
602,"confidential: replaced by 'CMC_CLID_anonymous'",23,3,"confidential: removed from data",367
602,"confidential: replaced by 'CMC_CLID_anonymous'",23,8,"confidential: removed from data",368
602,"confidential: replaced by 'CMC_CLID_anonymous'",23,6,"confidential: removed from data",369
602,"confidential: replaced by 'CMC_CLID_anonymous'",23,9,"confidential: removed from data",370
602,"confidential: replaced by 'CMC_CLID_anonymous'",23,2,"confidential: removed from data",371
602,"confidential: replaced by 'CMC_CLID_anonymous'",23,5,"confidential: removed from data",372
602,"confidential: replaced by 'CMC_CLID_anonymous'",23,7,"confidential: removed from data",373
602,"confidential: replaced by 'CMC_CLID_anonymous'",23,10,"confidential: removed from data",374
602,"confidential: replaced by 'CMC_CLID_anonymous'",31,7,"confidential: removed from data",375
602,"confidential: replaced by 'CMC_CLID_anonymous'",31,1,"confidential: removed from data",376
602,"confidential: replaced by 'CMC_CLID_anonymous'",31,8,"confidential: removed from data",377
602,"confidential: replaced by 'CMC_CLID_anonymous'",31,2,"confidential: removed from data",378
602,"confidential: replaced by 'CMC_CLID_anonymous'",31,5,"confidential: removed from data",379
602,"confidential: replaced by 'CMC_CLID_anonymous'",31,9,"confidential: removed from data",380
602,"confidential: replaced by 'CMC_CLID_anonymous'",31,10,"confidential: removed from data",381
602,"confidential: replaced by 'CMC_CLID_anonymous'",31,3,"confidential: removed from data",382
602,"confidential: replaced by 'CMC_CLID_anonymous'",31,6,"confidential: removed from data",383
602,"confidential: replaced by 'CMC_CLID_anonymous'",31,4,"confidential: removed from data",384
602,"confidential: replaced by 'CMC_CLID_anonymous'",24,4,"confidential: removed from data",385
602,"confidential: replaced by 'CMC_CLID_anonymous'",24,8,"confidential: removed from data",386
602,"confidential: replaced by 'CMC_CLID_anonymous'",24,6,"confidential: removed from data",387
602,"confidential: replaced by 'CMC_CLID_anonymous'",24,9,"confidential: removed from data",388
602,"confidential: replaced by 'CMC_CLID_anonymous'",24,7,"confidential: removed from data",389
602,"confidential: replaced by 'CMC_CLID_anonymous'",24,2,"confidential: removed from data",390
602,"confidential: replaced by 'CMC_CLID_anonymous'",24,5,"confidential: removed from data",391
602,"confidential: replaced by 'CMC_CLID_anonymous'",24,3,"confidential: removed from data",392
602,"confidential: replaced by 'CMC_CLID_anonymous'",24,1,"confidential: removed from data",393
