"distid","CLID","CLID_anonymous","prevhhid","RefPayDate"
104,"confidential: replaced by 'CLID_anonymous'",26,3,"25-Jun-11"
104,"confidential: replaced by 'CLID_anonymous'",26,23,"25-Jun-11"
104,"confidential: replaced by 'CLID_anonymous'",26,20,"25-Jun-11"
104,"confidential: replaced by 'CLID_anonymous'",26,24,"25-Jun-11"
104,"confidential: replaced by 'CLID_anonymous'",26,15,"25-Jun-11"
104,"confidential: replaced by 'CLID_anonymous'",26,14,"25-Jun-11"
104,"confidential: replaced by 'CLID_anonymous'",26,6,"25-Jun-11"
104,"confidential: replaced by 'CLID_anonymous'",26,25,"25-Jun-11"
104,"confidential: replaced by 'CLID_anonymous'",26,16,"25-Jun-11"
104,"confidential: replaced by 'CLID_anonymous'",26,7,"25-Jun-11"
104,"confidential: replaced by 'CLID_anonymous'",26,4,"25-Jun-11"
104,"confidential: replaced by 'CLID_anonymous'",26,19,"25-Jun-11"
104,"confidential: replaced by 'CLID_anonymous'",26,10,"25-Jun-11"
104,"confidential: replaced by 'CLID_anonymous'",26,11,"25-Jun-11"
104,"confidential: replaced by 'CLID_anonymous'",26,17,"25-Jun-11"
104,"confidential: replaced by 'CLID_anonymous'",26,9,"NeverPaid"
104,"confidential: replaced by 'CLID_anonymous'",26,5,"25-Jun-11"
104,"confidential: replaced by 'CLID_anonymous'",26,21,"25-Jun-11"
104,"confidential: replaced by 'CLID_anonymous'",26,2,"25-Jun-11"
104,"confidential: replaced by 'CLID_anonymous'",26,13,"25-Jun-11"
104,"confidential: replaced by 'CLID_anonymous'",26,1,"25-Jun-11"
104,"confidential: replaced by 'CLID_anonymous'",26,12,"25-Jun-11"
104,"confidential: replaced by 'CLID_anonymous'",77,7,"24-Jun-11"
104,"confidential: replaced by 'CLID_anonymous'",77,18,"24-Jun-11"
104,"confidential: replaced by 'CLID_anonymous'",77,13,"24-Jun-11"
104,"confidential: replaced by 'CLID_anonymous'",77,8,"24-Jun-11"
104,"confidential: replaced by 'CLID_anonymous'",77,4,"NeverPaid"
104,"confidential: replaced by 'CLID_anonymous'",77,12,"24-Jun-11"
104,"confidential: replaced by 'CLID_anonymous'",77,17,"24-Jun-11"
104,"confidential: replaced by 'CLID_anonymous'",77,9,"24-Jun-11"
104,"confidential: replaced by 'CLID_anonymous'",77,15,"24-Jun-11"
104,"confidential: replaced by 'CLID_anonymous'",77,10,"24-Jun-11"
104,"confidential: replaced by 'CLID_anonymous'",77,22,"24-Jun-11"
104,"confidential: replaced by 'CLID_anonymous'",77,21,"24-Jun-11"
104,"confidential: replaced by 'CLID_anonymous'",77,16,"24-Jun-11"
104,"confidential: replaced by 'CLID_anonymous'",77,3,"24-Jun-11"
104,"confidential: replaced by 'CLID_anonymous'",77,14,"24-Jun-11"
104,"confidential: replaced by 'CLID_anonymous'",77,19,"24-Jun-11"
104,"confidential: replaced by 'CLID_anonymous'",77,1,"NeverPaid"
104,"confidential: replaced by 'CLID_anonymous'",77,24,"NeverPaid"
104,"confidential: replaced by 'CLID_anonymous'",77,20,"24-Jun-11"
104,"confidential: replaced by 'CLID_anonymous'",77,23,"24-Jun-11"
104,"confidential: replaced by 'CLID_anonymous'",77,2,"24-Jun-11"
104,"confidential: replaced by 'CLID_anonymous'",77,11,"NeverPaid"
104,"confidential: replaced by 'CLID_anonymous'",22,18,"04-Jun-11"
104,"confidential: replaced by 'CLID_anonymous'",22,4,"04-Jun-11"
104,"confidential: replaced by 'CLID_anonymous'",22,2,"04-Jun-11"
104,"confidential: replaced by 'CLID_anonymous'",22,3,"04-Jun-11"
104,"confidential: replaced by 'CLID_anonymous'",22,6,"04-Jun-11"
104,"confidential: replaced by 'CLID_anonymous'",22,23,"04-Jun-11"
104,"confidential: replaced by 'CLID_anonymous'",22,14,"04-Jun-11"
104,"confidential: replaced by 'CLID_anonymous'",22,7,"04-Jun-11"
104,"confidential: replaced by 'CLID_anonymous'",22,15,"NeverPaid"
104,"confidential: replaced by 'CLID_anonymous'",22,16,"NeverPaid"
104,"confidential: replaced by 'CLID_anonymous'",22,13,"04-Jun-11"
104,"confidential: replaced by 'CLID_anonymous'",22,25,"04-Jun-11"
104,"confidential: replaced by 'CLID_anonymous'",22,5,"04-Jun-11"
104,"confidential: replaced by 'CLID_anonymous'",22,21,"04-Jun-11"
104,"confidential: replaced by 'CLID_anonymous'",22,22,"04-Jun-11"
104,"confidential: replaced by 'CLID_anonymous'",22,12,"04-Jun-11"
104,"confidential: replaced by 'CLID_anonymous'",22,19,"04-Jun-11"
104,"confidential: replaced by 'CLID_anonymous'",22,26,"04-Jun-11"
104,"confidential: replaced by 'CLID_anonymous'",22,24,"04-Jun-11"
104,"confidential: replaced by 'CLID_anonymous'",22,9,"04-Jun-11"
104,"confidential: replaced by 'CLID_anonymous'",22,11,"04-Jun-11"
104,"confidential: replaced by 'CLID_anonymous'",22,10,"04-Jun-11"
104,"confidential: replaced by 'CLID_anonymous'",22,20,"04-Jun-11"
104,"confidential: replaced by 'CLID_anonymous'",67,17,"22-Jun-11"
104,"confidential: replaced by 'CLID_anonymous'",67,18,"22-Jun-11"
104,"confidential: replaced by 'CLID_anonymous'",67,16,"22-Jun-11"
104,"confidential: replaced by 'CLID_anonymous'",67,19,"22-Jun-11"
104,"confidential: replaced by 'CLID_anonymous'",67,22,"22-Jun-11"
104,"confidential: replaced by 'CLID_anonymous'",67,15,"22-Jun-11"
104,"confidential: replaced by 'CLID_anonymous'",67,6,"22-Jun-11"
104,"confidential: replaced by 'CLID_anonymous'",67,1,"NeverPaid"
104,"confidential: replaced by 'CLID_anonymous'",67,4,"22-Jun-11"
104,"confidential: replaced by 'CLID_anonymous'",67,23,"22-Jun-11"
104,"confidential: replaced by 'CLID_anonymous'",67,21,"22-Jun-11"
104,"confidential: replaced by 'CLID_anonymous'",67,7,"22-Jun-11"
104,"confidential: replaced by 'CLID_anonymous'",67,12,"22-Jun-11"
104,"confidential: replaced by 'CLID_anonymous'",67,5,"22-Jun-11"
104,"confidential: replaced by 'CLID_anonymous'",67,11,"NeverPaid"
104,"confidential: replaced by 'CLID_anonymous'",67,14,"22-Jun-11"
104,"confidential: replaced by 'CLID_anonymous'",67,25,"22-Jun-11"
104,"confidential: replaced by 'CLID_anonymous'",67,2,"22-Jun-11"
104,"confidential: replaced by 'CLID_anonymous'",67,10,"22-Jun-11"
104,"confidential: replaced by 'CLID_anonymous'",67,8,"22-Jun-11"
104,"confidential: replaced by 'CLID_anonymous'",67,13,"22-Jun-11"
104,"confidential: replaced by 'CLID_anonymous'",67,3,"NeverPaid"
104,"confidential: replaced by 'CLID_anonymous'",40,8,"NeverPaid"
104,"confidential: replaced by 'CLID_anonymous'",40,18,"04-Jun-11"
104,"confidential: replaced by 'CLID_anonymous'",40,12,"04-Jun-11"
104,"confidential: replaced by 'CLID_anonymous'",40,9,"04-Jun-11"
104,"confidential: replaced by 'CLID_anonymous'",40,2,"NeverPaid"
104,"confidential: replaced by 'CLID_anonymous'",40,10,"04-Jun-11"
104,"confidential: replaced by 'CLID_anonymous'",40,13,"04-Jun-11"
104,"confidential: replaced by 'CLID_anonymous'",40,6,"04-Jun-11"
104,"confidential: replaced by 'CLID_anonymous'",40,5,"04-Jun-11"
104,"confidential: replaced by 'CLID_anonymous'",40,3,"04-Jun-11"
104,"confidential: replaced by 'CLID_anonymous'",40,11,"04-Jun-11"
104,"confidential: replaced by 'CLID_anonymous'",40,1,"27-Jun-11"
104,"confidential: replaced by 'CLID_anonymous'",40,16,"04-Jun-11"
104,"confidential: replaced by 'CLID_anonymous'",40,17,"04-Jun-11"
104,"confidential: replaced by 'CLID_anonymous'",40,7,"04-Jun-11"
104,"confidential: replaced by 'CLID_anonymous'",40,15,"NeverPaid"
104,"confidential: replaced by 'CLID_anonymous'",40,19,"04-Jun-11"
104,"confidential: replaced by 'CLID_anonymous'",40,4,"04-Jun-11"
104,"confidential: replaced by 'CLID_anonymous'",40,14,"04-Jun-11"
104,"confidential: replaced by 'CLID_anonymous'",50,24,"NeverPaid"
104,"confidential: replaced by 'CLID_anonymous'",50,15,"24-Jun-11"
104,"confidential: replaced by 'CLID_anonymous'",50,27,"24-Jun-11"
104,"confidential: replaced by 'CLID_anonymous'",50,17,"24-Jun-11"
104,"confidential: replaced by 'CLID_anonymous'",50,10,"24-Jun-11"
104,"confidential: replaced by 'CLID_anonymous'",50,3,"24-Jun-11"
104,"confidential: replaced by 'CLID_anonymous'",50,23,"24-Jun-11"
104,"confidential: replaced by 'CLID_anonymous'",50,25,"24-Jun-11"
104,"confidential: replaced by 'CLID_anonymous'",50,12,"24-Jun-11"
104,"confidential: replaced by 'CLID_anonymous'",50,8,"24-Jun-11"
104,"confidential: replaced by 'CLID_anonymous'",50,6,"NeverPaid"
104,"confidential: replaced by 'CLID_anonymous'",50,18,"24-Jun-11"
104,"confidential: replaced by 'CLID_anonymous'",50,13,"24-Jun-11"
104,"confidential: replaced by 'CLID_anonymous'",50,4,"24-Jun-11"
104,"confidential: replaced by 'CLID_anonymous'",50,1,"24-Jun-11"
104,"confidential: replaced by 'CLID_anonymous'",50,19,"24-Jun-11"
104,"confidential: replaced by 'CLID_anonymous'",50,20,"24-Jun-11"
104,"confidential: replaced by 'CLID_anonymous'",50,7,"24-Jun-11"
104,"confidential: replaced by 'CLID_anonymous'",50,16,"24-Jun-11"
104,"confidential: replaced by 'CLID_anonymous'",50,14,"24-Jun-11"
104,"confidential: replaced by 'CLID_anonymous'",50,22,"24-Jun-11"
104,"confidential: replaced by 'CLID_anonymous'",50,21,"24-Jun-11"
104,"confidential: replaced by 'CLID_anonymous'",6,11,"23-Jun-11"
104,"confidential: replaced by 'CLID_anonymous'",6,8,"23-Jun-11"
104,"confidential: replaced by 'CLID_anonymous'",6,18,"23-Jun-11"
104,"confidential: replaced by 'CLID_anonymous'",6,2,"23-Jun-11"
104,"confidential: replaced by 'CLID_anonymous'",6,1,"23-Jun-11"
104,"confidential: replaced by 'CLID_anonymous'",6,19,"23-Jun-11"
104,"confidential: replaced by 'CLID_anonymous'",6,16,"23-Jun-11"
104,"confidential: replaced by 'CLID_anonymous'",6,15,"23-Jun-11"
104,"confidential: replaced by 'CLID_anonymous'",6,3,"NeverPaid"
104,"confidential: replaced by 'CLID_anonymous'",6,10,"23-Jun-11"
104,"confidential: replaced by 'CLID_anonymous'",6,5,"23-Jun-11"
104,"confidential: replaced by 'CLID_anonymous'",6,21,"NeverPaid"
104,"confidential: replaced by 'CLID_anonymous'",6,13,"NeverPaid"
104,"confidential: replaced by 'CLID_anonymous'",6,6,"23-Jun-11"
104,"confidential: replaced by 'CLID_anonymous'",6,12,"23-Jun-11"
104,"confidential: replaced by 'CLID_anonymous'",6,9,"23-Jun-11"
104,"confidential: replaced by 'CLID_anonymous'",6,14,"23-Jun-11"
104,"confidential: replaced by 'CLID_anonymous'",6,17,"23-Jun-11"
104,"confidential: replaced by 'CLID_anonymous'",6,4,"23-Jun-11"
104,"confidential: replaced by 'CLID_anonymous'",6,20,"23-Jun-11"
104,"confidential: replaced by 'CLID_anonymous'",82,17,"24-Jun-11"
104,"confidential: replaced by 'CLID_anonymous'",82,4,"24-Jun-11"
104,"confidential: replaced by 'CLID_anonymous'",82,22,"24-Jun-11"
104,"confidential: replaced by 'CLID_anonymous'",82,16,"24-Jun-11"
104,"confidential: replaced by 'CLID_anonymous'",82,8,"24-Jun-11"
104,"confidential: replaced by 'CLID_anonymous'",82,19,"24-Jun-11"
104,"confidential: replaced by 'CLID_anonymous'",82,13,"24-Jun-11"
104,"confidential: replaced by 'CLID_anonymous'",82,11,"24-Jun-11"
104,"confidential: replaced by 'CLID_anonymous'",82,3,"24-Jun-11"
104,"confidential: replaced by 'CLID_anonymous'",82,10,"24-Jun-11"
104,"confidential: replaced by 'CLID_anonymous'",82,15,"24-Jun-11"
104,"confidential: replaced by 'CLID_anonymous'",82,21,"24-Jun-11"
104,"confidential: replaced by 'CLID_anonymous'",82,7,"24-Jun-11"
104,"confidential: replaced by 'CLID_anonymous'",82,5,"24-Jun-11"
104,"confidential: replaced by 'CLID_anonymous'",82,1,"24-Jun-11"
104,"confidential: replaced by 'CLID_anonymous'",82,20,"24-Jun-11"
104,"confidential: replaced by 'CLID_anonymous'",82,6,"24-Jun-11"
104,"confidential: replaced by 'CLID_anonymous'",82,18,"24-Jun-11"
104,"confidential: replaced by 'CLID_anonymous'",82,9,"24-Jun-11"
104,"confidential: replaced by 'CLID_anonymous'",82,14,"24-Jun-11"
104,"confidential: replaced by 'CLID_anonymous'",82,12,"24-Jun-11"
104,"confidential: replaced by 'CLID_anonymous'",82,2,"24-Jun-11"
104,"confidential: replaced by 'CLID_anonymous'",70,21,"24-Jun-11"
104,"confidential: replaced by 'CLID_anonymous'",70,8,"24-Jun-11"
104,"confidential: replaced by 'CLID_anonymous'",70,15,"24-Jun-11"
104,"confidential: replaced by 'CLID_anonymous'",70,5,"24-Jun-11"
104,"confidential: replaced by 'CLID_anonymous'",70,4,"24-Jun-11"
104,"confidential: replaced by 'CLID_anonymous'",70,20,"24-Jun-11"
104,"confidential: replaced by 'CLID_anonymous'",70,7,"NeverPaid"
104,"confidential: replaced by 'CLID_anonymous'",70,10,"24-Jun-11"
104,"confidential: replaced by 'CLID_anonymous'",70,19,"24-Jun-11"
104,"confidential: replaced by 'CLID_anonymous'",70,18,"24-Jun-11"
104,"confidential: replaced by 'CLID_anonymous'",70,6,"24-Jun-11"
104,"confidential: replaced by 'CLID_anonymous'",70,2,"24-Jun-11"
104,"confidential: replaced by 'CLID_anonymous'",70,3,"24-Jun-11"
104,"confidential: replaced by 'CLID_anonymous'",70,17,"NeverPaid"
104,"confidential: replaced by 'CLID_anonymous'",70,12,"24-Jun-11"
104,"confidential: replaced by 'CLID_anonymous'",70,1,"24-Jun-11"
104,"confidential: replaced by 'CLID_anonymous'",70,11,"24-Jun-11"
104,"confidential: replaced by 'CLID_anonymous'",70,16,"24-Jun-11"
104,"confidential: replaced by 'CLID_anonymous'",70,22,"24-Jun-11"
104,"confidential: replaced by 'CLID_anonymous'",70,9,"24-Jun-11"
104,"confidential: replaced by 'CLID_anonymous'",70,27,"24-Jun-11"
104,"confidential: replaced by 'CLID_anonymous'",70,13,"24-Jun-11"
104,"confidential: replaced by 'CLID_anonymous'",27,7,"26-Jun-11"
104,"confidential: replaced by 'CLID_anonymous'",27,22,"26-Jun-11"
104,"confidential: replaced by 'CLID_anonymous'",27,16,"NeverPaid"
104,"confidential: replaced by 'CLID_anonymous'",27,5,"26-Jun-11"
104,"confidential: replaced by 'CLID_anonymous'",27,9,"NeverPaid"
104,"confidential: replaced by 'CLID_anonymous'",27,10,"26-Jun-11"
104,"confidential: replaced by 'CLID_anonymous'",27,19,"26-Jun-11"
104,"confidential: replaced by 'CLID_anonymous'",27,13,"NeverPaid"
104,"confidential: replaced by 'CLID_anonymous'",27,20,"26-Jun-11"
104,"confidential: replaced by 'CLID_anonymous'",27,15,"26-Jun-11"
104,"confidential: replaced by 'CLID_anonymous'",27,18,"26-Jun-11"
104,"confidential: replaced by 'CLID_anonymous'",27,23,"26-Jun-11"
104,"confidential: replaced by 'CLID_anonymous'",27,12,"26-Jun-11"
104,"confidential: replaced by 'CLID_anonymous'",27,8,"26-Jun-11"
104,"confidential: replaced by 'CLID_anonymous'",27,11,"NeverPaid"
104,"confidential: replaced by 'CLID_anonymous'",27,2,"26-Jun-11"
104,"confidential: replaced by 'CLID_anonymous'",27,3,"26-Jun-11"
104,"confidential: replaced by 'CLID_anonymous'",27,17,"26-Jun-11"
104,"confidential: replaced by 'CLID_anonymous'",27,21,"NeverPaid"
104,"confidential: replaced by 'CLID_anonymous'",27,4,"26-Jun-11"
104,"confidential: replaced by 'CLID_anonymous'",27,14,"26-Jun-11"
104,"confidential: replaced by 'CLID_anonymous'",27,1,"26-Jun-11"
104,"confidential: replaced by 'CLID_anonymous'",68,18,"23-Jun-11"
104,"confidential: replaced by 'CLID_anonymous'",68,2,"23-Jun-11"
104,"confidential: replaced by 'CLID_anonymous'",68,20,"23-Jun-11"
104,"confidential: replaced by 'CLID_anonymous'",68,6,"23-Jun-11"
104,"confidential: replaced by 'CLID_anonymous'",68,7,"23-Jun-11"
104,"confidential: replaced by 'CLID_anonymous'",68,1,"23-Jun-11"
104,"confidential: replaced by 'CLID_anonymous'",68,22,"23-Jun-11"
104,"confidential: replaced by 'CLID_anonymous'",68,4,"NeverPaid"
104,"confidential: replaced by 'CLID_anonymous'",68,12,"23-Jun-11"
104,"confidential: replaced by 'CLID_anonymous'",68,19,"23-Jun-11"
104,"confidential: replaced by 'CLID_anonymous'",68,10,"23-Jun-11"
104,"confidential: replaced by 'CLID_anonymous'",68,3,"NeverPaid"
104,"confidential: replaced by 'CLID_anonymous'",68,8,"23-Jun-11"
104,"confidential: replaced by 'CLID_anonymous'",68,11,"23-Jun-11"
104,"confidential: replaced by 'CLID_anonymous'",68,15,"23-Jun-11"
104,"confidential: replaced by 'CLID_anonymous'",68,5,"23-Jun-11"
104,"confidential: replaced by 'CLID_anonymous'",68,13,"23-Jun-11"
104,"confidential: replaced by 'CLID_anonymous'",68,16,"NeverPaid"
104,"confidential: replaced by 'CLID_anonymous'",68,17,"23-Jun-11"
104,"confidential: replaced by 'CLID_anonymous'",68,9,"23-Jun-11"
601,"confidential: replaced by 'CLID_anonymous'",74,6,"04-Jun-11"
601,"confidential: replaced by 'CLID_anonymous'",74,12,"04-Jun-11"
601,"confidential: replaced by 'CLID_anonymous'",74,26,"04-Jun-11"
601,"confidential: replaced by 'CLID_anonymous'",74,16,"04-Jun-11"
601,"confidential: replaced by 'CLID_anonymous'",74,21,"04-Jun-11"
601,"confidential: replaced by 'CLID_anonymous'",74,22,"04-Jun-11"
601,"confidential: replaced by 'CLID_anonymous'",74,20,"04-Jun-11"
601,"confidential: replaced by 'CLID_anonymous'",74,19,"04-Jun-11"
601,"confidential: replaced by 'CLID_anonymous'",74,3,"NeverPaid"
601,"confidential: replaced by 'CLID_anonymous'",74,7,"04-Jun-11"
601,"confidential: replaced by 'CLID_anonymous'",74,5,"04-Jun-11"
601,"confidential: replaced by 'CLID_anonymous'",74,2,"NeverPaid"
601,"confidential: replaced by 'CLID_anonymous'",74,14,"04-Jun-11"
601,"confidential: replaced by 'CLID_anonymous'",74,1,"04-Jun-11"
601,"confidential: replaced by 'CLID_anonymous'",74,24,"04-Jun-11"
601,"confidential: replaced by 'CLID_anonymous'",74,23,"04-Jun-11"
601,"confidential: replaced by 'CLID_anonymous'",74,17,"04-Jun-11"
601,"confidential: replaced by 'CLID_anonymous'",74,15,"04-Jun-11"
601,"confidential: replaced by 'CLID_anonymous'",74,9,"NeverPaid"
601,"confidential: replaced by 'CLID_anonymous'",74,13,"04-Jun-11"
601,"confidential: replaced by 'CLID_anonymous'",74,4,"04-Jun-11"
601,"confidential: replaced by 'CLID_anonymous'",74,18,"NeverPaid"
601,"confidential: replaced by 'CLID_anonymous'",21,6,"04-Jun-11"
601,"confidential: replaced by 'CLID_anonymous'",21,2,"04-Jun-11"
601,"confidential: replaced by 'CLID_anonymous'",21,11,"04-Jun-11"
601,"confidential: replaced by 'CLID_anonymous'",21,14,"04-Jun-11"
601,"confidential: replaced by 'CLID_anonymous'",21,23,"04-Jun-11"
601,"confidential: replaced by 'CLID_anonymous'",21,19,"04-Jun-11"
601,"confidential: replaced by 'CLID_anonymous'",21,1,"04-Jun-11"
601,"confidential: replaced by 'CLID_anonymous'",21,10,"04-Jun-11"
601,"confidential: replaced by 'CLID_anonymous'",21,18,"04-Jun-11"
601,"confidential: replaced by 'CLID_anonymous'",21,22,"04-Jun-11"
601,"confidential: replaced by 'CLID_anonymous'",21,15,"04-Jun-11"
601,"confidential: replaced by 'CLID_anonymous'",21,12,"04-Jun-11"
601,"confidential: replaced by 'CLID_anonymous'",21,5,"04-Jun-11"
601,"confidential: replaced by 'CLID_anonymous'",21,9,"04-Jun-11"
601,"confidential: replaced by 'CLID_anonymous'",21,17,"04-Jun-11"
601,"confidential: replaced by 'CLID_anonymous'",21,4,"04-Jun-11"
601,"confidential: replaced by 'CLID_anonymous'",21,16,"04-Jun-11"
601,"confidential: replaced by 'CLID_anonymous'",21,20,"04-Jun-11"
601,"confidential: replaced by 'CLID_anonymous'",21,8,"04-Jun-11"
601,"confidential: replaced by 'CLID_anonymous'",21,21,"NeverPaid"
601,"confidential: replaced by 'CLID_anonymous'",21,7,"04-Jun-11"
601,"confidential: replaced by 'CLID_anonymous'",21,13,"04-Jun-11"
601,"confidential: replaced by 'CLID_anonymous'",53,18,"22-Jun-11"
601,"confidential: replaced by 'CLID_anonymous'",53,19,"NeverPaid"
601,"confidential: replaced by 'CLID_anonymous'",53,12,"22-Jun-11"
601,"confidential: replaced by 'CLID_anonymous'",53,17,"22-Jun-11"
601,"confidential: replaced by 'CLID_anonymous'",53,20,"22-Jun-11"
601,"confidential: replaced by 'CLID_anonymous'",53,1,"22-Jun-11"
601,"confidential: replaced by 'CLID_anonymous'",53,15,"22-Jun-11"
601,"confidential: replaced by 'CLID_anonymous'",53,24,"22-Jun-11"
601,"confidential: replaced by 'CLID_anonymous'",53,13,"22-Jun-11"
601,"confidential: replaced by 'CLID_anonymous'",53,27,"22-Jun-11"
601,"confidential: replaced by 'CLID_anonymous'",53,7,"22-Jun-11"
601,"confidential: replaced by 'CLID_anonymous'",53,4,"22-Jun-11"
601,"confidential: replaced by 'CLID_anonymous'",53,21,"NeverPaid"
601,"confidential: replaced by 'CLID_anonymous'",53,9,"22-Jun-11"
601,"confidential: replaced by 'CLID_anonymous'",53,8,"22-Jun-11"
601,"confidential: replaced by 'CLID_anonymous'",53,25,"22-Jun-11"
601,"confidential: replaced by 'CLID_anonymous'",53,16,"22-Jun-11"
601,"confidential: replaced by 'CLID_anonymous'",53,6,"22-Jun-11"
601,"confidential: replaced by 'CLID_anonymous'",53,11,"22-Jun-11"
601,"confidential: replaced by 'CLID_anonymous'",53,22,"22-Jun-11"
601,"confidential: replaced by 'CLID_anonymous'",53,2,"22-Jun-11"
601,"confidential: replaced by 'CLID_anonymous'",53,5,"22-Jun-11"
601,"confidential: replaced by 'CLID_anonymous'",37,13,"03-Jun-11"
601,"confidential: replaced by 'CLID_anonymous'",37,22,"04-Feb-11"
601,"confidential: replaced by 'CLID_anonymous'",37,10,"NeverPaid"
601,"confidential: replaced by 'CLID_anonymous'",37,17,"03-Jun-11"
601,"confidential: replaced by 'CLID_anonymous'",37,21,"03-Jun-11"
601,"confidential: replaced by 'CLID_anonymous'",37,16,"03-Jun-11"
601,"confidential: replaced by 'CLID_anonymous'",37,12,"03-Jun-11"
601,"confidential: replaced by 'CLID_anonymous'",37,11,"03-Jun-11"
601,"confidential: replaced by 'CLID_anonymous'",37,7,"03-Jun-11"
601,"confidential: replaced by 'CLID_anonymous'",37,18,"03-Jun-11"
601,"confidential: replaced by 'CLID_anonymous'",37,5,"03-Jun-11"
601,"confidential: replaced by 'CLID_anonymous'",37,14,"03-Jun-11"
601,"confidential: replaced by 'CLID_anonymous'",37,3,"NeverPaid"
601,"confidential: replaced by 'CLID_anonymous'",37,15,"03-Jun-11"
601,"confidential: replaced by 'CLID_anonymous'",37,27,"03-Jun-11"
601,"confidential: replaced by 'CLID_anonymous'",37,9,"03-Jun-11"
601,"confidential: replaced by 'CLID_anonymous'",37,20,"03-Jun-11"
601,"confidential: replaced by 'CLID_anonymous'",37,1,"03-Jun-11"
601,"confidential: replaced by 'CLID_anonymous'",37,2,"03-Jun-11"
601,"confidential: replaced by 'CLID_anonymous'",37,6,"09-Nov-10"
601,"confidential: replaced by 'CLID_anonymous'",37,26,"03-Jun-11"
601,"confidential: replaced by 'CLID_anonymous'",37,19,"03-Jun-11"
601,"confidential: replaced by 'CLID_anonymous'",61,16,"03-Jun-11"
601,"confidential: replaced by 'CLID_anonymous'",61,2,"03-Jun-11"
601,"confidential: replaced by 'CLID_anonymous'",61,19,"03-Jun-11"
601,"confidential: replaced by 'CLID_anonymous'",61,18,"03-Jun-11"
601,"confidential: replaced by 'CLID_anonymous'",61,9,"NeverPaid"
601,"confidential: replaced by 'CLID_anonymous'",61,8,"03-Jun-11"
601,"confidential: replaced by 'CLID_anonymous'",61,3,"03-Jun-11"
601,"confidential: replaced by 'CLID_anonymous'",61,14,"03-Jun-11"
601,"confidential: replaced by 'CLID_anonymous'",61,4,"03-Jun-11"
601,"confidential: replaced by 'CLID_anonymous'",61,23,"03-Jun-11"
601,"confidential: replaced by 'CLID_anonymous'",61,11,"03-Jun-11"
601,"confidential: replaced by 'CLID_anonymous'",61,1,"03-Jun-11"
601,"confidential: replaced by 'CLID_anonymous'",61,15,"03-Jun-11"
601,"confidential: replaced by 'CLID_anonymous'",61,5,"NeverPaid"
601,"confidential: replaced by 'CLID_anonymous'",61,17,"03-Jun-11"
601,"confidential: replaced by 'CLID_anonymous'",61,7,"03-Jun-11"
601,"confidential: replaced by 'CLID_anonymous'",61,13,"03-Jun-11"
601,"confidential: replaced by 'CLID_anonymous'",61,22,"03-Jun-11"
601,"confidential: replaced by 'CLID_anonymous'",61,21,"03-Jun-11"
601,"confidential: replaced by 'CLID_anonymous'",61,20,"03-Jun-11"
601,"confidential: replaced by 'CLID_anonymous'",61,12,"03-Jun-11"
601,"confidential: replaced by 'CLID_anonymous'",61,6,"03-Jun-11"
601,"confidential: replaced by 'CLID_anonymous'",60,13,"06-Jun-11"
601,"confidential: replaced by 'CLID_anonymous'",60,9,"06-Jun-11"
601,"confidential: replaced by 'CLID_anonymous'",60,3,"06-Jun-11"
601,"confidential: replaced by 'CLID_anonymous'",60,15,"06-Jun-11"
601,"confidential: replaced by 'CLID_anonymous'",60,7,"06-Jun-11"
601,"confidential: replaced by 'CLID_anonymous'",60,19,"06-Jun-11"
601,"confidential: replaced by 'CLID_anonymous'",60,10,"06-Jun-11"
601,"confidential: replaced by 'CLID_anonymous'",60,26,"06-Jun-11"
601,"confidential: replaced by 'CLID_anonymous'",60,6,"06-Jun-11"
601,"confidential: replaced by 'CLID_anonymous'",60,14,"06-Jun-11"
601,"confidential: replaced by 'CLID_anonymous'",60,18,"06-Jun-11"
601,"confidential: replaced by 'CLID_anonymous'",60,8,"06-Jun-11"
601,"confidential: replaced by 'CLID_anonymous'",60,11,"06-Jun-11"
601,"confidential: replaced by 'CLID_anonymous'",60,12,"06-Jun-11"
601,"confidential: replaced by 'CLID_anonymous'",60,4,"06-Jun-11"
601,"confidential: replaced by 'CLID_anonymous'",60,2,"06-Jun-11"
601,"confidential: replaced by 'CLID_anonymous'",60,1,"06-Jun-11"
601,"confidential: replaced by 'CLID_anonymous'",60,20,"06-Jun-11"
601,"confidential: replaced by 'CLID_anonymous'",60,22,"NeverPaid"
601,"confidential: replaced by 'CLID_anonymous'",60,16,"06-Jun-11"
601,"confidential: replaced by 'CLID_anonymous'",60,21,"06-Jun-11"
601,"confidential: replaced by 'CLID_anonymous'",60,17,"06-Jun-11"
601,"confidential: replaced by 'CLID_anonymous'",60,5,"06-Jun-11"
601,"confidential: replaced by 'CLID_anonymous'",7,8,"06-Jun-11"
601,"confidential: replaced by 'CLID_anonymous'",7,12,"06-Jun-11"
601,"confidential: replaced by 'CLID_anonymous'",7,17,"06-Jun-11"
601,"confidential: replaced by 'CLID_anonymous'",7,27,"06-Jun-11"
601,"confidential: replaced by 'CLID_anonymous'",7,4,"06-Jun-11"
601,"confidential: replaced by 'CLID_anonymous'",7,1,"06-Jun-11"
601,"confidential: replaced by 'CLID_anonymous'",7,9,"06-Jun-11"
601,"confidential: replaced by 'CLID_anonymous'",7,19,"NeverPaid"
601,"confidential: replaced by 'CLID_anonymous'",7,20,"06-Jun-11"
601,"confidential: replaced by 'CLID_anonymous'",7,16,"06-Jun-11"
601,"confidential: replaced by 'CLID_anonymous'",7,18,"06-Jun-11"
601,"confidential: replaced by 'CLID_anonymous'",7,5,"06-Jun-11"
601,"confidential: replaced by 'CLID_anonymous'",7,6,"06-Jun-11"
601,"confidential: replaced by 'CLID_anonymous'",7,15,"06-Jun-11"
601,"confidential: replaced by 'CLID_anonymous'",7,14,"06-Jun-11"
601,"confidential: replaced by 'CLID_anonymous'",7,13,"06-Jun-11"
601,"confidential: replaced by 'CLID_anonymous'",7,23,"06-Jun-11"
601,"confidential: replaced by 'CLID_anonymous'",7,21,"06-Jun-11"
601,"confidential: replaced by 'CLID_anonymous'",7,10,"06-Jun-11"
601,"confidential: replaced by 'CLID_anonymous'",7,26,"06-Jun-11"
601,"confidential: replaced by 'CLID_anonymous'",7,2,"NeverPaid"
601,"confidential: replaced by 'CLID_anonymous'",7,7,"06-Jun-11"
601,"confidential: replaced by 'CLID_anonymous'",32,20,"06-Jun-11"
601,"confidential: replaced by 'CLID_anonymous'",32,19,"06-Jun-11"
601,"confidential: replaced by 'CLID_anonymous'",32,18,"06-Jun-11"
601,"confidential: replaced by 'CLID_anonymous'",32,5,"06-Jun-11"
601,"confidential: replaced by 'CLID_anonymous'",32,22,"06-Jun-11"
601,"confidential: replaced by 'CLID_anonymous'",32,16,"06-Jun-11"
601,"confidential: replaced by 'CLID_anonymous'",32,17,"06-Jun-11"
601,"confidential: replaced by 'CLID_anonymous'",32,3,"06-Jun-11"
601,"confidential: replaced by 'CLID_anonymous'",32,4,"06-Jun-11"
601,"confidential: replaced by 'CLID_anonymous'",32,14,"06-Jun-11"
601,"confidential: replaced by 'CLID_anonymous'",32,1,"06-Jun-11"
601,"confidential: replaced by 'CLID_anonymous'",32,12,"06-Jun-11"
601,"confidential: replaced by 'CLID_anonymous'",32,7,"06-Jun-11"
601,"confidential: replaced by 'CLID_anonymous'",32,13,"NeverPaid"
601,"confidential: replaced by 'CLID_anonymous'",32,9,"06-Jun-11"
601,"confidential: replaced by 'CLID_anonymous'",32,8,"06-Jun-11"
601,"confidential: replaced by 'CLID_anonymous'",32,6,"NeverPaid"
601,"confidential: replaced by 'CLID_anonymous'",32,11,"NeverPaid"
601,"confidential: replaced by 'CLID_anonymous'",32,21,"06-Jun-11"
601,"confidential: replaced by 'CLID_anonymous'",32,2,"06-Jun-11"
601,"confidential: replaced by 'CLID_anonymous'",32,23,"06-Jun-11"
601,"confidential: replaced by 'CLID_anonymous'",32,15,"06-Jun-11"
601,"confidential: replaced by 'CLID_anonymous'",3,18,"05-Jun-11"
601,"confidential: replaced by 'CLID_anonymous'",3,14,"05-Jun-11"
601,"confidential: replaced by 'CLID_anonymous'",3,22,"05-Jun-11"
601,"confidential: replaced by 'CLID_anonymous'",3,1,"NeverPaid"
601,"confidential: replaced by 'CLID_anonymous'",3,3,"05-Jun-11"
601,"confidential: replaced by 'CLID_anonymous'",3,8,"05-Jun-11"
601,"confidential: replaced by 'CLID_anonymous'",3,5,"05-Jun-11"
601,"confidential: replaced by 'CLID_anonymous'",3,15,"05-Jun-11"
601,"confidential: replaced by 'CLID_anonymous'",3,21,"05-Jun-11"
601,"confidential: replaced by 'CLID_anonymous'",3,2,"05-Jun-11"
601,"confidential: replaced by 'CLID_anonymous'",3,16,"05-Jun-11"
601,"confidential: replaced by 'CLID_anonymous'",3,20,"05-Jun-11"
601,"confidential: replaced by 'CLID_anonymous'",3,6,"05-Jun-11"
601,"confidential: replaced by 'CLID_anonymous'",3,19,"05-Jun-11"
601,"confidential: replaced by 'CLID_anonymous'",3,4,"05-Jun-11"
601,"confidential: replaced by 'CLID_anonymous'",3,12,"05-Jun-11"
601,"confidential: replaced by 'CLID_anonymous'",3,11,"05-Jun-11"
601,"confidential: replaced by 'CLID_anonymous'",3,7,"05-Jun-11"
601,"confidential: replaced by 'CLID_anonymous'",3,10,"05-Jun-11"
601,"confidential: replaced by 'CLID_anonymous'",3,9,"05-Jun-11"
601,"confidential: replaced by 'CLID_anonymous'",3,13,"05-Jun-11"
601,"confidential: replaced by 'CLID_anonymous'",3,17,"05-Jun-11"
601,"confidential: replaced by 'CLID_anonymous'",20,13,"05-Jun-11"
601,"confidential: replaced by 'CLID_anonymous'",20,8,"05-Jun-11"
601,"confidential: replaced by 'CLID_anonymous'",20,5,"05-Jun-11"
601,"confidential: replaced by 'CLID_anonymous'",20,18,"05-Jun-11"
601,"confidential: replaced by 'CLID_anonymous'",20,21,"05-Jun-11"
601,"confidential: replaced by 'CLID_anonymous'",20,19,"05-Jun-11"
601,"confidential: replaced by 'CLID_anonymous'",20,6,"05-Jun-11"
601,"confidential: replaced by 'CLID_anonymous'",20,12,"05-Jun-11"
601,"confidential: replaced by 'CLID_anonymous'",20,10,"05-Jun-11"
601,"confidential: replaced by 'CLID_anonymous'",20,17,"05-Jun-11"
601,"confidential: replaced by 'CLID_anonymous'",20,2,"05-Jun-11"
601,"confidential: replaced by 'CLID_anonymous'",20,7,"05-Jun-11"
601,"confidential: replaced by 'CLID_anonymous'",20,14,"05-Jun-11"
601,"confidential: replaced by 'CLID_anonymous'",20,4,"05-Jun-11"
601,"confidential: replaced by 'CLID_anonymous'",20,1,"05-Jun-11"
601,"confidential: replaced by 'CLID_anonymous'",20,11,"05-Jun-11"
601,"confidential: replaced by 'CLID_anonymous'",20,15,"05-Jun-11"
601,"confidential: replaced by 'CLID_anonymous'",20,20,"05-Jun-11"
601,"confidential: replaced by 'CLID_anonymous'",20,22,"05-Jun-11"
601,"confidential: replaced by 'CLID_anonymous'",20,16,"05-Jun-11"
601,"confidential: replaced by 'CLID_anonymous'",20,9,"05-Jun-11"
601,"confidential: replaced by 'CLID_anonymous'",20,3,"05-Jun-11"
601,"confidential: replaced by 'CLID_anonymous'",55,13,"04-Jun-11"
601,"confidential: replaced by 'CLID_anonymous'",55,18,"NeverPaid"
601,"confidential: replaced by 'CLID_anonymous'",55,1,"04-Jun-11"
601,"confidential: replaced by 'CLID_anonymous'",55,16,"04-Jun-11"
601,"confidential: replaced by 'CLID_anonymous'",55,9,"04-Jun-11"
601,"confidential: replaced by 'CLID_anonymous'",55,21,"04-Jun-11"
601,"confidential: replaced by 'CLID_anonymous'",55,7,"04-Jun-11"
601,"confidential: replaced by 'CLID_anonymous'",55,10,"NeverPaid"
601,"confidential: replaced by 'CLID_anonymous'",55,5,"04-Jun-11"
601,"confidential: replaced by 'CLID_anonymous'",55,15,"27-Mar-11"
601,"confidential: replaced by 'CLID_anonymous'",55,8,"04-Jun-11"
601,"confidential: replaced by 'CLID_anonymous'",55,14,"04-Jun-11"
601,"confidential: replaced by 'CLID_anonymous'",55,12,"NeverPaid"
601,"confidential: replaced by 'CLID_anonymous'",55,22,"04-Jun-11"
601,"confidential: replaced by 'CLID_anonymous'",55,3,"NeverPaid"
601,"confidential: replaced by 'CLID_anonymous'",55,2,"04-Jun-11"
601,"confidential: replaced by 'CLID_anonymous'",55,23,"04-Jun-11"
601,"confidential: replaced by 'CLID_anonymous'",55,11,"04-Jun-11"
601,"confidential: replaced by 'CLID_anonymous'",55,19,"04-Jun-11"
601,"confidential: replaced by 'CLID_anonymous'",55,6,"04-Jun-11"
601,"confidential: replaced by 'CLID_anonymous'",55,4,"04-Jun-11"
601,"confidential: replaced by 'CLID_anonymous'",55,20,"04-Jun-11"
601,"confidential: replaced by 'CLID_anonymous'",64,13,"04-Jun-11"
601,"confidential: replaced by 'CLID_anonymous'",64,3,"04-Jun-11"
601,"confidential: replaced by 'CLID_anonymous'",64,1,"04-Jun-11"
601,"confidential: replaced by 'CLID_anonymous'",64,4,"04-Jun-11"
601,"confidential: replaced by 'CLID_anonymous'",64,12,"04-Jun-11"
601,"confidential: replaced by 'CLID_anonymous'",64,18,"04-Jun-11"
601,"confidential: replaced by 'CLID_anonymous'",64,25,"04-Jun-11"
601,"confidential: replaced by 'CLID_anonymous'",64,14,"04-Jun-11"
601,"confidential: replaced by 'CLID_anonymous'",64,17,"04-Jun-11"
601,"confidential: replaced by 'CLID_anonymous'",64,6,"04-Jun-11"
601,"confidential: replaced by 'CLID_anonymous'",64,8,"04-Jun-11"
601,"confidential: replaced by 'CLID_anonymous'",64,27,"04-Jun-11"
601,"confidential: replaced by 'CLID_anonymous'",64,19,"04-Jun-11"
601,"confidential: replaced by 'CLID_anonymous'",64,9,"04-Jun-11"
601,"confidential: replaced by 'CLID_anonymous'",64,22,"04-Jun-11"
601,"confidential: replaced by 'CLID_anonymous'",64,24,"04-Jun-11"
601,"confidential: replaced by 'CLID_anonymous'",64,7,"04-Jun-11"
601,"confidential: replaced by 'CLID_anonymous'",64,15,"04-Jun-11"
601,"confidential: replaced by 'CLID_anonymous'",64,16,"04-Jun-11"
601,"confidential: replaced by 'CLID_anonymous'",64,20,"04-Jun-11"
601,"confidential: replaced by 'CLID_anonymous'",64,10,"04-Jun-11"
601,"confidential: replaced by 'CLID_anonymous'",64,23,"04-Jun-11"
601,"confidential: replaced by 'CLID_anonymous'",78,12,"12-Feb-11"
601,"confidential: replaced by 'CLID_anonymous'",78,20,"12-Feb-11"
601,"confidential: replaced by 'CLID_anonymous'",78,7,"01-Jun-11"
601,"confidential: replaced by 'CLID_anonymous'",78,16,"01-Jun-11"
601,"confidential: replaced by 'CLID_anonymous'",78,8,"01-Jun-11"
601,"confidential: replaced by 'CLID_anonymous'",78,14,"12-Feb-11"
601,"confidential: replaced by 'CLID_anonymous'",78,4,"12-Feb-11"
601,"confidential: replaced by 'CLID_anonymous'",78,5,"01-Jun-11"
601,"confidential: replaced by 'CLID_anonymous'",78,15,"12-Feb-11"
601,"confidential: replaced by 'CLID_anonymous'",78,18,"12-Feb-11"
601,"confidential: replaced by 'CLID_anonymous'",78,24,"12-Feb-11"
601,"confidential: replaced by 'CLID_anonymous'",78,11,"NeverPaid"
601,"confidential: replaced by 'CLID_anonymous'",78,3,"12-Feb-11"
601,"confidential: replaced by 'CLID_anonymous'",78,19,"12-Feb-11"
601,"confidential: replaced by 'CLID_anonymous'",78,2,"12-Feb-11"
601,"confidential: replaced by 'CLID_anonymous'",78,17,"NeverPaid"
601,"confidential: replaced by 'CLID_anonymous'",78,6,"NeverPaid"
601,"confidential: replaced by 'CLID_anonymous'",78,1,"01-Jun-11"
601,"confidential: replaced by 'CLID_anonymous'",78,13,"01-Jun-11"
601,"confidential: replaced by 'CLID_anonymous'",78,9,"12-Feb-11"
601,"confidential: replaced by 'CLID_anonymous'",78,21,"01-Jun-11"
601,"confidential: replaced by 'CLID_anonymous'",78,23,"01-Jun-11"
601,"confidential: replaced by 'CLID_anonymous'",2,4,"03-Jun-11"
601,"confidential: replaced by 'CLID_anonymous'",2,11,"03-Jun-11"
601,"confidential: replaced by 'CLID_anonymous'",2,12,"03-Jun-11"
601,"confidential: replaced by 'CLID_anonymous'",2,20,"03-Jun-11"
601,"confidential: replaced by 'CLID_anonymous'",2,17,"03-Jun-11"
601,"confidential: replaced by 'CLID_anonymous'",2,14,"03-Jun-11"
601,"confidential: replaced by 'CLID_anonymous'",2,18,"03-Jun-11"
601,"confidential: replaced by 'CLID_anonymous'",2,22,"NeverPaid"
601,"confidential: replaced by 'CLID_anonymous'",2,9,"03-Jun-11"
601,"confidential: replaced by 'CLID_anonymous'",2,7,"03-Jun-11"
601,"confidential: replaced by 'CLID_anonymous'",2,6,"03-Jun-11"
601,"confidential: replaced by 'CLID_anonymous'",2,13,"03-Jun-11"
601,"confidential: replaced by 'CLID_anonymous'",2,1,"03-Jun-11"
601,"confidential: replaced by 'CLID_anonymous'",2,5,"03-Jun-11"
601,"confidential: replaced by 'CLID_anonymous'",2,19,"03-Jun-11"
601,"confidential: replaced by 'CLID_anonymous'",2,16,"03-Jun-11"
601,"confidential: replaced by 'CLID_anonymous'",2,10,"03-Jun-11"
601,"confidential: replaced by 'CLID_anonymous'",2,8,"03-Jun-11"
601,"confidential: replaced by 'CLID_anonymous'",2,3,"NeverPaid"
601,"confidential: replaced by 'CLID_anonymous'",2,2,"NeverPaid"
601,"confidential: replaced by 'CLID_anonymous'",2,21,"03-Jun-11"
601,"confidential: replaced by 'CLID_anonymous'",2,15,"03-Jun-11"
601,"confidential: replaced by 'CLID_anonymous'",51,1,"05-Jun-11"
601,"confidential: replaced by 'CLID_anonymous'",51,25,"05-Jun-11"
601,"confidential: replaced by 'CLID_anonymous'",51,17,"05-Jun-11"
601,"confidential: replaced by 'CLID_anonymous'",51,23,"05-Jun-11"
601,"confidential: replaced by 'CLID_anonymous'",51,14,"05-Jun-11"
601,"confidential: replaced by 'CLID_anonymous'",51,16,"05-Jun-11"
601,"confidential: replaced by 'CLID_anonymous'",51,13,"05-Jun-11"
601,"confidential: replaced by 'CLID_anonymous'",51,26,"05-Jun-11"
601,"confidential: replaced by 'CLID_anonymous'",51,2,"05-Jun-11"
601,"confidential: replaced by 'CLID_anonymous'",51,3,"05-Jun-11"
601,"confidential: replaced by 'CLID_anonymous'",51,18,"NeverPaid"
601,"confidential: replaced by 'CLID_anonymous'",51,20,"05-Jun-11"
601,"confidential: replaced by 'CLID_anonymous'",51,11,"NeverPaid"
601,"confidential: replaced by 'CLID_anonymous'",51,8,"NeverPaid"
601,"confidential: replaced by 'CLID_anonymous'",51,12,"05-Jun-11"
601,"confidential: replaced by 'CLID_anonymous'",51,7,"05-Jun-11"
601,"confidential: replaced by 'CLID_anonymous'",51,15,"05-Jun-11"
601,"confidential: replaced by 'CLID_anonymous'",51,5,"NeverPaid"
601,"confidential: replaced by 'CLID_anonymous'",51,6,"NeverPaid"
601,"confidential: replaced by 'CLID_anonymous'",51,4,"05-Jun-11"
601,"confidential: replaced by 'CLID_anonymous'",51,19,"NeverPaid"
601,"confidential: replaced by 'CLID_anonymous'",51,27,"05-Jun-11"
601,"confidential: replaced by 'CLID_anonymous'",57,1,"03-Jun-11"
601,"confidential: replaced by 'CLID_anonymous'",57,27,"03-Jun-11"
601,"confidential: replaced by 'CLID_anonymous'",57,17,"03-Jun-11"
601,"confidential: replaced by 'CLID_anonymous'",57,12,"03-Jun-11"
601,"confidential: replaced by 'CLID_anonymous'",57,18,"NeverPaid"
601,"confidential: replaced by 'CLID_anonymous'",57,8,"03-Jun-11"
601,"confidential: replaced by 'CLID_anonymous'",57,25,"03-Jun-11"
601,"confidential: replaced by 'CLID_anonymous'",57,16,"03-Jun-11"
601,"confidential: replaced by 'CLID_anonymous'",57,14,"NeverPaid"
601,"confidential: replaced by 'CLID_anonymous'",57,15,"03-Jun-11"
601,"confidential: replaced by 'CLID_anonymous'",57,4,"03-Jun-11"
601,"confidential: replaced by 'CLID_anonymous'",57,19,"03-Jun-11"
601,"confidential: replaced by 'CLID_anonymous'",57,11,"03-Jun-11"
601,"confidential: replaced by 'CLID_anonymous'",57,23,"03-Jun-11"
601,"confidential: replaced by 'CLID_anonymous'",57,7,"03-Jun-11"
601,"confidential: replaced by 'CLID_anonymous'",57,9,"NeverPaid"
601,"confidential: replaced by 'CLID_anonymous'",57,10,"03-Jun-11"
601,"confidential: replaced by 'CLID_anonymous'",57,22,"03-Jun-11"
601,"confidential: replaced by 'CLID_anonymous'",57,6,"03-Jun-11"
601,"confidential: replaced by 'CLID_anonymous'",57,2,"03-Jun-11"
601,"confidential: replaced by 'CLID_anonymous'",57,21,"03-Jun-11"
601,"confidential: replaced by 'CLID_anonymous'",57,3,"NeverPaid"
601,"confidential: replaced by 'CLID_anonymous'",59,23,"06-Apr-11"
601,"confidential: replaced by 'CLID_anonymous'",59,22,"06-Apr-11"
601,"confidential: replaced by 'CLID_anonymous'",59,15,"06-Apr-11"
601,"confidential: replaced by 'CLID_anonymous'",59,8,"06-Apr-11"
601,"confidential: replaced by 'CLID_anonymous'",59,3,"06-Apr-11"
601,"confidential: replaced by 'CLID_anonymous'",59,9,"06-Apr-11"
601,"confidential: replaced by 'CLID_anonymous'",59,7,"06-Apr-11"
601,"confidential: replaced by 'CLID_anonymous'",59,10,"06-Apr-11"
601,"confidential: replaced by 'CLID_anonymous'",59,21,"06-Apr-11"
601,"confidential: replaced by 'CLID_anonymous'",59,13,"06-Apr-11"
601,"confidential: replaced by 'CLID_anonymous'",59,11,"06-Apr-11"
601,"confidential: replaced by 'CLID_anonymous'",59,12,"06-Apr-11"
601,"confidential: replaced by 'CLID_anonymous'",59,5,"06-Apr-11"
601,"confidential: replaced by 'CLID_anonymous'",59,16,"06-Apr-11"
601,"confidential: replaced by 'CLID_anonymous'",59,2,"06-Apr-11"
601,"confidential: replaced by 'CLID_anonymous'",59,4,"06-Apr-11"
601,"confidential: replaced by 'CLID_anonymous'",59,1,"06-Apr-11"
601,"confidential: replaced by 'CLID_anonymous'",59,20,"06-Apr-11"
601,"confidential: replaced by 'CLID_anonymous'",59,18,"06-Apr-11"
601,"confidential: replaced by 'CLID_anonymous'",59,17,"06-Apr-11"
601,"confidential: replaced by 'CLID_anonymous'",59,6,"06-Apr-11"
601,"confidential: replaced by 'CLID_anonymous'",59,14,"06-Apr-11"
602,"confidential: replaced by 'CLID_anonymous'",35,6,"03-Jun-11"
602,"confidential: replaced by 'CLID_anonymous'",35,35,"03-Jun-11"
602,"confidential: replaced by 'CLID_anonymous'",35,21,"03-Jun-11"
602,"confidential: replaced by 'CLID_anonymous'",35,8,"03-Jun-11"
602,"confidential: replaced by 'CLID_anonymous'",35,15,"03-Jun-11"
602,"confidential: replaced by 'CLID_anonymous'",35,47,"03-Jun-11"
602,"confidential: replaced by 'CLID_anonymous'",35,11,"NeverPaid"
602,"confidential: replaced by 'CLID_anonymous'",35,32,"NeverPaid"
602,"confidential: replaced by 'CLID_anonymous'",35,44,"03-Jun-11"
602,"confidential: replaced by 'CLID_anonymous'",35,3,"03-Jun-11"
602,"confidential: replaced by 'CLID_anonymous'",35,46,"03-Jun-11"
602,"confidential: replaced by 'CLID_anonymous'",35,19,"03-Jun-11"
602,"confidential: replaced by 'CLID_anonymous'",35,28,"03-Jun-11"
602,"confidential: replaced by 'CLID_anonymous'",35,27,"03-Jun-11"
602,"confidential: replaced by 'CLID_anonymous'",35,1,"NeverPaid"
602,"confidential: replaced by 'CLID_anonymous'",35,42,"03-Jun-11"
602,"confidential: replaced by 'CLID_anonymous'",35,16,"03-May-11"
602,"confidential: replaced by 'CLID_anonymous'",35,7,"03-Jun-11"
602,"confidential: replaced by 'CLID_anonymous'",35,39,"03-Jun-11"
602,"confidential: replaced by 'CLID_anonymous'",35,48,"03-Jun-11"
602,"confidential: replaced by 'CLID_anonymous'",35,26,"03-Jun-11"
602,"confidential: replaced by 'CLID_anonymous'",35,36,"NeverPaid"
602,"confidential: replaced by 'CLID_anonymous'",47,44,"27-May-11"
602,"confidential: replaced by 'CLID_anonymous'",47,12,"27-May-11"
602,"confidential: replaced by 'CLID_anonymous'",47,6,"27-May-11"
602,"confidential: replaced by 'CLID_anonymous'",47,21,"27-May-11"
602,"confidential: replaced by 'CLID_anonymous'",47,46,"27-May-11"
602,"confidential: replaced by 'CLID_anonymous'",47,34,"NeverPaid"
602,"confidential: replaced by 'CLID_anonymous'",47,40,"27-May-11"
602,"confidential: replaced by 'CLID_anonymous'",47,10,"27-May-11"
602,"confidential: replaced by 'CLID_anonymous'",47,13,"27-May-11"
602,"confidential: replaced by 'CLID_anonymous'",47,17,"27-May-11"
602,"confidential: replaced by 'CLID_anonymous'",47,39,"27-May-11"
602,"confidential: replaced by 'CLID_anonymous'",47,50,"NeverPaid"
602,"confidential: replaced by 'CLID_anonymous'",47,15,"27-May-11"
602,"confidential: replaced by 'CLID_anonymous'",47,33,"NeverPaid"
602,"confidential: replaced by 'CLID_anonymous'",47,49,"NeverPaid"
602,"confidential: replaced by 'CLID_anonymous'",47,7,"27-May-11"
602,"confidential: replaced by 'CLID_anonymous'",47,8,"27-May-11"
602,"confidential: replaced by 'CLID_anonymous'",47,29,"27-May-11"
602,"confidential: replaced by 'CLID_anonymous'",47,19,"27-May-11"
602,"confidential: replaced by 'CLID_anonymous'",47,37,"27-May-11"
602,"confidential: replaced by 'CLID_anonymous'",47,47,"27-May-11"
602,"confidential: replaced by 'CLID_anonymous'",47,18,"27-May-11"
602,"confidential: replaced by 'CLID_anonymous'",10,24,"04-May-11"
602,"confidential: replaced by 'CLID_anonymous'",10,26,"04-May-11"
602,"confidential: replaced by 'CLID_anonymous'",10,16,"04-May-11"
602,"confidential: replaced by 'CLID_anonymous'",10,23,"04-May-11"
602,"confidential: replaced by 'CLID_anonymous'",10,40,"04-May-11"
602,"confidential: replaced by 'CLID_anonymous'",10,39,"04-May-11"
602,"confidential: replaced by 'CLID_anonymous'",10,10,"04-May-11"
602,"confidential: replaced by 'CLID_anonymous'",10,27,"04-May-11"
602,"confidential: replaced by 'CLID_anonymous'",10,9,"04-May-11"
602,"confidential: replaced by 'CLID_anonymous'",10,47,"04-May-11"
602,"confidential: replaced by 'CLID_anonymous'",10,4,"04-May-11"
602,"confidential: replaced by 'CLID_anonymous'",10,3,"04-May-11"
602,"confidential: replaced by 'CLID_anonymous'",10,8,"04-May-11"
602,"confidential: replaced by 'CLID_anonymous'",10,30,"04-May-11"
602,"confidential: replaced by 'CLID_anonymous'",10,1,"04-May-11"
602,"confidential: replaced by 'CLID_anonymous'",10,17,"04-May-11"
602,"confidential: replaced by 'CLID_anonymous'",10,29,"04-May-11"
602,"confidential: replaced by 'CLID_anonymous'",10,19,"04-May-11"
602,"confidential: replaced by 'CLID_anonymous'",10,14,"04-May-11"
602,"confidential: replaced by 'CLID_anonymous'",10,42,"04-May-11"
602,"confidential: replaced by 'CLID_anonymous'",10,38,"04-May-11"
602,"confidential: replaced by 'CLID_anonymous'",10,45,"04-May-11"
602,"confidential: replaced by 'CLID_anonymous'",81,18,"21-May-11"
602,"confidential: replaced by 'CLID_anonymous'",81,33,"21-May-11"
602,"confidential: replaced by 'CLID_anonymous'",81,3,"21-May-11"
602,"confidential: replaced by 'CLID_anonymous'",81,19,"21-May-11"
602,"confidential: replaced by 'CLID_anonymous'",81,22,"21-May-11"
602,"confidential: replaced by 'CLID_anonymous'",81,4,"21-May-11"
602,"confidential: replaced by 'CLID_anonymous'",81,17,"21-May-11"
602,"confidential: replaced by 'CLID_anonymous'",81,13,"21-May-11"
602,"confidential: replaced by 'CLID_anonymous'",81,7,"21-May-11"
602,"confidential: replaced by 'CLID_anonymous'",81,11,"21-May-11"
602,"confidential: replaced by 'CLID_anonymous'",81,23,"21-May-11"
602,"confidential: replaced by 'CLID_anonymous'",81,1,"21-May-11"
602,"confidential: replaced by 'CLID_anonymous'",81,26,"21-May-11"
602,"confidential: replaced by 'CLID_anonymous'",81,21,"21-May-11"
602,"confidential: replaced by 'CLID_anonymous'",81,12,"21-May-11"
602,"confidential: replaced by 'CLID_anonymous'",81,8,"21-May-11"
602,"confidential: replaced by 'CLID_anonymous'",81,9,"21-May-11"
602,"confidential: replaced by 'CLID_anonymous'",81,29,"21-May-11"
602,"confidential: replaced by 'CLID_anonymous'",81,36,"21-May-11"
602,"confidential: replaced by 'CLID_anonymous'",81,6,"21-May-11"
602,"confidential: replaced by 'CLID_anonymous'",81,27,"21-May-11"
602,"confidential: replaced by 'CLID_anonymous'",81,15,"21-May-11"
602,"confidential: replaced by 'CLID_anonymous'",29,3,"NeverPaid"
602,"confidential: replaced by 'CLID_anonymous'",29,29,"18-May-11"
602,"confidential: replaced by 'CLID_anonymous'",29,35,"NeverPaid"
602,"confidential: replaced by 'CLID_anonymous'",29,11,"NeverPaid"
602,"confidential: replaced by 'CLID_anonymous'",29,9,"18-May-11"
602,"confidential: replaced by 'CLID_anonymous'",29,18,"18-May-11"
602,"confidential: replaced by 'CLID_anonymous'",29,22,"18-May-11"
602,"confidential: replaced by 'CLID_anonymous'",29,15,"18-May-11"
602,"confidential: replaced by 'CLID_anonymous'",29,4,"NeverPaid"
602,"confidential: replaced by 'CLID_anonymous'",29,8,"18-May-11"
602,"confidential: replaced by 'CLID_anonymous'",29,17,"18-May-11"
602,"confidential: replaced by 'CLID_anonymous'",29,26,"NeverPaid"
602,"confidential: replaced by 'CLID_anonymous'",29,6,"18-May-11"
602,"confidential: replaced by 'CLID_anonymous'",29,33,"18-May-11"
602,"confidential: replaced by 'CLID_anonymous'",29,1,"18-May-11"
602,"confidential: replaced by 'CLID_anonymous'",29,19,"NeverPaid"
602,"confidential: replaced by 'CLID_anonymous'",29,5,"NeverPaid"
602,"confidential: replaced by 'CLID_anonymous'",29,23,"18-May-11"
602,"confidential: replaced by 'CLID_anonymous'",29,12,"NeverPaid"
602,"confidential: replaced by 'CLID_anonymous'",29,34,"18-May-11"
602,"confidential: replaced by 'CLID_anonymous'",29,27,"18-May-11"
602,"confidential: replaced by 'CLID_anonymous'",29,7,"NeverPaid"
602,"confidential: replaced by 'CLID_anonymous'",18,39,"19-May-11"
602,"confidential: replaced by 'CLID_anonymous'",18,14,"19-May-11"
602,"confidential: replaced by 'CLID_anonymous'",18,31,"19-May-11"
602,"confidential: replaced by 'CLID_anonymous'",18,28,"19-May-11"
602,"confidential: replaced by 'CLID_anonymous'",18,26,"19-May-11"
602,"confidential: replaced by 'CLID_anonymous'",18,21,"19-May-11"
602,"confidential: replaced by 'CLID_anonymous'",18,8,"NeverPaid"
602,"confidential: replaced by 'CLID_anonymous'",18,43,"19-May-11"
602,"confidential: replaced by 'CLID_anonymous'",18,6,"19-May-11"
602,"confidential: replaced by 'CLID_anonymous'",18,20,"19-May-11"
602,"confidential: replaced by 'CLID_anonymous'",18,36,"19-May-11"
602,"confidential: replaced by 'CLID_anonymous'",18,7,"19-May-11"
602,"confidential: replaced by 'CLID_anonymous'",18,48,"05-May-11"
602,"confidential: replaced by 'CLID_anonymous'",18,42,"19-May-11"
602,"confidential: replaced by 'CLID_anonymous'",18,22,"19-May-11"
602,"confidential: replaced by 'CLID_anonymous'",18,38,"19-May-11"
602,"confidential: replaced by 'CLID_anonymous'",18,47,"19-May-11"
602,"confidential: replaced by 'CLID_anonymous'",18,15,"19-May-11"
602,"confidential: replaced by 'CLID_anonymous'",18,45,"19-May-11"
602,"confidential: replaced by 'CLID_anonymous'",18,16,"19-May-11"
602,"confidential: replaced by 'CLID_anonymous'",18,18,"19-May-11"
602,"confidential: replaced by 'CLID_anonymous'",18,17,"19-May-11"
602,"confidential: replaced by 'CLID_anonymous'",65,12,"23-May-11"
602,"confidential: replaced by 'CLID_anonymous'",65,8,"23-May-11"
602,"confidential: replaced by 'CLID_anonymous'",65,45,"23-May-11"
602,"confidential: replaced by 'CLID_anonymous'",65,5,"23-May-11"
602,"confidential: replaced by 'CLID_anonymous'",65,29,"NeverPaid"
602,"confidential: replaced by 'CLID_anonymous'",65,47,"23-May-11"
602,"confidential: replaced by 'CLID_anonymous'",65,46,"23-May-11"
602,"confidential: replaced by 'CLID_anonymous'",65,25,"23-May-11"
602,"confidential: replaced by 'CLID_anonymous'",65,11,"NeverPaid"
602,"confidential: replaced by 'CLID_anonymous'",65,16,"23-May-11"
602,"confidential: replaced by 'CLID_anonymous'",65,10,"NeverPaid"
602,"confidential: replaced by 'CLID_anonymous'",65,22,"23-May-11"
602,"confidential: replaced by 'CLID_anonymous'",65,6,"23-May-11"
602,"confidential: replaced by 'CLID_anonymous'",65,15,"23-May-11"
602,"confidential: replaced by 'CLID_anonymous'",65,48,"NeverPaid"
602,"confidential: replaced by 'CLID_anonymous'",65,7,"23-May-11"
602,"confidential: replaced by 'CLID_anonymous'",65,36,"23-May-11"
602,"confidential: replaced by 'CLID_anonymous'",65,19,"23-May-11"
602,"confidential: replaced by 'CLID_anonymous'",65,3,"23-May-11"
602,"confidential: replaced by 'CLID_anonymous'",65,38,"23-May-11"
602,"confidential: replaced by 'CLID_anonymous'",65,37,"23-May-11"
602,"confidential: replaced by 'CLID_anonymous'",65,34,"23-May-11"
602,"confidential: replaced by 'CLID_anonymous'",25,4,"19-May-11"
602,"confidential: replaced by 'CLID_anonymous'",25,3,"19-May-11"
602,"confidential: replaced by 'CLID_anonymous'",25,15,"19-May-11"
602,"confidential: replaced by 'CLID_anonymous'",25,36,"NeverPaid"
602,"confidential: replaced by 'CLID_anonymous'",25,30,"19-May-11"
602,"confidential: replaced by 'CLID_anonymous'",25,9,"19-May-11"
602,"confidential: replaced by 'CLID_anonymous'",25,31,"19-May-11"
602,"confidential: replaced by 'CLID_anonymous'",25,39,"NeverPaid"
602,"confidential: replaced by 'CLID_anonymous'",25,16,"19-May-11"
602,"confidential: replaced by 'CLID_anonymous'",25,21,"NeverPaid"
602,"confidential: replaced by 'CLID_anonymous'",25,20,"19-May-11"
602,"confidential: replaced by 'CLID_anonymous'",25,32,"NeverPaid"
602,"confidential: replaced by 'CLID_anonymous'",25,14,"19-May-11"
602,"confidential: replaced by 'CLID_anonymous'",25,13,"19-May-11"
602,"confidential: replaced by 'CLID_anonymous'",25,24,"NeverPaid"
602,"confidential: replaced by 'CLID_anonymous'",25,26,"19-May-11"
602,"confidential: replaced by 'CLID_anonymous'",25,2,"NeverPaid"
602,"confidential: replaced by 'CLID_anonymous'",25,19,"19-May-11"
602,"confidential: replaced by 'CLID_anonymous'",25,1,"19-May-11"
602,"confidential: replaced by 'CLID_anonymous'",25,23,"19-May-11"
602,"confidential: replaced by 'CLID_anonymous'",25,29,"19-May-11"
602,"confidential: replaced by 'CLID_anonymous'",25,28,"19-May-11"
602,"confidential: replaced by 'CLID_anonymous'",23,23,"06-Jun-11"
602,"confidential: replaced by 'CLID_anonymous'",23,34,"06-Jun-11"
602,"confidential: replaced by 'CLID_anonymous'",23,42,"06-Jun-11"
602,"confidential: replaced by 'CLID_anonymous'",23,26,"06-Jun-11"
602,"confidential: replaced by 'CLID_anonymous'",23,18,"06-Jun-11"
602,"confidential: replaced by 'CLID_anonymous'",23,21,"06-Jun-11"
602,"confidential: replaced by 'CLID_anonymous'",23,22,"06-Jun-11"
602,"confidential: replaced by 'CLID_anonymous'",23,24,"06-Jun-11"
602,"confidential: replaced by 'CLID_anonymous'",23,49,"06-Jun-11"
602,"confidential: replaced by 'CLID_anonymous'",23,32,"06-Jun-11"
602,"confidential: replaced by 'CLID_anonymous'",23,47,"06-Jun-11"
602,"confidential: replaced by 'CLID_anonymous'",23,46,"06-Jun-11"
602,"confidential: replaced by 'CLID_anonymous'",23,31,"06-Jun-11"
602,"confidential: replaced by 'CLID_anonymous'",23,44,"NeverPaid"
602,"confidential: replaced by 'CLID_anonymous'",23,19,"06-Jun-11"
602,"confidential: replaced by 'CLID_anonymous'",23,36,"06-Jun-11"
602,"confidential: replaced by 'CLID_anonymous'",23,2,"06-Jun-11"
602,"confidential: replaced by 'CLID_anonymous'",23,13,"06-Jun-11"
602,"confidential: replaced by 'CLID_anonymous'",23,40,"06-Jun-11"
602,"confidential: replaced by 'CLID_anonymous'",23,14,"06-Jun-11"
602,"confidential: replaced by 'CLID_anonymous'",23,4,"06-Jun-11"
602,"confidential: replaced by 'CLID_anonymous'",23,17,"06-Jun-11"
602,"confidential: replaced by 'CLID_anonymous'",31,7,"19-May-11"
602,"confidential: replaced by 'CLID_anonymous'",31,43,"19-May-11"
602,"confidential: replaced by 'CLID_anonymous'",31,50,"19-May-11"
602,"confidential: replaced by 'CLID_anonymous'",31,10,"NeverPaid"
602,"confidential: replaced by 'CLID_anonymous'",31,41,"19-May-11"
602,"confidential: replaced by 'CLID_anonymous'",31,11,"19-May-11"
602,"confidential: replaced by 'CLID_anonymous'",31,19,"19-May-11"
602,"confidential: replaced by 'CLID_anonymous'",31,26,"19-May-11"
602,"confidential: replaced by 'CLID_anonymous'",31,22,"19-May-11"
602,"confidential: replaced by 'CLID_anonymous'",31,38,"19-May-11"
602,"confidential: replaced by 'CLID_anonymous'",31,42,"19-May-11"
602,"confidential: replaced by 'CLID_anonymous'",31,34,"19-May-11"
602,"confidential: replaced by 'CLID_anonymous'",31,45,"19-May-11"
602,"confidential: replaced by 'CLID_anonymous'",31,32,"19-May-11"
602,"confidential: replaced by 'CLID_anonymous'",31,16,"19-May-11"
602,"confidential: replaced by 'CLID_anonymous'",31,29,"19-May-11"
602,"confidential: replaced by 'CLID_anonymous'",31,28,"19-May-11"
602,"confidential: replaced by 'CLID_anonymous'",31,17,"NeverPaid"
602,"confidential: replaced by 'CLID_anonymous'",31,5,"NeverPaid"
602,"confidential: replaced by 'CLID_anonymous'",31,3,"19-May-11"
602,"confidential: replaced by 'CLID_anonymous'",31,2,"19-May-11"
602,"confidential: replaced by 'CLID_anonymous'",31,47,"19-May-11"
602,"confidential: replaced by 'CLID_anonymous'",24,26,"20-May-11"
602,"confidential: replaced by 'CLID_anonymous'",24,32,"20-May-11"
602,"confidential: replaced by 'CLID_anonymous'",24,12,"20-May-11"
602,"confidential: replaced by 'CLID_anonymous'",24,34,"20-May-11"
602,"confidential: replaced by 'CLID_anonymous'",24,22,"20-May-11"
602,"confidential: replaced by 'CLID_anonymous'",24,50,"20-May-11"
602,"confidential: replaced by 'CLID_anonymous'",24,40,"20-May-11"
602,"confidential: replaced by 'CLID_anonymous'",24,29,"20-May-11"
602,"confidential: replaced by 'CLID_anonymous'",24,24,"20-May-11"
602,"confidential: replaced by 'CLID_anonymous'",24,23,"20-May-11"
602,"confidential: replaced by 'CLID_anonymous'",24,10,"20-May-11"
602,"confidential: replaced by 'CLID_anonymous'",24,47,"20-May-11"
602,"confidential: replaced by 'CLID_anonymous'",24,8,"20-May-11"
602,"confidential: replaced by 'CLID_anonymous'",24,28,"20-May-11"
602,"confidential: replaced by 'CLID_anonymous'",24,19,"20-May-11"
602,"confidential: replaced by 'CLID_anonymous'",24,5,"20-May-11"
602,"confidential: replaced by 'CLID_anonymous'",24,17,"20-May-11"
602,"confidential: replaced by 'CLID_anonymous'",24,11,"20-May-11"
602,"confidential: replaced by 'CLID_anonymous'",24,45,"20-May-11"
602,"confidential: replaced by 'CLID_anonymous'",24,41,"20-May-11"
602,"confidential: replaced by 'CLID_anonymous'",24,7,"20-May-11"
602,"confidential: replaced by 'CLID_anonymous'",24,42,"NeverPaid"
