"DistID","CLID","CLID_anonymous","CMC","CMC_Name","Sex","YrsInVill","position","PartcipThisMeet","Age","edu_completed","occupation","CMCBen","CBCCTID_CMC","anonymous_data_ID"
104,"confidential: replaced by 'CLID_anonymous'",26,1,"confidential: removed from data",2,37,1,1,48,1,4,2,,1
104,"confidential: replaced by 'CLID_anonymous'",26,2,"confidential: removed from data",1,37,2,1,42,1,4,2,,2
104,"confidential: replaced by 'CLID_anonymous'",26,3,"confidential: removed from data",2,37,3,1,44,2,4,2,,3
104,"confidential: replaced by 'CLID_anonymous'",26,4,"confidential: removed from data",1,34,4,1,45,1,4,2,,4
104,"confidential: replaced by 'CLID_anonymous'",26,5,"confidential: removed from data",2,37,4,1,43,1,4,2,,5
104,"confidential: replaced by 'CLID_anonymous'",26,6,"confidential: removed from data",1,35,4,2,35,1,4,2,,6
104,"confidential: replaced by 'CLID_anonymous'",26,7,"confidential: removed from data",2,27,4,2,27,1,4,2,,7
104,"confidential: replaced by 'CLID_anonymous'",26,8,"confidential: removed from data",1,27,4,2,27,1,4,2,,8
104,"confidential: replaced by 'CLID_anonymous'",26,9,"confidential: removed from data",2,35,4,2,35,1,4,2,,9
104,"confidential: replaced by 'CLID_anonymous'",26,10,"confidential: removed from data",2,37,4,2,44,1,4,2,,10
104,"confidential: replaced by 'CLID_anonymous'",26,11,"confidential: removed from data",2,37,4,2,46,1,4,2,,11
104,"confidential: replaced by 'CLID_anonymous'",26,12,"confidential: removed from data",1,28,4,2,28,1,4,2,,12
104,"confidential: replaced by 'CLID_anonymous'",77,1,"confidential: removed from data",1,15,1,1,57,1,99,2,,13
104,"confidential: replaced by 'CLID_anonymous'",77,2,"confidential: removed from data",1,9,2,1,36,1,12,2,,14
104,"confidential: replaced by 'CLID_anonymous'",77,3,"confidential: removed from data",2,10,3,2,45,1,6,2,,15
104,"confidential: replaced by 'CLID_anonymous'",77,4,"confidential: removed from data",2,10,4,1,38,1,7,2,,16
104,"confidential: replaced by 'CLID_anonymous'",77,5,"confidential: removed from data",2,10,4,1,32,1,6,2,,17
104,"confidential: replaced by 'CLID_anonymous'",77,6,"confidential: removed from data",1,12,4,2,49,1,99,2,,18
104,"confidential: replaced by 'CLID_anonymous'",77,7,"confidential: removed from data",1,8,4,2,34,1,99,2,,19
104,"confidential: replaced by 'CLID_anonymous'",77,8,"confidential: removed from data",2,15,4,2,49,1,6,2,,20
104,"confidential: replaced by 'CLID_anonymous'",77,9,"confidential: removed from data",2,17,4,2,33,1,6,2,,21
104,"confidential: replaced by 'CLID_anonymous'",77,10,"confidential: removed from data",1,29,4,2,29,1,4,2,,22
104,"confidential: replaced by 'CLID_anonymous'",22,1,"confidential: removed from data",2,36,1,1,36,1,4,2,,23
104,"confidential: replaced by 'CLID_anonymous'",22,2,"confidential: removed from data",1,25,2,1,33,1,4,2,,24
104,"confidential: replaced by 'CLID_anonymous'",22,3,"confidential: removed from data",1,47,3,1,47,1,4,2,,25
104,"confidential: replaced by 'CLID_anonymous'",22,4,"confidential: removed from data",1,31,4,1,31,2,4,2,,26
104,"confidential: replaced by 'CLID_anonymous'",22,5,"confidential: removed from data",2,31,4,1,31,1,4,2,,27
104,"confidential: replaced by 'CLID_anonymous'",22,6,"confidential: removed from data",2,38,4,2,38,1,4,1,"CCT-CHAM-01-5510-1",28
104,"confidential: replaced by 'CLID_anonymous'",22,7,"confidential: removed from data",1,29,4,2,29,1,4,2,,29
104,"confidential: replaced by 'CLID_anonymous'",22,8,"confidential: removed from data",1,35,4,2,35,1,4,2,,30
104,"confidential: replaced by 'CLID_anonymous'",22,9,"confidential: removed from data",2,28,4,2,28,1,4,2,,31
104,"confidential: replaced by 'CLID_anonymous'",22,10,"confidential: removed from data",2,30,4,2,30,1,4,2,,32
104,"confidential: replaced by 'CLID_anonymous'",67,1,"confidential: removed from data",1,30,1,1,47,1,4,2,,33
104,"confidential: replaced by 'CLID_anonymous'",67,2,"confidential: removed from data",1,43,2,1,43,1,4,2,,34
104,"confidential: replaced by 'CLID_anonymous'",67,3,"confidential: removed from data",2,29,3,1,29,1,4,2,,35
104,"confidential: replaced by 'CLID_anonymous'",67,4,"confidential: removed from data",2,32,4,2,32,1,4,2,,36
104,"confidential: replaced by 'CLID_anonymous'",67,5,"confidential: removed from data",1,11,4,1,49,0,4,2,,37
104,"confidential: replaced by 'CLID_anonymous'",67,6,"confidential: removed from data",1,39,4,2,39,1,4,2,,38
104,"confidential: replaced by 'CLID_anonymous'",67,7,"confidential: removed from data",2,37,4,2,37,1,4,2,,39
104,"confidential: replaced by 'CLID_anonymous'",67,8,"confidential: removed from data",2,36,4,2,36,1,4,2,,40
104,"confidential: replaced by 'CLID_anonymous'",67,9,"confidential: removed from data",2,36,4,2,36,1,4,2,,41
104,"confidential: replaced by 'CLID_anonymous'",67,10,"confidential: removed from data",2,29,4,2,29,1,4,2,,42
104,"confidential: replaced by 'CLID_anonymous'",40,1,"confidential: removed from data",1,40,1,1,66,1,4,1,"CCT-CHAM-01-6388-1",43
104,"confidential: replaced by 'CLID_anonymous'",40,2,"confidential: removed from data",1,10,2,1,42,1,4,2,,44
104,"confidential: replaced by 'CLID_anonymous'",40,3,"confidential: removed from data",1,25,3,2,48,1,4,2,,45
104,"confidential: replaced by 'CLID_anonymous'",40,4,"confidential: removed from data",1,31,4,1,44,1,4,2,,46
104,"confidential: replaced by 'CLID_anonymous'",40,5,"confidential: removed from data",1,47,4,2,47,1,4,2,,47
104,"confidential: replaced by 'CLID_anonymous'",40,6,"confidential: removed from data",1,5,4,2,45,1,4,2,,48
104,"confidential: replaced by 'CLID_anonymous'",40,7,"confidential: removed from data",1,43,4,2,43,1,4,2,,49
104,"confidential: replaced by 'CLID_anonymous'",40,8,"confidential: removed from data",1,35,4,2,35,1,4,1,"CCT-CHAM-01-5555-1",50
104,"confidential: replaced by 'CLID_anonymous'",40,9,"confidential: removed from data",2,28,4,2,28,1,4,2,,51
104,"confidential: replaced by 'CLID_anonymous'",40,10,"confidential: removed from data",2,30,4,2,30,1,4,2,,52
104,"confidential: replaced by 'CLID_anonymous'",40,11,"confidential: removed from data",1,40,4,2,69,1,4,1,"CCT-CHAM-01-7131-1",53
104,"confidential: replaced by 'CLID_anonymous'",40,12,"confidential: removed from data",2,6,4,2,35,1,4,2,,54
104,"confidential: replaced by 'CLID_anonymous'",50,1,"confidential: removed from data",2,43,1,1,44,1,4,2,,55
104,"confidential: replaced by 'CLID_anonymous'",50,2,"confidential: removed from data",1,37,2,1,37,1,4,2,,56
104,"confidential: replaced by 'CLID_anonymous'",50,3,"confidential: removed from data",1,38,3,1,38,1,4,2,,57
104,"confidential: replaced by 'CLID_anonymous'",50,4,"confidential: removed from data",1,13,4,1,49,1,4,1,"CCT-CHAM-01-7593-2",58
104,"confidential: replaced by 'CLID_anonymous'",50,5,"confidential: removed from data",2,4,4,2,44,1,4,2,,59
104,"confidential: replaced by 'CLID_anonymous'",50,6,"confidential: removed from data",2,18,4,2,40,1,4,2,,60
104,"confidential: replaced by 'CLID_anonymous'",50,7,"confidential: removed from data",2,18,4,2,38,1,4,2,,61
104,"confidential: replaced by 'CLID_anonymous'",50,8,"confidential: removed from data",1,42,4,2,42,1,4,2,,62
104,"confidential: replaced by 'CLID_anonymous'",50,9,"confidential: removed from data",2,43,4,2,43,1,4,2,,63
104,"confidential: replaced by 'CLID_anonymous'",50,10,"confidential: removed from data",1,22,4,2,22,1,4,2,,64
104,"confidential: replaced by 'CLID_anonymous'",6,1,"confidential: removed from data",1,21,1,2,40,1,99,2,,65
104,"confidential: replaced by 'CLID_anonymous'",6,2,"confidential: removed from data",1,10,2,2,35,2,99,2,,66
104,"confidential: replaced by 'CLID_anonymous'",6,3,"confidential: removed from data",2,13,3,1,42,1,4,2,,67
104,"confidential: replaced by 'CLID_anonymous'",6,4,"confidential: removed from data",2,20,4,1,30,1,4,2,,68
104,"confidential: replaced by 'CLID_anonymous'",6,5,"confidential: removed from data",2,5,4,1,23,1,4,2,,69
104,"confidential: replaced by 'CLID_anonymous'",6,6,"confidential: removed from data",1,17,4,1,46,1,4,2,,70
104,"confidential: replaced by 'CLID_anonymous'",6,7,"confidential: removed from data",2,4,4,1,33,1,4,2,,71
104,"confidential: replaced by 'CLID_anonymous'",6,8,"confidential: removed from data",1,15,4,2,41,1,99,2,,72
104,"confidential: replaced by 'CLID_anonymous'",6,9,"confidential: removed from data",2,20,4,2,45,1,4,2,,73
104,"confidential: replaced by 'CLID_anonymous'",6,10,"confidential: removed from data",1,25,4,2,25,1,4,2,,74
104,"confidential: replaced by 'CLID_anonymous'",82,1,"confidential: removed from data",1,56,1,2,56,1,4,2,,75
104,"confidential: replaced by 'CLID_anonymous'",82,2,"confidential: removed from data",1,30,2,1,30,1,4,2,,76
104,"confidential: replaced by 'CLID_anonymous'",82,3,"confidential: removed from data",2,15,3,1,36,1,4,2,,77
104,"confidential: replaced by 'CLID_anonymous'",82,4,"confidential: removed from data",2,34,4,1,34,1,4,2,,78
104,"confidential: replaced by 'CLID_anonymous'",82,5,"confidential: removed from data",1,27,4,1,27,1,4,2,,79
104,"confidential: replaced by 'CLID_anonymous'",82,6,"confidential: removed from data",2,25,4,2,25,1,4,2,,80
104,"confidential: replaced by 'CLID_anonymous'",82,7,"confidential: removed from data",2,30,4,2,30,1,4,2,,81
104,"confidential: replaced by 'CLID_anonymous'",82,8,"confidential: removed from data",1,6,4,2,30,2,4,2,,82
104,"confidential: replaced by 'CLID_anonymous'",82,9,"confidential: removed from data",1,56,4,2,56,1,4,2,,83
104,"confidential: replaced by 'CLID_anonymous'",82,10,"confidential: removed from data",1,24,4,2,24,1,4,2,,84
104,"confidential: replaced by 'CLID_anonymous'",70,1,"confidential: removed from data",2,35,1,1,35,1,4,2,,85
104,"confidential: replaced by 'CLID_anonymous'",70,2,"confidential: removed from data",1,36,2,1,36,1,4,2,,86
104,"confidential: replaced by 'CLID_anonymous'",70,3,"confidential: removed from data",2,27,3,1,27,2,4,2,,87
104,"confidential: replaced by 'CLID_anonymous'",70,4,"confidential: removed from data",2,39,4,1,39,1,4,2,,88
104,"confidential: replaced by 'CLID_anonymous'",70,5,"confidential: removed from data",2,33,4,1,33,1,4,2,,89
104,"confidential: replaced by 'CLID_anonymous'",70,6,"confidential: removed from data",1,9,4,2,45,1,4,2,,90
104,"confidential: replaced by 'CLID_anonymous'",70,7,"confidential: removed from data",1,26,4,2,26,1,4,2,,91
104,"confidential: replaced by 'CLID_anonymous'",70,8,"confidential: removed from data",2,28,4,2,28,1,4,2,,92
104,"confidential: replaced by 'CLID_anonymous'",70,9,"confidential: removed from data",1,45,4,2,45,1,4,2,,93
104,"confidential: replaced by 'CLID_anonymous'",70,10,"confidential: removed from data",1,40,4,2,40,1,4,2,,94
104,"confidential: replaced by 'CLID_anonymous'",70,11,"confidential: removed from data",1,29,4,2,29,1,4,2,,95
104,"confidential: replaced by 'CLID_anonymous'",70,12,"confidential: removed from data",2,12,4,2,33,1,4,2,,96
104,"confidential: replaced by 'CLID_anonymous'",70,13,"confidential: removed from data",2,7,4,2,33,1,4,2,,97
104,"confidential: replaced by 'CLID_anonymous'",70,14,"confidential: removed from data",1,31,4,2,31,1,4,2,,98
104,"confidential: replaced by 'CLID_anonymous'",27,1,"confidential: removed from data",1,26,1,1,50,2,4,2,,99
104,"confidential: replaced by 'CLID_anonymous'",27,2,"confidential: removed from data",2,22,2,1,43,1,4,2,,100
104,"confidential: replaced by 'CLID_anonymous'",27,3,"confidential: removed from data",1,26,3,1,26,1,4,2,,101
104,"confidential: replaced by 'CLID_anonymous'",27,4,"confidential: removed from data",1,26,4,1,26,1,4,2,,102
104,"confidential: replaced by 'CLID_anonymous'",27,5,"confidential: removed from data",2,18,4,1,36,1,4,2,,103
104,"confidential: replaced by 'CLID_anonymous'",27,6,"confidential: removed from data",2,3,4,2,22,1,4,2,,104
104,"confidential: replaced by 'CLID_anonymous'",27,7,"confidential: removed from data",2,20,4,2,49,1,4,2,,105
104,"confidential: replaced by 'CLID_anonymous'",27,8,"confidential: removed from data",2,3,4,2,22,1,4,2,,106
104,"confidential: replaced by 'CLID_anonymous'",27,9,"confidential: removed from data",2,25,4,2,47,1,4,2,,107
104,"confidential: replaced by 'CLID_anonymous'",27,10,"confidential: removed from data",1,23,4,2,23,1,4,2,,108
104,"confidential: replaced by 'CLID_anonymous'",68,1,"confidential: removed from data",2,31,1,1,31,1,4,2,,109
104,"confidential: replaced by 'CLID_anonymous'",68,2,"confidential: removed from data",1,63,2,2,63,1,4,2,,110
104,"confidential: replaced by 'CLID_anonymous'",68,3,"confidential: removed from data",2,32,3,1,32,1,4,2,,111
104,"confidential: replaced by 'CLID_anonymous'",68,4,"confidential: removed from data",1,30,4,1,30,1,4,2,,112
104,"confidential: replaced by 'CLID_anonymous'",68,5,"confidential: removed from data",1,37,4,1,37,1,4,2,,113
104,"confidential: replaced by 'CLID_anonymous'",68,6,"confidential: removed from data",2,41,4,2,41,1,4,2,,114
104,"confidential: replaced by 'CLID_anonymous'",68,7,"confidential: removed from data",2,28,4,2,28,1,4,2,,115
104,"confidential: replaced by 'CLID_anonymous'",68,8,"confidential: removed from data",1,31,4,2,31,1,4,2,,116
104,"confidential: replaced by 'CLID_anonymous'",68,9,"confidential: removed from data",1,32,4,2,32,1,4,2,,117
104,"confidential: replaced by 'CLID_anonymous'",68,10,"confidential: removed from data",2,26,4,2,26,1,4,2,,118
601,"confidential: replaced by 'CLID_anonymous'",74,1,"confidential: removed from data",1,16,1,1,39,1,4,2,,119
601,"confidential: replaced by 'CLID_anonymous'",74,2,"confidential: removed from data",1,12,2,1,39,1,1,2,,120
601,"confidential: replaced by 'CLID_anonymous'",74,3,"confidential: removed from data",2,34,3,1,39,1,1,2,,121
601,"confidential: replaced by 'CLID_anonymous'",74,4,"confidential: removed from data",2,46,4,1,47,1,4,2,,122
601,"confidential: replaced by 'CLID_anonymous'",74,5,"confidential: removed from data",1,25,4,1,32,1,4,2,,123
601,"confidential: replaced by 'CLID_anonymous'",74,6,"confidential: removed from data",2,34,4,2,34,1,4,2,,124
601,"confidential: replaced by 'CLID_anonymous'",21,1,"confidential: removed from data",1,15,1,1,40,2,4,2,,125
601,"confidential: replaced by 'CLID_anonymous'",21,2,"confidential: removed from data",2,10,2,2,45,1,4,2,,126
601,"confidential: replaced by 'CLID_anonymous'",21,3,"confidential: removed from data",2,36,4,1,36,2,4,2,,127
601,"confidential: replaced by 'CLID_anonymous'",21,4,"confidential: removed from data",2,12,4,1,35,1,4,2,,128
601,"confidential: replaced by 'CLID_anonymous'",21,5,"confidential: removed from data",2,35,4,2,35,1,4,2,,129
601,"confidential: replaced by 'CLID_anonymous'",21,6,"confidential: removed from data",1,35,4,2,42,1,4,2,,130
601,"confidential: replaced by 'CLID_anonymous'",21,7,"confidential: removed from data",1,25,4,2,25,1,4,2,,131
601,"confidential: replaced by 'CLID_anonymous'",21,8,"confidential: removed from data",1,26,4,2,26,1,4,1,"CCT-BAG-01-1222675-1",132
601,"confidential: replaced by 'CLID_anonymous'",21,9,"confidential: removed from data",2,25,4,1,32,1,4,1,"CCT-BAG-01-12383-1",133
601,"confidential: replaced by 'CLID_anonymous'",53,1,"confidential: removed from data",1,61,1,1,61,1,4,2,,134
601,"confidential: replaced by 'CLID_anonymous'",53,2,"confidential: removed from data",1,37,2,1,37,1,4,2,,135
601,"confidential: replaced by 'CLID_anonymous'",53,3,"confidential: removed from data",2,21,3,2,21,1,4,2,,136
601,"confidential: replaced by 'CLID_anonymous'",53,4,"confidential: removed from data",2,50,4,1,50,1,4,2,,137
601,"confidential: replaced by 'CLID_anonymous'",53,5,"confidential: removed from data",1,38,4,1,38,1,4,2,,138
601,"confidential: replaced by 'CLID_anonymous'",53,6,"confidential: removed from data",2,7,4,2,25,1,4,2,,139
601,"confidential: replaced by 'CLID_anonymous'",53,7,"confidential: removed from data",1,30,4,1,30,1,4,2,,140
601,"confidential: replaced by 'CLID_anonymous'",53,8,"confidential: removed from data",2,23,4,2,23,1,4,1,"cct-bag-01-6395-1",141
601,"confidential: replaced by 'CLID_anonymous'",53,9,"confidential: removed from data",1,25,4,2,25,1,4,2,,142
601,"confidential: replaced by 'CLID_anonymous'",53,10,"confidential: removed from data",2,15,4,2,25,1,4,2,,143
601,"confidential: replaced by 'CLID_anonymous'",37,1,"confidential: removed from data",1,53,1,1,53,1,4,2,,144
601,"confidential: replaced by 'CLID_anonymous'",37,2,"confidential: removed from data",1,39,2,2,39,1,4,2,,145
601,"confidential: replaced by 'CLID_anonymous'",37,3,"confidential: removed from data",2,38,3,1,38,1,4,2,,146
601,"confidential: replaced by 'CLID_anonymous'",37,4,"confidential: removed from data",1,65,4,1,65,1,3,2,,147
601,"confidential: replaced by 'CLID_anonymous'",37,5,"confidential: removed from data",2,29,4,1,29,1,4,2,,148
601,"confidential: replaced by 'CLID_anonymous'",37,6,"confidential: removed from data",2,30,4,2,30,1,4,2,,149
601,"confidential: replaced by 'CLID_anonymous'",37,7,"confidential: removed from data",2,42,4,2,42,1,4,2,,150
601,"confidential: replaced by 'CLID_anonymous'",37,8,"confidential: removed from data",2,37,4,2,38,1,4,2,,151
601,"confidential: replaced by 'CLID_anonymous'",37,9,"confidential: removed from data",1,40,4,2,40,1,4,2,,152
601,"confidential: replaced by 'CLID_anonymous'",37,10,"confidential: removed from data",1,27,4,2,27,1,4,2,,153
601,"confidential: replaced by 'CLID_anonymous'",61,1,"confidential: removed from data",1,7,1,1,34,1,4,2,,154
601,"confidential: replaced by 'CLID_anonymous'",61,2,"confidential: removed from data",1,52,2,1,52,1,4,1,"CC T-BAG-01-13387-1",155
601,"confidential: replaced by 'CLID_anonymous'",61,3,"confidential: removed from data",2,45,3,1,45,1,4,1,"CCT-BAG-01-12844-1",156
601,"confidential: replaced by 'CLID_anonymous'",61,4,"confidential: removed from data",2,37,4,1,37,1,4,2,,157
601,"confidential: replaced by 'CLID_anonymous'",61,5,"confidential: removed from data",1,46,4,1,46,1,4,2,,158
601,"confidential: replaced by 'CLID_anonymous'",61,6,"confidential: removed from data",2,37,4,2,37,1,4,1,"CCT-BAG-01-13038-1",159
601,"confidential: replaced by 'CLID_anonymous'",61,7,"confidential: removed from data",2,35,4,2,35,1,4,2,,160
601,"confidential: replaced by 'CLID_anonymous'",61,8,"confidential: removed from data",2,40,4,2,40,1,4,1,"CCT-BAG-01-13350-2",161
601,"confidential: replaced by 'CLID_anonymous'",61,9,"confidential: removed from data",1,38,4,2,38,1,4,2,,162
601,"confidential: replaced by 'CLID_anonymous'",61,10,"confidential: removed from data",1,37,4,2,37,2,4,2,,163
601,"confidential: replaced by 'CLID_anonymous'",60,1,"confidential: removed from data",1,25,1,1,48,1,4,2,,164
601,"confidential: replaced by 'CLID_anonymous'",60,2,"confidential: removed from data",1,28,2,1,28,2,4,2,,165
601,"confidential: replaced by 'CLID_anonymous'",60,3,"confidential: removed from data",2,25,3,1,25,1,4,2,,166
601,"confidential: replaced by 'CLID_anonymous'",60,4,"confidential: removed from data",1,30,4,1,30,1,4,2,,167
601,"confidential: replaced by 'CLID_anonymous'",60,5,"confidential: removed from data",1,40,4,1,40,1,4,2,,168
601,"confidential: replaced by 'CLID_anonymous'",60,6,"confidential: removed from data",2,30,4,1,30,1,4,2,,169
601,"confidential: replaced by 'CLID_anonymous'",60,7,"confidential: removed from data",1,35,4,2,35,1,4,2,,170
601,"confidential: replaced by 'CLID_anonymous'",60,8,"confidential: removed from data",1,26,4,2,26,1,4,2,,171
601,"confidential: replaced by 'CLID_anonymous'",7,1,"confidential: removed from data",1,36,1,1,42,1,4,2,,172
601,"confidential: replaced by 'CLID_anonymous'",7,2,"confidential: removed from data",1,36,2,1,40,1,4,2,,173
601,"confidential: replaced by 'CLID_anonymous'",7,3,"confidential: removed from data",2,30,3,1,30,1,4,2,,174
601,"confidential: replaced by 'CLID_anonymous'",7,4,"confidential: removed from data",1,56,4,1,56,1,4,2,,175
601,"confidential: replaced by 'CLID_anonymous'",7,5,"confidential: removed from data",2,26,4,2,26,1,4,2,,176
601,"confidential: replaced by 'CLID_anonymous'",7,6,"confidential: removed from data",1,7,4,1,30,1,4,2,,177
601,"confidential: replaced by 'CLID_anonymous'",7,7,"confidential: removed from data",1,35,4,2,35,1,4,2,,178
601,"confidential: replaced by 'CLID_anonymous'",7,8,"confidential: removed from data",1,34,4,2,34,1,4,2,,179
601,"confidential: replaced by 'CLID_anonymous'",7,9,"confidential: removed from data",2,37,4,2,37,1,4,2,,180
601,"confidential: replaced by 'CLID_anonymous'",7,10,"confidential: removed from data",1,28,4,2,28,1,4,2,,181
601,"confidential: replaced by 'CLID_anonymous'",32,1,"confidential: removed from data",2,11,1,1,35,1,4,2,,182
601,"confidential: replaced by 'CLID_anonymous'",32,2,"confidential: removed from data",1,42,2,2,42,1,4,2,,183
601,"confidential: replaced by 'CLID_anonymous'",32,3,"confidential: removed from data",2,28,3,1,28,1,4,2,,184
601,"confidential: replaced by 'CLID_anonymous'",32,4,"confidential: removed from data",1,35,4,1,35,1,4,2,,185
601,"confidential: replaced by 'CLID_anonymous'",32,5,"confidential: removed from data",2,20,4,1,51,1,4,2,,186
601,"confidential: replaced by 'CLID_anonymous'",32,6,"confidential: removed from data",2,28,4,1,28,1,4,2,,187
601,"confidential: replaced by 'CLID_anonymous'",32,7,"confidential: removed from data",1,30,4,2,30,1,4,2,,188
601,"confidential: replaced by 'CLID_anonymous'",32,8,"confidential: removed from data",2,30,4,2,30,1,4,2,,189
601,"confidential: replaced by 'CLID_anonymous'",32,9,"confidential: removed from data",1,59,4,2,59,1,4,2,,190
601,"confidential: replaced by 'CLID_anonymous'",32,10,"confidential: removed from data",1,35,4,2,35,1,4,2,,191
601,"confidential: replaced by 'CLID_anonymous'",3,1,"confidential: removed from data",1,38,1,1,38,1,4,1,"CCT-BAG-01-5004-1",192
601,"confidential: replaced by 'CLID_anonymous'",3,2,"confidential: removed from data",1,30,2,1,30,1,4,2,,193
601,"confidential: replaced by 'CLID_anonymous'",3,3,"confidential: removed from data",2,38,3,1,38,1,4,1,"CCT-BAG-014932-2",194
601,"confidential: replaced by 'CLID_anonymous'",3,4,"confidential: removed from data",1,41,4,1,41,1,4,2,,195
601,"confidential: replaced by 'CLID_anonymous'",3,5,"confidential: removed from data",2,28,4,2,28,1,4,2,,196
601,"confidential: replaced by 'CLID_anonymous'",3,6,"confidential: removed from data",1,26,4,2,26,1,4,2,,197
601,"confidential: replaced by 'CLID_anonymous'",3,7,"confidential: removed from data",2,35,4,2,35,1,4,1,"CCT-BAG-01-5053-1",198
601,"confidential: replaced by 'CLID_anonymous'",3,8,"confidential: removed from data",1,32,4,2,32,1,4,2,,199
601,"confidential: replaced by 'CLID_anonymous'",3,9,"confidential: removed from data",1,35,4,2,35,1,4,2,,200
601,"confidential: replaced by 'CLID_anonymous'",3,10,"confidential: removed from data",2,28,4,2,28,1,4,2,,201
601,"confidential: replaced by 'CLID_anonymous'",20,1,"confidential: removed from data",1,51,1,1,51,1,4,2,,202
601,"confidential: replaced by 'CLID_anonymous'",20,2,"confidential: removed from data",1,35,2,1,35,1,4,2,,203
601,"confidential: replaced by 'CLID_anonymous'",20,3,"confidential: removed from data",2,40,3,1,40,1,4,2,,204
601,"confidential: replaced by 'CLID_anonymous'",20,4,"confidential: removed from data",1,52,4,1,52,1,4,2,,205
601,"confidential: replaced by 'CLID_anonymous'",20,5,"confidential: removed from data",2,29,4,1,29,1,4,2,,206
601,"confidential: replaced by 'CLID_anonymous'",20,6,"confidential: removed from data",1,43,4,2,43,1,4,2,,207
601,"confidential: replaced by 'CLID_anonymous'",20,7,"confidential: removed from data",2,31,4,2,31,1,4,2,,208
601,"confidential: replaced by 'CLID_anonymous'",20,8,"confidential: removed from data",2,29,4,2,29,1,4,1,"CCT-BAG-01-9993-3",209
601,"confidential: replaced by 'CLID_anonymous'",20,9,"confidential: removed from data",1,49,4,2,49,1,4,2,,210
601,"confidential: replaced by 'CLID_anonymous'",55,1,"confidential: removed from data",1,48,1,1,48,1,4,2,,211
601,"confidential: replaced by 'CLID_anonymous'",55,2,"confidential: removed from data",2,15,2,1,35,1,4,2,,212
601,"confidential: replaced by 'CLID_anonymous'",55,3,"confidential: removed from data",2,25,3,1,25,1,4,2,,213
601,"confidential: replaced by 'CLID_anonymous'",55,4,"confidential: removed from data",2,35,4,1,35,1,4,2,,214
601,"confidential: replaced by 'CLID_anonymous'",55,5,"confidential: removed from data",1,24,4,1,51,1,4,2,,215
601,"confidential: replaced by 'CLID_anonymous'",55,6,"confidential: removed from data",2,35,4,2,35,1,4,1,"CCT-BAG-01-197-1",216
601,"confidential: replaced by 'CLID_anonymous'",55,7,"confidential: removed from data",1,38,4,2,38,1,4,2,,217
601,"confidential: replaced by 'CLID_anonymous'",55,8,"confidential: removed from data",1,32,4,2,32,1,4,2,,218
601,"confidential: replaced by 'CLID_anonymous'",64,1,"confidential: removed from data",1,45,1,1,45,1,4,2,,219
601,"confidential: replaced by 'CLID_anonymous'",64,2,"confidential: removed from data",2,50,2,2,50,2,4,2,,220
601,"confidential: replaced by 'CLID_anonymous'",64,3,"confidential: removed from data",2,29,3,1,29,2,7,2,,221
601,"confidential: replaced by 'CLID_anonymous'",64,4,"confidential: removed from data",1,50,4,1,50,2,5,2,,222
601,"confidential: replaced by 'CLID_anonymous'",64,5,"confidential: removed from data",1,49,4,1,49,1,4,2,,223
601,"confidential: replaced by 'CLID_anonymous'",64,6,"confidential: removed from data",2,59,4,1,59,1,4,2,,224
601,"confidential: replaced by 'CLID_anonymous'",64,7,"confidential: removed from data",2,25,4,2,25,1,4,2,,225
601,"confidential: replaced by 'CLID_anonymous'",64,8,"confidential: removed from data",1,40,4,2,40,2,4,2,,226
601,"confidential: replaced by 'CLID_anonymous'",64,9,"confidential: removed from data",2,25,4,2,25,1,4,2,,227
601,"confidential: replaced by 'CLID_anonymous'",64,10,"confidential: removed from data",2,45,4,2,45,1,7,1,"20176467",228
601,"confidential: replaced by 'CLID_anonymous'",64,11,"confidential: removed from data",2,29,4,2,29,1,4,1,"CCT-BAG-01-3144-1",229
601,"confidential: replaced by 'CLID_anonymous'",64,12,"confidential: removed from data",2,30,4,2,30,1,4,2,,230
601,"confidential: replaced by 'CLID_anonymous'",78,1,"confidential: removed from data",1,30,1,1,30,1,4,2,,231
601,"confidential: replaced by 'CLID_anonymous'",78,2,"confidential: removed from data",1,45,2,1,45,1,4,2,,232
601,"confidential: replaced by 'CLID_anonymous'",78,3,"confidential: removed from data",2,47,3,1,47,1,4,2,,233
601,"confidential: replaced by 'CLID_anonymous'",78,4,"confidential: removed from data",2,35,4,1,35,1,4,2,,234
601,"confidential: replaced by 'CLID_anonymous'",78,5,"confidential: removed from data",1,46,4,2,46,1,4,2,,235
601,"confidential: replaced by 'CLID_anonymous'",78,6,"confidential: removed from data",2,36,4,1,36,1,4,2,,236
601,"confidential: replaced by 'CLID_anonymous'",78,7,"confidential: removed from data",1,45,4,2,45,1,4,2,,237
601,"confidential: replaced by 'CLID_anonymous'",78,8,"confidential: removed from data",2,10,4,2,22,1,4,1,"CCT-BAG-01-9134-1",238
601,"confidential: replaced by 'CLID_anonymous'",78,9,"confidential: removed from data",2,26,4,2,26,1,4,1,"CCT-BAG-01-9353-1",239
601,"confidential: replaced by 'CLID_anonymous'",78,10,"confidential: removed from data",1,6,4,2,28,0,4,2,,240
601,"confidential: replaced by 'CLID_anonymous'",2,1,"confidential: removed from data",2,37,1,1,37,1,4,2,,241
601,"confidential: replaced by 'CLID_anonymous'",2,2,"confidential: removed from data",1,29,2,1,29,1,4,2,,242
601,"confidential: replaced by 'CLID_anonymous'",2,3,"confidential: removed from data",2,27,3,1,27,2,1,2,,243
601,"confidential: replaced by 'CLID_anonymous'",2,4,"confidential: removed from data",2,30,4,1,30,1,4,2,,244
601,"confidential: replaced by 'CLID_anonymous'",2,5,"confidential: removed from data",1,39,4,1,39,1,4,2,,245
601,"confidential: replaced by 'CLID_anonymous'",2,6,"confidential: removed from data",1,27,4,2,27,1,4,2,,246
601,"confidential: replaced by 'CLID_anonymous'",2,7,"confidential: removed from data",2,22,4,2,22,1,4,2,,247
601,"confidential: replaced by 'CLID_anonymous'",2,8,"confidential: removed from data",1,30,4,2,30,1,4,2,,248
601,"confidential: replaced by 'CLID_anonymous'",2,9,"confidential: removed from data",2,28,4,2,28,1,4,2,,249
601,"confidential: replaced by 'CLID_anonymous'",2,10,"confidential: removed from data",1,35,4,2,35,1,4,1,"CCT-BAG-01-5741-1",250
601,"confidential: replaced by 'CLID_anonymous'",51,1,"confidential: removed from data",1,28,1,1,28,1,4,2,,251
601,"confidential: replaced by 'CLID_anonymous'",51,2,"confidential: removed from data",1,41,2,1,41,1,4,2,,252
601,"confidential: replaced by 'CLID_anonymous'",51,3,"confidential: removed from data",2,43,3,1,43,1,4,2,,253
601,"confidential: replaced by 'CLID_anonymous'",51,4,"confidential: removed from data",1,21,4,1,36,1,4,2,,254
601,"confidential: replaced by 'CLID_anonymous'",51,5,"confidential: removed from data",1,28,4,1,28,1,4,2,,255
601,"confidential: replaced by 'CLID_anonymous'",51,6,"confidential: removed from data",1,23,4,1,23,1,4,2,,256
601,"confidential: replaced by 'CLID_anonymous'",51,7,"confidential: removed from data",2,38,4,2,38,1,4,2,,257
601,"confidential: replaced by 'CLID_anonymous'",51,8,"confidential: removed from data",2,22,4,2,22,1,4,2,,258
601,"confidential: replaced by 'CLID_anonymous'",51,9,"confidential: removed from data",2,30,4,2,30,1,4,2,,259
601,"confidential: replaced by 'CLID_anonymous'",51,10,"confidential: removed from data",1,37,4,2,37,1,4,2,,260
601,"confidential: replaced by 'CLID_anonymous'",57,1,"confidential: removed from data",2,47,1,2,47,1,4,2,,261
601,"confidential: replaced by 'CLID_anonymous'",57,2,"confidential: removed from data",1,35,2,1,35,1,1,2,,262
601,"confidential: replaced by 'CLID_anonymous'",57,3,"confidential: removed from data",2,22,3,1,40,2,4,2,,263
601,"confidential: replaced by 'CLID_anonymous'",57,4,"confidential: removed from data",2,41,4,1,41,1,4,1,"45370265",264
601,"confidential: replaced by 'CLID_anonymous'",57,5,"confidential: removed from data",2,43,4,1,43,1,4,2,,265
601,"confidential: replaced by 'CLID_anonymous'",57,6,"confidential: removed from data",1,36,4,1,36,1,4,1,"CCT-BAG-01-6221-1",266
601,"confidential: replaced by 'CLID_anonymous'",57,7,"confidential: removed from data",1,48,4,2,48,1,4,2,,267
601,"confidential: replaced by 'CLID_anonymous'",57,8,"confidential: removed from data",2,41,4,2,41,1,4,1,"CCT-BAG-01-6057-1",268
601,"confidential: replaced by 'CLID_anonymous'",57,9,"confidential: removed from data",1,61,4,2,61,1,4,1,"16976299",269
601,"confidential: replaced by 'CLID_anonymous'",59,1,"confidential: removed from data",1,49,1,1,49,1,4,2,,270
601,"confidential: replaced by 'CLID_anonymous'",59,2,"confidential: removed from data",2,26,2,1,26,2,4,2,,271
601,"confidential: replaced by 'CLID_anonymous'",59,3,"confidential: removed from data",2,30,3,1,30,1,4,1,"CCT-BAG-01-13329-1",272
601,"confidential: replaced by 'CLID_anonymous'",59,4,"confidential: removed from data",2,45,4,1,45,1,4,2,,273
601,"confidential: replaced by 'CLID_anonymous'",59,5,"confidential: removed from data",2,25,4,1,25,1,4,2,,274
601,"confidential: replaced by 'CLID_anonymous'",59,6,"confidential: removed from data",2,28,4,1,28,1,4,2,,275
601,"confidential: replaced by 'CLID_anonymous'",59,7,"confidential: removed from data",1,60,4,2,60,1,4,1,"CCT-BAG-01-12962-3",276
601,"confidential: replaced by 'CLID_anonymous'",59,8,"confidential: removed from data",1,28,4,2,28,1,4,2,,277
601,"confidential: replaced by 'CLID_anonymous'",59,9,"confidential: removed from data",2,35,4,2,35,1,4,2,,278
602,"confidential: replaced by 'CLID_anonymous'",35,1,"confidential: removed from data",1,64,1,1,64,1,4,1,"CCCT-KIB-01-327",279
602,"confidential: replaced by 'CLID_anonymous'",35,2,"confidential: removed from data",2,15,4,2,40,1,4,1,"CCCT-KIB-01-352",280
602,"confidential: replaced by 'CLID_anonymous'",35,3,"confidential: removed from data",1,35,4,1,67,1,4,1,"CCCT-KIB-01-339",281
602,"confidential: replaced by 'CLID_anonymous'",35,4,"confidential: removed from data",1,35,4,1,67,1,4,1,"CCCT-KIB-01-362",282
602,"confidential: replaced by 'CLID_anonymous'",35,5,"confidential: removed from data",1,32,4,2,35,1,4,2,,283
602,"confidential: replaced by 'CLID_anonymous'",35,6,"confidential: removed from data",1,35,4,2,35,1,4,2,,284
602,"confidential: replaced by 'CLID_anonymous'",35,7,"confidential: removed from data",2,19,2,1,24,1,4,1,"CCCT-KIB-01-326",285
602,"confidential: replaced by 'CLID_anonymous'",35,8,"confidential: removed from data",2,31,3,1,31,1,4,1,"CCCT-KIB-01-490",286
602,"confidential: replaced by 'CLID_anonymous'",35,9,"confidential: removed from data",2,30,4,2,60,1,4,1,"CCCT-KIB-01-419",287
602,"confidential: replaced by 'CLID_anonymous'",47,1,"confidential: removed from data",2,29,1,1,29,1,4,1,"CCT-KIB-01-1479-1",288
602,"confidential: replaced by 'CLID_anonymous'",47,2,"confidential: removed from data",1,50,2,1,50,1,4,2,,289
602,"confidential: replaced by 'CLID_anonymous'",47,3,"confidential: removed from data",2,48,3,1,48,1,4,1,"CCT-KIB-01-1372-1",290
602,"confidential: replaced by 'CLID_anonymous'",47,4,"confidential: removed from data",1,6,4,1,37,2,8,2,,291
602,"confidential: replaced by 'CLID_anonymous'",47,5,"confidential: removed from data",1,55,4,1,55,1,4,1,"CCT-KIB-01-1467-4",292
602,"confidential: replaced by 'CLID_anonymous'",47,6,"confidential: removed from data",1,32,4,2,32,2,4,2,,293
602,"confidential: replaced by 'CLID_anonymous'",47,7,"confidential: removed from data",1,52,4,2,52,1,4,1,"CCT-KIB-01-1322-1",294
602,"confidential: replaced by 'CLID_anonymous'",47,8,"confidential: removed from data",1,30,4,2,30,1,4,2,,295
602,"confidential: replaced by 'CLID_anonymous'",47,9,"confidential: removed from data",2,50,4,2,50,1,4,1,"CCT-KIB-01-1519-2",296
602,"confidential: replaced by 'CLID_anonymous'",47,10,"confidential: removed from data",1,48,4,2,48,1,4,1,"CCT-KIB-01-1390-1",297
602,"confidential: replaced by 'CLID_anonymous'",10,1,"confidential: removed from data",1,37,1,1,42,1,4,2,,298
602,"confidential: replaced by 'CLID_anonymous'",10,2,"confidential: removed from data",2,34,2,1,34,1,7,1,"CCT-KIB-01-1617-1",299
602,"confidential: replaced by 'CLID_anonymous'",10,3,"confidential: removed from data",2,35,3,1,35,1,4,2,,300
602,"confidential: replaced by 'CLID_anonymous'",10,4,"confidential: removed from data",1,34,4,1,34,1,4,2,,301
602,"confidential: replaced by 'CLID_anonymous'",10,5,"confidential: removed from data",2,29,4,1,45,1,4,2,,302
602,"confidential: replaced by 'CLID_anonymous'",10,6,"confidential: removed from data",1,30,4,2,30,1,4,2,,303
602,"confidential: replaced by 'CLID_anonymous'",10,7,"confidential: removed from data",2,37,4,2,47,1,4,1,"CCT-KIB-01-1611-2",304
602,"confidential: replaced by 'CLID_anonymous'",10,8,"confidential: removed from data",2,15,4,2,34,1,4,2,,305
602,"confidential: replaced by 'CLID_anonymous'",10,9,"confidential: removed from data",1,34,4,2,34,1,4,2,,306
602,"confidential: replaced by 'CLID_anonymous'",10,10,"confidential: removed from data",2,34,4,2,34,1,4,2,,307
602,"confidential: replaced by 'CLID_anonymous'",81,1,"confidential: removed from data",1,36,1,1,36,1,4,2,,308
602,"confidential: replaced by 'CLID_anonymous'",81,2,"confidential: removed from data",2,31,2,1,31,1,4,2,,309
602,"confidential: replaced by 'CLID_anonymous'",81,3,"confidential: removed from data",2,55,3,1,55,1,4,2,,310
602,"confidential: replaced by 'CLID_anonymous'",81,4,"confidential: removed from data",1,43,4,1,43,1,4,2,,311
602,"confidential: replaced by 'CLID_anonymous'",81,5,"confidential: removed from data",1,38,4,2,38,1,4,2,,312
602,"confidential: replaced by 'CLID_anonymous'",81,6,"confidential: removed from data",2,52,4,2,52,1,4,2,,313
602,"confidential: replaced by 'CLID_anonymous'",81,7,"confidential: removed from data",2,40,4,2,40,1,4,2,,314
602,"confidential: replaced by 'CLID_anonymous'",81,8,"confidential: removed from data",2,59,4,2,59,1,4,2,,315
602,"confidential: replaced by 'CLID_anonymous'",81,9,"confidential: removed from data",2,32,4,2,32,1,4,2,,316
602,"confidential: replaced by 'CLID_anonymous'",81,10,"confidential: removed from data",1,23,4,2,23,1,4,2,,317
602,"confidential: replaced by 'CLID_anonymous'",29,1,"confidential: removed from data",1,27,1,1,28,1,4,2,,318
602,"confidential: replaced by 'CLID_anonymous'",29,2,"confidential: removed from data",1,35,2,1,35,1,4,2,,319
602,"confidential: replaced by 'CLID_anonymous'",29,3,"confidential: removed from data",2,7,3,1,31,1,4,2,,320
602,"confidential: replaced by 'CLID_anonymous'",29,4,"confidential: removed from data",2,26,4,1,26,1,4,2,,321
602,"confidential: replaced by 'CLID_anonymous'",29,5,"confidential: removed from data",2,5,4,2,21,1,4,2,,322
602,"confidential: replaced by 'CLID_anonymous'",29,6,"confidential: removed from data",1,22,4,2,22,1,4,2,,323
602,"confidential: replaced by 'CLID_anonymous'",29,7,"confidential: removed from data",2,12,4,2,33,1,4,1,"CCT-KIB-01-3122",324
602,"confidential: replaced by 'CLID_anonymous'",29,8,"confidential: removed from data",2,31,4,2,31,1,4,1,"CCT-KIB-01-3140",325
602,"confidential: replaced by 'CLID_anonymous'",29,9,"confidential: removed from data",1,40,4,2,40,1,4,2,,326
602,"confidential: replaced by 'CLID_anonymous'",29,10,"confidential: removed from data",1,26,4,2,26,1,4,2,,327
602,"confidential: replaced by 'CLID_anonymous'",45,1,"confidential: removed from data",1,50,1,1,50,1,4,2,,328
602,"confidential: replaced by 'CLID_anonymous'",45,2,"confidential: removed from data",2,20,2,2,45,1,4,2,,329
602,"confidential: replaced by 'CLID_anonymous'",45,3,"confidential: removed from data",2,41,3,1,41,1,4,2,,330
602,"confidential: replaced by 'CLID_anonymous'",45,4,"confidential: removed from data",1,26,4,1,26,1,4,2,,331
602,"confidential: replaced by 'CLID_anonymous'",45,5,"confidential: removed from data",1,32,4,2,32,1,4,2,,332
602,"confidential: replaced by 'CLID_anonymous'",45,6,"confidential: removed from data",1,35,4,2,35,1,4,2,,333
602,"confidential: replaced by 'CLID_anonymous'",45,7,"confidential: removed from data",2,26,4,2,26,1,4,2,,334
602,"confidential: replaced by 'CLID_anonymous'",45,8,"confidential: removed from data",2,44,4,1,44,1,4,2,,335
602,"confidential: replaced by 'CLID_anonymous'",45,9,"confidential: removed from data",2,23,4,1,23,2,4,2,,336
602,"confidential: replaced by 'CLID_anonymous'",18,1,"confidential: removed from data",2,15,1,1,50,1,6,2,,337
602,"confidential: replaced by 'CLID_anonymous'",18,2,"confidential: removed from data",1,23,2,1,47,1,4,2,,338
602,"confidential: replaced by 'CLID_anonymous'",18,3,"confidential: removed from data",1,33,3,1,33,1,4,2,,339
602,"confidential: replaced by 'CLID_anonymous'",18,4,"confidential: removed from data",2,21,4,1,37,1,4,2,,340
602,"confidential: replaced by 'CLID_anonymous'",18,5,"confidential: removed from data",2,42,4,1,42,1,4,2,,341
602,"confidential: replaced by 'CLID_anonymous'",18,6,"confidential: removed from data",1,15,4,2,47,1,4,2,,342
602,"confidential: replaced by 'CLID_anonymous'",18,7,"confidential: removed from data",2,40,4,2,40,1,4,2,,343
602,"confidential: replaced by 'CLID_anonymous'",18,8,"confidential: removed from data",2,21,4,2,25,1,4,1,"CCT-KIB-01-2256-1",344
602,"confidential: replaced by 'CLID_anonymous'",18,9,"confidential: removed from data",2,26,4,2,26,1,6,2,,345
602,"confidential: replaced by 'CLID_anonymous'",18,10,"confidential: removed from data",1,24,4,2,24,1,99,1,"CCT-KIB-01-2202-2",346
602,"confidential: replaced by 'CLID_anonymous'",65,1,"confidential: removed from data",2,30,1,1,30,1,4,1,"CCT-KIB-01-3016-1",347
602,"confidential: replaced by 'CLID_anonymous'",65,2,"confidential: removed from data",1,12,2,1,54,2,4,2,,348
602,"confidential: replaced by 'CLID_anonymous'",65,3,"confidential: removed from data",2,43,3,1,43,1,4,2,,349
602,"confidential: replaced by 'CLID_anonymous'",65,4,"confidential: removed from data",2,33,4,1,33,1,4,2,,350
602,"confidential: replaced by 'CLID_anonymous'",65,5,"confidential: removed from data",1,27,4,2,27,1,4,2,,351
602,"confidential: replaced by 'CLID_anonymous'",65,6,"confidential: removed from data",1,13,4,2,50,1,4,1,"CCT-KIB-01-3409-2",352
602,"confidential: replaced by 'CLID_anonymous'",65,7,"confidential: removed from data",1,40,4,2,40,1,4,1,"CCT-KIB-01-2941-1",353
602,"confidential: replaced by 'CLID_anonymous'",65,8,"confidential: removed from data",1,35,4,2,35,1,4,2,,354
602,"confidential: replaced by 'CLID_anonymous'",65,9,"confidential: removed from data",2,38,4,2,38,1,4,1,"CCT-KIB-01-3010-1",355
602,"confidential: replaced by 'CLID_anonymous'",25,1,"confidential: removed from data",2,12,1,1,29,1,4,2,,356
602,"confidential: replaced by 'CLID_anonymous'",25,2,"confidential: removed from data",1,26,2,1,49,1,4,1,"CCT-KIB-01-3194-1",357
602,"confidential: replaced by 'CLID_anonymous'",25,3,"confidential: removed from data",2,24,3,1,52,1,4,1,"CCT-KIB-01-3182-1",358
602,"confidential: replaced by 'CLID_anonymous'",25,4,"confidential: removed from data",2,23,4,1,37,1,4,1,"CCT-KIB-01-3225-4",359
602,"confidential: replaced by 'CLID_anonymous'",25,5,"confidential: removed from data",2,11,4,1,33,1,4,1,"CCT-KIB-01-3172-4",360
602,"confidential: replaced by 'CLID_anonymous'",25,6,"confidential: removed from data",1,6,4,2,39,2,4,2,,361
602,"confidential: replaced by 'CLID_anonymous'",25,7,"confidential: removed from data",1,5,4,2,45,1,4,2,,362
602,"confidential: replaced by 'CLID_anonymous'",25,8,"confidential: removed from data",1,30,4,2,39,1,4,2,,363
602,"confidential: replaced by 'CLID_anonymous'",25,9,"confidential: removed from data",2,26,4,2,26,1,4,1,"CCT-KIB-01-3198-2",364
602,"confidential: replaced by 'CLID_anonymous'",23,1,"confidential: removed from data",1,34,1,2,34,1,7,1,"CCT-KIB-01-3252-1",365
602,"confidential: replaced by 'CLID_anonymous'",23,2,"confidential: removed from data",1,21,2,1,31,1,7,2,,366
602,"confidential: replaced by 'CLID_anonymous'",23,3,"confidential: removed from data",2,34,3,1,34,1,7,1,"CCT-KIB-01-3402-1",367
602,"confidential: replaced by 'CLID_anonymous'",23,4,"confidential: removed from data",2,36,4,1,36,1,7,1,"CCT-KIB-01-3272-1",368
602,"confidential: replaced by 'CLID_anonymous'",23,5,"confidential: removed from data",2,28,4,1,28,1,4,2,,369
602,"confidential: replaced by 'CLID_anonymous'",23,6,"confidential: removed from data",2,25,4,2,25,1,4,2,,370
602,"confidential: replaced by 'CLID_anonymous'",23,7,"confidential: removed from data",1,34,4,2,34,1,4,1,"CCT-KIB-01-3373-1",371
602,"confidential: replaced by 'CLID_anonymous'",23,8,"confidential: removed from data",1,10,4,2,34,1,4,2,,372
602,"confidential: replaced by 'CLID_anonymous'",23,9,"confidential: removed from data",1,22,4,2,22,1,4,2,,373
602,"confidential: replaced by 'CLID_anonymous'",23,10,"confidential: removed from data",2,34,4,2,34,1,7,2,,374
602,"confidential: replaced by 'CLID_anonymous'",31,1,"confidential: removed from data",2,15,1,1,24,1,4,2,,375
602,"confidential: replaced by 'CLID_anonymous'",31,2,"confidential: removed from data",1,60,2,1,60,1,4,1,"CCT-KIB-01-3724-1",376
602,"confidential: replaced by 'CLID_anonymous'",31,3,"confidential: removed from data",1,22,3,1,37,2,4,2,,377
602,"confidential: replaced by 'CLID_anonymous'",31,4,"confidential: removed from data",1,47,4,2,47,1,4,2,,378
602,"confidential: replaced by 'CLID_anonymous'",31,5,"confidential: removed from data",2,21,4,1,44,1,4,2,,379
602,"confidential: replaced by 'CLID_anonymous'",31,6,"confidential: removed from data",2,36,4,1,46,1,4,2,,380
602,"confidential: replaced by 'CLID_anonymous'",31,7,"confidential: removed from data",1,30,4,2,47,1,4,1,"CCT-KIB-01-3889-2",381
602,"confidential: replaced by 'CLID_anonymous'",31,8,"confidential: removed from data",1,20,4,2,70,1,4,1,"CCT-KIB-01-3786-1",382
602,"confidential: replaced by 'CLID_anonymous'",31,9,"confidential: removed from data",2,30,4,2,40,1,4,1,"CCT-KIB-01-3924-2",383
602,"confidential: replaced by 'CLID_anonymous'",31,10,"confidential: removed from data",2,15,4,2,60,1,4,2,,384
602,"confidential: replaced by 'CLID_anonymous'",24,1,"confidential: removed from data",1,25,1,2,25,2,4,2,,385
602,"confidential: replaced by 'CLID_anonymous'",24,2,"confidential: removed from data",1,17,2,2,42,1,4,2,,386
602,"confidential: replaced by 'CLID_anonymous'",24,3,"confidential: removed from data",2,35,3,1,35,1,4,1,"CCT-KIB-01-1734-1",387
602,"confidential: replaced by 'CLID_anonymous'",24,4,"confidential: removed from data",2,39,4,2,39,1,4,2,,388
602,"confidential: replaced by 'CLID_anonymous'",24,5,"confidential: removed from data",1,40,4,1,59,1,4,2,,389
602,"confidential: replaced by 'CLID_anonymous'",24,6,"confidential: removed from data",1,30,4,2,30,1,4,2,,390
602,"confidential: replaced by 'CLID_anonymous'",24,7,"confidential: removed from data",2,28,4,2,28,1,4,2,,391
602,"confidential: replaced by 'CLID_anonymous'",24,8,"confidential: removed from data",2,45,4,1,45,1,4,1,"CCT-KIB-01-1869-3",392
602,"confidential: replaced by 'CLID_anonymous'",24,9,"confidential: removed from data",2,30,4,2,45,1,4,2,,393
