"ConsCategory","ItemCode","ItemLabel"
13,2001,"Mkaa/mkaa wa mawe"
13,2002,"Kuni"
13,2003,"Mafuta ya taa"
13,2004,"Viberiti (njiti/gesi), mishumaa, tambi za taa/majiko"
13,2005,"Sabuni za kufulia/kuogea"
13,2006,"Sigara, tumbaku, ugoro"
13,2007,"Muda wa maongezi na gharama za internet"
13,2008,"Usafiri, petroli, dizeli, oili, nauli (mabasi, daladala, teksi, mtumbwi). Jumuisha nauli kwenda/kutoka shule au kwa ajili ya kutafuta matibabu"
14,2009,"Matunzo binafsi (karatasi za chooni, dawa ya meno, bidhaa za nywele, nyembe, manukato, losheni, vipodozi, gharama za saluni) usijumuishe sabuni aina zote"
14,2010,"Betri"
14,2011,"Umeme, maji, uzoaji taka, simu ya mezani"
20,2018,"Nguo na viatu kwa wanaume/watoto wa kiume wenye umri kuanzia miaka 15 na zaidi (kanzu, kofia, suruali, mashati, makoti, nguo za ndani, soksi, viatu, ushonaji)"
20,2019,"Nguo na viatu kwa wanawake/watoto wa kike wenye umri kuanzia miaka 15 na zaidi (kanga, vitenge, sare, magauni, sketi, suruali, blauzi, makoti, nguo za ndani, soksi, viatu, ushonaji)"
20,2020,"Nguo kwa watoto chini ya umri wa miaka 15 (suruali, magauni, sketi, mashati, blauzi, soksi, viatu, ushonaji)"
20,2021,"Vitu vingine kwa matumizi binafsi (vitambaa vya nguo, miavuli, glovu, mikoba, pochi, miwani ya jua, mapambo ya vito vya thamani (kama dhahabu, nk)"
20,2022,"Huduma za afya za kisasa (hospitali, zahanati, madaktari binafsi, waganga wa meno (bila kujumuisha usafiri na chakula))"
20,2023,"Huduma za afya za kisasa: madawa (dawa zilizoagizwa na ambazo hazikuagizwa na daktari)"
20,2024,"Huduma za afya za jadi (waganga wa jadi, dawa za jadi)"
20,2025,"Elimu kwa watoto SHULE ZA BWENI (karo, sare, vifaa vya shule)"
20,2027,"Vifaa vya usafi na huduma za nyumbani (dawa za kuulia wadudu na vifaa vingine vya usafi (usijumuishe sabuni za kufulia na kuogea))"
20,2029,"Sherehe (michango katika sherehe za arusi, misiba, mahari)"
20,2031,"Bima (bima za magari, afya, maisha)"
20,2032,"Huduma za nyumbani (malipo kwa wafanyakazi wa nyumbani)"
