"DistID","CLID","CLID_anonymous","Dropped_Households","dropped_HH","reason_dropped","anonymous_data_ID"
104,"confidential: replaced by 'CLID_anonymous'",77,1,"confidential: removed from data",99,1
104,"confidential: replaced by 'CLID_anonymous'",77,2,"confidential: removed from data",1,2
104,"confidential: replaced by 'CLID_anonymous'",77,3,"confidential: removed from data",99,3
104,"confidential: replaced by 'CLID_anonymous'",77,4,"confidential: removed from data",99,4
104,"confidential: replaced by 'CLID_anonymous'",77,5,"confidential: removed from data",99,5
104,"confidential: replaced by 'CLID_anonymous'",77,6,"confidential: removed from data",99,6
104,"confidential: replaced by 'CLID_anonymous'",22,1,"confidential: removed from data",99,7
104,"confidential: replaced by 'CLID_anonymous'",22,2,"confidential: removed from data",1,8
104,"confidential: replaced by 'CLID_anonymous'",22,3,"confidential: removed from data",99,9
104,"confidential: replaced by 'CLID_anonymous'",22,5,"confidential: removed from data",99,10
104,"confidential: replaced by 'CLID_anonymous'",22,6,"confidential: removed from data",1,11
104,"confidential: replaced by 'CLID_anonymous'",22,7,"confidential: removed from data",99,12
104,"confidential: replaced by 'CLID_anonymous'",22,8,"confidential: removed from data",1,13
104,"confidential: replaced by 'CLID_anonymous'",22,10,"confidential: removed from data",1,14
104,"confidential: replaced by 'CLID_anonymous'",67,1,"confidential: removed from data",99,15
104,"confidential: replaced by 'CLID_anonymous'",67,2,"confidential: removed from data",99,16
104,"confidential: replaced by 'CLID_anonymous'",40,1,"confidential: removed from data",99,17
104,"confidential: replaced by 'CLID_anonymous'",40,2,"confidential: removed from data",99,18
104,"confidential: replaced by 'CLID_anonymous'",40,3,"confidential: removed from data",99,19
104,"confidential: replaced by 'CLID_anonymous'",40,4,"confidential: removed from data",99,20
104,"confidential: replaced by 'CLID_anonymous'",40,5,"confidential: removed from data",99,21
104,"confidential: replaced by 'CLID_anonymous'",40,6,"confidential: removed from data",99,22
104,"confidential: replaced by 'CLID_anonymous'",40,7,"confidential: removed from data",99,23
104,"confidential: replaced by 'CLID_anonymous'",50,1,"confidential: removed from data",99,24
104,"confidential: replaced by 'CLID_anonymous'",50,2,"confidential: removed from data",99,25
104,"confidential: replaced by 'CLID_anonymous'",50,3,"confidential: removed from data",99,26
104,"confidential: replaced by 'CLID_anonymous'",6,1,"confidential: removed from data",99,27
104,"confidential: replaced by 'CLID_anonymous'",6,2,"confidential: removed from data",99,28
104,"confidential: replaced by 'CLID_anonymous'",6,3,"confidential: removed from data",1,29
104,"confidential: replaced by 'CLID_anonymous'",82,1,"confidential: removed from data",1,30
104,"confidential: replaced by 'CLID_anonymous'",82,2,"confidential: removed from data",99,31
104,"confidential: replaced by 'CLID_anonymous'",82,3,"confidential: removed from data",99,32
104,"confidential: replaced by 'CLID_anonymous'",82,4,"confidential: removed from data",1,33
104,"confidential: replaced by 'CLID_anonymous'",82,5,"confidential: removed from data",1,34
104,"confidential: replaced by 'CLID_anonymous'",82,6,"confidential: removed from data",1,35
104,"confidential: replaced by 'CLID_anonymous'",82,7,"confidential: removed from data",99,36
104,"confidential: replaced by 'CLID_anonymous'",82,8,"confidential: removed from data",1,37
104,"confidential: replaced by 'CLID_anonymous'",82,9,"confidential: removed from data",1,38
104,"confidential: replaced by 'CLID_anonymous'",82,10,"confidential: removed from data",1,39
104,"confidential: replaced by 'CLID_anonymous'",82,11,"confidential: removed from data",1,40
104,"confidential: replaced by 'CLID_anonymous'",82,12,"confidential: removed from data",1,41
104,"confidential: replaced by 'CLID_anonymous'",82,13,"confidential: removed from data",1,42
104,"confidential: replaced by 'CLID_anonymous'",82,14,"confidential: removed from data",1,43
104,"confidential: replaced by 'CLID_anonymous'",82,15,"confidential: removed from data",1,44
104,"confidential: replaced by 'CLID_anonymous'",82,16,"confidential: removed from data",1,45
104,"confidential: replaced by 'CLID_anonymous'",27,1,"confidential: removed from data",99,46
104,"confidential: replaced by 'CLID_anonymous'",27,2,"confidential: removed from data",99,47
104,"confidential: replaced by 'CLID_anonymous'",27,3,"confidential: removed from data",99,48
104,"confidential: replaced by 'CLID_anonymous'",27,4,"confidential: removed from data",99,49
104,"confidential: replaced by 'CLID_anonymous'",27,5,"confidential: removed from data",1,50
104,"confidential: replaced by 'CLID_anonymous'",27,6,"confidential: removed from data",99,51
104,"confidential: replaced by 'CLID_anonymous'",68,1,"confidential: removed from data",1,52
104,"confidential: replaced by 'CLID_anonymous'",68,2,"confidential: removed from data",99,53
601,"confidential: replaced by 'CLID_anonymous'",74,1,"confidential: removed from data",1,54
601,"confidential: replaced by 'CLID_anonymous'",21,1,"confidential: removed from data",1,55
601,"confidential: replaced by 'CLID_anonymous'",21,2,"confidential: removed from data",1,56
601,"confidential: replaced by 'CLID_anonymous'",53,1,"confidential: removed from data",1,57
601,"confidential: replaced by 'CLID_anonymous'",53,2,"confidential: removed from data",1,58
601,"confidential: replaced by 'CLID_anonymous'",53,3,"confidential: removed from data",1,59
601,"confidential: replaced by 'CLID_anonymous'",37,1,"confidential: removed from data",1,60
601,"confidential: replaced by 'CLID_anonymous'",37,2,"confidential: removed from data",1,61
601,"confidential: replaced by 'CLID_anonymous'",37,3,"confidential: removed from data",1,62
601,"confidential: replaced by 'CLID_anonymous'",37,4,"confidential: removed from data",1,63
601,"confidential: replaced by 'CLID_anonymous'",37,5,"confidential: removed from data",1,64
601,"confidential: replaced by 'CLID_anonymous'",37,6,"confidential: removed from data",1,65
601,"confidential: replaced by 'CLID_anonymous'",37,7,"confidential: removed from data",1,66
601,"confidential: replaced by 'CLID_anonymous'",37,8,"confidential: removed from data",1,67
601,"confidential: replaced by 'CLID_anonymous'",37,9,"confidential: removed from data",1,68
601,"confidential: replaced by 'CLID_anonymous'",37,10,"confidential: removed from data",1,69
601,"confidential: replaced by 'CLID_anonymous'",37,11,"confidential: removed from data",1,70
601,"confidential: replaced by 'CLID_anonymous'",61,1,"confidential: removed from data",1,71
601,"confidential: replaced by 'CLID_anonymous'",61,2,"confidential: removed from data",1,72
601,"confidential: replaced by 'CLID_anonymous'",7,1,"confidential: removed from data",1,73
601,"confidential: replaced by 'CLID_anonymous'",7,2,"confidential: removed from data",1,74
601,"confidential: replaced by 'CLID_anonymous'",7,3,"confidential: removed from data",1,75
601,"confidential: replaced by 'CLID_anonymous'",7,4,"confidential: removed from data",1,76
601,"confidential: replaced by 'CLID_anonymous'",7,5,"confidential: removed from data",1,77
601,"confidential: replaced by 'CLID_anonymous'",32,1,"confidential: removed from data",1,78
601,"confidential: replaced by 'CLID_anonymous'",32,2,"confidential: removed from data",1,79
601,"confidential: replaced by 'CLID_anonymous'",3,1,"confidential: removed from data",1,80
601,"confidential: replaced by 'CLID_anonymous'",3,2,"confidential: removed from data",1,81
601,"confidential: replaced by 'CLID_anonymous'",3,3,"confidential: removed from data",1,82
601,"confidential: replaced by 'CLID_anonymous'",3,4,"confidential: removed from data",1,83
601,"confidential: replaced by 'CLID_anonymous'",20,1,"confidential: removed from data",1,84
601,"confidential: replaced by 'CLID_anonymous'",20,2,"confidential: removed from data",1,85
601,"confidential: replaced by 'CLID_anonymous'",20,3,"confidential: removed from data",1,86
601,"confidential: replaced by 'CLID_anonymous'",20,4,"confidential: removed from data",1,87
601,"confidential: replaced by 'CLID_anonymous'",20,5,"confidential: removed from data",1,88
601,"confidential: replaced by 'CLID_anonymous'",20,6,"confidential: removed from data",1,89
601,"confidential: replaced by 'CLID_anonymous'",55,1,"confidential: removed from data",1,90
601,"confidential: replaced by 'CLID_anonymous'",55,2,"confidential: removed from data",1,91
601,"confidential: replaced by 'CLID_anonymous'",55,3,"confidential: removed from data",1,92
601,"confidential: replaced by 'CLID_anonymous'",55,4,"confidential: removed from data",1,93
601,"confidential: replaced by 'CLID_anonymous'",55,5,"confidential: removed from data",1,94
601,"confidential: replaced by 'CLID_anonymous'",55,6,"confidential: removed from data",1,95
601,"confidential: replaced by 'CLID_anonymous'",55,7,"confidential: removed from data",1,96
601,"confidential: replaced by 'CLID_anonymous'",55,8,"confidential: removed from data",1,97
601,"confidential: replaced by 'CLID_anonymous'",51,1,"confidential: removed from data",1,98
601,"confidential: replaced by 'CLID_anonymous'",51,2,"confidential: removed from data",1,99
601,"confidential: replaced by 'CLID_anonymous'",51,3,"confidential: removed from data",1,100
601,"confidential: replaced by 'CLID_anonymous'",51,4,"confidential: removed from data",1,101
601,"confidential: replaced by 'CLID_anonymous'",51,5,"confidential: removed from data",1,102
601,"confidential: replaced by 'CLID_anonymous'",57,1,"confidential: removed from data",1,103
601,"confidential: replaced by 'CLID_anonymous'",57,2,"confidential: removed from data",1,104
601,"confidential: replaced by 'CLID_anonymous'",57,3,"confidential: removed from data",1,105
601,"confidential: replaced by 'CLID_anonymous'",57,4,"confidential: removed from data",1,106
