"ItemCode","ConsCategory","ItemLabel","KCal100g","MinPriceKg","MaxPriceKg"
102,1,"Mchele",335,500,1300
103,1,"Mahindi mabichi (gunzi)",43,123,1387
104,1,"Unga wa mahindi (Dona)",345,150,1000
105,1,"Unga wa mahindi (Super/sembe)",363,214,1000
106,1,"Unga mwingine (mtama, udaga/muhogo, ulezi, ngano,shayiri�)",310,51,1500
109,1,"Mandazi, keki na biskuti",302,500,6429
111,1,"Mazao mengine ya nafaka",370,,
201,2,"Mihogo mibichi",104,33,392
203,2,"Viazi vitamu",83,75,1143
206,2,"Ndizi za kupikwa",60,18,2388
207,2,"Vyakula vingine vya wanga (kama viazi vikuu, viazi mviringo, magimbi, nk)",84,,
301,3,"Sukari",375,833,1500
401,4,"Maharage makavu",320,180,3077
402,4,"Maharage mabichi",320,,
403,4,"Kunde, choroko na bidhaa nyingine za jamii ya kunde",320,180,3077
501,5,"Karanga zilizomenywa",399,120,10000
503,5,"Madafu",180,183,916
504,5,"Nazi",351,183,916
601,6,"Nyanya",20,200,3000
602,6,"Vitunguu",34,57,1143
603,6,"Mchicha",22,200,3000
604,6,"Karoti, pilipili hoho, kabichi",27,200,3000
801,8,"Nyama ya mbuzi",126,361,4000
802,8,"Nyama ya ng'ombe pamoja na ya kusaga",150,1000,3600
803,8,"Nyama ya nguruwe",188,500,4000
804,8,"Kuku na ndege wengine wafugwao",147,68,4000
807,8,"Mayai",132,833,5000
808,8,"Samaki wabichi (bila kuhusisha dagaa)",230,85,3650
809,8,"Samaki wakavu (bila kuhusisha dagaa)",255,333,6667
810,8,"Dagaa wabichi",,,
811,8,"Dagaa wakavu",,,
901,9,"Maziwa freshi",79,150,2000
1001,10,"Mafuta ya kupikia",900,1000,4444
1003,10,"Chumvi",0,250,2500
1104,11,"Vinywaji baridi katika chupa (soda, maji ya matunda, maji)",45,300,1778
1201,12,"Milo kamili (kifungua kinywa, chakula cha mchana/jioni)",290,500,12000
1202,12,"Nyama choma, chps, ndizi za kuchoma na vitafunwa vingine",250,600,10000
1203,12,"Kibuku na pombe nyingine za kienyeji",231,100,6000
1204,12,"Mvinyo, bia na vinywaji vikali",70,200,10000
1205,12,"Soda na vinywaji vingine visivyo vileo",45,300,5000
1206,12,"Peremende na barafu (ice cream)",288,3000,30000
1207,12,"Chai, kahawa, sambusa, keki na vitafunwa vingine vya hotelini",150,1800,15000
