"distid","facilid2","facilid","service_name","servicecat","FacType","villagecode","wardcode","WhoRun","Bording","service_name2","anonymous_data_ID"
601,106,601106,"confidential: removed from data",1,"Dispensary",,,1,,"confidential: removed from data",1
601,107,601107,"confidential: removed from data",1,"Dispensary",,,1,,"confidential: removed from data",2
601,108,601108,"confidential: removed from data",1,"Dispensary",,,1,,"confidential: removed from data",3
601,109,601109,"confidential: removed from data",1,"Dispensary",,,1,,"confidential: removed from data",4
601,110,601110,"confidential: removed from data",1,"Dispensary",,,1,,"confidential: removed from data",5
601,111,601111,"confidential: removed from data",1,"Dispensary",,,1,,"confidential: removed from data",6
601,112,601112,"confidential: removed from data",1,"Dispensary",,,1,,"confidential: removed from data",7
601,113,601113,"confidential: removed from data",1,"Dispensary",,,1,,"confidential: removed from data",8
601,114,601114,"confidential: removed from data",1,"Dispensary",,,1,,"confidential: removed from data",9
601,115,601115,"confidential: removed from data",1,"Dispensary",,,1,,"confidential: removed from data",10
601,116,601116,"confidential: removed from data",1,"Dispensary",,,1,,"confidential: removed from data",11
601,117,601117,"confidential: removed from data",1,"Dispensary",,,1,,"confidential: removed from data",12
601,118,601118,"confidential: removed from data",1,"Dispensary",,,1,,"confidential: removed from data",13
601,119,601119,"confidential: removed from data",1,"Dispensary",,,1,,"confidential: removed from data",14
601,120,601120,"confidential: removed from data",1,"Dispensary",,,1,,"confidential: removed from data",15
601,121,601121,"confidential: removed from data",1,"Dispensary",,,1,,"confidential: removed from data",16
601,122,601122,"confidential: removed from data",1,"Dispensary",,,1,,"confidential: removed from data",17
601,123,601123,"confidential: removed from data",1,"Dispensary",,,1,,"confidential: removed from data",18
601,124,601124,"confidential: removed from data",1,"Dispensary",,,1,,"confidential: removed from data",19
601,125,601125,"confidential: removed from data",1,"Dispensary",,,1,,"confidential: removed from data",20
601,126,601126,"confidential: removed from data",1,"Dispensary",,,3,,"confidential: removed from data",21
601,127,601127,"confidential: removed from data",1,"Dispensary",,,1,,"confidential: removed from data",22
601,128,601128,"confidential: removed from data",1,"Dispensary",,,3,,"confidential: removed from data",23
601,129,601129,"confidential: removed from data",1,"Dispensary",,,1,,"confidential: removed from data",24
601,131,601131,"confidential: removed from data",1,"Dispensary",,,5,,"confidential: removed from data",25
601,132,601132,"confidential: removed from data",1,"Dispensary",,,1,,"confidential: removed from data",26
601,133,601133,"confidential: removed from data",1,"Dispensary",,,1,,"confidential: removed from data",27
601,134,601134,"confidential: removed from data",1,"Dispensary",,,5,,"confidential: removed from data",28
601,135,601135,"confidential: removed from data",1,"Dispensary",,,1,,"confidential: removed from data",29
601,136,601136,"confidential: removed from data",1,"Dispensary",,,5,,"confidential: removed from data",30
601,137,601137,"confidential: removed from data",1,"Dispensary",,,5,,"confidential: removed from data",31
601,138,601138,"confidential: removed from data",1,"Dispensary",,,1,,"confidential: removed from data",32
601,139,601139,"confidential: removed from data",1,"Dispensary",,,1,,"confidential: removed from data",33
601,140,601140,"confidential: removed from data",1,"Dispensary",,,1,,"confidential: removed from data",34
601,141,601141,"confidential: removed from data",1,"Dispensary",,,1,,"confidential: removed from data",35
601,142,601142,"confidential: removed from data",1,"Dispensary",,,1,,"confidential: removed from data",36
601,143,601143,"confidential: removed from data",1,"Dispensary",,,1,,"confidential: removed from data",37
601,144,601144,"confidential: removed from data",1,"Dispensary",,,1,,"confidential: removed from data",38
601,145,601145,"confidential: removed from data",1,"Dispensary",,,1,,"confidential: removed from data",39
601,146,601146,"confidential: removed from data",1,"Dispensary",,,1,,"confidential: removed from data",40
601,147,601147,"confidential: removed from data",1,"Dispensary",,,1,,"confidential: removed from data",41
601,148,601148,"confidential: removed from data",1,"Dispensary",,,1,,"confidential: removed from data",42
601,149,601149,"confidential: removed from data",1,"Dispensary",,,1,,"confidential: removed from data",43
601,150,601150,"confidential: removed from data",1,"Dispensary",,,1,,"confidential: removed from data",44
601,151,601151,"confidential: removed from data",1,"Dispensary",,,3,,"confidential: removed from data",45
601,152,601152,"confidential: removed from data",1,"Dispensary",,,1,,"confidential: removed from data",46
601,153,601153,"confidential: removed from data",1,"Dispensary",,,1,,"confidential: removed from data",47
601,154,601154,"confidential: removed from data",1,"Dispensary",,,5,,"confidential: removed from data",48
601,155,601155,"confidential: removed from data",1,"Dispensary",,,5,,"confidential: removed from data",49
601,156,601156,"confidential: removed from data",1,"Dispensary",,,1,,"confidential: removed from data",50
601,102,601102,"confidential: removed from data",1,"Health Centre",,,1,,"confidential: removed from data",51
601,103,601103,"confidential: removed from data",1,"Health Centre",,,1,,"confidential: removed from data",52
601,104,601104,"confidential: removed from data",1,"Health Centre",,,1,,"confidential: removed from data",53
601,105,601105,"confidential: removed from data",1,"Health Centre",,,1,,"confidential: removed from data",54
601,130,601130,"confidential: removed from data",1,"Health Centre",,,3,,"confidential: removed from data",55
601,101,601101,"confidential: removed from data",1,"Hospital",,,1,,"confidential: removed from data",56
601,2001,6012001,"confidential: removed from data",2,"Primary School",,,1,1,"confidential: removed from data",57
601,2002,6012002,"confidential: removed from data",2,"Primary School",,,1,1,"confidential: removed from data",58
601,2003,6012003,"confidential: removed from data",2,"Primary School",,,1,1,"confidential: removed from data",59
601,2005,6012005,"confidential: removed from data",2,"Primary School",,,1,1,"confidential: removed from data",60
601,2006,6012006,"confidential: removed from data",2,"Primary School",,,1,1,"confidential: removed from data",61
601,2008,6012008,"confidential: removed from data",2,"Primary School",,,1,1,"confidential: removed from data",62
601,2009,6012009,"confidential: removed from data",2,"Primary School",,,1,1,"confidential: removed from data",63
601,2010,6012010,"confidential: removed from data",2,"Primary School",,,1,1,"confidential: removed from data",64
601,2011,6012011,"confidential: removed from data",2,"Primary School",,,1,1,"confidential: removed from data",65
601,2012,6012012,"confidential: removed from data",2,"Primary School",,,1,1,"confidential: removed from data",66
601,2018,6012018,"confidential: removed from data",2,"Primary School",,,1,1,"confidential: removed from data",67
601,2019,6012019,"confidential: removed from data",2,"Primary School",,,1,1,"confidential: removed from data",68
601,2020,6012020,"confidential: removed from data",2,"Primary School",,,1,1,"confidential: removed from data",69
601,2021,6012021,"confidential: removed from data",2,"Primary School",,,1,1,"confidential: removed from data",70
601,2022,6012022,"confidential: removed from data",2,"Primary School",,,1,1,"confidential: removed from data",71
601,2024,6012024,"confidential: removed from data",2,"Primary School",,,1,1,"confidential: removed from data",72
601,2025,6012025,"confidential: removed from data",2,"Primary School",,,1,1,"confidential: removed from data",73
601,2026,6012026,"confidential: removed from data",2,"Primary School",,,1,1,"confidential: removed from data",74
601,2028,6012028,"confidential: removed from data",2,"Primary School",,,1,1,"confidential: removed from data",75
601,2029,6012029,"confidential: removed from data",2,"Primary School",,,1,1,"confidential: removed from data",76
601,2030,6012030,"confidential: removed from data",2,"Primary School",,,1,1,"confidential: removed from data",77
601,2031,6012031,"confidential: removed from data",2,"Primary School",,,1,1,"confidential: removed from data",78
601,2032,6012032,"confidential: removed from data",2,"Primary School",,,1,1,"confidential: removed from data",79
601,2033,6012033,"confidential: removed from data",2,"Primary School",,,1,1,"confidential: removed from data",80
601,2034,6012034,"confidential: removed from data",2,"Primary School",,,1,1,"confidential: removed from data",81
601,2035,6012035,"confidential: removed from data",2,"Primary School",,,1,1,"confidential: removed from data",82
601,2036,6012036,"confidential: removed from data",2,"Primary School",,,1,1,"confidential: removed from data",83
601,2037,6012037,"confidential: removed from data",2,"Primary School",,,1,1,"confidential: removed from data",84
601,2038,6012038,"confidential: removed from data",2,"Primary School",,,1,1,"confidential: removed from data",85
601,2039,6012039,"confidential: removed from data",2,"Primary School",,,1,1,"confidential: removed from data",86
601,2040,6012040,"confidential: removed from data",2,"Primary School",,,1,1,"confidential: removed from data",87
601,2041,6012041,"confidential: removed from data",2,"Primary School",,,1,1,"confidential: removed from data",88
601,2042,6012042,"confidential: removed from data",2,"Primary School",,,1,1,"confidential: removed from data",89
601,2045,6012045,"confidential: removed from data",2,"Primary School",,,1,1,"confidential: removed from data",90
601,2046,6012046,"confidential: removed from data",2,"Primary School",,,1,1,"confidential: removed from data",91
601,2047,6012047,"confidential: removed from data",2,"Primary School",,,1,1,"confidential: removed from data",92
601,2048,6012048,"confidential: removed from data",2,"Primary School",,,1,1,"confidential: removed from data",93
601,2050,6012050,"confidential: removed from data",2,"Primary School",,,1,1,"confidential: removed from data",94
601,2051,6012051,"confidential: removed from data",2,"Primary School",,,1,1,"confidential: removed from data",95
601,2052,6012052,"confidential: removed from data",2,"Primary School",,,1,1,"confidential: removed from data",96
601,2053,6012053,"confidential: removed from data",2,"Primary School",,,1,1,"confidential: removed from data",97
601,2054,6012054,"confidential: removed from data",2,"Primary School",,,1,1,"confidential: removed from data",98
601,2055,6012055,"confidential: removed from data",2,"Primary School",,,1,1,"confidential: removed from data",99
601,2057,6012057,"confidential: removed from data",2,"Primary School",,,1,1,"confidential: removed from data",100
601,2058,6012058,"confidential: removed from data",2,"Primary School",,,1,1,"confidential: removed from data",101
601,2059,6012059,"confidential: removed from data",2,"Primary School",,,1,1,"confidential: removed from data",102
601,2061,6012061,"confidential: removed from data",2,"Primary School",,,1,1,"confidential: removed from data",103
601,2062,6012062,"confidential: removed from data",2,"Primary School",,,1,1,"confidential: removed from data",104
601,2063,6012063,"confidential: removed from data",2,"Primary School",,,1,1,"confidential: removed from data",105
601,2065,6012065,"confidential: removed from data",2,"Primary School",,,1,1,"confidential: removed from data",106
601,2066,6012066,"confidential: removed from data",2,"Primary School",,,1,1,"confidential: removed from data",107
601,2067,6012067,"confidential: removed from data",2,"Primary School",,,1,1,"confidential: removed from data",108
601,2068,6012068,"confidential: removed from data",2,"Primary School",,,1,1,"confidential: removed from data",109
601,2069,6012069,"confidential: removed from data",2,"Primary School",,,1,1,"confidential: removed from data",110
601,2070,6012070,"confidential: removed from data",2,"Primary School",,,1,1,"confidential: removed from data",111
601,2071,6012071,"confidential: removed from data",2,"Primary School",,,1,1,"confidential: removed from data",112
601,2072,6012072,"confidential: removed from data",2,"Primary School",,,1,1,"confidential: removed from data",113
601,2073,6012073,"confidential: removed from data",2,"Primary School",,,1,1,"confidential: removed from data",114
601,2075,6012075,"confidential: removed from data",2,"Primary School",,,1,1,"confidential: removed from data",115
601,2076,6012076,"confidential: removed from data",2,"Primary School",,,1,1,"confidential: removed from data",116
601,2077,6012077,"confidential: removed from data",2,"Primary School",,,1,1,"confidential: removed from data",117
601,2078,6012078,"confidential: removed from data",2,"Primary School",,,1,1,"confidential: removed from data",118
601,2079,6012079,"confidential: removed from data",2,"Primary School",,,1,1,"confidential: removed from data",119
601,2080,6012080,"confidential: removed from data",2,"Primary School",,,1,1,"confidential: removed from data",120
601,2081,6012081,"confidential: removed from data",2,"Primary School",,,1,1,"confidential: removed from data",121
601,2082,6012082,"confidential: removed from data",2,"Primary School",,,1,1,"confidential: removed from data",122
601,2083,6012083,"confidential: removed from data",2,"Primary School",,,1,1,"confidential: removed from data",123
601,2084,6012084,"confidential: removed from data",2,"Primary School",,,1,1,"confidential: removed from data",124
601,2086,6012086,"confidential: removed from data",2,"Primary School",,,1,1,"confidential: removed from data",125
601,2087,6012087,"confidential: removed from data",2,"Primary School",,,1,1,"confidential: removed from data",126
601,2088,6012088,"confidential: removed from data",2,"Primary School",,,1,1,"confidential: removed from data",127
601,2090,6012090,"confidential: removed from data",2,"Primary School",,,1,1,"confidential: removed from data",128
601,2091,6012091,"confidential: removed from data",2,"Primary School",,,1,1,"confidential: removed from data",129
601,2092,6012092,"confidential: removed from data",2,"Primary School",,,1,1,"confidential: removed from data",130
601,2093,6012093,"confidential: removed from data",2,"Primary School",,,1,1,"confidential: removed from data",131
601,2094,6012094,"confidential: removed from data",2,"Primary School",,,1,1,"confidential: removed from data",132
601,2095,6012095,"confidential: removed from data",2,"Primary School",,,1,1,"confidential: removed from data",133
601,2096,6012096,"confidential: removed from data",2,"Primary School",,,1,1,"confidential: removed from data",134
601,2098,6012098,"confidential: removed from data",2,"Primary School",,,1,1,"confidential: removed from data",135
601,2099,6012099,"confidential: removed from data",2,"Primary School",,,1,1,"confidential: removed from data",136
601,2100,6012100,"confidential: removed from data",2,"Primary School",,,1,1,"confidential: removed from data",137
601,2101,6012101,"confidential: removed from data",2,"Primary School",,,1,1,"confidential: removed from data",138
601,2102,6012102,"confidential: removed from data",2,"Primary School",,,1,1,"confidential: removed from data",139
601,2103,6012103,"confidential: removed from data",2,"Primary School",,,1,1,"confidential: removed from data",140
601,2104,6012104,"confidential: removed from data",2,"Primary School",,,1,1,"confidential: removed from data",141
601,2105,6012105,"confidential: removed from data",2,"Primary School",,,1,1,"confidential: removed from data",142
601,2106,6012106,"confidential: removed from data",2,"Primary School",,,1,1,"confidential: removed from data",143
601,2107,6012107,"confidential: removed from data",2,"Primary School",,,1,1,"confidential: removed from data",144
601,2108,6012108,"confidential: removed from data",2,"Primary School",,,1,1,"confidential: removed from data",145
601,2109,6012109,"confidential: removed from data",2,"Primary School",,,1,1,"confidential: removed from data",146
601,2110,6012110,"confidential: removed from data",2,"Primary School",,,1,1,"confidential: removed from data",147
601,2111,6012111,"confidential: removed from data",2,"Primary School",,,1,1,"confidential: removed from data",148
601,2112,6012112,"confidential: removed from data",2,"Primary School",,,1,1,"confidential: removed from data",149
601,2114,6012114,"confidential: removed from data",2,"Primary School",,,1,1,"confidential: removed from data",150
601,2115,6012115,"confidential: removed from data",2,"Primary School",,,1,1,"confidential: removed from data",151
601,2116,6012116,"confidential: removed from data",2,"Primary School",,,1,1,"confidential: removed from data",152
601,2117,6012117,"confidential: removed from data",2,"Primary School",,,1,1,"confidential: removed from data",153
601,2118,6012118,"confidential: removed from data",2,"Primary School",,,1,1,"confidential: removed from data",154
601,2004,6012004,"confidential: removed from data",2,"Secondary School",,,1,1,"confidential: removed from data",155
601,2007,6012007,"confidential: removed from data",2,"Secondary School",,,1,2,"confidential: removed from data",156
601,2013,6012013,"confidential: removed from data",2,"Secondary School",,,1,1,"confidential: removed from data",157
601,2014,6012014,"confidential: removed from data",2,"Secondary School",,,1,1,"confidential: removed from data",158
601,2015,6012015,"confidential: removed from data",2,"Secondary School",,,5,3,"confidential: removed from data",159
601,2016,6012016,"confidential: removed from data",2,"Secondary School",,,5,3,"confidential: removed from data",160
601,2017,6012017,"confidential: removed from data",2,"Secondary School",,,3,3,"confidential: removed from data",161
601,2023,6012023,"confidential: removed from data",2,"Secondary School",,,1,1,"confidential: removed from data",162
601,2027,6012027,"confidential: removed from data",2,"Secondary School",,,1,1,"confidential: removed from data",163
601,2043,6012043,"confidential: removed from data",2,"Secondary School",,,1,1,"confidential: removed from data",164
601,2044,6012044,"confidential: removed from data",2,"Secondary School",,,1,1,"confidential: removed from data",165
601,2049,6012049,"confidential: removed from data",2,"Secondary School",,,1,1,"confidential: removed from data",166
601,2056,6012056,"confidential: removed from data",2,"Secondary School",,,1,1,"confidential: removed from data",167
601,2060,6012060,"confidential: removed from data",2,"Secondary School",,,1,1,"confidential: removed from data",168
601,2064,6012064,"confidential: removed from data",2,"Secondary School",,,1,1,"confidential: removed from data",169
601,2074,6012074,"confidential: removed from data",2,"Secondary School",,,1,1,"confidential: removed from data",170
601,2085,6012085,"confidential: removed from data",2,"Secondary School",,,1,1,"confidential: removed from data",171
601,2089,6012089,"confidential: removed from data",2,"Secondary School",,,1,1,"confidential: removed from data",172
601,2097,6012097,"confidential: removed from data",2,"Secondary School",,,1,1,"confidential: removed from data",173
601,2113,6012113,"confidential: removed from data",2,"Secondary School",,,1,1,"confidential: removed from data",174
602,101,602101,"confidential: removed from data",1,"Dispensary","MLA","MDZ",1,,"confidential: removed from data",175
602,102,602102,"confidential: removed from data",1,"Dispensary","MSF","SOG",1,,"confidential: removed from data",176
602,103,602103,"confidential: removed from data",1,"Dispensary","KIK","RUV",1,,"confidential: removed from data",177
602,105,602105,"confidential: removed from data",1,"Dispensary","MGD","MAG",1,,"confidential: removed from data",178
602,106,602106,"confidential: removed from data",1,"Dispensary","MLA","MDZ",1,,"confidential: removed from data",179
602,107,602107,"confidential: removed from data",1,"Dispensary","KWL","KWA",1,,"confidential: removed from data",180
602,108,602108,"confidential: removed from data",1,"Dispensary","NGT","RUV",1,,"confidential: removed from data",181
602,109,602109,"confidential: removed from data",1,"Dispensary","GWA","MAG",1,,"confidential: removed from data",182
602,110,602110,"confidential: removed from data",1,"Dispensary","GUM","MAG",1,,"confidential: removed from data",183
602,111,602111,"confidential: removed from data",1,"Dispensary","BOK","SOG",1,,"confidential: removed from data",184
602,113,602113,"confidential: removed from data",1,"Dispensary","MLB","MDZ",1,,"confidential: removed from data",185
602,114,602114,"confidential: removed from data",1,"Dispensary","DIS","MDZ",1,,"confidential: removed from data",186
602,117,602117,"confidential: removed from data",1,"Dispensary","KIP","SOG",1,,"confidential: removed from data",187
602,118,602118,"confidential: removed from data",1,"Dispensary","DUT","KWA",1,,"confidential: removed from data",188
602,119,602119,"confidential: removed from data",1,"Dispensary","MLB","MDZ",1,,"confidential: removed from data",189
602,120,602120,"confidential: removed from data",1,"Dispensary","RVS","RUV",1,,"confidential: removed from data",190
602,121,602121,"confidential: removed from data",1,"Dispensary","LUK","MAG",1,,"confidential: removed from data",191
602,122,602122,"confidential: removed from data",1,"Dispensary","MBT","RUV",1,,"confidential: removed from data",192
602,123,602123,"confidential: removed from data",1,"Dispensary","MPE","KWA",1,,"confidential: removed from data",193
602,124,602124,"confidential: removed from data",1,"Dispensary","LUP","RUV",1,,"confidential: removed from data",194
602,501,602501,"confidential: removed from data",1,"Dispensary","MAG","MAG",1,,"confidential: removed from data",195
602,502,602502,"confidential: removed from data",1,"Dispensary","KWL","KWL",1,,"confidential: removed from data",196
602,503,602503,"confidential: removed from data",1,"Hospital",,,1,,"confidential: removed from data",197
602,201,602201,"confidential: removed from data",2,"Primary School","MLB","MDZ",1,3,"confidential: removed from data",198
602,202,602202,"confidential: removed from data",2,"Primary School","MBT","RUV",1,1,"confidential: removed from data",199
602,203,602203,"confidential: removed from data",2,"Primary School","KWL","KWA",1,1,"confidential: removed from data",200
602,204,602204,"confidential: removed from data",2,"Primary School","MLA","MDZ",1,1,"confidential: removed from data",201
602,209,602209,"confidential: removed from data",2,"Primary School","MLB","MDZ",1,1,"confidential: removed from data",202
602,210,602210,"confidential: removed from data",2,"Primary School","MGD","MAG",1,1,"confidential: removed from data",203
602,211,602211,"confidential: removed from data",2,"Primary School","MLA","MDZ",1,1,"confidential: removed from data",204
602,212,602212,"confidential: removed from data",2,"Primary School","MLB","MDZ",1,1,"confidential: removed from data",205
602,213,602213,"confidential: removed from data",2,"Primary School","KIP","SOG",1,1,"confidential: removed from data",206
602,214,602214,"confidential: removed from data",2,"Primary School","MLB","MDZ",1,1,"confidential: removed from data",207
602,216,602216,"confidential: removed from data",2,"Primary School","GWA","MAG",1,1,"confidential: removed from data",208
602,217,602217,"confidential: removed from data",2,"Primary School","MLB","MDZ",1,1,"confidential: removed from data",209
602,219,602219,"confidential: removed from data",2,"Primary School","DUT","KWA",1,1,"confidential: removed from data",210
602,221,602221,"confidential: removed from data",2,"Primary School","MLB","MDZ",1,1,"confidential: removed from data",211
602,222,602222,"confidential: removed from data",2,"Primary School","GWA","MAG",1,1,"confidential: removed from data",212
602,223,602223,"confidential: removed from data",2,"Primary School","GUM","MAG",1,1,"confidential: removed from data",213
602,224,602224,"confidential: removed from data",2,"Primary School","MIN","RUV",1,1,"confidential: removed from data",214
602,225,602225,"confidential: removed from data",2,"Primary School","DUT","KWA",1,1,"confidential: removed from data",215
602,227,602227,"confidential: removed from data",2,"Primary School","NGT","RUV",1,1,"confidential: removed from data",216
602,228,602228,"confidential: removed from data",2,"Primary School","VIK","SOG",1,1,"confidential: removed from data",217
602,229,602229,"confidential: removed from data",2,"Primary School","LUK","MAG",1,1,"confidential: removed from data",218
602,230,602230,"confidential: removed from data",2,"Primary School","MPJ","SOG",1,1,"confidential: removed from data",219
602,232,602232,"confidential: removed from data",2,"Primary School","KIP","SOG",1,1,"confidential: removed from data",220
602,233,602233,"confidential: removed from data",2,"Primary School","MGD","MAG",1,1,"confidential: removed from data",221
602,234,602234,"confidential: removed from data",2,"Primary School","BOK","SOG",1,1,"confidential: removed from data",222
602,235,602235,"confidential: removed from data",2,"Primary School","MLB","MDZ",1,1,"confidential: removed from data",223
602,236,602236,"confidential: removed from data",2,"Primary School","LUP","RUV",1,1,"confidential: removed from data",224
602,239,602239,"confidential: removed from data",2,"Primary School","LUK","MAG",1,1,"confidential: removed from data",225
602,241,602241,"confidential: removed from data",2,"Primary School","MBT","RUV",1,1,"confidential: removed from data",226
602,242,602242,"confidential: removed from data",2,"Primary School","KWL","KWA",1,1,"confidential: removed from data",227
602,244,602244,"confidential: removed from data",2,"Primary School","LUP","RUV",,,"confidential: removed from data",228
602,245,602245,"confidential: removed from data",2,"Primary School","MSF","SOG",1,1,"confidential: removed from data",229
602,248,602248,"confidential: removed from data",2,"Primary School","MLA","MDZ",1,1,"confidential: removed from data",230
602,249,602249,"confidential: removed from data",2,"Primary School","KIK","RUV",1,1,"confidential: removed from data",231
602,250,602250,"confidential: removed from data",2,"Primary School","MPE","KWA",1,1,"confidential: removed from data",232
602,252,602252,"confidential: removed from data",2,"Primary School","RVS","RUV",1,1,"confidential: removed from data",233
602,253,602253,"confidential: removed from data",2,"Primary School","MLB","MDZ",1,1,"confidential: removed from data",234
602,254,602254,"confidential: removed from data",2,"Primary School","DIS","MDZ",1,1,"confidential: removed from data",235
602,206,602206,"confidential: removed from data",2,"Secondary School","KWL","KWA",1,3,"confidential: removed from data",236
602,207,602207,"confidential: removed from data",2,"Secondary School","SGA","SOG",1,3,"confidential: removed from data",237
602,215,602215,"confidential: removed from data",2,"Secondary School","MLB","MDZ",5,,"confidential: removed from data",238
602,218,602218,"confidential: removed from data",2,"Secondary School","MBT","RUV",1,1,"confidential: removed from data",239
602,226,602226,"confidential: removed from data",2,"Secondary School","VIK","SOG",5,,"confidential: removed from data",240
602,231,602231,"confidential: removed from data",2,"Secondary School","MLB","MDZ",1,1,"confidential: removed from data",241
602,238,602238,"confidential: removed from data",2,"Secondary School","MGD","MAG",1,3,"confidential: removed from data",242
602,247,602247,"confidential: removed from data",2,"Secondary School","MLB","MDZ",1,1,"confidential: removed from data",243
602,251,602251,"confidential: removed from data",2,"Secondary School","MSF","SOG",1,1,"confidential: removed from data",244
602,255,602255,"confidential: removed from data",2,"Secondary School","MLA","MDZ",1,1,"confidential: removed from data",245
104,101,104101,"confidential: removed from data",1,"**Not included**","ILE","MZS",1,,"confidential: removed from data",246
104,102,104102,"confidential: removed from data",1,"Health Centre",,,1,,"confidential: removed from data",247
104,103,104103,"confidential: removed from data",1,"Dispensary",,,1,,"confidential: removed from data",248
104,104,104104,"confidential: removed from data",1,"Dispensary","MAH","CHL",1,,"confidential: removed from data",249
104,105,104105,"confidential: removed from data",1,"Dispensary","CHW","DBL",1,,"confidential: removed from data",250
104,106,104106,"confidential: removed from data",1,"Dispensary",,,1,,"confidential: removed from data",251
104,107,104107,"confidential: removed from data",1,"Hospital",,,1,,"confidential: removed from data",252
104,108,104108,"confidential: removed from data",1,"Dispensary","GWD","SEG",1,,"confidential: removed from data",253
104,109,104109,"confidential: removed from data",1,"Dispensary","HAD","HAN",1,,"confidential: removed from data",254
104,110,104110,"confidential: removed from data",1,"Dispensary","HAN","HNT",1,,"confidential: removed from data",255
104,111,104111,"confidential: removed from data",1,"Dispensary","IDF","IDI",1,,"confidential: removed from data",256
104,112,104112,"confidential: removed from data",1,"Dispensary",,,1,,"confidential: removed from data",257
104,113,104113,"confidential: removed from data",1,"Dispensary","ILE","MZS",1,,"confidential: removed from data",258
104,114,104114,"confidential: removed from data",1,"Dispensary",,,1,,"confidential: removed from data",259
104,115,104115,"confidential: removed from data",1,"Dispensary","SOL","ITI",1,,"confidential: removed from data",260
104,116,104116,"confidential: removed from data",1,"Dispensary",,,3,,"confidential: removed from data",261
104,117,104117,"confidential: removed from data",1,"Dispensary","IZA","SEG",1,,"confidential: removed from data",262
104,118,104118,"confidential: removed from data",1,"Dispensary","IGU","FUF",1,,"confidential: removed from data",263
104,119,104119,"confidential: removed from data",1,"Dispensary","IZA","SEG",1,,"confidential: removed from data",264
104,120,104120,"confidential: removed from data",1,"Dispensary","MNY","DBL",1,,"confidential: removed from data",265
104,121,104121,"confidential: removed from data",1,"Dispensary","MGA","MSA",1,,"confidential: removed from data",266
104,122,104122,"confidential: removed from data",1,"Dispensary",,,1,,"confidential: removed from data",267
104,123,104123,"confidential: removed from data",1,"Dispensary","MLD","MAK",1,,"confidential: removed from data",268
104,124,104124,"confidential: removed from data",1,"Dispensary",,,1,,"confidential: removed from data",269
104,125,104125,"confidential: removed from data",1,"Dispensary",,,3,,"confidential: removed from data",270
104,126,104126,"confidential: removed from data",1,"Hospital",,,3,,"confidential: removed from data",271
104,127,104127,"confidential: removed from data",1,"Dispensary","NGB","NGH",1,,"confidential: removed from data",272
104,128,104128,"confidential: removed from data",1,"Dispensary","NHI","MLO",1,,"confidential: removed from data",273
104,129,104129,"confidential: removed from data",1,"Dispensary","NKW","MLO",1,,"confidential: removed from data",274
104,130,104130,"confidential: removed from data",1,"Dispensary","ILE","MZS",1,,"confidential: removed from data",275
104,131,104131,"confidential: removed from data",1,"Dispensary","SEG","SEG",1,,"confidential: removed from data",276
104,132,104132,"confidential: removed from data",1,"Dispensary",,,1,,"confidential: removed from data",277
104,133,104133,"confidential: removed from data",1,"Dispensary",,,1,,"confidential: removed from data",278
104,201,104201,"confidential: removed from data",2,"**Not included**","SEG","SEG",1,1,"confidential: removed from data",279
104,202,104202,"confidential: removed from data",2,"Hospital",,,1,1,"confidential: removed from data",280
104,203,104203,"confidential: removed from data",2,"Primary School","SEG","SEG",1,1,"confidential: removed from data",281
104,204,104204,"confidential: removed from data",2,"Primary School","MAH","CHL",1,1,"confidential: removed from data",282
104,205,104205,"confidential: removed from data",2,"Primary School","MAH","CHL",1,1,"confidential: removed from data",283
104,206,104206,"confidential: removed from data",2,"Primary School","CHW","DBL",1,1,"confidential: removed from data",284
104,207,104207,"confidential: removed from data",2,"Primary School","IZA","SEG",1,1,"confidential: removed from data",285
104,208,104208,"confidential: removed from data",2,"Primary School","HAN","HAN",1,1,"confidential: removed from data",286
104,209,104209,"confidential: removed from data",2,"Primary School","GWD","SEG",1,1,"confidential: removed from data",287
104,210,104210,"confidential: removed from data",2,"Primary School","HAD","HAN",1,1,"confidential: removed from data",288
104,249,104249,"confidential: removed from data",2,"Secondary School","HAN","HNT",1,3,"confidential: removed from data",289
104,211,104211,"confidential: removed from data",2,"Primary School","HAN","HNT",1,1,"confidential: removed from data",290
104,212,104212,"confidential: removed from data",2,"Primary School","IDF","IDI",1,1,"confidential: removed from data",291
104,213,104213,"confidential: removed from data",2,"Primary School","IGU","FUF",1,1,"confidential: removed from data",292
104,214,104214,"confidential: removed from data",2,"Primary School","IKO","IRN",1,1,"confidential: removed from data",293
104,215,104215,"confidential: removed from data",2,"Primary School","ILE","MZS",1,1,"confidential: removed from data",294
104,216,104216,"confidential: removed from data",2,"Primary School",,,1,1,"confidential: removed from data",295
104,217,104217,"confidential: removed from data",2,"Primary School","SOL",,1,1,"confidential: removed from data",296
104,218,104218,"confidential: removed from data",2,"Primary School","IZA","SEG",1,1,"confidential: removed from data",297
104,219,104219,"confidential: removed from data",2,"Primary School","IZA","SEG",1,1,"confidential: removed from data",298
104,220,104220,"confidential: removed from data",2,"Primary School",,,1,1,"confidential: removed from data",299
104,221,104221,"confidential: removed from data",2,"Primary School",,,1,1,"confidential: removed from data",300
104,222,104222,"confidential: removed from data",2,"Primary School","GWD","HNT",1,1,"confidential: removed from data",301
104,223,104223,"confidential: removed from data",2,"Primary School","IKO","IRN",1,1,"confidential: removed from data",302
104,224,104224,"confidential: removed from data",2,"Primary School","SEG","SEG",1,1,"confidential: removed from data",303
104,225,104225,"confidential: removed from data",2,"Primary School","MNY","DBL",1,1,"confidential: removed from data",304
104,226,104226,"confidential: removed from data",2,"Primary School","MGA","MSA",1,1,"confidential: removed from data",305
104,227,104227,"confidential: removed from data",2,"Primary School","MLZ","NGH",1,1,"confidential: removed from data",306
104,228,104228,"confidential: removed from data",2,"Primary School","MLI","MMB",1,1,"confidential: removed from data",307
104,229,104229,"confidential: removed from data",2,"Primary School","MLD","MAK",1,1,"confidential: removed from data",308
104,230,104230,"confidential: removed from data",2,"Primary School","MGA","MSA",1,1,"confidential: removed from data",309
104,231,104231,"confidential: removed from data",2,"Primary School","IDF","IDI",1,1,"confidential: removed from data",310
104,232,104232,"confidential: removed from data",2,"Primary School","NGB","NGH",1,1,"confidential: removed from data",311
104,233,104233,"confidential: removed from data",2,"Primary School","NDG","NGH",1,1,"confidential: removed from data",312
104,234,104234,"confidential: removed from data",2,"Primary School","NHI","MLO",1,1,"confidential: removed from data",313
104,235,104235,"confidential: removed from data",2,"Primary School","NKW","MLO",1,1,"confidential: removed from data",314
104,236,104236,"confidential: removed from data",2,"Primary School","SEG","SEG",1,1,"confidential: removed from data",315
104,237,104237,"confidential: removed from data",2,"Primary School","SOL","ITI",1,1,"confidential: removed from data",316
104,238,104238,"confidential: removed from data",2,"Primary School","IZA","SEG",1,1,"confidential: removed from data",317
104,239,104239,"confidential: removed from data",2,"Secondary School",,,1,1,"confidential: removed from data",318
104,240,104240,"confidential: removed from data",2,"Secondary School","IGU",,1,1,"confidential: removed from data",319
104,241,104241,"confidential: removed from data",2,"Secondary School","HAN","HNT",1,1,"confidential: removed from data",320
104,242,104242,"confidential: removed from data",2,"Secondary School",,,1,1,"confidential: removed from data",321
104,243,104243,"confidential: removed from data",2,"Secondary School",,,1,1,"confidential: removed from data",322
104,244,104244,"confidential: removed from data",2,"Secondary School","NDG","NGH",1,3,"confidential: removed from data",323
104,245,104245,"confidential: removed from data",2,"Secondary School",,,1,1,"confidential: removed from data",324
104,246,104246,"confidential: removed from data",2,"Secondary School",,,1,1,"confidential: removed from data",325
104,247,104247,"confidential: removed from data",2,"Primary School","MAH","CHL",1,1,"confidential: removed from data",326
104,248,104248,"confidential: removed from data",2,"Primary School","MAH","CHL",1,1,"confidential: removed from data",327
