"ItemCode","ItemLabel2","ItemLabel1","KCal_100g"
"0102","Rice (husked)","Mchele",335
"0103","Maize (green, cob)","Mahindi mabichi (Gunzi)",43
"0104","Maize (flour) Dona","Unga wa mahindi (Dona)",345
"0105","Maize (flour) Super/sembe","Unga wa mahindi (Super/sembe)",363
"0106","Other flour (Millet, Cassava, sorghum, barley..)","Unga mwingine ( mtama, Udaga/Muhogo, Ulezi, Ngano, shayiri..)",310
"0109","Buns, cakes and biscuits","Mandazi, keki na biskuti",302
"0111","Other cereal products","Mazao mengine ya nafaka",370
"0201","Cassava fresh","Mihogo mibichi",104
"0203","Sweet potatoes","Viazi vitamu",83
"0206","Cooking bananas, plantains","Ndizi za kupikwa",60
"0207","Other starches (like irish potatoes, yams etc)","Vyakula vingine vya wanga (kama viazi vikuu, viazi mviringo, magimbi nk)",84
"0301","Sugar","Sukari",375
"0401","Dried Beans","Maharage Makavu",320
"0402","Fresh Beans","Maharage Mabichi",320
"0403","Peas, lentils and other pulses","Kunde, choroko na bidhaa nyingine za jamii ya kunde",320
"0501","Groundnuts without shell","Karanga zilizomenywa",399
"0503","Coconuts (immature)","Madafu",180
"0504","Coconuts (mature)","Nazi",351
"0601","Tomatoes","Nyanya",20
"0602","Onions","Vitunguu",34
"0603","Spinach","Mchicha",22
"0604","Carrots, green pepper, cabbage or other vegetables","Karoti, pilipili hoho,kabichi au mboga nyingine za majani na viungo",27
"0801","Goat meat","Nyama ya mbuzi",126
"0802","Beef including minced sausage","Nyama ya ng'ombe pamoja na ya kusagwa",150
"0803","Pork including sausages and bacon","Nyama ya nguruwe",188
"0804","Chicken and other poultry","Kuku na ndege wengine wafugwao",147
"0807","Eggs","Mayai",132
"0808","Fresh fish and seafood Excl. dagaa)","Samaki, wabichi (Bila kuhusisha dagaa)",230
"0809","Dried fish and seafood (Excl. dagaa)","Samaki wakavu (Bila kuhusisha dagaa)",255
"0810","Fresh Dagaa","Dagaa wabichi",
"0811","Dried Dagaa","Dagaa wakavu",
"0901","Fresh milk","Maziwa freshi",79
"1001","Cooking oil","Mafuta ya kupikia",900
"1003","Salt","Chumvi",0
"1104","Bottled/canned soft drinks (soda, juice, water)","Vinywaji baridi katika chupa /makopo (soda, maji ya matunda, maji)",45
"1201","Full meals (breakfast, lunch, dinner)","Milo kamili (kifungua kinywa, chakula cha mchana/jioni)",290
"1202","Barbecued meat, chips, roast bananas, and other snacks","Nyama choma, chips, ndizi za kuchoma na vitafunwa vingine",250
"1203","Kibuku and other local brews","Kibuku na pombe nyingine za kienyeji",231
"1204","Wine, commercial beers, and spirits","Mvinyo, bia na vinywaji vikali",70
"1205","Sodas and other non-acoholic drinks","Soda na vinywaji vingine visivyo vileo",45
"1206","Sweets and ice-cream","Peremende na barafu (ice-cream)",288
"1207","Tea, cofffee, Samosa, cake,and other hoteli snacks","Chai, kahawa, sambusa, keki na vitafunwa vingine vya hotelini",150
