"UnitCode","unitlabel","fu_picture"
1,"Kilograms","<img src = file:\\\C:\photos\CCT\NP-99999.JPG/>"
2,"Gram","<img src = file:\\\C:\photos\CCT\NP-99999.JPG/>"
3,"Millilitre","<img src = file:\\\C:\photos\CCT\NP-99999.JPG/>"
4,"Litre","<img src = file:\\\C:\photos\CCT\NP-99999.JPG/>"
5,"25 KG Bag","<img src = file:\\\C:\photos\CCT\NP-99999.JPG/>"
6,"50 KG Bag","<img src = file:\\\C:\photos\CCT\NP-99999.JPG/>"
7,"90 KG Bag","<img src = file:\\\C:\photos\CCT\NP-99999.JPG/>"
8,"Debe","<img src = file:\\\C:\photos\CCT\NP-99999.JPG/>"
9,"Table spoon","<img src = file:\\\C:\photos\CCT\NP-99999.JPG/>"
10,"Bunch","<img src = file:\\\C:\photos\CCT\NP-99999.JPG/>"
11,"Hand","<img src = file:\\\C:\photos\CCT\NP-99999.JPG/>"
12,"Piece/Number","<img src = file:\\\C:\photos\CCT\NP-99999.JPG/>"
13,"Heap","<img src = file:\\\C:\photos\CCT\NP-99999.JPG/>"
14,"Handful","<img src = file:\\\C:\photos\CCT\NP-99999.JPG/>"
15,"Pakacha/Tenga","<img src = file:\\\C:\photos\CCT\NP-99999.JPG/>"
23,"Tsh.","<img src = file:\\\C:\photos\CCT\NP-99999.JPG/>"
36,"ndoo lita 10","<img src = file:\\\C:\photos\CCT\NP-99999.JPG/>"
37,"350 ml Fanta bottle","<img src = file:\\\C:\photos\CCT\NP-99999.JPG/>"
99,"Other","<img src = file:\\\C:\photos\CCT\NP-99999.JPG/>"
10401,"Handful","<img src = file:\\\C:\photos\CCT\NP-99999.JPG/>"
10501,"Handful","<img src = file:\\\C:\photos\CCT\NP-99999.JPG/>"
40201,"Large heap","<img src = file:\\\C:\photos\CCT\NP-99999.JPG/>"
40202,"Medium heap","<img src = file:\\\C:\photos\CCT\NP-99999.JPG/>"
40203,"Small heap","<img src = file:\\\C:\photos\CCT\NP-99999.JPG/>"
81001,"Large heap","<img src = file:\\\C:\photos\CCT\NP-99999.JPG/>"
81002,"Medium heap","<img src = file:\\\C:\photos\CCT\NP-99999.JPG/>"
81003,"Small heap","<img src = file:\\\C:\photos\CCT\NP-99999.JPG/>"
100102,"Kibaba","<img src = file:\\\C:\photos\CCT\NP-99999.JPG/>"
81103,"Small heap","<img src = file:\\\C:\photos\CCT\FU-081103.JPG/>"
81102,"Medium heap","<img src = file:\\\C:\photos\CCT\FU-081102.JPG/>"
81101,"Large heap","<img src = file:\\\C:\photos\CCT\FU-081101.JPG/>"
80903,"Small fish","<img src = file:\\\C:\photos\CCT\FU-080903.JPG/>"
80902,"Medium fish","<img src = file:\\\C:\photos\CCT\FU-080902.JPG/>"
80901,"Big fish","<img src = file:\\\C:\photos\CCT\FU-080901.JPG/>"
80803,"Small fish","<img src = file:\\\C:\photos\CCT\FU-080803.JPG/>"
80802,"Medium fish","<img src = file:\\\C:\photos\CCT\FU-080802.JPG/>"
80801,"Big fish","<img src = file:\\\C:\photos\CCT\FU-080801.JPG/>"
80303,"0.25 kg heap","<img src = file:\\\C:\photos\CCT\FU-080303.JPG/>"
80302,"0.5 kg heap","<img src = file:\\\C:\photos\CCT\FU-080302.JPG/>"
80301,"1 kg heap","<img src = file:\\\C:\photos\CCT\FU-080301.JPG/>"
80203,"0.25 kg heap","<img src = file:\\\C:\photos\CCT\FU-080203.JPG/>"
80202,"0.5 kg heap","<img src = file:\\\C:\photos\CCT\FU-080202.JPG/>"
80201,"1 kg heap","<img src = file:\\\C:\photos\CCT\FU-080201.JPG/>"
80103,"0.25 kg heap","<img src = file:\\\C:\photos\CCT\FU-080103.JPG/>"
80102,"0.5 kg heap","<img src = file:\\\C:\photos\CCT\FU-080102.JPG/>"
80101,"1 kg heap","<img src = file:\\\C:\photos\CCT\FU-080101.JPG/>"
60301,"Bundle","<img src = file:\\\C:\photos\CCT\FU-060301.JPG/>"
60213,"Small heap","<img src = file:\\\C:\photos\CCT\FU-060213.JPG/>"
60212,"Medium heap","<img src = file:\\\C:\photos\CCT\FU-060212.JPG/>"
60211,"Large heap","<img src = file:\\\C:\photos\CCT\FU-060211.JPG/>"
60203,"Small piece","<img src = file:\\\C:\photos\CCT\FU-060203.JPG/>"
60202,"Medium piece","<img src = file:\\\C:\photos\CCT\FU-060202.JPG/>"
60201,"Large piece","<img src = file:\\\C:\photos\CCT\FU-060201.JPG/>"
60113,"Small heap","<img src = file:\\\C:\photos\CCT\FU-060113.JPG/>"
60112,"Medium heap","<img src = file:\\\C:\photos\CCT\FU-060112.JPG/>"
60111,"Large heap","<img src = file:\\\C:\photos\CCT\FU-060111.JPG/>"
60103,"Small piece","<img src = file:\\\C:\photos\CCT\FU-060103.JPG/>"
60102,"Medium piece","<img src = file:\\\C:\photos\CCT\FU-060102.JPG/>"
60101,"Large piece","<img src = file:\\\C:\photos\CCT\FU-060101.JPG/>"
20623,"Small piece","<img src = file:\\\C:\photos\CCT\FU-020623.JPG/>"
20622,"Medium piece","<img src = file:\\\C:\photos\CCT\FU-020622.JPG/>"
20621,"Large piece","<img src = file:\\\C:\photos\CCT\FU-020621.JPG/>"
20613,"Small hand","<img src = file:\\\C:\photos\CCT\FU-020613.JPG/>"
20612,"Medium hand","<img src = file:\\\C:\photos\CCT\FU-020612.JPG/>"
20611,"Large hand","<img src = file:\\\C:\photos\CCT\FU-020611.JPG/>"
20603,"Small bunch","<img src = file:\\\C:\photos\CCT\FU-020603.JPG/>"
20602,"Medium bunch","<img src = file:\\\C:\photos\CCT\FU-020602.JPG/>"
20601,"Large bunch","<img src = file:\\\C:\photos\CCT\FU-020601.JPG/>"
20303,"Small piece","<img src = file:\\\C:\photos\CCT\FU-020303.JPG/>"
20302,"Medium piece","<img src = file:\\\C:\photos\CCT\FU-020302.JPG/>"
20301,"Large piece","<img src = file:\\\C:\photos\CCT\FU-020301.JPG/>"
20103,"Small piece","<img src = file:\\\C:\photos\CCT\FU-020103.JPG/>"
20102,"Medium piece","<img src = file:\\\C:\photos\CCT\FU-020102.JPG/>"
20101,"Large piece","<img src = file:\\\C:\photos\CCT\FU-020101.JPG/>"
10302,"Medium cob maize","<img src = file:\\\C:\photos\CCT\FU-010302.JPG/>"
10301,"Large cob maize","<img src = file:\\\C:\photos\CCT\FU-010301.JPG/>"
34,"Kisadoline","<img src = file:\\\C:\photos\CCT\FU-000034.JPG/>"
32,"Kibaba","<img src = file:\\\C:\photos\CCT\FU-000032.JPG/>"
22,"Glass","<img src = file:\\\C:\photos\CCT\FU-000022.JPG/>"
21,"Cup","<img src = file:\\\C:\photos\CCT\FU-000021.JPG/>"
20,"Bowl","<img src = file:\\\C:\photos\CCT\FU-000020.JPG/>"
19,"1 KG Tin","<img src = file:\\\C:\photos\CCT\FU-000019.JPG/>"
18,"1/2 KG Tin","<img src = file:\\\C:\photos\CCT\FU-000018.JPG/>"
17,"1/4 KG Tin","<img src = file:\\\C:\photos\CCT\FU-000017.JPG/>"
