"T6AEQ1b","UnitCode","UnitLabel1","UnitLabel2"
1,1,"Kilogramu","Kilograms"
2,2,"Gramu","Gram"
3,3,"Mililita","Millilitre"
4,4,"Litre","Litre"
5,5,"Kiroba KG 25","25 KG Bag"
7,7,"Gunia KG 90","90 KG Bag"
8,8,"Debe","Debe"
9,9,"Kijiko cha chakula","Table spoon"
12,12,"Kipande/Idadi","Piece/Number"
13,13,"Fungu","Heap"
14,14,"Ukufi/Kiganja","Handful"
17,17,"Kopo 1/4 KG","1/4 KG Tin"
18,18,"Kopo 1/2 KG","1/2 KG Tin"
19,19,"Kopo KG 1","1 KG Tin"
20,20,"Bakuli","Bowl"
21,21,"Kikombe cha chai","Cup"
22,22,"Bilauri (Glasi)","Glass"
23,23,"Tsh.","Tsh."
32,32,"Kibaba","Kibaba"
34,34,"Kisadoline","Kisadoline"
10301,10301,"Gunzi kubwa","Large cob maize"
10302,10302,"Gunzi la kati","Medium cob maize"
20101,20101,"Mhogo mkubwa","Large piece"
20102,20102,"Mhogo wa kati","Medium piece"
20103,20103,"Mhogo mdogo","Small piece"
20301,20301,"Kiazi kitamu kikubwa","Large piece"
20302,20302,"Kiazi kitamu cha kati","Medium piece"
20303,20303,"Kiazi kitamu kidogo","Small piece"
20603,20603,"Mkungu mdogo","Small bunch"
20611,20611,"Chane kubwa","Large hand"
20612,20612,"Chane ya kati","Medium hand"
20613,20613,"Chane ndogo","Small hand"
20621,20621,"Chale kubwa","Large piece"
20622,20622,"Chale ya kati","Medium piece"
20623,20623,"Chale ndogo","Small piece"
40203,40203,"Fungu dogo","Small heap"
60101,60101,"Nyanya kubwa","Large piece"
60102,60102,"Nyanya ya kati","Medium piece"
60103,60103,"Nyanya ndogo","Small piece"
60111,60111,"Fungu kubwa","Large heap"
60112,60112,"Fungu la kati","Medium heap"
60113,60113,"Fungu dogo","Small heap"
60201,60201,"Kitunguu kidogo","Large piece"
60202,60202,"Kitunguu cha kati","Medium piece"
60203,60203,"Kitunguu kidogo","Small piece"
60211,60211,"Fungu kubwa","Large heap"
60212,60212,"Fungu la kati","Medium heap"
60213,60213,"Fungu dogola","Small heap"
60301,60301,"Fungu la mchicha","Bundle"
80102,80102,"Fungu la Kati la 1/2 kilo","0.5 kg heap"
80201,80201,"Fungu Kubwa la kilo 1","1 kg heap"
80202,80202,"Fungu la Kati la 1/2 kilo","0.5 kg heap"
80203,80203,"Fungu Dogo la 1/4 kilo","0.25 kg heap"
80801,80801,"Samaki mkubwa","Big fish"
80802,80802,"Samaki wa kati","Medium fish"
80803,80803,"Samaki mdogo","Small fish"
80901,80901,"Samaki mkubwa","Big fish"
80902,80902,"Samaki wa kati","Medium fish"
80903,80903,"Samaki mdogo","Small fish"
81101,81101,"Fungu Kubwa","Large heap"
81102,81102,"Fungu la Kati","Medium heap"
81103,81103,"Fungu Dogo","Small heap"
36,36,"ndoo lita 10","ndoo lita 10"
80101,80101,"Fungu Kubwa la kilo 1","1 kg heap"
20601,20601,"Mkungu mkubwa","Large bunch"
