"DistID","CLID","CLID_anonymous","HHNum","SplitOffId","HHCreditID","T5GQ6","T5GAQ1","T5GAQ2","T5GAQ3","T5GAQ4","T5GAQ5","T5GAQ6","anonymous_data_ID"
104,"confidential: replaced by 'CLID_anonymous'",26,24,1,1,"confidential: removed from data",3000,8,,,,,1
104,"confidential: replaced by 'CLID_anonymous'",26,10,1,1,"confidential: removed from data",5000,7,,,,,2
104,"confidential: replaced by 'CLID_anonymous'",26,25,1,1,"confidential: removed from data",30000,7,1,2,0,,3
104,"confidential: replaced by 'CLID_anonymous'",26,13,1,1,"confidential: removed from data",10000,9,1,1,0,,4
104,"confidential: replaced by 'CLID_anonymous'",26,20,1,1,"confidential: removed from data",5000,8,,,,,5
104,"confidential: replaced by 'CLID_anonymous'",26,7,1,1,"confidential: removed from data",5000,8,,,,,6
104,"confidential: replaced by 'CLID_anonymous'",46,16,1,1,"confidential: removed from data",10000,8,1,1,0,,7
104,"confidential: replaced by 'CLID_anonymous'",46,2,1,1,"confidential: removed from data",80000,8,1,6,0,,8
104,"confidential: replaced by 'CLID_anonymous'",46,11,1,1,"confidential: removed from data",6000,8,2,1,0,,9
104,"confidential: replaced by 'CLID_anonymous'",46,20,1,1,"confidential: removed from data",6000,8,1,1,0,,10
104,"confidential: replaced by 'CLID_anonymous'",77,19,1,1,"confidential: removed from data",100000,8,1,1,0,,11
104,"confidential: replaced by 'CLID_anonymous'",77,23,1,1,"confidential: removed from data",7000,9,1,1,0,,12
104,"confidential: replaced by 'CLID_anonymous'",77,13,1,1,"confidential: removed from data",7000,8,1,1,0,,13
104,"confidential: replaced by 'CLID_anonymous'",77,22,1,1,"confidential: removed from data",30000,8,1,1,0,,14
104,"confidential: replaced by 'CLID_anonymous'",77,7,1,1,"confidential: removed from data",60000,7,1,99,0,,15
104,"confidential: replaced by 'CLID_anonymous'",63,20,1,1,"confidential: removed from data",13000,8,2,2,0,,16
104,"confidential: replaced by 'CLID_anonymous'",63,12,1,1,"confidential: removed from data",2000,8,,,,,17
104,"confidential: replaced by 'CLID_anonymous'",63,3,1,1,"confidential: removed from data",5000,8,,,,,18
104,"confidential: replaced by 'CLID_anonymous'",63,14,1,1,"confidential: removed from data",3000,9,,,,,19
104,"confidential: replaced by 'CLID_anonymous'",63,22,1,1,"confidential: removed from data",5000,7,,,,,20
104,"confidential: replaced by 'CLID_anonymous'",63,9,1,1,"confidential: removed from data",7000,8,1,1,0,,21
104,"confidential: replaced by 'CLID_anonymous'",63,22,1,2,"confidential: removed from data",7000,7,2,2,0,,22
104,"confidential: replaced by 'CLID_anonymous'",63,9,1,2,"confidential: removed from data",5000,8,,,,,23
104,"confidential: replaced by 'CLID_anonymous'",15,15,1,1,"confidential: removed from data",12000,7,1,1,0,,24
104,"confidential: replaced by 'CLID_anonymous'",16,15,1,1,"confidential: removed from data",20000,8,1,1,0,,25
104,"confidential: replaced by 'CLID_anonymous'",80,11,1,1,"confidential: removed from data",6000,9,1,1,0,,26
104,"confidential: replaced by 'CLID_anonymous'",22,6,1,1,"confidential: removed from data",16000,9,1,1,0,,27
104,"confidential: replaced by 'CLID_anonymous'",22,20,1,1,"confidential: removed from data",20000,8,2,1,0,,28
104,"confidential: replaced by 'CLID_anonymous'",22,14,1,1,"confidential: removed from data",6500,8,1,1,0,,29
104,"confidential: replaced by 'CLID_anonymous'",22,16,1,1,"confidential: removed from data",8000,8,1,1,0,,30
104,"confidential: replaced by 'CLID_anonymous'",22,21,1,1,"confidential: removed from data",270000,8,1,11,0,,31
104,"confidential: replaced by 'CLID_anonymous'",22,23,1,1,"confidential: removed from data",8000,9,1,1,0,,32
104,"confidential: replaced by 'CLID_anonymous'",67,23,1,1,"confidential: removed from data",15000,8,1,9,0,,33
104,"confidential: replaced by 'CLID_anonymous'",40,17,1,1,"confidential: removed from data",30000,8,1,1,0,,34
104,"confidential: replaced by 'CLID_anonymous'",40,13,1,1,"confidential: removed from data",10000,9,2,10,0,,35
104,"confidential: replaced by 'CLID_anonymous'",19,17,1,2,"confidential: removed from data",40000,8,1,1,0,,36
104,"confidential: replaced by 'CLID_anonymous'",19,26,1,1,"confidential: removed from data",10000,8,1,1,0,,37
104,"confidential: replaced by 'CLID_anonymous'",19,10,1,1,"confidential: removed from data",3000,8,,,,,38
104,"confidential: replaced by 'CLID_anonymous'",19,17,1,1,"confidential: removed from data",50000,8,3,6,0,,39
104,"confidential: replaced by 'CLID_anonymous'",50,22,1,1,"confidential: removed from data",30000,9,1,1,0,,40
104,"confidential: replaced by 'CLID_anonymous'",50,3,1,1,"confidential: removed from data",30000,8,1,6,0,,41
104,"confidential: replaced by 'CLID_anonymous'",50,19,1,1,"confidential: removed from data",3000,8,,,,,42
104,"confidential: replaced by 'CLID_anonymous'",50,25,1,1,"confidential: removed from data",20000,9,2,1,0,,43
104,"confidential: replaced by 'CLID_anonymous'",50,12,1,1,"confidential: removed from data",35000,8,1,4,0,,44
104,"confidential: replaced by 'CLID_anonymous'",6,8,1,1,"confidential: removed from data",65000,8,1,1,0,,45
104,"confidential: replaced by 'CLID_anonymous'",6,14,1,1,"confidential: removed from data",20000,8,1,1,0,,46
104,"confidential: replaced by 'CLID_anonymous'",6,21,1,1,"confidential: removed from data",5000,9,,,,,47
104,"confidential: replaced by 'CLID_anonymous'",6,24,1,1,"confidential: removed from data",5000,9,,,,,48
104,"confidential: replaced by 'CLID_anonymous'",6,9,1,1,"confidential: removed from data",40000,8,1,1,0,,49
104,"confidential: replaced by 'CLID_anonymous'",6,6,1,1,"confidential: removed from data",5000,8,,,,,50
104,"confidential: replaced by 'CLID_anonymous'",56,13,1,1,"confidential: removed from data",30000,8,1,2,0,,51
104,"confidential: replaced by 'CLID_anonymous'",82,17,2,1,"confidential: removed from data",100000,8,1,2,0,,52
104,"confidential: replaced by 'CLID_anonymous'",82,1,1,1,"confidential: removed from data",28000,8,1,1,0,,53
104,"confidential: replaced by 'CLID_anonymous'",82,13,1,1,"confidential: removed from data",15000,8,1,1,20,5,54
104,"confidential: replaced by 'CLID_anonymous'",82,19,1,1,"confidential: removed from data",5000,8,,,,,55
104,"confidential: replaced by 'CLID_anonymous'",70,21,1,1,"confidential: removed from data",10000,8,1,6,0,,56
104,"confidential: replaced by 'CLID_anonymous'",70,2,2,1,"confidential: removed from data",40000,8,1,1,0,,57
104,"confidential: replaced by 'CLID_anonymous'",70,8,1,1,"confidential: removed from data",15000,7,1,4,0,,58
104,"confidential: replaced by 'CLID_anonymous'",70,1,1,1,"confidential: removed from data",200000,8,1,2,0,,59
104,"confidential: replaced by 'CLID_anonymous'",70,1,1,2,"confidential: removed from data",150000,8,1,2,0,,60
104,"confidential: replaced by 'CLID_anonymous'",70,4,1,1,"confidential: removed from data",6000,9,2,1,0,,61
104,"confidential: replaced by 'CLID_anonymous'",70,6,1,1,"confidential: removed from data",40000,8,1,1,0,,62
104,"confidential: replaced by 'CLID_anonymous'",52,12,1,1,"confidential: removed from data",77000,7,1,1,0,,63
104,"confidential: replaced by 'CLID_anonymous'",52,24,1,1,"confidential: removed from data",5000,8,,,,,64
104,"confidential: replaced by 'CLID_anonymous'",27,17,1,1,"confidential: removed from data",10000,8,1,1,0,,65
104,"confidential: replaced by 'CLID_anonymous'",27,9,1,1,"confidential: removed from data",6000,7,1,2,0,,66
104,"confidential: replaced by 'CLID_anonymous'",27,14,1,1,"confidential: removed from data",25000,8,1,4,0,,67
104,"confidential: replaced by 'CLID_anonymous'",27,2,1,1,"confidential: removed from data",5000,8,,,,,68
104,"confidential: replaced by 'CLID_anonymous'",27,18,1,1,"confidential: removed from data",2500,8,,,,,69
104,"confidential: replaced by 'CLID_anonymous'",68,17,1,1,"confidential: removed from data",2000,9,,,,,70
104,"confidential: replaced by 'CLID_anonymous'",68,11,1,1,"confidential: removed from data",10000,7,1,1,0,,71
104,"confidential: replaced by 'CLID_anonymous'",68,13,1,1,"confidential: removed from data",5000,9,,,,,72
104,"confidential: replaced by 'CLID_anonymous'",66,16,1,1,"confidential: removed from data",80000,7,2,2,0,,73
104,"confidential: replaced by 'CLID_anonymous'",66,14,1,1,"confidential: removed from data",20000,9,2,4,0,,74
104,"confidential: replaced by 'CLID_anonymous'",66,5,1,1,"confidential: removed from data",30000,7,1,2,0,,75
104,"confidential: replaced by 'CLID_anonymous'",66,3,1,1,"confidential: removed from data",4000,8,,,,,76
104,"confidential: replaced by 'CLID_anonymous'",66,2,1,1,"confidential: removed from data",9000,9,1,2,0,,77
601,"confidential: replaced by 'CLID_anonymous'",5,2,1,1,"confidential: removed from data",4000,9,,,,,78
601,"confidential: replaced by 'CLID_anonymous'",5,19,1,1,"confidential: removed from data",100000,9,1,1,0,,79
601,"confidential: replaced by 'CLID_anonymous'",5,27,1,1,"confidential: removed from data",4000,9,,,,,80
601,"confidential: replaced by 'CLID_anonymous'",5,22,1,1,"confidential: removed from data",50000,9,1,1,0,,81
601,"confidential: replaced by 'CLID_anonymous'",5,16,1,1,"confidential: removed from data",7000,9,1,1,0,,82
601,"confidential: replaced by 'CLID_anonymous'",5,18,1,1,"confidential: removed from data",5000,9,,,,,83
601,"confidential: replaced by 'CLID_anonymous'",49,15,1,1,"confidential: removed from data",10000,9,1,1,0,,84
601,"confidential: replaced by 'CLID_anonymous'",49,11,1,1,"confidential: removed from data",5000,9,,,,,85
601,"confidential: replaced by 'CLID_anonymous'",49,23,1,1,"confidential: removed from data",65000,7,2,1,0,,86
601,"confidential: replaced by 'CLID_anonymous'",49,16,1,1,"confidential: removed from data",15000,9,1,1,0,,87
601,"confidential: replaced by 'CLID_anonymous'",49,27,1,1,"confidential: removed from data",10000,7,2,4,0,,88
601,"confidential: replaced by 'CLID_anonymous'",49,18,1,1,"confidential: removed from data",15000,9,4,1,0,,89
601,"confidential: replaced by 'CLID_anonymous'",74,13,1,1,"confidential: removed from data",20000,9,1,1,0,,90
601,"confidential: replaced by 'CLID_anonymous'",74,15,2,1,"confidential: removed from data",20000,9,1,1,0,,91
601,"confidential: replaced by 'CLID_anonymous'",74,4,1,1,"confidential: removed from data",30000,9,1,1,0,,92
601,"confidential: replaced by 'CLID_anonymous'",74,5,1,1,"confidential: removed from data",5000,9,,,,,93
601,"confidential: replaced by 'CLID_anonymous'",74,26,1,1,"confidential: removed from data",200000,6,2,10,10,4,94
601,"confidential: replaced by 'CLID_anonymous'",74,15,1,1,"confidential: removed from data",3000,9,,,,,95
601,"confidential: replaced by 'CLID_anonymous'",74,18,1,1,"confidential: removed from data",50000,9,2,1,0,,96
601,"confidential: replaced by 'CLID_anonymous'",62,5,1,1,"confidential: removed from data",7600,9,1,1,0,,97
601,"confidential: replaced by 'CLID_anonymous'",62,9,1,1,"confidential: removed from data",7000,11,1,1,0,,98
601,"confidential: replaced by 'CLID_anonymous'",62,13,1,1,"confidential: removed from data",600000,5,3,10,0.200000002980232,5,99
601,"confidential: replaced by 'CLID_anonymous'",62,25,1,1,"confidential: removed from data",50000,7,2,1,0,,100
601,"confidential: replaced by 'CLID_anonymous'",62,19,1,1,"confidential: removed from data",30000,9,1,1,0,,101
601,"confidential: replaced by 'CLID_anonymous'",62,1,1,1,"confidential: removed from data",300000,7,2,1,0,,102
601,"confidential: replaced by 'CLID_anonymous'",62,8,1,1,"confidential: removed from data",5500,8,1,1,0,,103
601,"confidential: replaced by 'CLID_anonymous'",21,2,1,1,"confidential: removed from data",400000,5,1,1,10,5,104
601,"confidential: replaced by 'CLID_anonymous'",21,22,1,1,"confidential: removed from data",20000,9,7,1,0,,105
601,"confidential: replaced by 'CLID_anonymous'",1,13,1,1,"confidential: removed from data",20000,8,1,1,0,,106
601,"confidential: replaced by 'CLID_anonymous'",1,15,1,1,"confidential: removed from data",5000,8,,,,,107
601,"confidential: replaced by 'CLID_anonymous'",41,11,1,1,"confidential: removed from data",10000,8,1,1,0,,108
601,"confidential: replaced by 'CLID_anonymous'",41,16,1,1,"confidential: removed from data",10000,8,1,1,0,,109
601,"confidential: replaced by 'CLID_anonymous'",41,5,1,1,"confidential: removed from data",20000,7,1,1,0,,110
601,"confidential: replaced by 'CLID_anonymous'",41,3,1,1,"confidential: removed from data",30000,7,3,1,0,,111
601,"confidential: replaced by 'CLID_anonymous'",71,7,2,1,"confidential: removed from data",500000,1,1,10,6.25,4,112
601,"confidential: replaced by 'CLID_anonymous'",71,7,3,1,"confidential: removed from data",20000,7,2,1,0,,113
601,"confidential: replaced by 'CLID_anonymous'",71,16,1,3,"confidential: removed from data",10000,7,1,2,0,,114
601,"confidential: replaced by 'CLID_anonymous'",71,16,1,2,"confidential: removed from data",23000,7,1,1,0,,115
601,"confidential: replaced by 'CLID_anonymous'",71,16,1,1,"confidential: removed from data",10000,8,1,1,0,,116
601,"confidential: replaced by 'CLID_anonymous'",71,20,2,1,"confidential: removed from data",100000,7,1,10,0,,117
601,"confidential: replaced by 'CLID_anonymous'",71,11,1,1,"confidential: removed from data",24000,7,2,2,0,,118
601,"confidential: replaced by 'CLID_anonymous'",71,20,1,1,"confidential: removed from data",30000,7,3,10,0,,119
601,"confidential: replaced by 'CLID_anonymous'",53,25,1,1,"confidential: removed from data",40000,7,1,1,0,,120
601,"confidential: replaced by 'CLID_anonymous'",53,19,1,1,"confidential: removed from data",15000,8,2,2,0,,121
601,"confidential: replaced by 'CLID_anonymous'",53,25,1,2,"confidential: removed from data",15000,7,1,2,0,,122
601,"confidential: replaced by 'CLID_anonymous'",53,7,1,1,"confidential: removed from data",6000,8,1,2,0,,123
601,"confidential: replaced by 'CLID_anonymous'",53,27,1,1,"confidential: removed from data",18000,9,1,1,0,,124
601,"confidential: replaced by 'CLID_anonymous'",53,6,1,1,"confidential: removed from data",600,9,,,,,125
601,"confidential: replaced by 'CLID_anonymous'",75,11,1,1,"confidential: removed from data",4000,8,,,,,126
601,"confidential: replaced by 'CLID_anonymous'",75,12,1,1,"confidential: removed from data",30000,14,1,6,3,4,127
601,"confidential: replaced by 'CLID_anonymous'",75,18,1,1,"confidential: removed from data",20000,9,1,1,0,,128
601,"confidential: replaced by 'CLID_anonymous'",37,27,1,1,"confidential: removed from data",5000,9,,,,,129
601,"confidential: replaced by 'CLID_anonymous'",37,22,1,1,"confidential: removed from data",5000,7,,,,,130
601,"confidential: replaced by 'CLID_anonymous'",37,5,1,1,"confidential: removed from data",20000,14,4,2,0,,131
601,"confidential: replaced by 'CLID_anonymous'",37,27,1,2,"confidential: removed from data",8000,9,2,1,0,,132
601,"confidential: replaced by 'CLID_anonymous'",37,2,1,1,"confidential: removed from data",300000,8,1,2,0,,133
601,"confidential: replaced by 'CLID_anonymous'",37,2,1,2,"confidential: removed from data",200000,8,1,2,0,,134
601,"confidential: replaced by 'CLID_anonymous'",61,23,1,1,"confidential: removed from data",80000,7,2,2,0,,135
601,"confidential: replaced by 'CLID_anonymous'",61,20,1,1,"confidential: removed from data",10000,7,1,2,0,,136
601,"confidential: replaced by 'CLID_anonymous'",61,21,1,1,"confidential: removed from data",100000,7,1,2,0,,137
601,"confidential: replaced by 'CLID_anonymous'",61,7,1,1,"confidential: removed from data",10000,8,1,1,0,,138
601,"confidential: replaced by 'CLID_anonymous'",60,7,1,1,"confidential: removed from data",6000,9,1,1,0,,139
601,"confidential: replaced by 'CLID_anonymous'",60,8,1,1,"confidential: removed from data",8000,9,3,1,0,,140
601,"confidential: replaced by 'CLID_anonymous'",60,16,1,1,"confidential: removed from data",8000,8,3,1,0,,141
601,"confidential: replaced by 'CLID_anonymous'",60,20,1,1,"confidential: removed from data",5000,9,,,,,142
601,"confidential: replaced by 'CLID_anonymous'",60,2,1,1,"confidential: removed from data",5000,8,,,,,143
601,"confidential: replaced by 'CLID_anonymous'",60,4,1,1,"confidential: removed from data",30000,8,1,6,0,,144
601,"confidential: replaced by 'CLID_anonymous'",60,9,1,1,"confidential: removed from data",4000,9,,,,,145
601,"confidential: replaced by 'CLID_anonymous'",4,19,1,1,"confidential: removed from data",300000,5,3,10,10,5,146
601,"confidential: replaced by 'CLID_anonymous'",4,17,1,1,"confidential: removed from data",15000,9,5,1,0,,147
601,"confidential: replaced by 'CLID_anonymous'",4,26,1,1,"confidential: removed from data",100000,8,1,3,0,,148
601,"confidential: replaced by 'CLID_anonymous'",4,3,1,1,"confidential: removed from data",10000,8,1,1,0,,149
601,"confidential: replaced by 'CLID_anonymous'",4,22,1,1,"confidential: removed from data",5000,8,,,,,150
601,"confidential: replaced by 'CLID_anonymous'",4,4,1,1,"confidential: removed from data",50000,7,1,1,0,,151
601,"confidential: replaced by 'CLID_anonymous'",4,23,1,1,"confidential: removed from data",200000,7,1,1,0,,152
601,"confidential: replaced by 'CLID_anonymous'",4,13,1,1,"confidential: removed from data",10000,8,1,1,0,,153
601,"confidential: replaced by 'CLID_anonymous'",32,15,1,1,"confidential: removed from data",25000,9,1,1,0,,154
601,"confidential: replaced by 'CLID_anonymous'",32,17,1,1,"confidential: removed from data",5000,7,,,,,155
601,"confidential: replaced by 'CLID_anonymous'",32,8,1,1,"confidential: removed from data",5000,7,,,,,156
601,"confidential: replaced by 'CLID_anonymous'",32,13,1,1,"confidential: removed from data",16000,8,1,1,0,,157
601,"confidential: replaced by 'CLID_anonymous'",32,14,1,1,"confidential: removed from data",8000,8,1,1,0,,158
601,"confidential: replaced by 'CLID_anonymous'",32,3,1,1,"confidential: removed from data",5000,7,,,,,159
601,"confidential: replaced by 'CLID_anonymous'",17,13,2,1,"confidential: removed from data",10000,7,1,6,0,,160
601,"confidential: replaced by 'CLID_anonymous'",17,13,2,2,"confidential: removed from data",10000,7,1,6,0,,161
601,"confidential: replaced by 'CLID_anonymous'",17,19,1,1,"confidential: removed from data",20000,9,1,1,0,,162
601,"confidential: replaced by 'CLID_anonymous'",17,4,1,1,"confidential: removed from data",45000,14,1,1,2,4,163
601,"confidential: replaced by 'CLID_anonymous'",17,20,2,2,"confidential: removed from data",10000,7,1,1,0,,164
601,"confidential: replaced by 'CLID_anonymous'",17,3,1,1,"confidential: removed from data",20000,9,1,2,0,,165
601,"confidential: replaced by 'CLID_anonymous'",17,20,2,1,"confidential: removed from data",6000,7,1,1,0,,166
601,"confidential: replaced by 'CLID_anonymous'",17,22,1,1,"confidential: removed from data",25000,7,1,1,0,,167
601,"confidential: replaced by 'CLID_anonymous'",17,7,1,1,"confidential: removed from data",20000,8,1,1,0,,168
601,"confidential: replaced by 'CLID_anonymous'",3,20,1,3,"confidential: removed from data",10000,7,2,2,0,,169
601,"confidential: replaced by 'CLID_anonymous'",3,11,1,1,"confidential: removed from data",10000,7,1,1,0,,170
601,"confidential: replaced by 'CLID_anonymous'",3,20,1,1,"confidential: removed from data",7000,8,1,1,0,,171
601,"confidential: replaced by 'CLID_anonymous'",3,10,1,1,"confidential: removed from data",30000,7,1,2,0,,172
601,"confidential: replaced by 'CLID_anonymous'",3,20,1,2,"confidential: removed from data",15000,8,1,1,0,,173
601,"confidential: replaced by 'CLID_anonymous'",3,9,1,1,"confidential: removed from data",150000,8,1,2,0,,174
601,"confidential: replaced by 'CLID_anonymous'",3,17,1,1,"confidential: removed from data",10000,7,1,1,0,,175
601,"confidential: replaced by 'CLID_anonymous'",3,1,1,1,"confidential: removed from data",10000,8,1,1,0,,176
601,"confidential: replaced by 'CLID_anonymous'",3,17,1,2,"confidential: removed from data",12000,7,1,1,0,,177
601,"confidential: replaced by 'CLID_anonymous'",3,3,1,1,"confidential: removed from data",700000,7,1,11,2,5,178
601,"confidential: replaced by 'CLID_anonymous'",43,15,1,1,"confidential: removed from data",200000,8,1,10,0,,179
601,"confidential: replaced by 'CLID_anonymous'",14,18,1,1,"confidential: removed from data",8000,9,2,1,0,,180
601,"confidential: replaced by 'CLID_anonymous'",20,11,1,1,"confidential: removed from data",5000,9,,,,,181
601,"confidential: replaced by 'CLID_anonymous'",20,5,1,1,"confidential: removed from data",15000,9,1,1,0,,182
601,"confidential: replaced by 'CLID_anonymous'",20,16,1,1,"confidential: removed from data",3000,9,,,,,183
601,"confidential: replaced by 'CLID_anonymous'",20,6,1,1,"confidential: removed from data",80000,8,1,2,0,,184
601,"confidential: replaced by 'CLID_anonymous'",20,14,1,1,"confidential: removed from data",25000,9,1,1,0,,185
601,"confidential: replaced by 'CLID_anonymous'",13,6,1,2,"confidential: removed from data",20000,9,1,1,0,,186
601,"confidential: replaced by 'CLID_anonymous'",13,3,1,1,"confidential: removed from data",20000,8,2,2,0,,187
601,"confidential: replaced by 'CLID_anonymous'",13,6,1,1,"confidential: removed from data",10000,8,1,1,0,,188
601,"confidential: replaced by 'CLID_anonymous'",13,9,1,1,"confidential: removed from data",10000,7,1,1,0,,189
601,"confidential: replaced by 'CLID_anonymous'",13,7,1,1,"confidential: removed from data",40000,8,1,1,0,,190
601,"confidential: replaced by 'CLID_anonymous'",13,5,1,1,"confidential: removed from data",10000,8,1,1,0,,191
601,"confidential: replaced by 'CLID_anonymous'",9,12,1,1,"confidential: removed from data",9000,9,1,1,0,,192
601,"confidential: replaced by 'CLID_anonymous'",9,10,1,1,"confidential: removed from data",10000,8,1,2,0,,193
601,"confidential: replaced by 'CLID_anonymous'",9,4,1,1,"confidential: removed from data",8000,9,1,1,0,,194
601,"confidential: replaced by 'CLID_anonymous'",9,20,1,1,"confidential: removed from data",7000,9,1,1,0,,195
601,"confidential: replaced by 'CLID_anonymous'",36,1,1,1,"confidential: removed from data",20000,7,1,1,0,,196
601,"confidential: replaced by 'CLID_anonymous'",36,11,1,1,"confidential: removed from data",260000,8,2,3,0,,197
601,"confidential: replaced by 'CLID_anonymous'",36,16,1,1,"confidential: removed from data",10000,9,1,1,0,,198
601,"confidential: replaced by 'CLID_anonymous'",36,19,1,1,"confidential: removed from data",8500,9,1,1,0,,199
601,"confidential: replaced by 'CLID_anonymous'",36,23,1,1,"confidential: removed from data",500000,2,1,10,28,5,200
601,"confidential: replaced by 'CLID_anonymous'",36,2,1,1,"confidential: removed from data",4000,9,,,,,201
601,"confidential: replaced by 'CLID_anonymous'",73,20,1,1,"confidential: removed from data",10000,8,3,2,0,,202
601,"confidential: replaced by 'CLID_anonymous'",73,22,1,1,"confidential: removed from data",30000,9,1,1,0,,203
601,"confidential: replaced by 'CLID_anonymous'",73,13,2,1,"confidential: removed from data",30000,8,3,1,0,,204
601,"confidential: replaced by 'CLID_anonymous'",73,21,1,1,"confidential: removed from data",15000,8,3,1,0,,205
601,"confidential: replaced by 'CLID_anonymous'",73,4,2,1,"confidential: removed from data",12000,9,2,1,0,,206
601,"confidential: replaced by 'CLID_anonymous'",34,11,1,1,"confidential: removed from data",10000,7,1,1,0,,207
601,"confidential: replaced by 'CLID_anonymous'",34,8,1,1,"confidential: removed from data",55000,7,1,1,0,,208
601,"confidential: replaced by 'CLID_anonymous'",34,16,2,1,"confidential: removed from data",10000,8,1,1,0,,209
601,"confidential: replaced by 'CLID_anonymous'",34,22,1,1,"confidential: removed from data",10000,8,2,2,0,,210
601,"confidential: replaced by 'CLID_anonymous'",34,7,1,1,"confidential: removed from data",20000,7,2,1,0,,211
601,"confidential: replaced by 'CLID_anonymous'",34,4,1,1,"confidential: removed from data",360000,7,1,1,0,,212
601,"confidential: replaced by 'CLID_anonymous'",34,33,1,1,"confidential: removed from data",200000,9,2,1,0,,213
601,"confidential: replaced by 'CLID_anonymous'",64,13,2,1,"confidential: removed from data",2000,9,,,,,214
601,"confidential: replaced by 'CLID_anonymous'",64,23,1,1,"confidential: removed from data",200000,9,2,1,0,,215
601,"confidential: replaced by 'CLID_anonymous'",64,6,1,1,"confidential: removed from data",10000,8,1,2,0,,216
601,"confidential: replaced by 'CLID_anonymous'",64,23,2,1,"confidential: removed from data",50000,8,2,1,0,,217
601,"confidential: replaced by 'CLID_anonymous'",64,17,1,1,"confidential: removed from data",5000,9,,,,,218
601,"confidential: replaced by 'CLID_anonymous'",64,13,1,1,"confidential: removed from data",30000,9,1,1,0,,219
601,"confidential: replaced by 'CLID_anonymous'",2,15,1,1,"confidential: removed from data",10000,9,1,1,0,,220
601,"confidential: replaced by 'CLID_anonymous'",2,21,1,1,"confidential: removed from data",180000,5,2,10,6,4,221
601,"confidential: replaced by 'CLID_anonymous'",51,15,1,1,"confidential: removed from data",20000,9,1,1,0,,222
601,"confidential: replaced by 'CLID_anonymous'",51,6,1,1,"confidential: removed from data",50000,14,3,10,5,4,223
601,"confidential: replaced by 'CLID_anonymous'",51,2,1,1,"confidential: removed from data",50000,8,3,1,0,,224
601,"confidential: replaced by 'CLID_anonymous'",51,20,1,1,"confidential: removed from data",5000,7,,,,,225
601,"confidential: replaced by 'CLID_anonymous'",51,1,1,1,"confidential: removed from data",15000,8,1,1,0,,226
601,"confidential: replaced by 'CLID_anonymous'",51,13,1,1,"confidential: removed from data",100000,14,1,10,5,4,227
601,"confidential: replaced by 'CLID_anonymous'",57,15,1,1,"confidential: removed from data",2000,9,,,,,228
601,"confidential: replaced by 'CLID_anonymous'",57,12,1,1,"confidential: removed from data",7000,8,1,1,0,,229
601,"confidential: replaced by 'CLID_anonymous'",57,16,1,1,"confidential: removed from data",7000,9,5,1,0,,230
601,"confidential: replaced by 'CLID_anonymous'",57,18,2,1,"confidential: removed from data",200000,9,1,3,0,,231
601,"confidential: replaced by 'CLID_anonymous'",57,10,2,1,"confidential: removed from data",10000,7,2,1,0,,232
601,"confidential: replaced by 'CLID_anonymous'",57,1,1,1,"confidential: removed from data",5000,7,,,,,233
601,"confidential: replaced by 'CLID_anonymous'",57,10,1,1,"confidential: removed from data",50000,9,1,1,0,,234
601,"confidential: replaced by 'CLID_anonymous'",76,7,1,1,"confidential: removed from data",25000,9,1,1,0,,235
601,"confidential: replaced by 'CLID_anonymous'",76,27,1,1,"confidential: removed from data",16000,9,2,1,0,,236
601,"confidential: replaced by 'CLID_anonymous'",76,21,1,1,"confidential: removed from data",6000,8,1,1,0,,237
601,"confidential: replaced by 'CLID_anonymous'",59,2,1,1,"confidential: removed from data",20000,8,1,1,0,,238
601,"confidential: replaced by 'CLID_anonymous'",59,11,1,1,"confidential: removed from data",10000,9,2,1,0,,239
601,"confidential: replaced by 'CLID_anonymous'",59,6,1,1,"confidential: removed from data",10000,9,1,1,0,,240
601,"confidential: replaced by 'CLID_anonymous'",59,15,1,1,"confidential: removed from data",5000,8,,,,,241
601,"confidential: replaced by 'CLID_anonymous'",59,22,1,1,"confidential: removed from data",30000,9,1,1,0,,242
601,"confidential: replaced by 'CLID_anonymous'",59,7,1,1,"confidential: removed from data",5000,8,,,,,243
601,"confidential: replaced by 'CLID_anonymous'",59,13,1,1,"confidential: removed from data",50000,8,1,4,0,,244
601,"confidential: replaced by 'CLID_anonymous'",59,18,1,1,"confidential: removed from data",30000,8,3,10,0,,245
602,"confidential: replaced by 'CLID_anonymous'",35,6,1,1,"confidential: removed from data",250000,14,1,10,1.70000004768372,4,246
602,"confidential: replaced by 'CLID_anonymous'",72,49,1,1,"confidential: removed from data",10000,8,1,1,0,,247
602,"confidential: replaced by 'CLID_anonymous'",72,49,1,2,"confidential: removed from data",10000,8,1,1,0,,248
602,"confidential: replaced by 'CLID_anonymous'",72,18,2,1,"confidential: removed from data",10000,8,1,1,0,,249
602,"confidential: replaced by 'CLID_anonymous'",72,16,2,1,"confidential: removed from data",5000,8,,,,,250
602,"confidential: replaced by 'CLID_anonymous'",72,43,1,1,"confidential: removed from data",15000,8,1,1,0,,251
602,"confidential: replaced by 'CLID_anonymous'",42,10,1,1,"confidential: removed from data",30000,8,1,1,0,,252
602,"confidential: replaced by 'CLID_anonymous'",42,21,1,1,"confidential: removed from data",30000,2,1,1,5,4,253
602,"confidential: replaced by 'CLID_anonymous'",42,10,2,1,"confidential: removed from data",60000,8,1,6,0,,254
602,"confidential: replaced by 'CLID_anonymous'",42,20,2,1,"confidential: removed from data",5000,8,,,,,255
602,"confidential: replaced by 'CLID_anonymous'",69,36,1,1,"confidential: removed from data",4000,9,,,,,256
602,"confidential: replaced by 'CLID_anonymous'",69,25,1,1,"confidential: removed from data",5000,9,,,,,257
602,"confidential: replaced by 'CLID_anonymous'",69,39,1,1,"confidential: removed from data",20000,8,2,2,0,,258
602,"confidential: replaced by 'CLID_anonymous'",69,22,1,1,"confidential: removed from data",30000,9,3,1,0,,259
602,"confidential: replaced by 'CLID_anonymous'",69,28,1,1,"confidential: removed from data",5000,9,,,,,260
602,"confidential: replaced by 'CLID_anonymous'",69,33,1,1,"confidential: removed from data",10000,7,1,1,0,,261
602,"confidential: replaced by 'CLID_anonymous'",47,50,1,2,"confidential: removed from data",5000,9,,,,,262
602,"confidential: replaced by 'CLID_anonymous'",47,37,1,1,"confidential: removed from data",5000,8,,,,,263
602,"confidential: replaced by 'CLID_anonymous'",47,47,1,1,"confidential: removed from data",3500,8,,,,,264
602,"confidential: replaced by 'CLID_anonymous'",47,50,1,1,"confidential: removed from data",4000,9,,,,,265
602,"confidential: replaced by 'CLID_anonymous'",47,21,1,1,"confidential: removed from data",7000,9,1,1,0,,266
602,"confidential: replaced by 'CLID_anonymous'",47,33,1,1,"confidential: removed from data",3000,8,,,,,267
602,"confidential: replaced by 'CLID_anonymous'",10,27,1,1,"confidential: removed from data",10000,7,1,2,0,,268
602,"confidential: replaced by 'CLID_anonymous'",10,30,1,1,"confidential: removed from data",5000,9,,,,,269
602,"confidential: replaced by 'CLID_anonymous'",10,10,2,1,"confidential: removed from data",60000,9,2,1,0,,270
602,"confidential: replaced by 'CLID_anonymous'",10,10,1,1,"confidential: removed from data",3500,9,,,,,271
602,"confidential: replaced by 'CLID_anonymous'",33,1,1,2,"confidential: removed from data",200000,7,2,3,0,,272
602,"confidential: replaced by 'CLID_anonymous'",33,49,1,1,"confidential: removed from data",30000,9,1,1,0,,273
602,"confidential: replaced by 'CLID_anonymous'",33,14,1,1,"confidential: removed from data",80000,8,1,10,0,,274
602,"confidential: replaced by 'CLID_anonymous'",33,11,1,1,"confidential: removed from data",200000,14,1,9,2,4,275
602,"confidential: replaced by 'CLID_anonymous'",33,43,1,1,"confidential: removed from data",60000,14,2,2,0.5,4,276
602,"confidential: replaced by 'CLID_anonymous'",33,1,1,1,"confidential: removed from data",150000,9,1,1,0,,277
602,"confidential: replaced by 'CLID_anonymous'",28,33,1,1,"confidential: removed from data",350000,14,5,10,2,4,278
602,"confidential: replaced by 'CLID_anonymous'",28,30,1,2,"confidential: removed from data",176000,4,1,11,5,5,279
602,"confidential: replaced by 'CLID_anonymous'",28,49,1,1,"confidential: removed from data",3000,9,,,,,280
602,"confidential: replaced by 'CLID_anonymous'",28,49,1,2,"confidential: removed from data",12000,9,1,1,0,,281
602,"confidential: replaced by 'CLID_anonymous'",28,24,1,1,"confidential: removed from data",65000,9,1,1,0,,282
602,"confidential: replaced by 'CLID_anonymous'",28,30,1,1,"confidential: removed from data",3000000,1,2,9,20,5,283
602,"confidential: replaced by 'CLID_anonymous'",28,33,1,2,"confidential: removed from data",170000,14,6,10,2,4,284
602,"confidential: replaced by 'CLID_anonymous'",28,2,1,1,"confidential: removed from data",60000,9,3,1,0,,285
602,"confidential: replaced by 'CLID_anonymous'",28,27,1,1,"confidential: removed from data",80000,8,1,6,0,,286
602,"confidential: replaced by 'CLID_anonymous'",11,25,1,1,"confidential: removed from data",8000,9,1,1,0,,287
602,"confidential: replaced by 'CLID_anonymous'",11,22,1,1,"confidential: removed from data",10000,9,2,1,0,,288
602,"confidential: replaced by 'CLID_anonymous'",11,50,1,1,"confidential: removed from data",36000,14,2,2,0,,289
602,"confidential: replaced by 'CLID_anonymous'",11,2,1,1,"confidential: removed from data",40000,7,1,2,0,,290
602,"confidential: replaced by 'CLID_anonymous'",81,6,1,1,"confidential: removed from data",10000,8,1,2,0,,291
602,"confidential: replaced by 'CLID_anonymous'",81,17,2,1,"confidential: removed from data",10000,9,1,1,0,,292
602,"confidential: replaced by 'CLID_anonymous'",81,3,1,1,"confidential: removed from data",65000,9,1,1,0,,293
602,"confidential: replaced by 'CLID_anonymous'",81,22,1,1,"confidential: removed from data",5000,8,,,,,294
602,"confidential: replaced by 'CLID_anonymous'",81,23,1,1,"confidential: removed from data",100000,6,1,1,5,4,295
602,"confidential: replaced by 'CLID_anonymous'",81,15,1,1,"confidential: removed from data",13000,8,1,1,0,,296
602,"confidential: replaced by 'CLID_anonymous'",29,27,1,2,"confidential: removed from data",5000,8,,,,,297
602,"confidential: replaced by 'CLID_anonymous'",29,27,1,1,"confidential: removed from data",10000,7,1,1,0,,298
602,"confidential: replaced by 'CLID_anonymous'",29,9,1,1,"confidential: removed from data",5000,7,,,,,299
602,"confidential: replaced by 'CLID_anonymous'",29,8,1,1,"confidential: removed from data",9000,9,1,1,0,,300
602,"confidential: replaced by 'CLID_anonymous'",29,19,1,2,"confidential: removed from data",10500,9,1,1,0,,301
602,"confidential: replaced by 'CLID_anonymous'",29,23,1,2,"confidential: removed from data",3500,9,,,,,302
602,"confidential: replaced by 'CLID_anonymous'",29,6,1,1,"confidential: removed from data",30000,8,1,4,0,,303
602,"confidential: replaced by 'CLID_anonymous'",29,26,1,1,"confidential: removed from data",10000,9,1,1,0,,304
602,"confidential: replaced by 'CLID_anonymous'",29,18,1,1,"confidential: removed from data",3500,9,,,,,305
602,"confidential: replaced by 'CLID_anonymous'",29,3,1,1,"confidential: removed from data",60000,9,1,1,0,,306
602,"confidential: replaced by 'CLID_anonymous'",29,34,1,1,"confidential: removed from data",100000,9,1,1,0,,307
602,"confidential: replaced by 'CLID_anonymous'",29,27,2,1,"confidential: removed from data",10000,9,1,1,0,,308
602,"confidential: replaced by 'CLID_anonymous'",29,23,1,1,"confidential: removed from data",7500,9,1,1,0,,309
602,"confidential: replaced by 'CLID_anonymous'",29,19,1,1,"confidential: removed from data",15000,9,1,1,0,,310
602,"confidential: replaced by 'CLID_anonymous'",45,20,1,1,"confidential: removed from data",6500,9,1,1,0,,311
602,"confidential: replaced by 'CLID_anonymous'",45,14,1,1,"confidential: removed from data",5000,9,,,,,312
602,"confidential: replaced by 'CLID_anonymous'",45,36,1,1,"confidential: removed from data",10000,9,1,1,0,,313
602,"confidential: replaced by 'CLID_anonymous'",45,13,1,2,"confidential: removed from data",22000,9,1,1,0,,314
602,"confidential: replaced by 'CLID_anonymous'",45,15,1,1,"confidential: removed from data",2500,9,,,,,315
602,"confidential: replaced by 'CLID_anonymous'",45,6,1,1,"confidential: removed from data",20000,9,1,1,0,,316
602,"confidential: replaced by 'CLID_anonymous'",45,1,1,1,"confidential: removed from data",15000,9,1,1,0,,317
602,"confidential: replaced by 'CLID_anonymous'",45,6,1,2,"confidential: removed from data",15000,9,2,1,0,,318
602,"confidential: replaced by 'CLID_anonymous'",45,13,1,1,"confidential: removed from data",25000,9,3,1,0,,319
602,"confidential: replaced by 'CLID_anonymous'",45,34,1,1,"confidential: removed from data",5500,9,1,1,0,,320
602,"confidential: replaced by 'CLID_anonymous'",39,50,1,1,"confidential: removed from data",20000,9,2,1,0,,321
602,"confidential: replaced by 'CLID_anonymous'",39,1,1,1,"confidential: removed from data",15000,9,1,1,0,,322
602,"confidential: replaced by 'CLID_anonymous'",39,40,1,1,"confidential: removed from data",8000,9,2,1,0,,323
602,"confidential: replaced by 'CLID_anonymous'",39,30,1,1,"confidential: removed from data",5000,8,,,,,324
602,"confidential: replaced by 'CLID_anonymous'",39,4,1,1,"confidential: removed from data",5000,9,,,,,325
602,"confidential: replaced by 'CLID_anonymous'",39,9,1,1,"confidential: removed from data",5000,8,,,,,326
602,"confidential: replaced by 'CLID_anonymous'",39,8,1,1,"confidential: removed from data",22800,9,1,1,0,,327
602,"confidential: replaced by 'CLID_anonymous'",39,5,1,1,"confidential: removed from data",100000,14,4,1,5,4,328
602,"confidential: replaced by 'CLID_anonymous'",44,23,1,1,"confidential: removed from data",200000,14,3,9,5,4,329
602,"confidential: replaced by 'CLID_anonymous'",44,4,1,1,"confidential: removed from data",100000,10,2,4,10,4,330
602,"confidential: replaced by 'CLID_anonymous'",44,5,1,1,"confidential: removed from data",4800,9,,,,,331
602,"confidential: replaced by 'CLID_anonymous'",44,10,1,1,"confidential: removed from data",25000,9,1,1,0,,332
602,"confidential: replaced by 'CLID_anonymous'",44,47,1,1,"confidential: removed from data",30000,9,1,3,1,4,333
602,"confidential: replaced by 'CLID_anonymous'",44,17,1,1,"confidential: removed from data",300000,5,4,2,5,4,334
602,"confidential: replaced by 'CLID_anonymous'",44,23,1,2,"confidential: removed from data",200000,14,4,10,5,4,335
602,"confidential: replaced by 'CLID_anonymous'",18,38,1,1,"confidential: removed from data",10000,8,1,1,0,,336
602,"confidential: replaced by 'CLID_anonymous'",18,42,1,1,"confidential: removed from data",50000,8,1,1,0,,337
602,"confidential: replaced by 'CLID_anonymous'",18,21,1,1,"confidential: removed from data",20000,8,1,1,0,,338
602,"confidential: replaced by 'CLID_anonymous'",18,31,1,1,"confidential: removed from data",15000,8,1,9,0,,339
602,"confidential: replaced by 'CLID_anonymous'",18,8,1,1,"confidential: removed from data",100000,14,1,3,1,4,340
602,"confidential: replaced by 'CLID_anonymous'",18,6,1,1,"confidential: removed from data",100000,5,2,3,20,5,341
602,"confidential: replaced by 'CLID_anonymous'",18,39,1,1,"confidential: removed from data",30000,8,2,1,0,,342
602,"confidential: replaced by 'CLID_anonymous'",18,8,1,2,"confidential: removed from data",30000,14,2,3,1,4,343
602,"confidential: replaced by 'CLID_anonymous'",12,48,1,1,"confidential: removed from data",70000,11,1,1,0,,344
602,"confidential: replaced by 'CLID_anonymous'",12,26,1,1,"confidential: removed from data",150000,7,1,6,0,,345
602,"confidential: replaced by 'CLID_anonymous'",12,37,1,1,"confidential: removed from data",20000,9,1,1,0,,346
602,"confidential: replaced by 'CLID_anonymous'",12,34,1,1,"confidential: removed from data",15000,8,1,2,0,,347
602,"confidential: replaced by 'CLID_anonymous'",12,25,1,1,"confidential: removed from data",7000,8,1,1,0,,348
602,"confidential: replaced by 'CLID_anonymous'",65,19,1,1,"confidential: removed from data",20500,7,1,1,0,,349
602,"confidential: replaced by 'CLID_anonymous'",65,15,1,1,"confidential: removed from data",20000,7,2,1,0,,350
602,"confidential: replaced by 'CLID_anonymous'",65,7,1,1,"confidential: removed from data",7000,8,1,1,0,,351
602,"confidential: replaced by 'CLID_anonymous'",65,6,1,1,"confidential: removed from data",15000,8,1,1,0,,352
602,"confidential: replaced by 'CLID_anonymous'",65,37,1,1,"confidential: removed from data",2000,9,,,,,353
602,"confidential: replaced by 'CLID_anonymous'",65,11,1,1,"confidential: removed from data",5000,8,,,,,354
602,"confidential: replaced by 'CLID_anonymous'",65,25,1,1,"confidential: removed from data",25000,9,1,1,0,,355
602,"confidential: replaced by 'CLID_anonymous'",65,46,1,1,"confidential: removed from data",5000,9,,,,,356
602,"confidential: replaced by 'CLID_anonymous'",65,29,1,1,"confidential: removed from data",700,9,,,,,357
602,"confidential: replaced by 'CLID_anonymous'",65,38,1,1,"confidential: removed from data",20000,7,1,1,0,,358
602,"confidential: replaced by 'CLID_anonymous'",65,22,1,1,"confidential: removed from data",2000,9,,,,,359
602,"confidential: replaced by 'CLID_anonymous'",54,23,1,1,"confidential: removed from data",30000,9,1,1,0,,360
602,"confidential: replaced by 'CLID_anonymous'",54,39,1,1,"confidential: removed from data",50000,7,2,2,0,,361
602,"confidential: replaced by 'CLID_anonymous'",54,40,1,1,"confidential: removed from data",40000,7,2,1,0,,362
602,"confidential: replaced by 'CLID_anonymous'",54,30,1,1,"confidential: removed from data",20000,9,1,1,0,,363
602,"confidential: replaced by 'CLID_anonymous'",38,48,1,1,"confidential: removed from data",60000,8,2,6,0,,364
602,"confidential: replaced by 'CLID_anonymous'",38,6,1,1,"confidential: removed from data",30000,7,1,10,0,,365
602,"confidential: replaced by 'CLID_anonymous'",38,25,2,1,"confidential: removed from data",15000,7,1,2,0,,366
602,"confidential: replaced by 'CLID_anonymous'",38,35,1,1,"confidential: removed from data",4800,9,,,,,367
602,"confidential: replaced by 'CLID_anonymous'",38,13,1,1,"confidential: removed from data",10000,9,1,1,0,,368
602,"confidential: replaced by 'CLID_anonymous'",38,43,1,1,"confidential: removed from data",60000,14,3,6,1.20000004768372,4,369
602,"confidential: replaced by 'CLID_anonymous'",38,7,1,1,"confidential: removed from data",400000,1,2,10,10,4,370
602,"confidential: replaced by 'CLID_anonymous'",38,7,1,2,"confidential: removed from data",100000,5,2,10,1,4,371
602,"confidential: replaced by 'CLID_anonymous'",38,35,1,2,"confidential: removed from data",1500,9,,,,,372
602,"confidential: replaced by 'CLID_anonymous'",25,21,1,1,"confidential: removed from data",25000,8,2,2,0,,373
602,"confidential: replaced by 'CLID_anonymous'",25,20,1,1,"confidential: removed from data",5000,9,,,,,374
602,"confidential: replaced by 'CLID_anonymous'",25,29,1,1,"confidential: removed from data",14000,7,1,2,0,,375
602,"confidential: replaced by 'CLID_anonymous'",25,16,2,2,"confidential: removed from data",15000,8,2,1,0,,376
602,"confidential: replaced by 'CLID_anonymous'",25,16,2,1,"confidential: removed from data",25000,8,2,2,0,,377
602,"confidential: replaced by 'CLID_anonymous'",25,36,1,1,"confidential: removed from data",40000,8,1,2,0,,378
602,"confidential: replaced by 'CLID_anonymous'",25,21,1,2,"confidential: removed from data",15000,8,2,1,0,,379
602,"confidential: replaced by 'CLID_anonymous'",25,32,1,1,"confidential: removed from data",30000,14,1,1,3,4,380
602,"confidential: replaced by 'CLID_anonymous'",25,32,1,2,"confidential: removed from data",30000,14,2,10,3,4,381
602,"confidential: replaced by 'CLID_anonymous'",23,22,1,1,"confidential: removed from data",2000,9,,,,,382
602,"confidential: replaced by 'CLID_anonymous'",23,32,1,1,"confidential: removed from data",5000,8,,,,,383
602,"confidential: replaced by 'CLID_anonymous'",23,19,1,1,"confidential: removed from data",4000,9,,,,,384
602,"confidential: replaced by 'CLID_anonymous'",23,14,1,1,"confidential: removed from data",6000,9,1,1,0,,385
602,"confidential: replaced by 'CLID_anonymous'",23,26,1,1,"confidential: removed from data",5000,9,,,,,386
602,"confidential: replaced by 'CLID_anonymous'",31,42,1,1,"confidential: removed from data",10000,9,1,1,0,,387
602,"confidential: replaced by 'CLID_anonymous'",31,7,2,1,"confidential: removed from data",14000,8,1,1,0,,388
602,"confidential: replaced by 'CLID_anonymous'",31,29,1,1,"confidential: removed from data",90000,9,1,1,0,,389
602,"confidential: replaced by 'CLID_anonymous'",31,19,1,1,"confidential: removed from data",300000,8,1,6,5,4,390
602,"confidential: replaced by 'CLID_anonymous'",31,7,1,1,"confidential: removed from data",10000,9,1,1,0,,391
602,"confidential: replaced by 'CLID_anonymous'",31,7,2,2,"confidential: removed from data",5600,8,1,1,0,,392
602,"confidential: replaced by 'CLID_anonymous'",24,45,1,1,"confidential: removed from data",20000,14,1,2,0,,393
602,"confidential: replaced by 'CLID_anonymous'",24,50,1,1,"confidential: removed from data",10000,9,1,1,0,,394
602,"confidential: replaced by 'CLID_anonymous'",24,50,1,2,"confidential: removed from data",12000,9,2,1,0,,395
602,"confidential: replaced by 'CLID_anonymous'",24,42,1,1,"confidential: removed from data",20000,14,2,1,0,,396
602,"confidential: replaced by 'CLID_anonymous'",24,47,1,1,"confidential: removed from data",20000,9,1,1,0,,397
602,"confidential: replaced by 'CLID_anonymous'",24,12,1,1,"confidential: removed from data",30000,5,2,1,5,4,398
602,"confidential: replaced by 'CLID_anonymous'",24,22,1,1,"confidential: removed from data",50000,5,3,1,10,4,399
602,"confidential: replaced by 'CLID_anonymous'",24,34,1,1,"confidential: removed from data",4000,9,,,,,400
602,"confidential: replaced by 'CLID_anonymous'",24,17,1,1,"confidential: removed from data",10000,9,2,1,0,,401
