"DistID","CLID","CLID_anonymous","HHNum","SplitOffId","HHMemberID","TFID","CCTListID","PayAllID","HHAssetID","HHLivestockID","HHPrivTransferID","OtherProjectID","HHShockID","HHCreditID","HHTransGroupID","HHEnterpriseID","HHConsDataCatAID","HHConsDataCatBID","HHConsDataCatC","HHConsDataCatD","HHConsDataCatE","ItemPricesID","VariableName","CommentType","Entry"
104,"confidential: replaced by 'CLID_anonymous'",26,11,1,2,,,,,,,,,,,,,,,,,,"T3CQ3","OTHER","breast problems"
104,"confidential: replaced by 'CLID_anonymous'",26,23,1,3,,,,,,,,,,,,,,,,,,"T3AQ21","OTHER","DK"
104,"confidential: replaced by 'CLID_anonymous'",26,1,1,,,,3,,,,,,,,,,,,,,,"ExpAllCategory","OTHER","personal expenditure"
104,"confidential: replaced by 'CLID_anonymous'",26,25,1,,,,2,,,,,,,,,,,,,,,"ExpAllCategory","OTHER","personal expenditure"
104,"confidential: replaced by 'CLID_anonymous'",26,23,1,,,,2,,,,,,,,,,,,,,,"ExpAllCategory","OTHER","personal expenditure"
104,"confidential: replaced by 'CLID_anonymous'",26,3,1,,,,1,,,,,,,,,,,,,,,"ExpAllCategory","OTHER","personal expenditure"
104,"confidential: replaced by 'CLID_anonymous'",26,23,1,,2,,,,,,,,,,,,,,,,,"MortIllness_Resp","OTHER","epilepsy"
104,"confidential: replaced by 'CLID_anonymous'",26,3,1,,,,2,,,,,,,,,,,,,,,"ExpAllCategory","OTHER","personal expenditure"
104,"confidential: replaced by 'CLID_anonymous'",26,4,1,1,,,,,,,,,,,,,,,,,,"T3CQ3","OTHER","hernia"
104,"confidential: replaced by 'CLID_anonymous'",26,1,1,,,,4,,,,,,,,,,,,,,,"ExpAllCategory","OTHER","HH expenditure"
104,"confidential: replaced by 'CLID_anonymous'",26,23,1,,2,,,,,,,,,,,,,,,,,"MortIllness_HealthPract","OTHER","epilepsy"
104,"confidential: replaced by 'CLID_anonymous'",26,9,1,,1,,,,,,,,,,,,,,,,,"MortIllness_Resp","OTHER","fistula"
104,"confidential: replaced by 'CLID_anonymous'",26,17,1,,,,3,,,,,,,,,,,,,,,"ExpAllCategory","OTHER","HH expenditure"
104,"confidential: replaced by 'CLID_anonymous'",26,23,1,2,,,,,,,,,,,,,,,,,,"T3AQ21","OTHER","DK"
104,"confidential: replaced by 'CLID_anonymous'",26,9,1,,1,,,,,,,,,,,,,,,,,"MortIllness_HealthPract","OTHER","fistula"
104,"confidential: replaced by 'CLID_anonymous'",26,6,1,,,,2,,,,,,,,,,,,,,,"ExpAllCategory","OTHER","personal expenditure"
104,"confidential: replaced by 'CLID_anonymous'",46,3,1,,,,,,,,,,,,,,,,,,,"IntvResult","OTHER","only member has travelled"
104,"confidential: replaced by 'CLID_anonymous'",46,1,1,,2,,,,,,,,,,,,,,,,,"MigrationReason","OTHER","went to parents"
104,"confidential: replaced by 'CLID_anonymous'",46,20,1,,5,,,,,,,,,,,,,,,,,"MigrationReason","OTHER","went to parents"
104,"confidential: replaced by 'CLID_anonymous'",77,2,1,,,,,,,,,,,,,,,,,,,"LastPayHow","OTHER","school compound"
104,"confidential: replaced by 'CLID_anonymous'",77,9,1,,,,1,,,,,,,,,,,,,,,"ExpAllCategory","OTHER","personal expenditure"
104,"confidential: replaced by 'CLID_anonymous'",77,18,1,,,,,,,,,,,,,,,,,,,"T5AQ2","OTHER","canvas"
104,"confidential: replaced by 'CLID_anonymous'",77,13,1,,,,,,,,,,,,,,,,,,,"LastPayHow","OTHER","school compound"
104,"confidential: replaced by 'CLID_anonymous'",77,10,1,2,,,,,,,,,,,,,,,,,,"T3CQ3","OTHER","epilepsy"
104,"confidential: replaced by 'CLID_anonymous'",77,10,1,,,,,,,,,,,,,,,,,,,"LastPayHow","OTHER","school compound"
104,"confidential: replaced by 'CLID_anonymous'",77,10,1,,,,1,,,,,,,,,,,,,,,"ExpAllCategory","OTHER","personal expenditure"
104,"confidential: replaced by 'CLID_anonymous'",77,7,1,,,,,,,,,,1,,,,,,,,,"T5GAQ4","OTHER","funeral expenses"
104,"confidential: replaced by 'CLID_anonymous'",77,8,1,,,,1,,,,,,,,,,,,,,,"ExpAllCategory","OTHER","personal expenses"
104,"confidential: replaced by 'CLID_anonymous'",63,3,1,4,,,,,,,,,,,,,,,,,,"T3CQ15","OTHER","epilepsy"
104,"confidential: replaced by 'CLID_anonymous'",22,22,1,,,,,,,,,,,,,,,,,,,"IntvResult","OTHER","hh temporarily absent"
104,"confidential: replaced by 'CLID_anonymous'",22,25,1,,,,,,,,,,,,,,,,,,,"IntvResult","OTHER","HH members temporarily absent"
104,"confidential: replaced by 'CLID_anonymous'",22,25,1,,,,,,,,,,,,,,,,,,,"IntvResult2","OTHER","HH members temporarily absent"
104,"confidential: replaced by 'CLID_anonymous'",22,26,1,1,,,,,,,,,,,,,,,,,,"T3CQ3","OTHER","hernia"
104,"confidential: replaced by 'CLID_anonymous'",22,11,1,,,,1,,,,,,,,,,,,,,,"ExpAllCategory","OTHER","personal expenditure"
104,"confidential: replaced by 'CLID_anonymous'",22,9,1,,,,1,,,,,,,,,,,,,,,"ExpAllCategory","OTHER","HH expenditure"
104,"confidential: replaced by 'CLID_anonymous'",67,5,1,,,,2,,,,,,,,,,,,,,,"ExpAllCategory","OTHER","personal expenditure"
104,"confidential: replaced by 'CLID_anonymous'",67,16,1,,,,1,,,,,,,,,,,,,,,"ExpAllCategory","OTHER","personal expenditure"
104,"confidential: replaced by 'CLID_anonymous'",67,15,1,,,,1,,,,,,,,,,,,,,,"ExpAllCategory","OTHER","personal expenditure"
104,"confidential: replaced by 'CLID_anonymous'",67,2,1,,,,1,,,,,,,,,,,,,,,"ExpAllCategory","OTHER","personal expenses"
104,"confidential: replaced by 'CLID_anonymous'",67,3,1,,,,,,,,,,,,,,,,,,,"IntvResult","OTHER","in another village for medical care"
104,"confidential: replaced by 'CLID_anonymous'",67,21,1,,,,3,,,,,,,,,,,,,,,"ExpAllCategory","OTHER","personal expenditure"
104,"confidential: replaced by 'CLID_anonymous'",67,17,1,,,,,,,,,,,,,,,,,,,"IntvResult","OTHER","members on a visit to another village"
104,"confidential: replaced by 'CLID_anonymous'",67,13,1,,,,,,,,,,,,,,,,,,,"IntvResult","OTHER","head went for medical treatment and took id 2 with her"
104,"confidential: replaced by 'CLID_anonymous'",67,25,1,,,,1,,,,,,,,,,,,,,,"ExpAllCategory","OTHER","personal expenditure"
104,"confidential: replaced by 'CLID_anonymous'",67,4,1,,,,2,,,,,,,,,,,,,,,"ExpAllCategory","OTHER","personal expenses"
104,"confidential: replaced by 'CLID_anonymous'",67,25,1,,,,2,,,,,,,,,,,,,,,"ExpAllCategory","OTHER","personal expenditure"
104,"confidential: replaced by 'CLID_anonymous'",67,5,1,,,,1,,,,,,,,,,,,,,,"ExpAllCategory","OTHER","personal expenditure"
104,"confidential: replaced by 'CLID_anonymous'",40,16,1,,,,1,,,,,,,,,,,,,,,"ExpAllCategory","OTHER","personal expenditure"
104,"confidential: replaced by 'CLID_anonymous'",40,23,1,,,,2,,,,,,,,,,,,,,,"ExpAllCategory","OTHER","personal expenditure"
104,"confidential: replaced by 'CLID_anonymous'",40,6,1,,3,,,,,,,,,,,,,,,,,"MortIllness_HealthPract","OTHER","epilepsy"
104,"confidential: replaced by 'CLID_anonymous'",40,17,1,,,,3,,,,,,,,,,,,,,,"ExpAllCategory","OTHER","personal expenditure"
104,"confidential: replaced by 'CLID_anonymous'",40,17,1,,,,2,,,,,,,,,,,,,,,"ExpAllCategory","OTHER","personal expenditure"
104,"confidential: replaced by 'CLID_anonymous'",40,13,1,,,,1,,,,,,,,,,,,,,,"ExpAllCategory","OTHER","personal expenditure"
104,"confidential: replaced by 'CLID_anonymous'",40,12,1,,,,2,,,,,,,,,,,,,,,"ExpAllCategory","OTHER","personal expenditure"
104,"confidential: replaced by 'CLID_anonymous'",40,16,1,,,,2,,,,,,,,,,,,,,,"ExpAllCategory","OTHER","personal expenditure"
104,"confidential: replaced by 'CLID_anonymous'",40,17,1,,,,1,,,,,,,,,,,,,,,"ExpAllCategory","OTHER","personal expenditure"
104,"confidential: replaced by 'CLID_anonymous'",40,8,1,,,,1,,,,,,,,,,,,,,,"ExpAllCategory","OTHER","construction"
104,"confidential: replaced by 'CLID_anonymous'",40,5,1,4,,,,,,,,,,,,,,,,,,"T3CQ3","OTHER","swelling on neck"
104,"confidential: replaced by 'CLID_anonymous'",40,6,1,,3,,,,,,,,,,,,,,,,,"MortIllness_Resp","OTHER","epilepsy"
104,"confidential: replaced by 'CLID_anonymous'",19,11,1,,6,,,,,,,,,,,,,,,,,"MigrationReason","OTHER","went to parents"
104,"confidential: replaced by 'CLID_anonymous'",19,17,1,2,,,,,,,,,,,,,,,,,,"T3CQ3","OTHER","epilepsy"
104,"confidential: replaced by 'CLID_anonymous'",50,19,1,,,,2,,,,,,,,,,,,,,,"ExpAllCategory","OTHER","personal expenditure"
104,"confidential: replaced by 'CLID_anonymous'",50,13,1,,,,2,,,,,,,,,,,,,,,"ExpAllCategory","OTHER","construction"
104,"confidential: replaced by 'CLID_anonymous'",50,22,1,,,,1,,,,,,,,,,,,,,,"ExpAllCategory","OTHER","personal expenditure"
104,"confidential: replaced by 'CLID_anonymous'",50,18,1,,,,1,,,,,,,,,,,,,,,"ExpAllCategory","OTHER","personal expenditure"
104,"confidential: replaced by 'CLID_anonymous'",50,13,1,,,,1,,,,,,,,,,,,,,,"ExpAllCategory","OTHER","personal expenditure"
104,"confidential: replaced by 'CLID_anonymous'",50,16,1,,,,2,,,,,,,,,,,,,,,"ExpAllCategory","OTHER","personal expenditure"
104,"confidential: replaced by 'CLID_anonymous'",50,22,1,,,,3,,,,,,,,,,,,,,,"ExpAllCategory","OTHER","personal expenditure"
104,"confidential: replaced by 'CLID_anonymous'",50,16,1,,,,3,,,,,,,,,,,,,,,"ExpAllCategory","OTHER","personal expenditure"
104,"confidential: replaced by 'CLID_anonymous'",50,16,1,,,,1,,,,,,,,,,,,,,,"ExpAllCategory","OTHER","personal expenditure"
104,"confidential: replaced by 'CLID_anonymous'",50,23,1,,,,1,,,,,,,,,,,,,,,"ExpAllCategory","OTHER","personal expenditure"
104,"confidential: replaced by 'CLID_anonymous'",50,12,1,,,,3,,,,,,,,,,,,,,,"ExpAllCategory","OTHER","personal expenditure"
104,"confidential: replaced by 'CLID_anonymous'",50,12,1,,,,1,,,,,,,,,,,,,,,"ExpAllCategory","OTHER","personal expenditure"
104,"confidential: replaced by 'CLID_anonymous'",50,10,1,,,,1,,,,,,,,,,,,,,,"ExpAllCategory","OTHER","personal expenditure"
104,"confidential: replaced by 'CLID_anonymous'",50,19,1,,,,1,,,,,,,,,,,,,,,"ExpAllCategory","OTHER","construction"
104,"confidential: replaced by 'CLID_anonymous'",50,1,1,,,,1,,,,,,,,,,,,,,,"ExpAllCategory","OTHER","HH expenditure"
104,"confidential: replaced by 'CLID_anonymous'",50,19,1,,,,3,,,,,,,,,,,,,,,"ExpAllCategory","OTHER","HH expenditure"
104,"confidential: replaced by 'CLID_anonymous'",50,27,1,,,,1,,,,,,,,,,,,,,,"ExpAllCategory","OTHER","construction"
104,"confidential: replaced by 'CLID_anonymous'",6,27,1,,,,,,,,,,,,,,,,,,,"IntvResult","OTHER","both HH members have travelled to a neighbouring region"
104,"confidential: replaced by 'CLID_anonymous'",6,11,1,,,,4,,,,,,,,,,,,,,,"ExpAllCategory","OTHER","personal expenditure"
104,"confidential: replaced by 'CLID_anonymous'",6,11,1,,,,3,,,,,,,,,,,,,,,"ExpAllCategory","OTHER","personal expenditure"
104,"confidential: replaced by 'CLID_anonymous'",6,6,1,,4,,,,,,,,,,,,,,,,,"MigrationReason","OTHER","went to parents"
104,"confidential: replaced by 'CLID_anonymous'",6,11,1,,,,5,,,,,,,,,,,,,,,"ExpAllCategory","OTHER","personal expenditure"
104,"confidential: replaced by 'CLID_anonymous'",6,18,1,,,,1,,,,,,,,,,,,,,,"ExpAllCategory","OTHER","personal expenditure"
104,"confidential: replaced by 'CLID_anonymous'",6,11,1,,,,2,,,,,,,,,,,,,,,"ExpAllCategory","OTHER","personal expenditure"
104,"confidential: replaced by 'CLID_anonymous'",82,4,1,,2,,,,,,,,,,,,,,,,,"MigrationReason","OTHER","@ ran away from home"
104,"confidential: replaced by 'CLID_anonymous'",82,1,1,,,,2,,,,,,,,,,,,,,,"ExpAllCategory","OTHER","personal expenses"
104,"confidential: replaced by 'CLID_anonymous'",82,1,1,2,,,,,,,,,,,,,,,,,,"T3CQ3","OTHER","epilepsy"
104,"confidential: replaced by 'CLID_anonymous'",82,16,1,,,,1,,,,,,,,,,,,,,,"ExpAllCategory","OTHER","HH expenses"
104,"confidential: replaced by 'CLID_anonymous'",82,3,1,3,,,,,,,,,,,,,,,,,,"T3CQ15","OTHER","epilepsy"
104,"confidential: replaced by 'CLID_anonymous'",82,2,1,,,,2,,,,,,,,,,,,,,,"ExpAllCategory","OTHER","personal expenses"
104,"confidential: replaced by 'CLID_anonymous'",82,14,1,,,,3,,,,,,,,,,,,,,,"ExpAllCategory","OTHER","personal expenses"
104,"confidential: replaced by 'CLID_anonymous'",70,8,1,,,,2,,,,,,,,,,,,,,,"ExpAllCategory","OTHER","personal expenduture"
104,"confidential: replaced by 'CLID_anonymous'",70,6,1,1,,,,,,,,,,,,,,,,,,"T3BQ16","OTHER","darasa VIII"
104,"confidential: replaced by 'CLID_anonymous'",70,11,2,4,,,,,,,,,,,,,,,,,,"T3CQ3","OTHER","measles"
104,"confidential: replaced by 'CLID_anonymous'",70,2,1,,,,1,,,,,,,,,,,,,,,"ExpAllCategory","OTHER","personal expenditure"
104,"confidential: replaced by 'CLID_anonymous'",70,16,1,,,,1,,,,,,,,,,,,,,,"ExpAllCategory","OTHER","personal expenditure"
104,"confidential: replaced by 'CLID_anonymous'",70,8,1,,,,1,,,,,,,,,,,,,,,"ExpAllCategory","OTHER","personal expenduture"
104,"confidential: replaced by 'CLID_anonymous'",70,3,1,,,,3,,,,,,,,,,,,,,,"ExpAllCategory","OTHER","personal expenditure"
104,"confidential: replaced by 'CLID_anonymous'",70,3,1,,,,1,,,,,,,,,,,,,,,"ExpAllCategory","OTHER","personal expenditure"
104,"confidential: replaced by 'CLID_anonymous'",70,22,1,,,,1,,,,,,,,,,,,,,,"ExpAllCategory","OTHER","personal expenditure"
104,"confidential: replaced by 'CLID_anonymous'",70,27,1,,1,,,,,,,,,,,,,,,,,"ReasonLeft","OTHER","has never resided in the HH"
104,"confidential: replaced by 'CLID_anonymous'",70,12,1,,,,1,,,,,,,,,,,,,,,"ExpAllCategory","OTHER","personal expenditure"
104,"confidential: replaced by 'CLID_anonymous'",27,10,1,,,,3,,,,,,,,,,,,,,,"ExpAllCategory","OTHER","personal expenditure"
104,"confidential: replaced by 'CLID_anonymous'",27,10,1,,,,2,,,,,,,,,,,,,,,"ExpAllCategory","OTHER","personal expenditure"
104,"confidential: replaced by 'CLID_anonymous'",27,14,1,,,,2,,,,,,,,,,,,,,,"ExpAllCategory","OTHER","pesonal expenditure"
104,"confidential: replaced by 'CLID_anonymous'",27,10,1,,,,1,,,,,,,,,,,,,,,"ExpAllCategory","OTHER","personal expenditure"
104,"confidential: replaced by 'CLID_anonymous'",27,4,1,,,,2,,,,,,,,,,,,,,,"ExpAllCategory","OTHER","HH expenditure"
104,"confidential: replaced by 'CLID_anonymous'",27,12,1,,,,3,,,,,,,,,,,,,,,"ExpAllCategory","OTHER","personal expenditure"
104,"confidential: replaced by 'CLID_anonymous'",27,5,1,2,,,,,,,,,,,,,,,,,,"T3CQ3","OTHER","epilepsy"
104,"confidential: replaced by 'CLID_anonymous'",27,5,1,,,,3,,,,,,,,,,,,,,,"ExpAllCategory","OTHER","personal expenditure"
104,"confidential: replaced by 'CLID_anonymous'",27,3,1,,,,2,,,,,,,,,,,,,,,"ExpAllCategory","OTHER","personal expenditure"
104,"confidential: replaced by 'CLID_anonymous'",27,15,1,,,,2,,,,,,,,,,,,,,,"ExpAllCategory","OTHER","personal expenditure"
104,"confidential: replaced by 'CLID_anonymous'",68,2,1,,,,3,,,,,,,,,,,,,,,"ExpAllCategory","OTHER","personal expenditure"
104,"confidential: replaced by 'CLID_anonymous'",68,10,1,,,,1,,,,,,,,,,,,,,,"ExpAllCategory","OTHER","HH expenditure"
104,"confidential: replaced by 'CLID_anonymous'",68,19,1,,1,,,,,,,,,,,,,,,,,"ReasonLeft","OTHER","away for medical treatment"
104,"confidential: replaced by 'CLID_anonymous'",68,9,1,,,,1,,,,,,,,,,,,,,,"ExpAllCategory","OTHER","personal expenditure"
104,"confidential: replaced by 'CLID_anonymous'",68,17,1,4,,,,,,,,,,,,,,,,,,"T3CQ3","OTHER","boil"
104,"confidential: replaced by 'CLID_anonymous'",68,19,1,,,,,,,,,,,,,,,,,,,"IntvResult","OTHER","Only member away for medical treatment"
104,"confidential: replaced by 'CLID_anonymous'",8,11,1,,,,,,,,,,,,,,,,,,,"IntvResult","OTHER","member travelled"
601,"confidential: replaced by 'CLID_anonymous'",5,3,10,,4,,,,,,,,,,,,,,,,,"ReasonLeft","OTHER","imprisoned"
601,"confidential: replaced by 'CLID_anonymous'",5,20,1,,2,,,,,,,,,,,,,,,,,"MortIllness_Resp","OTHER","paralysis"
601,"confidential: replaced by 'CLID_anonymous'",5,4,1,,,,,,,,,,,,,,,,,,,"CCTDropInformation","OTHER","DK"
601,"confidential: replaced by 'CLID_anonymous'",5,4,1,4,,,,,,,,,,,,,,,,,,"T3CQ3","OTHER","epilepsy"
601,"confidential: replaced by 'CLID_anonymous'",5,8,1,,,,,,,,,,,,,,,,,,,"IntvResult","OTHER","household temporaly absent"
601,"confidential: replaced by 'CLID_anonymous'",49,20,1,,4,,,,,,,,,,,,,,,,,"MigrationReason","OTHER","follow parents"
601,"confidential: replaced by 'CLID_anonymous'",49,19,1,,,,,,,,,,,,,,,,,,,"IntvResult","OTHER","household temporaly absent"
601,"confidential: replaced by 'CLID_anonymous'",49,19,1,,1,,,,,,,,,,,,,,,,,"ReasonLeft","OTHER","temporarily spending Ramadhan with her children in the city"
601,"confidential: replaced by 'CLID_anonymous'",49,20,1,8,,,,,,,,,,,,,,,,,,"T4BQ2","OTHER","disabled"
601,"confidential: replaced by 'CLID_anonymous'",49,20,1,8,,,,,,,,,,,,,,,,,,"T4BQ7","OTHER","disabled"
601,"confidential: replaced by 'CLID_anonymous'",49,22,1,2,,,,,,,,,,,,,,,,,,"T3BQ12","OTHER","school shirt stollen (Uniform)"
601,"confidential: replaced by 'CLID_anonymous'",74,26,1,,,,2,,,,,,,,,,,,,,,"ExpAllCategory","OTHER","personal needs"
601,"confidential: replaced by 'CLID_anonymous'",74,3,1,,,,,,,,,,,,,,,,,,,"IntvResult","OTHER","the only member in the household died"
601,"confidential: replaced by 'CLID_anonymous'",74,24,1,,,,3,,,,,,,,,,,,,,,"ExpAllCategory","OTHER","household needs"
601,"confidential: replaced by 'CLID_anonymous'",74,23,1,1,,,,,,,,,,,,,,,,,,"T3CQ3","OTHER","muscle pains"
601,"confidential: replaced by 'CLID_anonymous'",74,19,1,1,,,,,,,,,,,,,,,,,,"T3CQ3","OTHER","legs pain"
601,"confidential: replaced by 'CLID_anonymous'",74,4,1,,,,1,,,,,,,,,,,,,,,"ExpAllCategory","OTHER","loan"
601,"confidential: replaced by 'CLID_anonymous'",74,15,1,,,,1,,,,,,,,,,,,,,,"ExpAllCategory","OTHER","personal needs"
601,"confidential: replaced by 'CLID_anonymous'",74,23,1,,,,,,,,,,,,,,,,,,,"LessPayReason2","OTHER","redused payment due to the increase in number of beneficiaries in the programme."
601,"confidential: replaced by 'CLID_anonymous'",62,21,1,6,,,,,,,,,,,,,,,,,,"T4BQ2","OTHER","Crippled"
601,"confidential: replaced by 'CLID_anonymous'",62,18,1,,,,,,,,,,,,,,,,,,,"IntvResult","OTHER","The only household member died"
601,"confidential: replaced by 'CLID_anonymous'",62,9,1,,,,,,,,497,,,,,,,,,,,"BenefitsSector","OTHER","subsistence"
601,"confidential: replaced by 'CLID_anonymous'",62,19,1,1,,,,,,,,,,,,,,,,,,"T3CQ3","OTHER","hernia"
601,"confidential: replaced by 'CLID_anonymous'",21,16,1,2,,,,,,,,,,,,,,,,,,"T3CQ3","OTHER","anaemia"
601,"confidential: replaced by 'CLID_anonymous'",1,18,1,,3,,,,,,,,,,,,,,,,,"ReasonLeft","OTHER","temporarily absent"
601,"confidential: replaced by 'CLID_anonymous'",1,18,1,,2,,,,,,,,,,,,,,,,,"ReasonLeft","OTHER","temporarily absent"
601,"confidential: replaced by 'CLID_anonymous'",1,18,1,,1,,,,,,,,,,,,,,,,,"ReasonLeft","OTHER","temporarily absent"
601,"confidential: replaced by 'CLID_anonymous'",1,1,1,,1,,,,,,,,,,,,,,,,,"ReasonLeft","OTHER","HH unknown in the village"
601,"confidential: replaced by 'CLID_anonymous'",79,3,1,1,,,,,,,,,,,,,,,,,,"T3CQ15","OTHER","leprosy"
601,"confidential: replaced by 'CLID_anonymous'",79,9,1,4,,,,,,,,,,,,,,,,,,"T3CQ3","OTHER","fever following vaccination"
601,"confidential: replaced by 'CLID_anonymous'",79,9,1,,4,,,,,,,,,,,,,,,,,"MigrationReason","OTHER","to live with mother"
601,"confidential: replaced by 'CLID_anonymous'",41,15,1,9,,,,,,,,,,,,,,,,,,"T3CQ15","OTHER","whole body is swollen"
601,"confidential: replaced by 'CLID_anonymous'",71,13,1,1,,,,,,,,,,,,,,,,,,"T3CQ3","OTHER","kidney problem"
601,"confidential: replaced by 'CLID_anonymous'",53,5,1,,,,2,,,,,,,,,,,,,,,"ExpAllCategory","OTHER","HH expenditure"
601,"confidential: replaced by 'CLID_anonymous'",53,5,1,4,,,,,,,,,,,,,,,,,,"T3CQ3","OTHER","hernia"
601,"confidential: replaced by 'CLID_anonymous'",53,9,1,,1,,,,,,,,,,,,,,,,,"MortIllness_HealthPract","OTHER","hernia"
601,"confidential: replaced by 'CLID_anonymous'",53,8,1,,,,1,,,,,,,,,,,,,,,"ExpAllCategory","OTHER","personal expenditure"
601,"confidential: replaced by 'CLID_anonymous'",53,24,1,,,,1,,,,,,,,,,,,,,,"ExpAllCategory","OTHER","HH expenditure"
601,"confidential: replaced by 'CLID_anonymous'",53,9,1,,1,,,,,,,,,,,,,,,,,"MortIllness_Resp","OTHER","hernia"
601,"confidential: replaced by 'CLID_anonymous'",75,26,1,,,,,,,,,,,,,,,,,,,"IntvResult","OTHER","This member is unknown in this village"
601,"confidential: replaced by 'CLID_anonymous'",75,26,1,,1,,,,,,,,,,,,,,,,,"ReasonLeft","OTHER","Unknown"
601,"confidential: replaced by 'CLID_anonymous'",37,9,1,,,,4,,,,,,,,,,,,,,,"ExpAllCategory","OTHER","household needs"
601,"confidential: replaced by 'CLID_anonymous'",37,21,1,,2,,,,,,,,,,,,,,,,,"MortIllness_HealthPract","OTHER","herpes zoster"
601,"confidential: replaced by 'CLID_anonymous'",37,21,1,,2,,,,,,,,,,,,,,,,,"MortIllness_Resp","OTHER","herpes zoster"
601,"confidential: replaced by 'CLID_anonymous'",37,17,1,,,,1,,,,,,,,,,,,,,,"ExpAllCategory","OTHER","Personal needs"
601,"confidential: replaced by 'CLID_anonymous'",37,22,1,1,,,,,,,,,,,,,,,,,,"T3CQ3","OTHER","epilepsy"
601,"confidential: replaced by 'CLID_anonymous'",37,2,1,,1,,,,,,,,,,,,,,,,,"MortIllness_HealthPract","OTHER","hernia"
601,"confidential: replaced by 'CLID_anonymous'",37,2,1,,1,,,,,,,,,,,,,,,,,"MortIllness_Resp","OTHER","hernia"
601,"confidential: replaced by 'CLID_anonymous'",37,1,1,,,,2,,,,,,,,,,,,,,,"ExpAllCategory","OTHER","personal needs"
601,"confidential: replaced by 'CLID_anonymous'",37,26,1,,,,4,,,,,,,,,,,,,,,"ExpAllCategory","OTHER","household needs"
601,"confidential: replaced by 'CLID_anonymous'",37,16,1,,,,1,,,,,,,,,,,,,,,"ExpAllCategory","OTHER","household needs"
601,"confidential: replaced by 'CLID_anonymous'",61,16,1,,,,,,,,,,,,,,,,,,,"IntvResult","OTHER","Household migrated"
601,"confidential: replaced by 'CLID_anonymous'",61,19,1,,,,1,,,,,,,,,,,,,,,"ExpAllCategory","OTHER","funeral"
601,"confidential: replaced by 'CLID_anonymous'",61,17,1,,1,,,,,,,,,,,,,,,,,"MortIllness_Resp","OTHER","liver disease"
601,"confidential: replaced by 'CLID_anonymous'",61,17,1,,1,,,,,,,,,,,,,,,,,"MortIllness_HealthPract","OTHER","liver disease"
601,"confidential: replaced by 'CLID_anonymous'",60,12,1,,,,1,,,,,,,,,,,,,,,"ExpAllCategory","OTHER","Personal needs"
601,"confidential: replaced by 'CLID_anonymous'",60,26,1,3,,,,,,,,,,,,,,,,,,"T3CQ3","OTHER","frequent dizziness"
601,"confidential: replaced by 'CLID_anonymous'",60,19,1,,,,1,,,,,,,,,,,,,,,"ExpAllCategory","OTHER","Personal needs"
601,"confidential: replaced by 'CLID_anonymous'",60,13,1,,,,,,,,,,,,,,,,,,,"LessPayReason1","OTHER","Deduction for Health insurance and village dispensary security guard"
601,"confidential: replaced by 'CLID_anonymous'",60,2,1,,,,2,,,,,,,,,,,,,,,"ExpAllCategory","OTHER","personal needs"
601,"confidential: replaced by 'CLID_anonymous'",60,10,1,,,,4,,,,,,,,,,,,,,,"ExpAllCategory","OTHER","household needs"
601,"confidential: replaced by 'CLID_anonymous'",60,5,1,6,,,,,,,,,,,,,,,,,,"T3CQ3","OTHER","legs pain"
601,"confidential: replaced by 'CLID_anonymous'",60,16,1,,,,,,,,,,,,,,,,,,,"LessPayReason1","OTHER","Deducted as fare for CMCs"
601,"confidential: replaced by 'CLID_anonymous'",60,26,1,,,,,,,,,,,,,,,,,,,"LessPayReason1","OTHER","Deduction as fare for CMCs"
601,"confidential: replaced by 'CLID_anonymous'",60,2,1,,,,3,,,,,,,,,,,,,,,"ExpAllCategory","OTHER","personal needs"
601,"confidential: replaced by 'CLID_anonymous'",60,5,1,,,,2,,,,,,,,,,,,,,,"ExpAllCategory","OTHER","Transfer"
601,"confidential: replaced by 'CLID_anonymous'",60,6,1,,,,,,,,,,,,,,,,,,,"IntvResult","OTHER","household temporaly absent"
601,"confidential: replaced by 'CLID_anonymous'",60,4,1,,,,2,,,,,,,,,,,,,,,"ExpAllCategory","OTHER","personal needs"
601,"confidential: replaced by 'CLID_anonymous'",60,1,1,,,,3,,,,,,,,,,,,,,,"ExpAllCategory","OTHER","Household needs"
601,"confidential: replaced by 'CLID_anonymous'",4,11,1,,9,,,,,,,,,,,,,,,,,"MigrationReason","OTHER","follow parents"
601,"confidential: replaced by 'CLID_anonymous'",4,11,1,,10,,,,,,,,,,,,,,,,,"MigrationReason","OTHER","follow parents"
601,"confidential: replaced by 'CLID_anonymous'",4,5,1,4,,,,,,,,,,,,,,,,,,"T3BQ12","OTHER","other grades vacate for STD VII National Examinations"
601,"confidential: replaced by 'CLID_anonymous'",4,21,1,1,,,,,,,,,,,,,,,,,,"T3CQ3","OTHER","Eyes problem"
601,"confidential: replaced by 'CLID_anonymous'",4,6,1,3,,,,,,,,,,,,,,,,,,"T3CQ3","OTHER","Measles"
601,"confidential: replaced by 'CLID_anonymous'",7,15,1,,,,,,,,,,,,,,,,,,,"IntvResult","OTHER","Household temporaly absent"
601,"confidential: replaced by 'CLID_anonymous'",7,20,1,,,,,,,,,,,,,,,,,,,"LastPayHow","OTHER","From school"
601,"confidential: replaced by 'CLID_anonymous'",7,15,1,,2,,,,,,,,,,,,,,,,,"ReasonLeft","OTHER","Temporaly absent"
601,"confidential: replaced by 'CLID_anonymous'",7,21,1,,,,,,,,,,,,,,,,,,,"LastPayHow","OTHER","from the school"
601,"confidential: replaced by 'CLID_anonymous'",7,19,1,,1,,,,,,,,,,,,,,,,,"MortIllness_HealthPract","OTHER","epilepsy"
601,"confidential: replaced by 'CLID_anonymous'",7,10,1,,,,,,,,,,,,,,,,,,,"LastPayHow","OTHER","From Primary School"
601,"confidential: replaced by 'CLID_anonymous'",7,15,1,,1,,,,,,,,,,,,,,,,,"ReasonLeft","OTHER","Temporaly absent"
601,"confidential: replaced by 'CLID_anonymous'",7,19,1,,1,,,,,,,,,,,,,,,,,"MortIllness_Resp","OTHER","epilepsy"
601,"confidential: replaced by 'CLID_anonymous'",7,15,1,,3,,,,,,,,,,,,,,,,,"ReasonLeft","OTHER","Temporaly absent"
601,"confidential: replaced by 'CLID_anonymous'",32,21,1,,,,2,,,,,,,,,,,,,,,"ExpAllCategory","OTHER","household needs"
601,"confidential: replaced by 'CLID_anonymous'",32,16,1,,,,2,,,,,,,,,,,,,,,"ExpAllCategory","OTHER","Household needs"
601,"confidential: replaced by 'CLID_anonymous'",32,5,1,1,,,,,,,,,,,,,,,,,,"T3CQ3","OTHER","legs pain"
601,"confidential: replaced by 'CLID_anonymous'",32,12,1,,,,2,,,,,,,,,,,,,,,"ExpAllCategory","OTHER","personal needs"
601,"confidential: replaced by 'CLID_anonymous'",32,6,1,3,,,,,,,,,,,,,,,,,,"T3CQ3","OTHER","boil"
601,"confidential: replaced by 'CLID_anonymous'",32,18,1,1,,,,,,,,,,,,,,,,,,"T3CQ3","OTHER","hernia"
601,"confidential: replaced by 'CLID_anonymous'",32,1,1,,,,,,,,,,,,,,,,,,,"IntvResult","OTHER","whole of household temporaly absent as has travelled"
601,"confidential: replaced by 'CLID_anonymous'",32,20,1,1,,,,,,,,,,,,,,,,,,"T3CQ3","OTHER","cramp"
601,"confidential: replaced by 'CLID_anonymous'",32,18,1,,,,1,,,,,,,,,,,,,,,"ExpAllCategory","OTHER","household needs"
601,"confidential: replaced by 'CLID_anonymous'",17,11,1,,,,,,,,,,,,,,,,,,,"IntvResult","OTHER","the household migrated outside the village"
601,"confidential: replaced by 'CLID_anonymous'",17,18,1,,3,,,,,,,,,,,,,,,,,"MigrationReason","OTHER","follow parents"
601,"confidential: replaced by 'CLID_anonymous'",17,15,1,1,,,,,,,,,,,,,,,,,,"T3CQ3","OTHER","Blood vomoting"
601,"confidential: replaced by 'CLID_anonymous'",3,13,1,4,,,,,,,,,,,,,,,,,,"T3CQ15","OTHER","liver problem"
601,"confidential: replaced by 'CLID_anonymous'",3,1,1,1,,,,,,,,,,,,,,,,,,"T3CQ3","OTHER","hernia"
601,"confidential: replaced by 'CLID_anonymous'",3,13,1,1,,,,,,,,,,,,,,,,,,"T3CQ3","OTHER","boil"
601,"confidential: replaced by 'CLID_anonymous'",3,14,1,1,,,,,,,,,,,,,,,,,,"T3CQ3","OTHER","hernia"
601,"confidential: replaced by 'CLID_anonymous'",3,18,1,,,,1,,,,,,,,,,,,,,,"ExpAllCategory","OTHER","personal expenditure"
601,"confidential: replaced by 'CLID_anonymous'",3,6,1,1,,,,,,,,,,,,,,,,,,"T3CQ3","OTHER","anaemia"
601,"confidential: replaced by 'CLID_anonymous'",3,2,1,,,,1,,,,,,,,,,,,,,,"ExpAllCategory","OTHER","HH expenditure"
601,"confidential: replaced by 'CLID_anonymous'",3,5,1,,1,,,,,,,,,,,,,,,,,"MortCause","OTHER","sudden death"
601,"confidential: replaced by 'CLID_anonymous'",43,12,1,,3,,,,,,,,,,,,,,,,,"MortIllness_Resp","OTHER","Paralysis"
601,"confidential: replaced by 'CLID_anonymous'",43,12,1,,3,,,,,,,,,,,,,,,,,"MortIllness_HealthPract","OTHER","Paralysis"
601,"confidential: replaced by 'CLID_anonymous'",14,2,1,,,,,,,,,,,,,,,,,,,"IntvResult","OTHER","Household migrated outside village"
601,"confidential: replaced by 'CLID_anonymous'",20,13,1,,,,3,,,,,,,,,,,,,,,"ExpAllCategory","OTHER","personal needs"
601,"confidential: replaced by 'CLID_anonymous'",20,2,1,1,,,,,,,,,,,,,,,,,,"T3CQ3","OTHER","legs pain"
601,"confidential: replaced by 'CLID_anonymous'",20,16,1,,,,,,,,,,,,,,,,,,,"LastPayHow","OTHER","primary school"
601,"confidential: replaced by 'CLID_anonymous'",20,10,1,8,,,,,,,,,,,,,,,,,,"T3CQ3","OTHER","convulsions"
601,"confidential: replaced by 'CLID_anonymous'",20,19,1,,,,,,,,,,,,,,,,,,,"LastPayHow","OTHER","primary school"
601,"confidential: replaced by 'CLID_anonymous'",20,9,1,1,,,,,,,,,,,,,,,,,,"T3CQ3","OTHER","leg pains"
601,"confidential: replaced by 'CLID_anonymous'",20,15,1,,,,2,,,,,,,,,,,,,,,"ExpAllCategory","OTHER","personal needs"
601,"confidential: replaced by 'CLID_anonymous'",20,11,1,,,,1,,,,,,,,,,,,,,,"ExpAllCategory","OTHER","personal needs"
601,"confidential: replaced by 'CLID_anonymous'",20,15,1,,,,1,,,,,,,,,,,,,,,"ExpAllCategory","OTHER","personal needs"
601,"confidential: replaced by 'CLID_anonymous'",20,9,1,,,,1,,,,,,,,,,,,,,,"ExpAllCategory","OTHER","household needs"
601,"confidential: replaced by 'CLID_anonymous'",20,3,1,,,,,,,,,,,,,,,,,,,"LastPayHow","OTHER","primary school"
601,"confidential: replaced by 'CLID_anonymous'",20,6,1,,7,,,,,,,,,,,,,,,,,"ReasonLeft","OTHER","Not known to the HH"
601,"confidential: replaced by 'CLID_anonymous'",20,15,1,,,,,,,,,,,,,,,,,,,"LastPayHow","OTHER","Primary school"
601,"confidential: replaced by 'CLID_anonymous'",20,7,1,,,,1,,,,,,,,,,,,,,,"ExpAllCategory","OTHER","household needs"
601,"confidential: replaced by 'CLID_anonymous'",13,22,1,2,,,,,,,,,,,,,,,,,,"T3CQ3","OTHER","fever"
601,"confidential: replaced by 'CLID_anonymous'",13,10,1,2,,,,,,,,,,,,,,,,,,"T3CQ3","OTHER","leg pains"
601,"confidential: replaced by 'CLID_anonymous'",13,22,1,1,,,,,,,,,,,,,,,,,,"T3CQ3","OTHER","hernia"
601,"confidential: replaced by 'CLID_anonymous'",55,16,1,1,,,,,,,,,,,,,,,,,,"T3CQ3","OTHER","paralysis"
601,"confidential: replaced by 'CLID_anonymous'",55,23,1,,,,,,,,,,,,,,,,,,,"LessPayReason1","OTHER","CMS told me all HH heads are removed"
601,"confidential: replaced by 'CLID_anonymous'",36,17,1,,4,,,,,,,,,,,,,,,,,"MigrationReason","OTHER","follow parents"
601,"confidential: replaced by 'CLID_anonymous'",36,14,2,5,,,,,,,,,,,,,,,,,,"T3CQ3","OTHER","Tonsillitis"
601,"confidential: replaced by 'CLID_anonymous'",36,17,1,,2,,,,,,,,,,,,,,,,,"MigrationReason","OTHER","follow parents"
601,"confidential: replaced by 'CLID_anonymous'",73,2,1,,3,,,,,,,,,,,,,,,,,"ReasonLeft","OTHER","Unknown household"
601,"confidential: replaced by 'CLID_anonymous'",73,10,1,,1,,,,,,,,,,,,,,,,,"MortIllness_Resp","OTHER","epilepsy"
601,"confidential: replaced by 'CLID_anonymous'",73,2,1,,,,,,,,,,,,,,,,,,,"IntvResult","OTHER","Unknown household as it  was not found"
601,"confidential: replaced by 'CLID_anonymous'",73,2,1,,1,,,,,,,,,,,,,,,,,"ReasonLeft","OTHER","Unknown household"
601,"confidential: replaced by 'CLID_anonymous'",73,6,1,2,,,,,,,,,,,,,,,,,,"T3CQ3","OTHER","paralysed"
601,"confidential: replaced by 'CLID_anonymous'",73,7,1,,1,,,,,,,,,,,,,,,,,"MortIllness_Resp","OTHER","paralysis"
601,"confidential: replaced by 'CLID_anonymous'",73,4,1,,,,,,,,,,,,,,,,,,,"IntvResult","OTHER","Household temporaly absent as it will be back after holidays"
601,"confidential: replaced by 'CLID_anonymous'",73,10,1,,1,,,,,,,,,,,,,,,,,"MortIllness_HealthPract","OTHER","epilepsy"
601,"confidential: replaced by 'CLID_anonymous'",73,7,1,,1,,,,,,,,,,,,,,,,,"MortIllness_HealthPract","OTHER","paralysis"
601,"confidential: replaced by 'CLID_anonymous'",73,2,1,,2,,,,,,,,,,,,,,,,,"ReasonLeft","OTHER","Unknown household"
601,"confidential: replaced by 'CLID_anonymous'",34,27,1,,1,,,,,,,,,,,,,,,,,"MigrationReason","OTHER","DK"
601,"confidential: replaced by 'CLID_anonymous'",34,10,1,,,,,,,,,,,,,,,,,,,"IntvResult","OTHER","The only member in the household migrated to different place"
601,"confidential: replaced by 'CLID_anonymous'",34,4,1,,,,,,,,,,,,,,,,,,,"T5GQ8","OTHER","presidential fund"
601,"confidential: replaced by 'CLID_anonymous'",34,22,1,1,,,,,,,,,,,,,,,,,,"T3CQ3","OTHER","leg pains"
601,"confidential: replaced by 'CLID_anonymous'",34,20,1,3,,,,,,,,,,,,,,,,,,"T3CQ3","OTHER","fever"
601,"confidential: replaced by 'CLID_anonymous'",34,31,1,1,,,,,,,,,,,,,,,,,,"T3CQ3","OTHER","hernia"
601,"confidential: replaced by 'CLID_anonymous'",64,19,1,,8,,,,,,,,,,,,,,,,,"MigrationReason","OTHER","follow parents"
601,"confidential: replaced by 'CLID_anonymous'",64,8,1,,,,1,,,,,,,,,,,,,,,"ExpAllCategory","OTHER","Household needs"
601,"confidential: replaced by 'CLID_anonymous'",64,23,1,,,,3,,,,,,,,,,,,,,,"ExpAllCategory","OTHER","Transfer"
601,"confidential: replaced by 'CLID_anonymous'",64,25,1,,4,,,,,,,,,,,,,,,,,"MigrationReason","OTHER","follow parents"
601,"confidential: replaced by 'CLID_anonymous'",64,23,1,2,,,,,,,,,,,,,,,,,,"T3CQ3","OTHER","UTI"
601,"confidential: replaced by 'CLID_anonymous'",64,19,1,,9,,,,,,,,,,,,,,,,,"MigrationReason","OTHER","follow parents"
601,"confidential: replaced by 'CLID_anonymous'",64,15,1,,,,1,,,,,,,,,,,,,,,"ExpAllCategory","OTHER","Asset"
601,"confidential: replaced by 'CLID_anonymous'",64,1,1,,,,1,,,,,,,,,,,,,,,"ExpAllCategory","OTHER","household needs"
601,"confidential: replaced by 'CLID_anonymous'",64,23,1,5,,,,,,,,,,,,,,,,,,"T3CQ3","OTHER","UTI"
601,"confidential: replaced by 'CLID_anonymous'",78,21,1,,,,,,,,,,,,,,,,,,,"LessPayReason2","OTHER","One member droped from project without information"
601,"confidential: replaced by 'CLID_anonymous'",78,4,1,,,,,,,,,,,,,,,,,,,"LessPayReason1","OTHER","Fare for CMCs"
601,"confidential: replaced by 'CLID_anonymous'",78,9,1,,,,,,,,,,,,,,,,,,,"LessPayReason1","OTHER","Fare for CMCs"
601,"confidential: replaced by 'CLID_anonymous'",78,14,1,,,,,,,,,,,,,,,,,,,"LessPayReason1","OTHER","Death of one beneficiary"
601,"confidential: replaced by 'CLID_anonymous'",78,13,1,,,,,,,,,,,,,,,,,,,"LessPayReason1","OTHER","Told that elders were droped from project"
601,"confidential: replaced by 'CLID_anonymous'",2,5,1,,,,3,,,,,,,,,,,,,,,"ExpAllCategory","OTHER","HH expenditure"
601,"confidential: replaced by 'CLID_anonymous'",2,16,1,,,,1,,,,,,,,,,,,,,,"ExpAllCategory","OTHER","sent to beneficiaries"
601,"confidential: replaced by 'CLID_anonymous'",2,9,1,,,,3,,,,,,,,,,,,,,,"ExpAllCategory","OTHER","HH expenditure"
601,"confidential: replaced by 'CLID_anonymous'",51,5,1,,,,,,,,,,,,,,,,,,,"IntvResult","OTHER","household no longer exists"
601,"confidential: replaced by 'CLID_anonymous'",51,17,1,1,,,,,,,,,,,,,,,,,,"T3CQ3","OTHER","age associated problems"
601,"confidential: replaced by 'CLID_anonymous'",51,14,1,,,,1,,,,,,,,,,,,,,,"ExpAllCategory","OTHER","personal expense"
601,"confidential: replaced by 'CLID_anonymous'",51,19,1,,,,,,,,,,,,,,,,,,,"IntvResult","OTHER","Household no longer exists"
601,"confidential: replaced by 'CLID_anonymous'",51,11,1,,,,,,,,,,,,,,,,,,,"IntvResult","OTHER","Household does no longer exists"
601,"confidential: replaced by 'CLID_anonymous'",51,3,1,3,,,,,,,,,,,,,,,,,,"T3CQ3","OTHER","dizziness"
601,"confidential: replaced by 'CLID_anonymous'",51,14,1,,7,,,,,,,,,,,,,,,,,"MortCause","OTHER","sudden death"
601,"confidential: replaced by 'CLID_anonymous'",51,20,1,,,,2,,,,,,,,,,,,,,,"ExpAllCategory","OTHER","personal needs"
601,"confidential: replaced by 'CLID_anonymous'",57,21,2,,,,1,,,,,,,,,,,,,,,"ExpAllCategory","OTHER","personal expenses"
601,"confidential: replaced by 'CLID_anonymous'",57,18,1,,2,,,,,,,,,,,,,,,,,"MortIllness_Resp","OTHER","paralysis"
601,"confidential: replaced by 'CLID_anonymous'",57,18,1,,1,,,,,,,,,,,,,,,,,"MortIllness_Resp","OTHER","hernia"
601,"confidential: replaced by 'CLID_anonymous'",57,4,1,1,,,,,,,,,,,,,,,,,,"T3CQ15","OTHER","leprosy"
601,"confidential: replaced by 'CLID_anonymous'",57,10,1,,,,,,,,,,,,,,,,,,,"LessPayReason1","OTHER","Disbursed to a migrated member who was a previous beneficiary in this household"
601,"confidential: replaced by 'CLID_anonymous'",57,18,1,,1,,,,,,,,,,,,,,,,,"MortIllness_HealthPract","OTHER","hernia"
601,"confidential: replaced by 'CLID_anonymous'",57,10,2,,,,1,,,,,,,,,,,,,,,"ExpAllCategory","OTHER","Personal expenses"
601,"confidential: replaced by 'CLID_anonymous'",57,22,1,,,,,,,,,,,,,,,,,,,"LessPayReason1","OTHER","Death of beneficiary member"
601,"confidential: replaced by 'CLID_anonymous'",57,18,2,,2,,,,,,,,,,,,,,,,,"MortIllness_HealthPract","OTHER","paralysis"
601,"confidential: replaced by 'CLID_anonymous'",57,22,1,,2,,,,,,,,,,,,,,,,,"MortCause","OTHER","sudden death"
601,"confidential: replaced by 'CLID_anonymous'",57,4,1,,,,2,,,,,,,,,,,,,,,"ExpAllCategory","OTHER","Transfer"
601,"confidential: replaced by 'CLID_anonymous'",57,18,2,,1,,,,,,,,,,,,,,,,,"MortIllness_Resp","OTHER","hernia"
601,"confidential: replaced by 'CLID_anonymous'",57,18,2,,1,,,,,,,,,,,,,,,,,"MortIllness_HealthPract","OTHER","hernia"
601,"confidential: replaced by 'CLID_anonymous'",57,22,1,1,,,,,,,,,,,,,,,,,,"T3CQ3","OTHER","Hernia"
601,"confidential: replaced by 'CLID_anonymous'",57,21,2,,,,2,,,,,,,,,,,,,,,"ExpAllCategory","OTHER","personal expenses"
601,"confidential: replaced by 'CLID_anonymous'",57,16,1,,,,1,,,,,,,,,,,,,,,"ExpAllCategory","OTHER","household expenses"
601,"confidential: replaced by 'CLID_anonymous'",57,18,1,,2,,,,,,,,,,,,,,,,,"MortIllness_HealthPract","OTHER","paralysis"
601,"confidential: replaced by 'CLID_anonymous'",57,18,2,,2,,,,,,,,,,,,,,,,,"MortIllness_Resp","OTHER","paralysis"
601,"confidential: replaced by 'CLID_anonymous'",57,2,1,1,,,,,,,,,,,,,,,,,,"T3CQ3","OTHER","leg pains"
601,"confidential: replaced by 'CLID_anonymous'",57,7,1,1,,,,,,,,,,,,,,,,,,"T3CQ3","OTHER","hernia"
601,"confidential: replaced by 'CLID_anonymous'",57,25,1,,2,,,,,,,,,,,,,,,,,"MigrationReason","OTHER","death of spouse"
601,"confidential: replaced by 'CLID_anonymous'",76,23,1,,2,,,,,,,,,,,,,,,,,"MigrationReason","OTHER","follow parents"
601,"confidential: replaced by 'CLID_anonymous'",76,23,1,,3,,,,,,,,,,,,,,,,,"MigrationReason","OTHER","follow parents"
601,"confidential: replaced by 'CLID_anonymous'",76,8,1,1,,,,,,,,,,,,,,,,,,"T3CQ3","OTHER","Leprosy"
601,"confidential: replaced by 'CLID_anonymous'",76,14,1,1,,,,,,,,,,,,,,,,,,"T3CQ3","OTHER","elephantiasis"
601,"confidential: replaced by 'CLID_anonymous'",76,6,1,,,,,,,,,,,,,,,,,,,"IntvResult","OTHER","Household migrated to different District but during planting seasons they come to cultivate their farm"
601,"confidential: replaced by 'CLID_anonymous'",59,8,1,4,,,,,,,,,,,,,,,,,,"T3BQ12","OTHER","Vacation for National examinations for STD 7"
601,"confidential: replaced by 'CLID_anonymous'",59,8,1,3,,,,,,,,,,,,,,,,,,"T3BQ12","OTHER","Vacation for National examinations for STD 7"
601,"confidential: replaced by 'CLID_anonymous'",59,1,1,,6,,,,,,,,,,,,,,,,,"MigrationReason","OTHER","Follow Parents"
601,"confidential: replaced by 'CLID_anonymous'",59,4,1,4,,,,,,,,,,,,,,,,,,"T3BQ12","OTHER","Vacation to allow STD VII for National Examinations"
601,"confidential: replaced by 'CLID_anonymous'",59,13,1,,,,2,,,,,,,,,,,,,,,"ExpAllCategory","OTHER","personal expenditure"
601,"confidential: replaced by 'CLID_anonymous'",59,13,1,,,,3,,,,,,,,,,,,,,,"ExpAllCategory","OTHER","HH expenditure"
601,"confidential: replaced by 'CLID_anonymous'",59,4,1,3,,,,,,,,,,,,,,,,,,"T3BQ12","OTHER","Vacation to allow STD VII for National Examinations"
601,"confidential: replaced by 'CLID_anonymous'",59,23,1,,,,,,,,,,,,,,,,,,,"IntvResult","OTHER","Members of this household are out of thei dwelling due to sickness and other family problems."
601,"confidential: replaced by 'CLID_anonymous'",59,20,1,,4,,,,,,,,,,,,,,,,,"MigrationReason","OTHER","migration of parents"
601,"confidential: replaced by 'CLID_anonymous'",59,12,1,2,,,,,,,,,,,,,,,,,,"T3CQ3","OTHER","Hernia"
601,"confidential: replaced by 'CLID_anonymous'",59,20,1,,3,,,,,,,,,,,,,,,,,"MigrationReason","OTHER","migration of parents"
601,"confidential: replaced by 'CLID_anonymous'",59,4,1,5,,,,,,,,,,,,,,,,,,"T3BQ12","OTHER","Vacation to allow STD VII for National Examinations"
601,"confidential: replaced by 'CLID_anonymous'",59,23,1,,,,,,,,,,,,,,,,,,,"IntvResult2","OTHER","Temporaly absent but they will be back"
602,"confidential: replaced by 'CLID_anonymous'",35,16,1,6,,,,,,,,,,,,,,,,,,"T4BQ10","OTHER","mdogo sana"
602,"confidential: replaced by 'CLID_anonymous'",35,27,1,,,,1,,,,,,,,,,,,,,,"ExpAllCategory","OTHER","Construction"
602,"confidential: replaced by 'CLID_anonymous'",35,36,1,,1,,,,,,,,,,,,,,,,,"MigrationReason","OTHER","haijulikani sababu ya kuhama kwake"
602,"confidential: replaced by 'CLID_anonymous'",35,35,1,,5,,,,,,,,,,,,,,,,,"MortIllness_HealthPract","OTHER","Paralysis"
602,"confidential: replaced by 'CLID_anonymous'",35,44,1,3,,,,,,,,,,,,,,,,,,"T3CQ3","OTHER","Henia"
602,"confidential: replaced by 'CLID_anonymous'",35,46,1,,,,1,,,,,,,,,,,,,,,"ExpAllCategory","OTHER","Basic needs"
602,"confidential: replaced by 'CLID_anonymous'",35,46,1,,,,2,,,,,,,,,,,,,,,"ExpAllCategory","OTHER","Basic needs"
602,"confidential: replaced by 'CLID_anonymous'",35,36,1,,2,,,,,,,,,,,,,,,,,"MigrationReason","OTHER","haijulikani sababu ya kuhama kwake"
602,"confidential: replaced by 'CLID_anonymous'",35,16,1,6,,,,,,,,,,,,,,,,,,"T4BQ7","OTHER","bado mdogo sana"
602,"confidential: replaced by 'CLID_anonymous'",35,48,1,,,,1,,,,,,,,,,,,,,,"ExpAllCategory","OTHER","ujenzi"
602,"confidential: replaced by 'CLID_anonymous'",35,35,1,,5,,,,,,,,,,,,,,,,,"MortIllness_Resp","OTHER","Paralysis"
602,"confidential: replaced by 'CLID_anonymous'",35,16,1,6,,,,,,,,,,,,,,,,,,"T4BQ2","OTHER","mdogo sana"
602,"confidential: replaced by 'CLID_anonymous'",35,28,1,,,,,,,,,,,,,,,,,,,"PunishmentElderly","OTHER","You are warned"
602,"confidential: replaced by 'CLID_anonymous'",35,19,1,,1,,,,,,,,,,,,,,,,,"MigrationReason","OTHER","DK"
602,"confidential: replaced by 'CLID_anonymous'",35,3,1,,,,3,,,,,,,,,,,,,,,"ExpAllCategory","OTHER","Basic needs"
602,"confidential: replaced by 'CLID_anonymous'",72,43,1,1,,,,,,,,,,,,,,,,,,"Occupation","OTHER","casual labourer"
602,"confidential: replaced by 'CLID_anonymous'",72,50,1,,,,,,,,,,,,,,,,,,,"IntvResult","OTHER","temporally migrated to seek treatment"
602,"confidential: replaced by 'CLID_anonymous'",72,29,1,,1,,,,,,,,,,,,,,,,,"ReasonLeft","OTHER","Yuko Morogoro kwa matibabu zaidi ya miezi 9"
602,"confidential: replaced by 'CLID_anonymous'",72,16,2,3,,,,,,,,,,,,,,,,,,"T3BQ12","OTHER","classes cancelled due to mock examinationa"
602,"confidential: replaced by 'CLID_anonymous'",72,13,1,1,,,,,,,,,,,,,,,,,,"T3CQ3","OTHER","hernia"
602,"confidential: replaced by 'CLID_anonymous'",72,50,1,,1,,,,,,,,,,,,,,,,,"ReasonLeft","OTHER","migrated temporally to seek treatment"
602,"confidential: replaced by 'CLID_anonymous'",42,9,1,3,,,,,,,,,,,,,,,,,,"T3AQ23","OTHER","casual labourer"
602,"confidential: replaced by 'CLID_anonymous'",42,16,1,,1,,,,,,,,,,,,,,,,,"MortIllness_HealthPract","OTHER","leg pains"
602,"confidential: replaced by 'CLID_anonymous'",42,16,1,1,,,,,,,,,,,,,,,,,,"T3CQ3","OTHER","insect bite"
602,"confidential: replaced by 'CLID_anonymous'",69,11,1,,5,,,,,,,,,,,,,,,,,"MigrationReason","OTHER","went to parents"
602,"confidential: replaced by 'CLID_anonymous'",69,22,1,,5,,,,,,,,,,,,,,,,,"MigrationReason","OTHER","returned to her husband"
602,"confidential: replaced by 'CLID_anonymous'",47,40,1,,4,,,,,,,,,,,,,,,,,"ReasonLeft","OTHER","Unknown to the HH members"
602,"confidential: replaced by 'CLID_anonymous'",47,40,1,,3,,,,,,,,,,,,,,,,,"ReasonLeft","OTHER","Unknown to the HH members"
602,"confidential: replaced by 'CLID_anonymous'",47,40,1,,7,,,,,,,,,,,,,,,,,"ReasonLeft","OTHER","Unknown to the HH members"
602,"confidential: replaced by 'CLID_anonymous'",47,46,2,,3,,,,,,,,,,,,,,,,,"ReasonLeft","OTHER","Unknown to HH members"
602,"confidential: replaced by 'CLID_anonymous'",47,40,1,,2,,,,,,,,,,,,,,,,,"ReasonLeft","OTHER","Unknown to the HH members"
602,"confidential: replaced by 'CLID_anonymous'",47,40,1,,8,,,,,,,,,,,,,,,,,"ReasonLeft","OTHER","Unknown to the HH members"
602,"confidential: replaced by 'CLID_anonymous'",47,33,1,,1,,,,,,,,,,,,,,,,,"MortCause","OTHER","sudden death"
602,"confidential: replaced by 'CLID_anonymous'",47,46,1,3,,,,,,,,,,,,,,,,,,"T3CQ3","OTHER","eplepsy"
602,"confidential: replaced by 'CLID_anonymous'",47,18,1,,,,1,,,,,,,,,,,,,,,"ExpAllCategory","OTHER","personal expenditure"
602,"confidential: replaced by 'CLID_anonymous'",47,40,1,,6,,,,,,,,,,,,,,,,,"ReasonLeft","OTHER","Unknown to the HH members"
602,"confidential: replaced by 'CLID_anonymous'",47,39,1,,,,,,,,,,,,,,,,,,,"LastPayHow","OTHER","school compound"
602,"confidential: replaced by 'CLID_anonymous'",47,37,1,,,,,,,,,,,,,,,,,,,"LessPayReason1","OTHER","One beneficiary moved out"
602,"confidential: replaced by 'CLID_anonymous'",47,6,1,2,,,,,,,,,,,,,,,,,,"T3CQ3","OTHER","ngiri ya kike"
602,"confidential: replaced by 'CLID_anonymous'",47,17,1,,,,2,,,,,,,,,,,,,,,"ExpAllCategory","OTHER","personal expenditure"
602,"confidential: replaced by 'CLID_anonymous'",47,37,1,,6,,,,,,,,,,,,,,,,,"MigrationReason","OTHER","went to parents"
602,"confidential: replaced by 'CLID_anonymous'",47,15,1,,,,1,,,,,,,,,,,,,,,"ExpAllCategory","OTHER","personal expenditure"
602,"confidential: replaced by 'CLID_anonymous'",47,46,1,,3,,,,,,,,,,,,,,,,,"ReasonLeft","OTHER","Unknown to HH members"
602,"confidential: replaced by 'CLID_anonymous'",47,47,1,,2,,,,,,,,,,,,,,,,,"MortCause","OTHER","collapsed and died"
602,"confidential: replaced by 'CLID_anonymous'",47,34,1,,,,,,,,,,,,,,,,,,,"LessPayReason1","OTHER","CMC members deduct TSh 1000 from each payment"
602,"confidential: replaced by 'CLID_anonymous'",47,40,1,,5,,,,,,,,,,,,,,,,,"ReasonLeft","OTHER","Unknown to the HH members"
602,"confidential: replaced by 'CLID_anonymous'",47,44,1,,,,1,,,,,,,,,,,,,,,"ExpAllCategory","OTHER","HH expenditure"
602,"confidential: replaced by 'CLID_anonymous'",47,17,1,,,,3,,,,,,,,,,,,,,,"ExpAllCategory","OTHER","personal expenditure"
602,"confidential: replaced by 'CLID_anonymous'",10,17,1,,1,,,,,,,,,,,,,,,,,"ReasonLeft","OTHER","temporarily absent"
602,"confidential: replaced by 'CLID_anonymous'",10,3,1,,,,1,,,,,,,,,,,,,,,"ExpAllCategory","OTHER","personal expenditure"
602,"confidential: replaced by 'CLID_anonymous'",10,16,1,,,,,,,,,,,,,,,,,,,"T5AQ3","OTHER","reeds"
602,"confidential: replaced by 'CLID_anonymous'",10,30,1,,,,1,,,,,,,,,,,,,,,"ExpAllCategory","OTHER","Personal expenditure"
602,"confidential: replaced by 'CLID_anonymous'",33,30,1,7,,,,,,,,,,,,,,,,,,"T4BQ2","OTHER","under age of six months"
602,"confidential: replaced by 'CLID_anonymous'",33,36,1,9,,,,,,,,,,,,,,,,,,"T4BQ10","OTHER","under age of six months"
602,"confidential: replaced by 'CLID_anonymous'",33,36,1,9,,,,,,,,,,,,,,,,,,"T4BQ2","OTHER","under age of six months"
602,"confidential: replaced by 'CLID_anonymous'",33,27,1,7,,,,,,,,,,,,,,,,,,"T4BQ7","OTHER","under age of six months"
602,"confidential: replaced by 'CLID_anonymous'",33,27,1,7,,,,,,,,,,,,,,,,,,"T4BQ10","OTHER","under age of six months"
602,"confidential: replaced by 'CLID_anonymous'",33,30,1,7,,,,,,,,,,,,,,,,,,"T4BQ7","OTHER","under age of six months"
602,"confidential: replaced by 'CLID_anonymous'",33,30,1,7,,,,,,,,,,,,,,,,,,"T4BQ10","OTHER","under age of six months"
602,"confidential: replaced by 'CLID_anonymous'",33,23,1,11,,,,,,,,,,,,,,,,,,"T4BQ10","OTHER","under age of six months"
602,"confidential: replaced by 'CLID_anonymous'",33,41,1,,,,,,,,,,,,,,,,,,,"T5GQ3","OTHER","M-Pesa"
602,"confidential: replaced by 'CLID_anonymous'",33,23,1,11,,,,,,,,,,,,,,,,,,"T4BQ7","OTHER","under age of six months"
602,"confidential: replaced by 'CLID_anonymous'",33,27,1,7,,,,,,,,,,,,,,,,,,"T4BQ2","OTHER","under age of six months"
602,"confidential: replaced by 'CLID_anonymous'",33,27,1,6,,,,,,,,,,,,,,,,,,"T4BQ2","OTHER","under age of six months"
602,"confidential: replaced by 'CLID_anonymous'",33,36,1,9,,,,,,,,,,,,,,,,,,"T4BQ7","OTHER","under age of six months"
602,"confidential: replaced by 'CLID_anonymous'",33,41,1,,,,,,,,497,,,,,,,,,,,"BenefitsSector","OTHER","Agriculture"
602,"confidential: replaced by 'CLID_anonymous'",33,27,1,6,,,,,,,,,,,,,,,,,,"T4BQ7","OTHER","under age of six months"
602,"confidential: replaced by 'CLID_anonymous'",33,23,1,11,,,,,,,,,,,,,,,,,,"T4BQ2","OTHER","under age of six months"
602,"confidential: replaced by 'CLID_anonymous'",33,27,1,6,,,,,,,,,,,,,,,,,,"T4BQ10","OTHER","under age of six months"
602,"confidential: replaced by 'CLID_anonymous'",28,37,1,1,,,,,,,,,,,,,,,,,,"T3CQ3","OTHER","swollen legs"
602,"confidential: replaced by 'CLID_anonymous'",28,23,1,,1,,,,,,,,,,,,,,,,,"MortIllness_HealthPract","OTHER","kidney problems"
602,"confidential: replaced by 'CLID_anonymous'",28,15,1,1,,,,,,,,,,,,,,,,,,"T3CQ3","OTHER","paralysis"
602,"confidential: replaced by 'CLID_anonymous'",28,15,2,5,,,,,,,,,,,,,,,,,,"T3AQ23","OTHER","DK; as has never seen him"
602,"confidential: replaced by 'CLID_anonymous'",28,23,1,2,,,,,,,,,,,,,,,,,,"T3BQ16","OTHER","Class VIII"
602,"confidential: replaced by 'CLID_anonymous'",28,23,1,,1,,,,,,,,,,,,,,,,,"MortIllness_Resp","OTHER","kidney problems"
602,"confidential: replaced by 'CLID_anonymous'",28,31,1,3,,,,,,,,,,,,,,,,,,"T3CQ3","OTHER","epilepsy"
602,"confidential: replaced by 'CLID_anonymous'",28,40,1,4,,,,,,,,,,,,,,,,,,"T3CQ3","OTHER","Measles"
602,"confidential: replaced by 'CLID_anonymous'",11,10,1,2,,,,,,,,,,,,,,,,,,"T3CQ3","OTHER","dizziness"
602,"confidential: replaced by 'CLID_anonymous'",11,22,1,1,,,,,,,,,,,,,,,,,,"T3CQ3","OTHER","legs pain"
602,"confidential: replaced by 'CLID_anonymous'",11,18,1,,,,,,,,,,,1,,,,,,,,"T5HAQ1a","OTHER","group for elderly"
602,"confidential: replaced by 'CLID_anonymous'",11,25,1,,,,,,,,,,,1,,,,,,,,"T5HAQ1a","OTHER","group for elderly"
602,"confidential: replaced by 'CLID_anonymous'",11,8,1,,1,,,,,,,,,,,,,,,,,"MortIllness_Resp","OTHER","epilepsy"
602,"confidential: replaced by 'CLID_anonymous'",11,1,1,1,,,,,,,,,,,,,,,,,,"T3CQ3","OTHER","legs pain"
602,"confidential: replaced by 'CLID_anonymous'",11,50,1,1,,,,,,,,,,,,,,,,,,"T3CQ3","OTHER","legs pain"
602,"confidential: replaced by 'CLID_anonymous'",11,50,1,3,,,,,,,,,,,,,,,,,,"T3BQ12","OTHER","Child travelled with parents"
602,"confidential: replaced by 'CLID_anonymous'",81,36,1,10,,,,,,,,,,,,,,,,,,"T4BQ7","OTHER","too little"
602,"confidential: replaced by 'CLID_anonymous'",81,27,1,8,,,,,,,,,,,,,,,,,,"T4BQ2","OTHER","limited by age"
602,"confidential: replaced by 'CLID_anonymous'",81,4,1,8,,,,,,,,,,,,,,,,,,"T4BQ2","OTHER","under 6 months"
602,"confidential: replaced by 'CLID_anonymous'",81,4,1,8,,,,,,,,,,,,,,,,,,"T4BQ7","OTHER","under 6 months"
602,"confidential: replaced by 'CLID_anonymous'",81,21,1,,,,,,,,,,,,,,,,,,,"LessPayReason1","OTHER","other beneficiary died"
602,"confidential: replaced by 'CLID_anonymous'",81,26,1,,,,1,,,,,,,,,,,,,,,"ExpAllCategory","OTHER","personal needs"
602,"confidential: replaced by 'CLID_anonymous'",81,7,1,,,,,,,,,,,,,,,,,,,"LastPayHow","OTHER","shuleni/ shule ya msingi Mpiji"
602,"confidential: replaced by 'CLID_anonymous'",81,26,1,7,,,,,,,,,,,,,,,,,,"T3CQ3","OTHER","sprain"
602,"confidential: replaced by 'CLID_anonymous'",81,4,1,8,,,,,,,,,,,,,,,,,,"T4BQ10","OTHER","under 6 months"
602,"confidential: replaced by 'CLID_anonymous'",81,36,1,10,,,,,,,,,,,,,,,,,,"T4BQ10","OTHER","too little"
602,"confidential: replaced by 'CLID_anonymous'",81,36,1,10,,,,,,,,,,,,,,,,,,"T4BQ2","OTHER","too little"
602,"confidential: replaced by 'CLID_anonymous'",81,18,1,,,,,,,,,,,,,,,,,,,"LastPayHow","OTHER","shuleni ndipo tulipokelea"
602,"confidential: replaced by 'CLID_anonymous'",81,23,1,,3,,,,,,,,,,,,,,,,,"MigrationReason","OTHER","started own household"
602,"confidential: replaced by 'CLID_anonymous'",81,12,1,7,,,,,,,,,,,,,,,,,,"T3CQ3","OTHER","Blood deficiency"
602,"confidential: replaced by 'CLID_anonymous'",81,27,1,8,,,,,,,,,,,,,,,,,,"T4BQ10","OTHER","is under age"
602,"confidential: replaced by 'CLID_anonymous'",29,26,1,4,,,,,,,,,,,,,,,,,,"T3CQ15","OTHER","Swelling of the heart"
602,"confidential: replaced by 'CLID_anonymous'",29,5,1,,,,1,,,,,,,,,,,,,,,"ExpAllCategory","OTHER","Basic need"
602,"confidential: replaced by 'CLID_anonymous'",29,8,1,,,,1,,,,,,,,,,,,,,,"ExpAllCategory","OTHER","usafiri"
602,"confidential: replaced by 'CLID_anonymous'",29,26,1,3,,,,,,,,,,,,,,,,,,"T3CQ3","OTHER","Snake bite"
602,"confidential: replaced by 'CLID_anonymous'",29,35,1,,2,,,,,,,,,,,,,,,,,"MortIllness_Resp","OTHER","No disease but died of age"
602,"confidential: replaced by 'CLID_anonymous'",45,22,1,4,,,,,,,,,,,,,,,,,,"T3CQ3","OTHER","circumcision"
602,"confidential: replaced by 'CLID_anonymous'",45,22,1,,,,2,,,,,,,,,,,,,,,"ExpAllCategory","OTHER","personal spending"
602,"confidential: replaced by 'CLID_anonymous'",45,15,1,,,,3,,,,,,,,,,,,,,,"ExpAllCategory","OTHER","personal expense"
602,"confidential: replaced by 'CLID_anonymous'",45,3,1,4,,,,,,,,,,,,,,,,,,"T4BQ10","OTHER","under age of six months"
602,"confidential: replaced by 'CLID_anonymous'",45,22,1,4,,,,,,,,,,,,,,,,,,"T4BQ7","OTHER","circumcision wound"
602,"confidential: replaced by 'CLID_anonymous'",45,3,1,4,,,,,,,,,,,,,,,,,,"T4BQ7","OTHER","under age of six months"
602,"confidential: replaced by 'CLID_anonymous'",45,3,1,4,,,,,,,,,,,,,,,,,,"T4BQ2","OTHER","under age of six months"
602,"confidential: replaced by 'CLID_anonymous'",39,2,1,1,,,,,,,,,,,,,,,,,,"T3CQ3","OTHER","body pains"
602,"confidential: replaced by 'CLID_anonymous'",39,21,1,,5,,,,,,,,,,,,,,,,,"MigrationReason","OTHER","death of spouse"
602,"confidential: replaced by 'CLID_anonymous'",39,46,1,1,,,,,,,,,,,,,,,,,,"T3CQ3","OTHER","leg pains"
602,"confidential: replaced by 'CLID_anonymous'",44,1,1,,2,,,,,,,,,,,,,,,,,"ReasonLeft","OTHER","mwanakaya huyu hajulikani"
602,"confidential: replaced by 'CLID_anonymous'",44,1,1,,1,,,,,,,,,,,,,,,,,"ReasonLeft","OTHER","mwanakaya huyu hajulikani"
602,"confidential: replaced by 'CLID_anonymous'",44,1,1,,3,,,,,,,,,,,,,,,,,"ReasonLeft","OTHER","mwanakaya huyu hajulikani"
602,"confidential: replaced by 'CLID_anonymous'",44,17,1,8,,,,,,,,,,,,,,,,,,"T3BQ12","OTHER","transport problem"
602,"confidential: replaced by 'CLID_anonymous'",44,23,1,1,,,,,,,,,,,,,,,,,,"T3CQ3","OTHER","paralysis"
602,"confidential: replaced by 'CLID_anonymous'",18,7,1,9,,,,,,,,,,,,,,,,,,"T4BQ10","OTHER","under age"
602,"confidential: replaced by 'CLID_anonymous'",18,48,1,10,,,,,,,,,,,,,,,,,,"T4BQ7","OTHER","under age"
602,"confidential: replaced by 'CLID_anonymous'",18,6,1,3,,,,,,,,,,,,,,,,,,"T3CQ3","OTHER","leg pains"
602,"confidential: replaced by 'CLID_anonymous'",18,6,1,7,,,,,,,,,,,,,,,,,,"T3BQ12","OTHER","child travelled"
602,"confidential: replaced by 'CLID_anonymous'",18,6,1,8,,,,,,,,,,,,,,,,,,"T4BQ7","OTHER","under age"
602,"confidential: replaced by 'CLID_anonymous'",18,15,1,,1,,,,,,,,,,,,,,,,,"ReasonLeft","OTHER","amehamia kijiji kingine baada ya mavuno atarudi"
602,"confidential: replaced by 'CLID_anonymous'",18,15,1,,,,,,,,,,,,,,,,,,,"IntvResult","OTHER","Household temporaly absent"
602,"confidential: replaced by 'CLID_anonymous'",18,21,1,1,,,,,,,,,,,,,,,,,,"T3CQ3","OTHER","hernia"
602,"confidential: replaced by 'CLID_anonymous'",18,7,1,8,,,,,,,,,,,,,,,,,,"T4BQ7","OTHER","ni mdogo sana ana miezi 2"
602,"confidential: replaced by 'CLID_anonymous'",18,18,1,8,,,,,,,,,,,,,,,,,,"T3CQ3","OTHER","paralysis"
602,"confidential: replaced by 'CLID_anonymous'",18,7,1,,5,,,,,,,,,,,,,,,,,"MigrationReason","OTHER","follow parrent"
602,"confidential: replaced by 'CLID_anonymous'",18,39,1,15,,,,,,,,,,,,,,,,,,"T4BQ10","OTHER","under age"
602,"confidential: replaced by 'CLID_anonymous'",18,48,1,10,,,,,,,,,,,,,,,,,,"T4BQ2","OTHER","under age"
602,"confidential: replaced by 'CLID_anonymous'",18,21,1,,,,1,,,,,,,,,,,,,,,"ExpAllCategory","OTHER","Garments"
602,"confidential: replaced by 'CLID_anonymous'",18,48,1,10,,,,,,,,,,,,,,,,,,"T4BQ10","OTHER","under age"
602,"confidential: replaced by 'CLID_anonymous'",18,7,1,9,,,,,,,,,,,,,,,,,,"T4BQ7","OTHER","under age"
602,"confidential: replaced by 'CLID_anonymous'",18,6,1,8,,,,,,,,,,,,,,,,,,"T4BQ2","OTHER","under age"
602,"confidential: replaced by 'CLID_anonymous'",18,42,1,1,,,,,,,,,,,,,,,,,,"T3CQ3","OTHER","leg pains"
602,"confidential: replaced by 'CLID_anonymous'",18,6,1,8,,,,,,,,,,,,,,,,,,"T4BQ10","OTHER","under age"
602,"confidential: replaced by 'CLID_anonymous'",18,7,1,8,,,,,,,,,,,,,,,,,,"T4BQ2","OTHER","ni mdogo sana ana miezi 2"
602,"confidential: replaced by 'CLID_anonymous'",18,7,1,8,,,,,,,,,,,,,,,,,,"T4BQ10","OTHER","ni mdogo sana ana miezi 2"
602,"confidential: replaced by 'CLID_anonymous'",18,45,1,,,,1,,,,,,,,,,,,,,,"ExpAllCategory","OTHER","nauli"
602,"confidential: replaced by 'CLID_anonymous'",18,39,1,15,,,,,,,,,,,,,,,,,,"T4BQ7","OTHER","under age of six months"
602,"confidential: replaced by 'CLID_anonymous'",18,36,1,1,,,,,,,,,,,,,,,,,,"T3CQ3","OTHER","neck pains"
602,"confidential: replaced by 'CLID_anonymous'",18,22,1,,,,2,,,,,,,,,,,,,,,"ExpAllCategory","OTHER","Garments"
602,"confidential: replaced by 'CLID_anonymous'",18,39,1,15,,,,,,,,,,,,,,,,,,"T4BQ2","OTHER","under age of six months"
602,"confidential: replaced by 'CLID_anonymous'",18,48,1,10,,,,,,,,,,,,,,,,,,"HCVisitReason","OTHER","for vaccination"
602,"confidential: replaced by 'CLID_anonymous'",18,7,1,9,,,,,,,,,,,,,,,,,,"T4BQ2","OTHER","under age"
602,"confidential: replaced by 'CLID_anonymous'",18,6,1,,,,1,,,,,,,,,,,,,,,"ExpAllCategory","OTHER","Garments"
602,"confidential: replaced by 'CLID_anonymous'",12,38,1,,2,,,,,,,,,,,,,,,,,"ReasonLeft","OTHER","temporally absent"
602,"confidential: replaced by 'CLID_anonymous'",12,38,1,,,,,,,,,,,,,,,,,,,"IntvResult","OTHER","HH temporarily at a distant farm"
602,"confidential: replaced by 'CLID_anonymous'",12,38,1,,,,,,,,,,,,,,,,,,,"IntvResult2","OTHER","HH temporarily at a distant farm"
602,"confidential: replaced by 'CLID_anonymous'",12,38,1,,1,,,,,,,,,,,,,,,,,"ReasonLeft","OTHER","temporally absent"
602,"confidential: replaced by 'CLID_anonymous'",12,39,2,2,,,,,,,,,,,,,,,,,,"Occupation","OTHER","fishing"
602,"confidential: replaced by 'CLID_anonymous'",12,39,2,,,,,,,,301,,,,,,,,,,,"BenefitsSector","OTHER","Matress & bedding"
602,"confidential: replaced by 'CLID_anonymous'",12,41,1,,,,,,,,301,,,,,,,,,,,"BenefitsSector","OTHER","bedding"
602,"confidential: replaced by 'CLID_anonymous'",65,16,1,5,,,,,,,,,,,,,,,,,,"T4BQ2","OTHER","yupo chini ya miezi sita"
602,"confidential: replaced by 'CLID_anonymous'",65,47,1,,,,,,,,,,,,,,,,,,,"LastPayHow","OTHER","school compound"
602,"confidential: replaced by 'CLID_anonymous'",65,46,1,8,,,,,,,,,,,,,,,,,,"T4BQ2","OTHER","aged below 6 months"
602,"confidential: replaced by 'CLID_anonymous'",65,36,1,,1,,,,,,,,,,,,,,,,,"MortIllness_HealthPract","OTHER","leprosy"
602,"confidential: replaced by 'CLID_anonymous'",65,47,2,3,,,,,,,,,,,,,,,,,,"T4BQ7","OTHER","aged less than 6 months"
602,"confidential: replaced by 'CLID_anonymous'",65,36,1,,1,,,,,,,,,,,,,,,,,"MortIllness_Resp","OTHER","leprosy"
602,"confidential: replaced by 'CLID_anonymous'",65,47,2,3,,,,,,,,,,,,,,,,,,"T4BQ2","OTHER","aged less than 6 months"
602,"confidential: replaced by 'CLID_anonymous'",65,5,1,,,,1,,,,,,,,,,,,,,,"ExpAllCategory","OTHER","HH expenditure"
602,"confidential: replaced by 'CLID_anonymous'",65,16,1,5,,,,,,,,,,,,,,,,,,"T4BQ7","OTHER","yupo chini ya miezi sita"
602,"confidential: replaced by 'CLID_anonymous'",65,36,1,,,,,,,,,,,,,,,,,,,"LastPayHow","OTHER","walipokea pesa katika eneo la shule ya mperamumbi"
602,"confidential: replaced by 'CLID_anonymous'",65,12,1,,,,1,,,,,,,,,,,,,,,"ExpAllCategory","OTHER","personal expenditure"
602,"confidential: replaced by 'CLID_anonymous'",65,5,1,,,,,,,,,,,,,,,,,,,"LastPayHow","OTHER","school compound"
602,"confidential: replaced by 'CLID_anonymous'",65,46,1,9,,,,,,,,,,,,,,,,,,"T4BQ10","OTHER","aged below 6 months"
602,"confidential: replaced by 'CLID_anonymous'",65,46,1,8,,,,,,,,,,,,,,,,,,"T4BQ10","OTHER","aged below 6 months"
602,"confidential: replaced by 'CLID_anonymous'",65,8,1,,,,,,,,,,,,,,,,,,,"T5GQ3","OTHER","ROSCA"
602,"confidential: replaced by 'CLID_anonymous'",65,47,2,3,,,,,,,,,,,,,,,,,,"T4BQ10","OTHER","aged less than 6 months"
602,"confidential: replaced by 'CLID_anonymous'",65,3,1,,,,1,,,,,,,,,,,,,,,"ExpAllCategory","OTHER","kununua mavazi"
602,"confidential: replaced by 'CLID_anonymous'",65,7,1,,1,,,,,,,,,,,,,,,,,"ReasonLeft","OTHER","they lived together when she ws still a young girl"
602,"confidential: replaced by 'CLID_anonymous'",65,36,1,,,,1,,,,,,,,,,,,,,,"ExpAllCategory","OTHER","alinunua nguo"
602,"confidential: replaced by 'CLID_anonymous'",65,7,1,,4,,,,,,,,,,,,,,,,,"ReasonLeft","OTHER","does not know the person"
602,"confidential: replaced by 'CLID_anonymous'",65,7,1,,5,,,,,,,,,,,,,,,,,"ReasonLeft","OTHER","does not know the person"
602,"confidential: replaced by 'CLID_anonymous'",65,16,1,5,,,,,,,,,,,,,,,,,,"T4BQ10","OTHER","yupo chini ya miezi sita"
602,"confidential: replaced by 'CLID_anonymous'",65,7,1,,6,,,,,,,,,,,,,,,,,"ReasonLeft","OTHER","does not know the person"
602,"confidential: replaced by 'CLID_anonymous'",65,7,1,,7,,,,,,,,,,,,,,,,,"ReasonLeft","OTHER","does not know the person"
602,"confidential: replaced by 'CLID_anonymous'",65,46,1,8,,,,,,,,,,,,,,,,,,"T4BQ7","OTHER","aged below 6 months"
602,"confidential: replaced by 'CLID_anonymous'",65,3,1,,,,,,,,,,,,,,,,,,,"LastPayHow","OTHER","school area"
602,"confidential: replaced by 'CLID_anonymous'",65,46,1,9,,,,,,,,,,,,,,,,,,"T4BQ2","OTHER","aged below 6 months"
602,"confidential: replaced by 'CLID_anonymous'",65,46,1,,,,1,,,,,,,,,,,,,,,"ExpAllCategory","OTHER","personal expenses"
602,"confidential: replaced by 'CLID_anonymous'",65,7,1,,3,,,,,,,,,,,,,,,,,"ReasonLeft","OTHER","they haven't lived together since she was a small girl."
602,"confidential: replaced by 'CLID_anonymous'",65,46,1,9,,,,,,,,,,,,,,,,,,"T4BQ7","OTHER","aged below 6 months"
602,"confidential: replaced by 'CLID_anonymous'",65,15,1,,,,1,,,,,,,,,,,,,,,"ExpAllCategory","OTHER","ukarabati wa nyumba"
602,"confidential: replaced by 'CLID_anonymous'",54,19,1,1,,,,,,,,,,,,,,,,,,"T3CQ3","OTHER","elephantiasis"
602,"confidential: replaced by 'CLID_anonymous'",54,29,1,,2,,,,,,,,,,,,,,,,,"ReasonLeft","OTHER","muhusika kwasasa amesafiri na haikuweza kujulikana ni lini atarudi na hakuna mtu yeyote wa kuhojiwa kwenye hiyo kaya"
602,"confidential: replaced by 'CLID_anonymous'",38,17,1,4,,,,,,,,,,,,,,,,,,"T3CQ3","OTHER","Epilepsy"
602,"confidential: replaced by 'CLID_anonymous'",38,17,1,4,,,,,,,,,,,,,,,,,,"T3CQ15","OTHER","Epilepsy"
602,"confidential: replaced by 'CLID_anonymous'",38,44,1,8,,,,,,,,,,,,,,,,,,"T4BQ7","OTHER","ni mtoto mchanga"
602,"confidential: replaced by 'CLID_anonymous'",38,44,1,8,,,,,,,,,,,,,,,,,,"T4BQ10","OTHER","ni mtoto mchanga"
602,"confidential: replaced by 'CLID_anonymous'",38,44,1,8,,,,,,,,,,,,,,,,,,"T4BQ2","OTHER","ni mtoto mchanga"
602,"confidential: replaced by 'CLID_anonymous'",38,13,1,1,,,,,,,,,,,,,,,,,,"T3BQ16","OTHER","Adult education"
602,"confidential: replaced by 'CLID_anonymous'",38,7,1,1,,,,,,,,,,,,,,,,,,"T3CQ3","OTHER","Leg pains"
602,"confidential: replaced by 'CLID_anonymous'",25,4,1,5,,,,,,,,,,,,,,,,,,"T4BQ10","OTHER","Too young"
602,"confidential: replaced by 'CLID_anonymous'",25,26,1,,4,,,,,,,,,,,,,,,,,"ReasonLeft","OTHER","Has established an own household"
602,"confidential: replaced by 'CLID_anonymous'",25,4,1,5,,,,,,,,,,,,,,,,,,"T4BQ2","OTHER","Too young"
602,"confidential: replaced by 'CLID_anonymous'",25,13,1,6,,,,,,,,,,,,,,,,,,"T4BQ2","OTHER","Too young"
602,"confidential: replaced by 'CLID_anonymous'",25,4,1,5,,,,,,,,,,,,,,,,,,"T4BQ7","OTHER","Too young"
602,"confidential: replaced by 'CLID_anonymous'",25,31,1,,,,2,,,,,,,,,,,,,,,"ExpAllCategory","OTHER","Basic needs"
602,"confidential: replaced by 'CLID_anonymous'",25,13,1,6,,,,,,,,,,,,,,,,,,"T4BQ10","OTHER","Too young"
602,"confidential: replaced by 'CLID_anonymous'",25,13,1,6,,,,,,,,,,,,,,,,,,"T4BQ7","OTHER","Too young"
602,"confidential: replaced by 'CLID_anonymous'",25,19,1,,,,1,,,,,,,,,,,,,,,"ExpAllCategory","OTHER","Basic needs"
602,"confidential: replaced by 'CLID_anonymous'",25,24,1,,,,,,,,,,,,,,,,,,,"CCTDropInformation","OTHER","After taking long time without receiving the money"
602,"confidential: replaced by 'CLID_anonymous'",23,49,1,,,,1,,,,,,,,,,,,,,,"ExpAllCategory","OTHER","Personal expenditure"
602,"confidential: replaced by 'CLID_anonymous'",23,19,1,,,,1,,,,,,,,,,,,,,,"ExpAllCategory","OTHER","Personal expenses"
602,"confidential: replaced by 'CLID_anonymous'",23,32,1,,2,,,,,,,,,,,,,,,,,"ReasonLeft","OTHER","has never lived with this person"
602,"confidential: replaced by 'CLID_anonymous'",23,21,1,,,,2,,,,,,,,,,,,,,,"ExpAllCategory","OTHER","Personal expenditure"
602,"confidential: replaced by 'CLID_anonymous'",31,22,1,,,,,,,,,,,,,,,,,,,"LastPayHow","OTHER","at the school"
602,"confidential: replaced by 'CLID_anonymous'",31,2,1,,,,,,,,,,,,,,,,,,,"LastPayHow","OTHER","at the school"
602,"confidential: replaced by 'CLID_anonymous'",31,32,2,,,,,,,,,,,,,,,,,,,"LastPayHow","OTHER","at the school"
602,"confidential: replaced by 'CLID_anonymous'",31,29,1,,,,,,,,,,,,,,,,,,,"LessPayReason2","OTHER","one of the beneficiary member died"
602,"confidential: replaced by 'CLID_anonymous'",31,50,1,,,,,,,,,,,1,,,,,,,,"T5HAQ1a","OTHER","elders group"
602,"confidential: replaced by 'CLID_anonymous'",31,50,1,,,,,,,,,,,,,,,,,,,"LastPayHow","OTHER","at the school"
602,"confidential: replaced by 'CLID_anonymous'",24,28,1,,,,1,,,,,,,,,,,,,,,"ExpAllCategory","OTHER","peronal effects"
602,"confidential: replaced by 'CLID_anonymous'",24,19,1,,1,,,,,,,,,,,,,,,,,"MortIllness_Resp","OTHER","homa ya manjano"
602,"confidential: replaced by 'CLID_anonymous'",24,28,1,,,,,,,,,,,,,,,,,,,"LastPayHow","OTHER","at the school"
602,"confidential: replaced by 'CLID_anonymous'",24,19,1,,1,,,,,,,,,,,,,,,,,"MortIllness_HealthPract","OTHER","homa ya manjano"
602,"confidential: replaced by 'CLID_anonymous'",24,29,1,,,,,,,,,,,,,,,,,,,"LastPayHow","OTHER","at school"
602,"confidential: replaced by 'CLID_anonymous'",24,47,1,,,,3,,,,,,,,,,,,,,,"ExpAllCategory","OTHER","personal needs"
