"DistID","CLID","CLID_anonymous","HHNum","SplitOffId","HHEnterpriseID","T5JQ3"
104,"confidential: replaced by 'CLID_anonymous'",26,3,1,2,"handicrafts"
104,"confidential: replaced by 'CLID_anonymous'",26,3,1,1,"selling buns"
104,"confidential: replaced by 'CLID_anonymous'",26,15,1,1,"selling firewood"
104,"confidential: replaced by 'CLID_anonymous'",26,21,1,1,"selling local herbs"
104,"confidential: replaced by 'CLID_anonymous'",26,5,1,1,"pottery"
104,"confidential: replaced by 'CLID_anonymous'",46,13,1,1,"pottery"
104,"confidential: replaced by 'CLID_anonymous'",46,14,1,1,"selling wild fruits"
104,"confidential: replaced by 'CLID_anonymous'",46,17,1,1,"selling local brew"
104,"confidential: replaced by 'CLID_anonymous'",46,12,1,1,"selling wild fruits"
104,"confidential: replaced by 'CLID_anonymous'",46,22,1,1,"local brewing"
104,"confidential: replaced by 'CLID_anonymous'",46,18,2,1,"selling coffee"
104,"confidential: replaced by 'CLID_anonymous'",46,4,1,1,"handicrafts"
104,"confidential: replaced by 'CLID_anonymous'",46,2,1,1,"kiosk"
104,"confidential: replaced by 'CLID_anonymous'",46,6,2,1,"selling coffee"
104,"confidential: replaced by 'CLID_anonymous'",77,12,1,1,"selling firewood"
104,"confidential: replaced by 'CLID_anonymous'",77,9,1,1,"handicrafts"
104,"confidential: replaced by 'CLID_anonymous'",77,15,1,1,"selling local brew"
104,"confidential: replaced by 'CLID_anonymous'",77,20,1,1,"selling tea"
104,"confidential: replaced by 'CLID_anonymous'",77,16,1,1,"selling fish"
104,"confidential: replaced by 'CLID_anonymous'",77,17,1,1,"local brewing"
104,"confidential: replaced by 'CLID_anonymous'",77,19,1,1,"selling fish"
104,"confidential: replaced by 'CLID_anonymous'",63,15,1,2,"selling forewood"
104,"confidential: replaced by 'CLID_anonymous'",63,19,1,1,"pottery"
104,"confidential: replaced by 'CLID_anonymous'",63,14,1,1,"masonry"
104,"confidential: replaced by 'CLID_anonymous'",63,2,1,1,"selling local brew"
104,"confidential: replaced by 'CLID_anonymous'",63,15,1,1,"local brewing"
104,"confidential: replaced by 'CLID_anonymous'",63,7,1,1,"selling local brew"
104,"confidential: replaced by 'CLID_anonymous'",63,13,1,1,"selling wild fruits"
104,"confidential: replaced by 'CLID_anonymous'",63,6,1,1,"handicrafts"
104,"confidential: replaced by 'CLID_anonymous'",63,10,1,1,"local brewing"
104,"confidential: replaced by 'CLID_anonymous'",63,16,1,1,"local brewing"
104,"confidential: replaced by 'CLID_anonymous'",63,5,1,1,"selling firewood"
104,"confidential: replaced by 'CLID_anonymous'",15,15,1,1,"selling firewood"
104,"confidential: replaced by 'CLID_anonymous'",15,7,1,1,"handicraft"
104,"confidential: replaced by 'CLID_anonymous'",16,4,1,1,"handicrafts"
104,"confidential: replaced by 'CLID_anonymous'",16,17,1,1,"selling wild fruits"
104,"confidential: replaced by 'CLID_anonymous'",80,17,1,1,"selling water"
104,"confidential: replaced by 'CLID_anonymous'",80,11,1,1,"selling goat meat"
104,"confidential: replaced by 'CLID_anonymous'",80,22,1,1,"sellimg local brew"
104,"confidential: replaced by 'CLID_anonymous'",80,20,1,1,"selling firewood"
104,"confidential: replaced by 'CLID_anonymous'",80,19,1,1,"selling local brew"
104,"confidential: replaced by 'CLID_anonymous'",22,6,1,1,"selling local brew"
104,"confidential: replaced by 'CLID_anonymous'",22,23,1,1,"handicrafts"
104,"confidential: replaced by 'CLID_anonymous'",22,7,1,1,"pottery"
104,"confidential: replaced by 'CLID_anonymous'",22,13,1,1,"making charcoal"
104,"confidential: replaced by 'CLID_anonymous'",67,16,1,1,"selling local brew"
104,"confidential: replaced by 'CLID_anonymous'",67,6,1,1,"selling charcoal"
104,"confidential: replaced by 'CLID_anonymous'",67,14,1,1,"selling vegetables"
104,"confidential: replaced by 'CLID_anonymous'",67,23,2,2,"carpentry"
104,"confidential: replaced by 'CLID_anonymous'",67,12,1,1,"basketry"
104,"confidential: replaced by 'CLID_anonymous'",67,23,2,1,"selling local brew"
104,"confidential: replaced by 'CLID_anonymous'",67,18,1,1,"selling charcoal"
104,"confidential: replaced by 'CLID_anonymous'",40,5,1,1,"bee keeping"
104,"confidential: replaced by 'CLID_anonymous'",40,1,1,1,"selling vegetables"
104,"confidential: replaced by 'CLID_anonymous'",40,13,1,1,"selling local brew"
104,"confidential: replaced by 'CLID_anonymous'",40,8,1,1,"local brewing"
104,"confidential: replaced by 'CLID_anonymous'",19,24,1,1,"bee keeping"
104,"confidential: replaced by 'CLID_anonymous'",19,19,1,1,"selling local brew"
104,"confidential: replaced by 'CLID_anonymous'",19,14,1,1,"buying and selling cereals"
104,"confidential: replaced by 'CLID_anonymous'",50,27,1,1,"selling local brew"
104,"confidential: replaced by 'CLID_anonymous'",50,25,1,1,"selling sugar cane"
104,"confidential: replaced by 'CLID_anonymous'",50,22,1,1,"selling buns"
104,"confidential: replaced by 'CLID_anonymous'",50,3,1,1,"selling vegetables"
104,"confidential: replaced by 'CLID_anonymous'",50,21,1,1,"selling local brew"
104,"confidential: replaced by 'CLID_anonymous'",6,11,1,1,"selling firewood"
104,"confidential: replaced by 'CLID_anonymous'",6,15,1,1,"selling local brew"
104,"confidential: replaced by 'CLID_anonymous'",6,8,1,1,"local brewing"
104,"confidential: replaced by 'CLID_anonymous'",6,16,1,1,"handicrafts"
104,"confidential: replaced by 'CLID_anonymous'",48,21,1,1,"water selling agent"
104,"confidential: replaced by 'CLID_anonymous'",48,18,1,1,"selling local brew"
104,"confidential: replaced by 'CLID_anonymous'",56,24,1,1,"selling mats"
104,"confidential: replaced by 'CLID_anonymous'",82,12,1,1,"seloling local brew"
104,"confidential: replaced by 'CLID_anonymous'",82,11,1,1,"selling firewood"
104,"confidential: replaced by 'CLID_anonymous'",82,17,2,1,"selling local brew"
104,"confidential: replaced by 'CLID_anonymous'",70,11,2,1,"local brewing"
104,"confidential: replaced by 'CLID_anonymous'",70,21,1,1,"local brewing"
104,"confidential: replaced by 'CLID_anonymous'",70,27,1,1,"local brewing"
104,"confidential: replaced by 'CLID_anonymous'",70,19,1,1,"basketry"
104,"confidential: replaced by 'CLID_anonymous'",70,15,1,1,"making local brew"
104,"confidential: replaced by 'CLID_anonymous'",52,15,1,1,"selling wild fruits"
104,"confidential: replaced by 'CLID_anonymous'",52,11,1,1,"pottery"
104,"confidential: replaced by 'CLID_anonymous'",52,9,1,1,"handicrafts"
104,"confidential: replaced by 'CLID_anonymous'",52,14,1,1,"selling wild fruits"
104,"confidential: replaced by 'CLID_anonymous'",52,3,1,1,"selling local brew"
104,"confidential: replaced by 'CLID_anonymous'",52,17,1,1,"casual work"
104,"confidential: replaced by 'CLID_anonymous'",27,17,1,1,"selling local brew"
104,"confidential: replaced by 'CLID_anonymous'",27,18,1,1,"making charcoal."
104,"confidential: replaced by 'CLID_anonymous'",27,5,1,1,"handicrafts"
104,"confidential: replaced by 'CLID_anonymous'",27,19,1,1,"local brewing"
104,"confidential: replaced by 'CLID_anonymous'",27,9,1,1,"making charcoal"
104,"confidential: replaced by 'CLID_anonymous'",27,3,1,1,"selling charcoal"
104,"confidential: replaced by 'CLID_anonymous'",68,8,1,1,"local brewing"
104,"confidential: replaced by 'CLID_anonymous'",68,23,1,1,"kuuza pombe ya kienyeji"
104,"confidential: replaced by 'CLID_anonymous'",8,4,1,1,"selling local brew"
104,"confidential: replaced by 'CLID_anonymous'",8,25,1,1,"casual labour"
104,"confidential: replaced by 'CLID_anonymous'",8,3,1,1,"handicrafts"
104,"confidential: replaced by 'CLID_anonymous'",66,14,1,1,"selling local brew"
601,"confidential: replaced by 'CLID_anonymous'",5,1,1,1,"Handcrafts"
601,"confidential: replaced by 'CLID_anonymous'",5,14,1,1,"Selling buns"
601,"confidential: replaced by 'CLID_anonymous'",5,10,1,1,"Fish Monger"
601,"confidential: replaced by 'CLID_anonymous'",5,22,1,1,"Shop"
601,"confidential: replaced by 'CLID_anonymous'",5,12,1,1,"Bicycle repairer"
601,"confidential: replaced by 'CLID_anonymous'",5,1,2,1,"Petty trader"
601,"confidential: replaced by 'CLID_anonymous'",5,3,10,1,"Fish Monger"
601,"confidential: replaced by 'CLID_anonymous'",5,5,1,1,"Cobbler"
601,"confidential: replaced by 'CLID_anonymous'",49,22,1,1,"Selling firewood"
601,"confidential: replaced by 'CLID_anonymous'",49,24,1,1,"Fish Monger"
601,"confidential: replaced by 'CLID_anonymous'",49,25,1,2,"Motorcycle transpoter"
601,"confidential: replaced by 'CLID_anonymous'",49,9,1,1,"Fishing"
601,"confidential: replaced by 'CLID_anonymous'",49,20,1,2,"Selling Buns"
601,"confidential: replaced by 'CLID_anonymous'",49,18,1,1,"Selling buns"
601,"confidential: replaced by 'CLID_anonymous'",49,23,1,1,"Fish Monger"
601,"confidential: replaced by 'CLID_anonymous'",49,20,1,1,"Restaurant"
601,"confidential: replaced by 'CLID_anonymous'",49,27,2,1,"Fish Monger"
601,"confidential: replaced by 'CLID_anonymous'",49,17,1,1,"Making local mats"
601,"confidential: replaced by 'CLID_anonymous'",49,26,1,2,"Groundnuts vendour"
601,"confidential: replaced by 'CLID_anonymous'",49,26,1,1,"Lemon and coconut monger"
601,"confidential: replaced by 'CLID_anonymous'",49,3,1,1,"Bee Keeping"
601,"confidential: replaced by 'CLID_anonymous'",49,24,1,2,"Tailoring"
601,"confidential: replaced by 'CLID_anonymous'",74,7,1,1,"Charcoal Monger"
601,"confidential: replaced by 'CLID_anonymous'",74,22,1,1,"Livestock monger"
601,"confidential: replaced by 'CLID_anonymous'",74,26,1,1,"Vegetable Monger"
601,"confidential: replaced by 'CLID_anonymous'",74,12,2,2,"Restaurant"
601,"confidential: replaced by 'CLID_anonymous'",74,18,1,1,"Cassava Monger"
601,"confidential: replaced by 'CLID_anonymous'",74,15,2,1,"Selling used clothes"
601,"confidential: replaced by 'CLID_anonymous'",74,17,1,1,"Handcrafts"
601,"confidential: replaced by 'CLID_anonymous'",74,23,1,1,"Carpentry"
601,"confidential: replaced by 'CLID_anonymous'",74,12,2,1,"Motorbike transportation"
601,"confidential: replaced by 'CLID_anonymous'",74,15,2,2,"Selling green vegetables"
601,"confidential: replaced by 'CLID_anonymous'",74,21,1,1,"Tailoring"
601,"confidential: replaced by 'CLID_anonymous'",74,14,1,1,"Making and selling charcoal"
601,"confidential: replaced by 'CLID_anonymous'",74,12,1,1,"Petty trader in buns and groundnuts"
601,"confidential: replaced by 'CLID_anonymous'",74,1,1,1,"Handcrafts"
601,"confidential: replaced by 'CLID_anonymous'",74,24,1,1,"kiosk"
601,"confidential: replaced by 'CLID_anonymous'",62,6,1,1,"Selling Buns"
601,"confidential: replaced by 'CLID_anonymous'",62,16,1,1,"Making Buns"
601,"confidential: replaced by 'CLID_anonymous'",62,5,1,1,"Motorcycle Transportation"
601,"confidential: replaced by 'CLID_anonymous'",62,4,1,1,"handicrafts"
601,"confidential: replaced by 'CLID_anonymous'",62,7,1,3,"Handcrafts"
601,"confidential: replaced by 'CLID_anonymous'",62,7,1,2,"Restaurant"
601,"confidential: replaced by 'CLID_anonymous'",62,7,1,1,"Selling firewood"
601,"confidential: replaced by 'CLID_anonymous'",62,11,1,1,"Selling Buns"
601,"confidential: replaced by 'CLID_anonymous'",62,26,1,1,"Fishing"
601,"confidential: replaced by 'CLID_anonymous'",62,13,1,1,"Bricks Making"
601,"confidential: replaced by 'CLID_anonymous'",62,1,1,1,"House for Renting"
601,"confidential: replaced by 'CLID_anonymous'",62,25,1,1,"Water vendour"
601,"confidential: replaced by 'CLID_anonymous'",21,10,1,1,"selling tea"
601,"confidential: replaced by 'CLID_anonymous'",21,2,1,1,"bar"
601,"confidential: replaced by 'CLID_anonymous'",21,18,1,1,"selling buns"
601,"confidential: replaced by 'CLID_anonymous'",21,7,1,1,"house for  rent"
601,"confidential: replaced by 'CLID_anonymous'",21,5,1,1,"bicycle repair"
601,"confidential: replaced by 'CLID_anonymous'",1,11,1,1,"selling mats"
601,"confidential: replaced by 'CLID_anonymous'",1,11,1,2,"chichen & egg trade"
601,"confidential: replaced by 'CLID_anonymous'",1,8,1,2,"selling milk"
601,"confidential: replaced by 'CLID_anonymous'",1,15,1,1,"selling charcoal"
601,"confidential: replaced by 'CLID_anonymous'",1,15,1,2,"selling baskets"
601,"confidential: replaced by 'CLID_anonymous'",1,8,1,1,"food vendor"
601,"confidential: replaced by 'CLID_anonymous'",1,21,1,1,"handicrafts"
601,"confidential: replaced by 'CLID_anonymous'",79,5,1,1,"selling pies & buns"
601,"confidential: replaced by 'CLID_anonymous'",79,22,1,1,"selling charcoal"
601,"confidential: replaced by 'CLID_anonymous'",41,3,1,1,"selling second hand clothing"
601,"confidential: replaced by 'CLID_anonymous'",41,16,1,1,"making charcoal"
601,"confidential: replaced by 'CLID_anonymous'",41,12,1,1,"selling charcoal"
601,"confidential: replaced by 'CLID_anonymous'",41,3,1,2,"selling buns"
601,"confidential: replaced by 'CLID_anonymous'",41,10,1,1,"kiosk"
601,"confidential: replaced by 'CLID_anonymous'",41,15,1,1,"making and selling charcoal"
601,"confidential: replaced by 'CLID_anonymous'",41,8,1,1,"making & selling charcoal"
601,"confidential: replaced by 'CLID_anonymous'",41,23,1,1,"making charcoal"
601,"confidential: replaced by 'CLID_anonymous'",71,17,1,1,"cafe"
601,"confidential: replaced by 'CLID_anonymous'",71,16,1,1,"wicker weaving"
601,"confidential: replaced by 'CLID_anonymous'",71,19,1,1,"selling water"
601,"confidential: replaced by 'CLID_anonymous'",71,14,1,1,"basket weeving & selling"
601,"confidential: replaced by 'CLID_anonymous'",71,2,1,1,"selling fish"
601,"confidential: replaced by 'CLID_anonymous'",71,20,2,2,"selling fruits"
601,"confidential: replaced by 'CLID_anonymous'",71,20,1,1,"petty trading"
601,"confidential: replaced by 'CLID_anonymous'",71,10,2,1,"cafe"
601,"confidential: replaced by 'CLID_anonymous'",71,7,2,1,"cafe"
601,"confidential: replaced by 'CLID_anonymous'",71,2,1,2,"selling petrol"
601,"confidential: replaced by 'CLID_anonymous'",71,18,1,1,"wicker weaving"
601,"confidential: replaced by 'CLID_anonymous'",71,1,1,1,"cafe"
601,"confidential: replaced by 'CLID_anonymous'",71,20,2,1,"making pies"
601,"confidential: replaced by 'CLID_anonymous'",53,8,1,1,"kiosk"
601,"confidential: replaced by 'CLID_anonymous'",53,19,1,1,"burning charcoal"
601,"confidential: replaced by 'CLID_anonymous'",53,7,1,1,"Mat weaving"
601,"confidential: replaced by 'CLID_anonymous'",75,16,1,1,"Poultry monger"
601,"confidential: replaced by 'CLID_anonymous'",75,2,1,1,"selling soup"
601,"confidential: replaced by 'CLID_anonymous'",75,11,1,1,"Selling Charcoal"
601,"confidential: replaced by 'CLID_anonymous'",75,21,1,1,"Selling Charcoal"
601,"confidential: replaced by 'CLID_anonymous'",75,12,1,1,"Petty Trade"
601,"confidential: replaced by 'CLID_anonymous'",75,8,1,1,"Local Brewing"
601,"confidential: replaced by 'CLID_anonymous'",75,18,1,1,"Selling Charcoal"
601,"confidential: replaced by 'CLID_anonymous'",75,3,1,1,"Selling Charcoal"
601,"confidential: replaced by 'CLID_anonymous'",37,10,1,1,"Restaurant"
601,"confidential: replaced by 'CLID_anonymous'",37,9,1,1,"Tailoring"
601,"confidential: replaced by 'CLID_anonymous'",37,22,1,1,"Rice monger"
601,"confidential: replaced by 'CLID_anonymous'",37,13,1,1,"Renting house"
601,"confidential: replaced by 'CLID_anonymous'",37,18,1,1,"Petty trade"
601,"confidential: replaced by 'CLID_anonymous'",61,11,1,1,"Cassava monger"
601,"confidential: replaced by 'CLID_anonymous'",61,13,1,1,"Petty trade"
601,"confidential: replaced by 'CLID_anonymous'",61,22,1,1,"Public water vendour"
601,"confidential: replaced by 'CLID_anonymous'",61,8,1,1,"Handcraft"
601,"confidential: replaced by 'CLID_anonymous'",60,26,1,1,"cereals trading"
601,"confidential: replaced by 'CLID_anonymous'",60,15,1,1,"Handcrafts"
601,"confidential: replaced by 'CLID_anonymous'",60,14,1,1,"Making and selling local bed"
601,"confidential: replaced by 'CLID_anonymous'",60,22,1,1,"Making and selling wood charcoal"
601,"confidential: replaced by 'CLID_anonymous'",4,3,1,1,"Selling building poles"
601,"confidential: replaced by 'CLID_anonymous'",4,17,1,1,"Selling local made beds"
601,"confidential: replaced by 'CLID_anonymous'",4,3,1,2,"Local Brew"
601,"confidential: replaced by 'CLID_anonymous'",4,18,1,1,"Restaurant"
601,"confidential: replaced by 'CLID_anonymous'",4,4,1,1,"Shop"
601,"confidential: replaced by 'CLID_anonymous'",4,18,1,2,"Petty trade"
601,"confidential: replaced by 'CLID_anonymous'",4,11,1,1,"Resiaurant"
601,"confidential: replaced by 'CLID_anonymous'",4,19,1,1,"Restaurant"
601,"confidential: replaced by 'CLID_anonymous'",7,16,1,1,"Petty trade"
601,"confidential: replaced by 'CLID_anonymous'",7,10,1,1,"Herbal healer"
601,"confidential: replaced by 'CLID_anonymous'",32,3,1,1,"Petty Trade"
601,"confidential: replaced by 'CLID_anonymous'",32,19,1,1,"Petty trade"
601,"confidential: replaced by 'CLID_anonymous'",32,13,1,1,"Making wood charcoal"
601,"confidential: replaced by 'CLID_anonymous'",32,3,1,2,"making and selling wood charcoal"
601,"confidential: replaced by 'CLID_anonymous'",32,6,1,1,"Making wood charcoal"
601,"confidential: replaced by 'CLID_anonymous'",17,9,1,1,"Kiosk"
601,"confidential: replaced by 'CLID_anonymous'",17,20,2,1,"Charcoal Monger"
601,"confidential: replaced by 'CLID_anonymous'",17,14,1,1,"Restaurant"
601,"confidential: replaced by 'CLID_anonymous'",17,18,1,1,"Selling Buns"
601,"confidential: replaced by 'CLID_anonymous'",17,13,1,1,"Selling charcoal"
601,"confidential: replaced by 'CLID_anonymous'",3,16,1,1,"making charcoal"
601,"confidential: replaced by 'CLID_anonymous'",3,6,2,1,"making charcoal"
601,"confidential: replaced by 'CLID_anonymous'",3,9,1,1,"making and selling charcoal"
601,"confidential: replaced by 'CLID_anonymous'",3,15,1,1,"making charcoal"
601,"confidential: replaced by 'CLID_anonymous'",3,2,1,1,"making charcoal"
601,"confidential: replaced by 'CLID_anonymous'",3,18,1,2,"selling firewood"
601,"confidential: replaced by 'CLID_anonymous'",3,20,1,1,"motorcycle taxi"
601,"confidential: replaced by 'CLID_anonymous'",3,2,2,1,"selling local brew"
601,"confidential: replaced by 'CLID_anonymous'",3,18,1,1,"carpentry"
601,"confidential: replaced by 'CLID_anonymous'",43,3,1,1,"Making and selling Charcoal"
601,"confidential: replaced by 'CLID_anonymous'",43,19,1,1,"Charcoal monger"
601,"confidential: replaced by 'CLID_anonymous'",43,2,1,1,"Selling gravel"
601,"confidential: replaced by 'CLID_anonymous'",43,15,1,1,"Shop"
601,"confidential: replaced by 'CLID_anonymous'",43,15,1,2,"Selling fuel [petrol]"
601,"confidential: replaced by 'CLID_anonymous'",43,20,1,1,"Petty trade"
601,"confidential: replaced by 'CLID_anonymous'",43,22,1,1,"Resiaurant"
601,"confidential: replaced by 'CLID_anonymous'",14,13,1,1,"Petty trade"
601,"confidential: replaced by 'CLID_anonymous'",14,8,1,1,"Local brewing"
601,"confidential: replaced by 'CLID_anonymous'",14,13,1,2,"Carpentry"
601,"confidential: replaced by 'CLID_anonymous'",14,7,1,1,"Handcraft"
601,"confidential: replaced by 'CLID_anonymous'",20,17,1,1,"Selling Charcoal"
601,"confidential: replaced by 'CLID_anonymous'",20,10,1,1,"Selling Charcoal"
601,"confidential: replaced by 'CLID_anonymous'",20,21,1,1,"Motorcycle transportation"
601,"confidential: replaced by 'CLID_anonymous'",20,5,1,1,"Petty trade"
601,"confidential: replaced by 'CLID_anonymous'",20,13,1,1,"Handcraft"
601,"confidential: replaced by 'CLID_anonymous'",20,15,1,1,"Selling charcoal"
601,"confidential: replaced by 'CLID_anonymous'",13,8,2,1,"Handcrafts"
601,"confidential: replaced by 'CLID_anonymous'",13,9,1,2,"Handcrafts"
601,"confidential: replaced by 'CLID_anonymous'",13,3,1,2,"Selling Charcoal"
601,"confidential: replaced by 'CLID_anonymous'",13,6,1,1,"Selling Charcoal"
601,"confidential: replaced by 'CLID_anonymous'",13,23,1,1,"Handc raft"
601,"confidential: replaced by 'CLID_anonymous'",13,19,1,1,"Handcrafts"
601,"confidential: replaced by 'CLID_anonymous'",13,9,1,1,"Making Buns"
601,"confidential: replaced by 'CLID_anonymous'",13,12,1,1,"Restaurant"
601,"confidential: replaced by 'CLID_anonymous'",13,2,2,1,"Selling Charcoal"
601,"confidential: replaced by 'CLID_anonymous'",13,2,1,1,"Local brewing"
601,"confidential: replaced by 'CLID_anonymous'",13,15,1,1,"Handcraft"
601,"confidential: replaced by 'CLID_anonymous'",13,14,1,1,"Selling buns"
601,"confidential: replaced by 'CLID_anonymous'",13,8,1,1,"Handcrafts"
601,"confidential: replaced by 'CLID_anonymous'",13,14,1,2,"Making charcoal"
601,"confidential: replaced by 'CLID_anonymous'",13,17,1,1,"Making Charcoal"
601,"confidential: replaced by 'CLID_anonymous'",13,3,1,1,"Petty Trade"
601,"confidential: replaced by 'CLID_anonymous'",55,11,1,1,"selling pies"
601,"confidential: replaced by 'CLID_anonymous'",55,20,1,2,"selling fish"
601,"confidential: replaced by 'CLID_anonymous'",55,9,1,1,"handicraft"
601,"confidential: replaced by 'CLID_anonymous'",55,20,1,1,"cafe"
601,"confidential: replaced by 'CLID_anonymous'",55,14,1,1,"selling buns"
601,"confidential: replaced by 'CLID_anonymous'",55,13,1,1,"selling mats"
601,"confidential: replaced by 'CLID_anonymous'",55,3,1,1,"basketry"
601,"confidential: replaced by 'CLID_anonymous'",9,20,1,1,"selling charcoal"
601,"confidential: replaced by 'CLID_anonymous'",9,18,1,1,"selling fish"
601,"confidential: replaced by 'CLID_anonymous'",36,13,1,1,"Shop for small needs"
601,"confidential: replaced by 'CLID_anonymous'",36,14,2,1,"Soap Monger"
601,"confidential: replaced by 'CLID_anonymous'",36,21,1,2,"Fishing"
601,"confidential: replaced by 'CLID_anonymous'",36,11,1,1,"Shop"
601,"confidential: replaced by 'CLID_anonymous'",36,9,1,1,"Making wood charcoal"
601,"confidential: replaced by 'CLID_anonymous'",36,2,1,1,"Selling buns"
601,"confidential: replaced by 'CLID_anonymous'",36,17,1,2,"Kerosene monger"
601,"confidential: replaced by 'CLID_anonymous'",36,23,1,1,"Cafe for selling bites"
601,"confidential: replaced by 'CLID_anonymous'",36,15,1,1,"Fishing"
601,"confidential: replaced by 'CLID_anonymous'",36,18,1,3,"fishing"
601,"confidential: replaced by 'CLID_anonymous'",36,18,1,1,"video shows"
601,"confidential: replaced by 'CLID_anonymous'",36,17,1,1,"Making mats"
601,"confidential: replaced by 'CLID_anonymous'",36,18,1,2,"kiosk"
601,"confidential: replaced by 'CLID_anonymous'",73,13,2,1,"Video library"
601,"confidential: replaced by 'CLID_anonymous'",73,21,1,1,"Groundnuts monger"
601,"confidential: replaced by 'CLID_anonymous'",73,18,1,1,"Selling Poridge"
601,"confidential: replaced by 'CLID_anonymous'",73,20,1,1,"Kiosk"
601,"confidential: replaced by 'CLID_anonymous'",73,18,1,2,"Pety Trading"
601,"confidential: replaced by 'CLID_anonymous'",73,22,1,1,"Restaurant"
601,"confidential: replaced by 'CLID_anonymous'",73,13,2,2,"Entrepreneur"
601,"confidential: replaced by 'CLID_anonymous'",73,11,2,1,"Making local juice"
601,"confidential: replaced by 'CLID_anonymous'",73,12,1,1,"Fish monger"
601,"confidential: replaced by 'CLID_anonymous'",73,7,1,1,"Selling Khanga"
601,"confidential: replaced by 'CLID_anonymous'",73,21,1,2,"Charcoal monger"
601,"confidential: replaced by 'CLID_anonymous'",73,4,2,1,"Restaurant"
601,"confidential: replaced by 'CLID_anonymous'",34,28,1,1,"Handcraft"
601,"confidential: replaced by 'CLID_anonymous'",34,13,1,1,"Selling Local Brew"
601,"confidential: replaced by 'CLID_anonymous'",34,33,2,1,"Selling Charcoal"
601,"confidential: replaced by 'CLID_anonymous'",34,11,1,1,"Selling Charcoal"
601,"confidential: replaced by 'CLID_anonymous'",64,9,1,1,"Restaurant"
601,"confidential: replaced by 'CLID_anonymous'",64,18,1,1,"Selling Buns"
601,"confidential: replaced by 'CLID_anonymous'",64,12,1,1,"Handcrafts"
601,"confidential: replaced by 'CLID_anonymous'",64,25,1,1,"Restaurant"
601,"confidential: replaced by 'CLID_anonymous'",64,19,1,1,"Selling Buns"
601,"confidential: replaced by 'CLID_anonymous'",78,8,1,1,"Water vendour"
601,"confidential: replaced by 'CLID_anonymous'",78,14,1,1,"Motorcycle transportation"
601,"confidential: replaced by 'CLID_anonymous'",2,1,1,1,"making & selling charcoal"
601,"confidential: replaced by 'CLID_anonymous'",2,8,1,1,"selling local brew"
601,"confidential: replaced by 'CLID_anonymous'",2,15,1,1,"selling firewood"
601,"confidential: replaced by 'CLID_anonymous'",2,10,1,1,"making and selling charcoal"
601,"confidential: replaced by 'CLID_anonymous'",2,12,1,1,"local brewing"
601,"confidential: replaced by 'CLID_anonymous'",2,21,1,1,"buying and selling charcoal"
601,"confidential: replaced by 'CLID_anonymous'",2,14,1,1,"petty trading"
601,"confidential: replaced by 'CLID_anonymous'",51,3,1,1,"Making buns"
601,"confidential: replaced by 'CLID_anonymous'",51,25,1,1,"Firewood and charcoal monger"
601,"confidential: replaced by 'CLID_anonymous'",51,6,1,1,"selling roasted potatoes"
601,"confidential: replaced by 'CLID_anonymous'",51,20,1,1,"Petty trade"
601,"confidential: replaced by 'CLID_anonymous'",51,14,1,1,"Selling Green vegetables"
601,"confidential: replaced by 'CLID_anonymous'",51,23,1,1,"Motorvycle transportation"
601,"confidential: replaced by 'CLID_anonymous'",51,1,1,1,"Petty Trade"
601,"confidential: replaced by 'CLID_anonymous'",51,2,1,1,"Selling fruit juice"
601,"confidential: replaced by 'CLID_anonymous'",51,16,1,1,"Selling Green vegetable"
601,"confidential: replaced by 'CLID_anonymous'",51,12,1,2,"Petty trade"
601,"confidential: replaced by 'CLID_anonymous'",51,12,1,1,"Local Brewing"
601,"confidential: replaced by 'CLID_anonymous'",51,13,1,1,"Tailoring"
601,"confidential: replaced by 'CLID_anonymous'",57,22,1,1,"Restaurant"
601,"confidential: replaced by 'CLID_anonymous'",57,27,1,1,"Handcrafts"
601,"confidential: replaced by 'CLID_anonymous'",57,4,1,1,"Vegetable grocery"
601,"confidential: replaced by 'CLID_anonymous'",57,12,1,1,"Charcoal Monger"
601,"confidential: replaced by 'CLID_anonymous'",76,27,1,1,"Spices Monger"
601,"confidential: replaced by 'CLID_anonymous'",76,15,1,1,"Vegetable monger"
601,"confidential: replaced by 'CLID_anonymous'",76,13,1,1,"Restaurant"
601,"confidential: replaced by 'CLID_anonymous'",59,2,1,1,"Handcrafts"
601,"confidential: replaced by 'CLID_anonymous'",59,17,1,1,"Handcrafts"
601,"confidential: replaced by 'CLID_anonymous'",59,18,1,2,"Maize monger"
601,"confidential: replaced by 'CLID_anonymous'",59,18,1,1,"Restaurant"
602,"confidential: replaced by 'CLID_anonymous'",35,6,1,1,"Carpentry"
602,"confidential: replaced by 'CLID_anonymous'",35,26,2,1,"Restaurant"
602,"confidential: replaced by 'CLID_anonymous'",35,16,1,1,"Selling firewood"
602,"confidential: replaced by 'CLID_anonymous'",35,15,1,1,"Brew making"
602,"confidential: replaced by 'CLID_anonymous'",35,44,1,1,"Selling charcoal"
602,"confidential: replaced by 'CLID_anonymous'",35,26,1,1,"Selling fish"
602,"confidential: replaced by 'CLID_anonymous'",35,11,1,1,"Restaurant"
602,"confidential: replaced by 'CLID_anonymous'",35,16,1,2,"Selling charcoal"
602,"confidential: replaced by 'CLID_anonymous'",72,40,1,1,"Fishing"
602,"confidential: replaced by 'CLID_anonymous'",72,5,1,1,"Oranges monger"
602,"confidential: replaced by 'CLID_anonymous'",42,20,2,1,"Selling Cassava"
602,"confidential: replaced by 'CLID_anonymous'",42,19,1,1,"Groundnuts monger"
602,"confidential: replaced by 'CLID_anonymous'",42,21,1,1,"Selling buns"
602,"confidential: replaced by 'CLID_anonymous'",42,14,2,1,"fishing"
602,"confidential: replaced by 'CLID_anonymous'",42,9,1,2,"Tailoring"
602,"confidential: replaced by 'CLID_anonymous'",42,9,1,1,"Kiosk"
602,"confidential: replaced by 'CLID_anonymous'",69,33,1,1,"selling local brew"
602,"confidential: replaced by 'CLID_anonymous'",69,42,1,1,"biashara ya mkaa"
602,"confidential: replaced by 'CLID_anonymous'",47,8,1,1,"Kiosk"
602,"confidential: replaced by 'CLID_anonymous'",47,12,1,1,"burning and selling charcoal"
602,"confidential: replaced by 'CLID_anonymous'",10,27,1,1,"selling sugarcane"
602,"confidential: replaced by 'CLID_anonymous'",10,10,2,1,"food kiosk"
602,"confidential: replaced by 'CLID_anonymous'",10,26,1,1,"burning and selling charcoal"
602,"confidential: replaced by 'CLID_anonymous'",33,30,1,1,"Selling buns"
602,"confidential: replaced by 'CLID_anonymous'",33,18,1,1,"Oultry Keeping"
602,"confidential: replaced by 'CLID_anonymous'",33,14,1,2,"selling Khanga"
602,"confidential: replaced by 'CLID_anonymous'",33,34,1,1,"Selling buns"
602,"confidential: replaced by 'CLID_anonymous'",33,6,1,1,"Cashewnuts monger"
602,"confidential: replaced by 'CLID_anonymous'",33,14,1,1,"Fish Monger"
602,"confidential: replaced by 'CLID_anonymous'",33,23,1,1,"Selling buns"
602,"confidential: replaced by 'CLID_anonymous'",33,43,1,1,"Selling Buns"
602,"confidential: replaced by 'CLID_anonymous'",28,31,1,1,"Entrepreneurship"
602,"confidential: replaced by 'CLID_anonymous'",28,2,1,2,"Charcoal monger"
602,"confidential: replaced by 'CLID_anonymous'",28,15,2,1,"Food grocery"
602,"confidential: replaced by 'CLID_anonymous'",28,2,1,1,"Selling buns"
602,"confidential: replaced by 'CLID_anonymous'",28,23,1,1,"Entrepreneurship"
602,"confidential: replaced by 'CLID_anonymous'",28,49,1,1,"Selling firewood"
602,"confidential: replaced by 'CLID_anonymous'",28,43,1,1,"Selling firewood"
602,"confidential: replaced by 'CLID_anonymous'",28,37,1,1,"Selling sands and gravel"
602,"confidential: replaced by 'CLID_anonymous'",28,33,1,2,"ushonaji"
602,"confidential: replaced by 'CLID_anonymous'",28,30,1,1,"Poultry farming"
602,"confidential: replaced by 'CLID_anonymous'",28,33,1,1,"magenge"
602,"confidential: replaced by 'CLID_anonymous'",11,7,1,1,"Cassava Monger"
602,"confidential: replaced by 'CLID_anonymous'",11,48,1,1,"Selling  samosa"
602,"confidential: replaced by 'CLID_anonymous'",81,15,1,1,"Retail business"
602,"confidential: replaced by 'CLID_anonymous'",81,13,1,1,"making samosa"
602,"confidential: replaced by 'CLID_anonymous'",81,6,1,1,"Selling charcoal"
602,"confidential: replaced by 'CLID_anonymous'",81,9,2,1,"Charcoal monger"
602,"confidential: replaced by 'CLID_anonymous'",81,29,1,1,"selling local brew"
602,"confidential: replaced by 'CLID_anonymous'",81,17,2,1,"selling charcoal"
602,"confidential: replaced by 'CLID_anonymous'",29,22,1,1,"Restaurant"
602,"confidential: replaced by 'CLID_anonymous'",29,33,1,1,"Selling charcoal"
602,"confidential: replaced by 'CLID_anonymous'",29,9,1,1,"Shop"
602,"confidential: replaced by 'CLID_anonymous'",29,6,1,1,"Kiosk"
602,"confidential: replaced by 'CLID_anonymous'",29,6,1,2,"Tailoring"
602,"confidential: replaced by 'CLID_anonymous'",29,34,1,1,"Selling pancakes"
602,"confidential: replaced by 'CLID_anonymous'",45,4,1,1,"Firewood monger"
602,"confidential: replaced by 'CLID_anonymous'",45,22,1,1,"Selling buns"
602,"confidential: replaced by 'CLID_anonymous'",45,15,1,1,"green vegetables monger"
602,"confidential: replaced by 'CLID_anonymous'",39,17,1,1,"kiosk for seelling consumable goods"
602,"confidential: replaced by 'CLID_anonymous'",39,40,1,1,"hair plaiting"
602,"confidential: replaced by 'CLID_anonymous'",39,50,1,1,"Selling Charcoal"
602,"confidential: replaced by 'CLID_anonymous'",39,45,1,1,"selling food items"
602,"confidential: replaced by 'CLID_anonymous'",39,18,1,1,"selling cook meat and buns"
602,"confidential: replaced by 'CLID_anonymous'",44,41,1,1,"selling charcoal"
602,"confidential: replaced by 'CLID_anonymous'",44,47,1,1,"water vendor"
602,"confidential: replaced by 'CLID_anonymous'",18,28,1,2,"Restaurant"
602,"confidential: replaced by 'CLID_anonymous'",18,6,1,1,"Eggs monger"
602,"confidential: replaced by 'CLID_anonymous'",18,28,1,1,"making and selling local brew"
602,"confidential: replaced by 'CLID_anonymous'",18,7,1,1,"Selling buns"
602,"confidential: replaced by 'CLID_anonymous'",18,39,1,1,"Selling local brew"
602,"confidential: replaced by 'CLID_anonymous'",18,8,1,1,"Charcoal Monger"
602,"confidential: replaced by 'CLID_anonymous'",12,5,1,1,"kuuza tumbaku"
602,"confidential: replaced by 'CLID_anonymous'",12,39,2,1,"kuvua na kuuza samaki"
602,"confidential: replaced by 'CLID_anonymous'",65,15,1,1,"cafe"
602,"confidential: replaced by 'CLID_anonymous'",65,38,1,1,"burning & selling charcoal"
602,"confidential: replaced by 'CLID_anonymous'",65,48,1,1,"food kiosk"
602,"confidential: replaced by 'CLID_anonymous'",65,46,1,1,"selling spider eggs (to researchers)"
602,"confidential: replaced by 'CLID_anonymous'",65,11,1,1,"kununua na kuuza mkaa"
602,"confidential: replaced by 'CLID_anonymous'",65,8,1,1,"KIOSK"
602,"confidential: replaced by 'CLID_anonymous'",65,12,1,1,"charcoal business"
602,"confidential: replaced by 'CLID_anonymous'",65,19,1,1,"local brewing"
602,"confidential: replaced by 'CLID_anonymous'",54,16,1,1,"selling fish"
602,"confidential: replaced by 'CLID_anonymous'",54,17,1,1,"burning and selling charcoal"
602,"confidential: replaced by 'CLID_anonymous'",54,1,1,1,"making & selling traditional beds"
602,"confidential: replaced by 'CLID_anonymous'",54,39,1,1,"selling charcoal"
602,"confidential: replaced by 'CLID_anonymous'",54,33,1,1,"selling fish"
602,"confidential: replaced by 'CLID_anonymous'",54,26,1,1,"burning and selling charcoal"
602,"confidential: replaced by 'CLID_anonymous'",38,26,1,2,"Selling pancakes"
602,"confidential: replaced by 'CLID_anonymous'",38,6,1,1,"Selling local brew"
602,"confidential: replaced by 'CLID_anonymous'",38,38,1,1,"Selling pancakes"
602,"confidential: replaced by 'CLID_anonymous'",38,25,2,1,"Selling cigarettes"
602,"confidential: replaced by 'CLID_anonymous'",38,26,1,1,"Operating the shop"
602,"confidential: replaced by 'CLID_anonymous'",38,43,2,1,"Carpentry"
602,"confidential: replaced by 'CLID_anonymous'",25,39,1,1,"Restaurant"
602,"confidential: replaced by 'CLID_anonymous'",25,32,1,1,"Restaurant"
602,"confidential: replaced by 'CLID_anonymous'",25,2,1,1,"From the shop"
602,"confidential: replaced by 'CLID_anonymous'",25,36,2,1,"Selling Charcoal"
602,"confidential: replaced by 'CLID_anonymous'",25,23,1,1,"Pottery"
602,"confidential: replaced by 'CLID_anonymous'",25,9,1,1,"Kiosk"
602,"confidential: replaced by 'CLID_anonymous'",23,17,2,1,"selling local brew"
602,"confidential: replaced by 'CLID_anonymous'",31,32,2,1,"Making mats"
602,"confidential: replaced by 'CLID_anonymous'",31,16,1,1,"Fish monger"
602,"confidential: replaced by 'CLID_anonymous'",24,29,1,1,"Small enterprise"
602,"confidential: replaced by 'CLID_anonymous'",24,41,1,1,"Charcoal Monger"
602,"confidential: replaced by 'CLID_anonymous'",24,47,1,1,"Charcoal monger"
602,"confidential: replaced by 'CLID_anonymous'",24,34,1,1,"Making wood charcoal"
602,"confidential: replaced by 'CLID_anonymous'",24,50,1,1,"Selling Buns"
602,"confidential: replaced by 'CLID_anonymous'",24,12,1,1,"Breads Monger"
602,"confidential: replaced by 'CLID_anonymous'",24,42,1,1,"Charcoal Monger"
602,"confidential: replaced by 'CLID_anonymous'",24,24,1,1,"Small enterprise"
