"DistID","CLID","CLID_anonymous","HHNum","SplitOffId","HHTransGroupID","T5HQ1z","T5HQ2","T5HAQ1a","T5HAQ1b","T5HAQ1c","T5HAQ1d","T5HAQ2","T5HAQ3"
104,"confidential: replaced by 'CLID_anonymous'",26,10,1,1,1,1,4,,,,2,1
104,"confidential: replaced by 'CLID_anonymous'",77,19,1,1,1,1,1,,,,2,1
104,"confidential: replaced by 'CLID_anonymous'",63,16,1,1,1,1,1,,,,1,1
104,"confidential: replaced by 'CLID_anonymous'",63,6,1,1,1,1,6,,,,2,1
104,"confidential: replaced by 'CLID_anonymous'",22,6,1,1,1,1,4,,,,2,1
104,"confidential: replaced by 'CLID_anonymous'",50,21,1,1,2,1,4,,,,2,1
104,"confidential: replaced by 'CLID_anonymous'",82,5,1,1,2,1,1,,,,2,1
104,"confidential: replaced by 'CLID_anonymous'",70,20,1,1,1,1,4,,,,2,2
104,"confidential: replaced by 'CLID_anonymous'",70,4,1,1,2,1,4,,,,1,1
104,"confidential: replaced by 'CLID_anonymous'",27,17,1,1,1,1,1,,,,1,2
104,"confidential: replaced by 'CLID_anonymous'",66,16,1,1,2,1,4,,,,2,1
104,"confidential: replaced by 'CLID_anonymous'",66,6,1,1,1,1,4,,,,2,2
601,"confidential: replaced by 'CLID_anonymous'",5,9,1,1,1,1,1,,,,1,1
601,"confidential: replaced by 'CLID_anonymous'",5,19,1,1,1,1,1,,,,2,1
601,"confidential: replaced by 'CLID_anonymous'",49,27,1,1,1,1,1,,,,2,1
601,"confidential: replaced by 'CLID_anonymous'",74,5,1,1,2,1,1,,,,2,1
601,"confidential: replaced by 'CLID_anonymous'",74,26,1,1,2,1,1,,,,2,1
601,"confidential: replaced by 'CLID_anonymous'",62,2,1,1,2,1,1,,,,2,1
601,"confidential: replaced by 'CLID_anonymous'",62,5,1,1,2,1,2,,,,2,1
601,"confidential: replaced by 'CLID_anonymous'",62,11,1,1,2,1,2,,,,2,1
601,"confidential: replaced by 'CLID_anonymous'",21,17,1,1,3,1,1,,,,1,1
601,"confidential: replaced by 'CLID_anonymous'",21,10,1,1,4,1,2,,,,2,1
601,"confidential: replaced by 'CLID_anonymous'",21,14,1,1,2,1,1,,,,2,2
601,"confidential: replaced by 'CLID_anonymous'",21,2,1,1,2,2,2,6,,,1,1
601,"confidential: replaced by 'CLID_anonymous'",21,18,1,1,1,1,6,,,,2,2
601,"confidential: replaced by 'CLID_anonymous'",1,8,1,1,3,1,1,,,,1,2
601,"confidential: replaced by 'CLID_anonymous'",79,23,1,1,2,1,1,,,,2,1
601,"confidential: replaced by 'CLID_anonymous'",41,9,1,1,1,1,6,,,,2,1
601,"confidential: replaced by 'CLID_anonymous'",41,19,1,1,2,1,6,,,,2,2
601,"confidential: replaced by 'CLID_anonymous'",41,3,1,1,3,1,1,,,,1,1
601,"confidential: replaced by 'CLID_anonymous'",41,12,1,1,2,1,6,,,,1,2
601,"confidential: replaced by 'CLID_anonymous'",53,4,1,1,2,1,6,,,,1,2
601,"confidential: replaced by 'CLID_anonymous'",53,18,1,1,1,1,6,,,,2,1
601,"confidential: replaced by 'CLID_anonymous'",75,8,1,1,1,1,1,,,,2,1
601,"confidential: replaced by 'CLID_anonymous'",37,19,1,1,1,1,1,,,,2,1
601,"confidential: replaced by 'CLID_anonymous'",37,11,1,2,2,1,2,,,,2,1
601,"confidential: replaced by 'CLID_anonymous'",37,5,1,1,4,1,6,,,,2,1
601,"confidential: replaced by 'CLID_anonymous'",37,11,1,1,1,1,2,,,,2,1
601,"confidential: replaced by 'CLID_anonymous'",37,10,1,1,1,1,2,,,,2,1
601,"confidential: replaced by 'CLID_anonymous'",61,23,1,1,2,1,6,,,,2,2
601,"confidential: replaced by 'CLID_anonymous'",61,22,1,1,1,1,1,,,,2,1
601,"confidential: replaced by 'CLID_anonymous'",60,10,1,1,2,1,2,,,,2,1
601,"confidential: replaced by 'CLID_anonymous'",60,16,1,1,2,1,1,,,,2,2
601,"confidential: replaced by 'CLID_anonymous'",4,17,1,1,5,1,1,,,,2,1
601,"confidential: replaced by 'CLID_anonymous'",7,8,1,1,1,1,6,,,,1,1
601,"confidential: replaced by 'CLID_anonymous'",7,6,1,1,2,1,1,,,,2,1
601,"confidential: replaced by 'CLID_anonymous'",32,19,1,1,1,1,1,,,,1,1
601,"confidential: replaced by 'CLID_anonymous'",32,15,1,1,1,2,6,1,,,2,1
601,"confidential: replaced by 'CLID_anonymous'",17,4,1,1,1,1,1,,,,2,2
601,"confidential: replaced by 'CLID_anonymous'",17,2,1,1,1,1,1,,,,2,1
601,"confidential: replaced by 'CLID_anonymous'",17,3,1,2,2,1,2,,,,2,1
601,"confidential: replaced by 'CLID_anonymous'",17,22,1,1,1,1,6,,,,1,1
601,"confidential: replaced by 'CLID_anonymous'",17,14,1,1,2,1,1,,,,2,1
601,"confidential: replaced by 'CLID_anonymous'",17,8,1,1,1,1,6,,,,2,1
601,"confidential: replaced by 'CLID_anonymous'",17,17,1,1,1,1,1,,,,2,1
601,"confidential: replaced by 'CLID_anonymous'",17,3,1,1,1,1,2,,,,1,1
601,"confidential: replaced by 'CLID_anonymous'",3,8,1,1,1,1,6,,,,2,1
601,"confidential: replaced by 'CLID_anonymous'",3,17,1,1,1,1,6,,,,2,1
601,"confidential: replaced by 'CLID_anonymous'",20,5,1,1,1,1,1,,,,2,1
601,"confidential: replaced by 'CLID_anonymous'",20,19,1,1,1,1,1,,,,2,1
601,"confidential: replaced by 'CLID_anonymous'",20,13,1,1,2,3,1,6,2,,1,1
601,"confidential: replaced by 'CLID_anonymous'",20,14,1,1,2,1,1,,,,1,1
601,"confidential: replaced by 'CLID_anonymous'",13,8,2,1,2,2,4,4,,,1,1
601,"confidential: replaced by 'CLID_anonymous'",13,8,1,1,1,1,1,,,,2,1
601,"confidential: replaced by 'CLID_anonymous'",55,14,1,1,1,1,1,,,,2,2
601,"confidential: replaced by 'CLID_anonymous'",36,11,1,1,1,1,1,,,,2,1
601,"confidential: replaced by 'CLID_anonymous'",73,22,1,1,1,1,1,,,,2,1
601,"confidential: replaced by 'CLID_anonymous'",73,20,1,1,3,1,1,,,,2,1
601,"confidential: replaced by 'CLID_anonymous'",73,13,2,1,2,1,1,,,,1,1
601,"confidential: replaced by 'CLID_anonymous'",34,11,1,1,1,1,4,,,,1,1
601,"confidential: replaced by 'CLID_anonymous'",64,8,1,1,1,1,1,,,,2,1
601,"confidential: replaced by 'CLID_anonymous'",64,9,1,1,2,1,1,,,,1,88
601,"confidential: replaced by 'CLID_anonymous'",2,18,1,1,1,1,1,,,,2,1
601,"confidential: replaced by 'CLID_anonymous'",2,19,1,1,1,1,1,,,,1,2
601,"confidential: replaced by 'CLID_anonymous'",51,27,1,1,3,1,4,,,,1,1
601,"confidential: replaced by 'CLID_anonymous'",51,13,1,1,1,1,1,,,,2,2
601,"confidential: replaced by 'CLID_anonymous'",51,23,1,1,2,1,6,,,,1,1
601,"confidential: replaced by 'CLID_anonymous'",51,6,1,1,3,1,2,,,,1,1
601,"confidential: replaced by 'CLID_anonymous'",51,12,1,1,2,1,2,,,,1,2
601,"confidential: replaced by 'CLID_anonymous'",57,2,1,1,2,1,1,,,,2,1
601,"confidential: replaced by 'CLID_anonymous'",57,23,1,1,1,1,1,,,,2,1
601,"confidential: replaced by 'CLID_anonymous'",59,18,1,1,4,1,1,,,,2,1
602,"confidential: replaced by 'CLID_anonymous'",35,3,1,1,1,1,1,,,,2,2
602,"confidential: replaced by 'CLID_anonymous'",35,44,1,1,5,1,2,,,,2,1
602,"confidential: replaced by 'CLID_anonymous'",35,48,1,1,1,1,2,,,,1,1
602,"confidential: replaced by 'CLID_anonymous'",35,6,1,1,1,1,3,,,,1,1
602,"confidential: replaced by 'CLID_anonymous'",35,42,1,2,3,1,1,,,,2,1
602,"confidential: replaced by 'CLID_anonymous'",35,15,1,1,2,1,6,,,,2,1
602,"confidential: replaced by 'CLID_anonymous'",35,35,1,1,2,1,6,,,,1,1
602,"confidential: replaced by 'CLID_anonymous'",35,3,1,2,2,2,1,2,,,2,1
602,"confidential: replaced by 'CLID_anonymous'",35,16,1,1,1,2,1,1,,,2,2
602,"confidential: replaced by 'CLID_anonymous'",35,42,1,1,1,1,1,,,,2,2
602,"confidential: replaced by 'CLID_anonymous'",35,16,1,2,2,1,1,,,,2,2
602,"confidential: replaced by 'CLID_anonymous'",35,1,2,1,1,1,6,,,,1,1
602,"confidential: replaced by 'CLID_anonymous'",72,13,1,1,4,1,1,,,,2,1
602,"confidential: replaced by 'CLID_anonymous'",42,19,1,1,2,1,1,,,,2,1
602,"confidential: replaced by 'CLID_anonymous'",42,13,1,1,2,1,1,,,,2,1
602,"confidential: replaced by 'CLID_anonymous'",42,21,1,1,1,1,1,,,,1,1
602,"confidential: replaced by 'CLID_anonymous'",42,11,1,1,2,1,2,,,,2,1
602,"confidential: replaced by 'CLID_anonymous'",42,20,1,1,2,1,6,,,,1,1
602,"confidential: replaced by 'CLID_anonymous'",42,3,1,1,2,1,1,,,,2,1
602,"confidential: replaced by 'CLID_anonymous'",42,17,1,1,1,1,1,,,,1,1
602,"confidential: replaced by 'CLID_anonymous'",47,13,1,1,3,1,1,,,,2,1
602,"confidential: replaced by 'CLID_anonymous'",47,46,2,1,2,1,1,,,,2,1
602,"confidential: replaced by 'CLID_anonymous'",47,7,1,1,1,1,4,,,,2,1
602,"confidential: replaced by 'CLID_anonymous'",10,10,2,1,2,1,1,,,,2,1
602,"confidential: replaced by 'CLID_anonymous'",10,8,1,1,2,1,1,,,,2,1
602,"confidential: replaced by 'CLID_anonymous'",10,27,1,2,2,1,4,,,,1,1
602,"confidential: replaced by 'CLID_anonymous'",10,45,1,1,2,1,1,,,,2,1
602,"confidential: replaced by 'CLID_anonymous'",10,27,1,1,1,1,1,,,,2,1
602,"confidential: replaced by 'CLID_anonymous'",10,45,1,2,1,1,1,,,,1,1
602,"confidential: replaced by 'CLID_anonymous'",10,26,1,1,5,1,1,,,,2,1
602,"confidential: replaced by 'CLID_anonymous'",33,41,1,1,1,2,4,1,,,1,1
602,"confidential: replaced by 'CLID_anonymous'",33,23,1,1,2,1,2,,,,2,1
602,"confidential: replaced by 'CLID_anonymous'",33,6,1,1,4,1,2,,,,1,1
602,"confidential: replaced by 'CLID_anonymous'",33,31,1,1,1,2,1,1,,,2,2
602,"confidential: replaced by 'CLID_anonymous'",33,11,1,1,1,1,6,,,,1,88
602,"confidential: replaced by 'CLID_anonymous'",33,1,1,1,2,1,1,,,,1,1
602,"confidential: replaced by 'CLID_anonymous'",33,43,1,1,2,2,6,2,,,2,1
602,"confidential: replaced by 'CLID_anonymous'",28,43,1,1,2,2,1,6,,,2,1
602,"confidential: replaced by 'CLID_anonymous'",28,33,1,1,5,1,6,,,,2,88
602,"confidential: replaced by 'CLID_anonymous'",28,31,1,1,2,2,4,6,,,2,1
602,"confidential: replaced by 'CLID_anonymous'",28,2,1,1,3,2,1,2,,,2,1
602,"confidential: replaced by 'CLID_anonymous'",11,50,1,1,2,1,1,,,,2,2
602,"confidential: replaced by 'CLID_anonymous'",11,8,1,1,1,1,2,,,,2,1
602,"confidential: replaced by 'CLID_anonymous'",11,49,1,1,2,1,1,,,,2,2
602,"confidential: replaced by 'CLID_anonymous'",11,15,1,2,1,1,2,,,,1,1
602,"confidential: replaced by 'CLID_anonymous'",11,25,1,1,1,1,99,,,,1,1
602,"confidential: replaced by 'CLID_anonymous'",11,18,1,1,1,1,99,,,,2,1
602,"confidential: replaced by 'CLID_anonymous'",11,15,1,1,3,1,2,,,,1,1
602,"confidential: replaced by 'CLID_anonymous'",81,23,1,2,2,1,2,,,,2,1
602,"confidential: replaced by 'CLID_anonymous'",81,23,1,1,1,1,2,,,,2,2
602,"confidential: replaced by 'CLID_anonymous'",81,22,1,2,3,1,2,,,,2,1
602,"confidential: replaced by 'CLID_anonymous'",81,29,1,1,2,2,1,2,,,2,2
602,"confidential: replaced by 'CLID_anonymous'",81,22,1,1,1,1,2,,,,2,1
602,"confidential: replaced by 'CLID_anonymous'",29,27,1,2,5,1,2,,,,2,2
602,"confidential: replaced by 'CLID_anonymous'",29,8,1,1,2,1,2,,,,1,1
602,"confidential: replaced by 'CLID_anonymous'",29,27,1,1,1,1,1,,,,1,1
602,"confidential: replaced by 'CLID_anonymous'",29,9,1,1,2,1,2,,,,1,1
602,"confidential: replaced by 'CLID_anonymous'",45,34,1,1,2,1,2,,,,2,1
602,"confidential: replaced by 'CLID_anonymous'",45,35,1,1,2,1,1,,,,2,2
602,"confidential: replaced by 'CLID_anonymous'",45,13,1,1,1,1,5,,,,2,2
602,"confidential: replaced by 'CLID_anonymous'",39,26,1,1,2,1,1,,,,2,1
602,"confidential: replaced by 'CLID_anonymous'",39,5,1,1,4,1,2,,,,2,1
602,"confidential: replaced by 'CLID_anonymous'",39,2,1,1,1,1,2,,,,2,1
602,"confidential: replaced by 'CLID_anonymous'",39,8,1,1,2,1,1,,,,2,2
602,"confidential: replaced by 'CLID_anonymous'",44,5,1,1,2,1,2,,,,2,1
602,"confidential: replaced by 'CLID_anonymous'",44,17,1,1,4,1,2,,,,1,1
602,"confidential: replaced by 'CLID_anonymous'",44,23,1,1,3,1,6,,,,2,2
602,"confidential: replaced by 'CLID_anonymous'",44,5,1,2,1,1,2,,,,2,1
602,"confidential: replaced by 'CLID_anonymous'",44,23,1,2,4,1,6,,,,2,2
602,"confidential: replaced by 'CLID_anonymous'",18,22,1,2,2,1,1,,,,2,1
602,"confidential: replaced by 'CLID_anonymous'",18,36,1,1,1,1,1,,,,2,1
602,"confidential: replaced by 'CLID_anonymous'",18,42,1,1,1,1,1,,,,2,1
602,"confidential: replaced by 'CLID_anonymous'",18,8,1,1,1,1,1,,,,1,1
602,"confidential: replaced by 'CLID_anonymous'",18,8,1,2,2,1,1,,,,2,1
602,"confidential: replaced by 'CLID_anonymous'",18,47,1,1,1,1,1,,,,2,1
602,"confidential: replaced by 'CLID_anonymous'",18,22,1,1,1,1,1,,,,2,1
602,"confidential: replaced by 'CLID_anonymous'",18,43,1,1,1,1,1,,,,2,2
602,"confidential: replaced by 'CLID_anonymous'",12,26,1,1,1,1,1,,,,2,1
602,"confidential: replaced by 'CLID_anonymous'",12,34,1,1,1,2,1,6,,,1,1
602,"confidential: replaced by 'CLID_anonymous'",12,48,1,1,2,1,1,,,,2,2
602,"confidential: replaced by 'CLID_anonymous'",65,8,1,1,2,1,2,,,,2,1
602,"confidential: replaced by 'CLID_anonymous'",65,11,1,1,1,1,1,,,,2,1
602,"confidential: replaced by 'CLID_anonymous'",54,2,1,1,1,1,1,,,,2,1
602,"confidential: replaced by 'CLID_anonymous'",38,43,1,1,3,1,1,,,,1,1
602,"confidential: replaced by 'CLID_anonymous'",38,34,1,1,1,2,1,2,,,2,2
602,"confidential: replaced by 'CLID_anonymous'",38,26,1,1,2,2,1,2,,,2,1
602,"confidential: replaced by 'CLID_anonymous'",38,6,1,1,1,2,1,2,,,2,1
602,"confidential: replaced by 'CLID_anonymous'",25,14,1,1,1,1,2,,,,2,1
602,"confidential: replaced by 'CLID_anonymous'",25,32,1,2,2,2,1,1,,,2,2
602,"confidential: replaced by 'CLID_anonymous'",25,9,1,1,2,1,2,,,,2,1
602,"confidential: replaced by 'CLID_anonymous'",25,32,1,1,1,1,1,,,,1,1
602,"confidential: replaced by 'CLID_anonymous'",25,1,1,1,2,1,1,,,,2,2
602,"confidential: replaced by 'CLID_anonymous'",25,16,2,1,2,1,2,,,,1,1
602,"confidential: replaced by 'CLID_anonymous'",25,20,1,1,1,1,2,,,,2,1
602,"confidential: replaced by 'CLID_anonymous'",25,21,1,1,2,1,2,,,,1,1
602,"confidential: replaced by 'CLID_anonymous'",31,22,1,1,1,1,6,,,,2,2
602,"confidential: replaced by 'CLID_anonymous'",31,50,1,1,1,1,99,,,,2,1
602,"confidential: replaced by 'CLID_anonymous'",31,29,1,1,1,1,6,,,,2,2
602,"confidential: replaced by 'CLID_anonymous'",31,19,1,1,2,1,1,,,,1,1
602,"confidential: replaced by 'CLID_anonymous'",31,38,1,1,5,1,1,,,,2,2
602,"confidential: replaced by 'CLID_anonymous'",31,17,1,1,1,1,1,,,,2,2
602,"confidential: replaced by 'CLID_anonymous'",31,43,1,1,1,1,1,,,,1,2
602,"confidential: replaced by 'CLID_anonymous'",24,47,1,1,1,2,1,1,,,1,1
602,"confidential: replaced by 'CLID_anonymous'",24,50,1,1,2,2,2,1,,,2,1
602,"confidential: replaced by 'CLID_anonymous'",24,26,1,1,2,1,2,,,,2,1
602,"confidential: replaced by 'CLID_anonymous'",24,23,1,1,2,1,1,,,,2,1
602,"confidential: replaced by 'CLID_anonymous'",24,12,1,1,2,1,2,,,,2,2
602,"confidential: replaced by 'CLID_anonymous'",24,34,1,1,1,1,1,,,,2,2
602,"confidential: replaced by 'CLID_anonymous'",24,7,1,1,2,1,1,,,,2,2
602,"confidential: replaced by 'CLID_anonymous'",24,29,1,1,4,1,6,,,,2,1
602,"confidential: replaced by 'CLID_anonymous'",24,45,1,1,1,2,1,2,,,2,2
602,"confidential: replaced by 'CLID_anonymous'",24,28,1,1,2,1,6,,,,2,1
602,"confidential: replaced by 'CLID_anonymous'",24,42,1,1,2,1,2,,,,2,1
602,"confidential: replaced by 'CLID_anonymous'",24,24,1,1,2,1,2,,,,2,1
602,"confidential: replaced by 'CLID_anonymous'",24,22,1,1,3,1,2,,,,2,1
602,"confidential: replaced by 'CLID_anonymous'",24,41,1,1,2,1,6,,,,2,1
