"InterviewerID","InterviewerName","TeamID","TMNum","MF","Role","RoleID","Phone2","anonymous_data_ID"
200619,"confidential: removed from data",,,"M","Supervisor",1,,1
200612,"confidential: removed from data",,,"M","Supervisor",1,,2
200828,"confidential: removed from data",,,"M","Supervisor",1,,3
200304,"confidential: removed from data",,,"M","Coordinator",1,,4
200406,"confidential: removed from data",,,"M","Supervisor",1,,5
200820,"confidential: removed from data",,,"M","Supervisor",1,,6
200625,"confidential: removed from data",,,"M","Coordinator",1,,7
200426,"confidential: removed from data",,,"M","Interviewer",2,,8
200435,"confidential: removed from data",,,"M","Interviewer",2,,9
200437,"confidential: removed from data",,,"F","Interviewer",2,,10
200421,"confidential: removed from data",,,"F","Interviewer",2,,11
200418,"confidential: removed from data",,,"M","Coordinator",1,,12
200704,"confidential: removed from data",,,"M","Interviewer",2,,13
200814,"confidential: removed from data",,,"M","Interviewer",2,,14
200818,"confidential: removed from data",,,"M","Interviewer",2,,15
200823,"confidential: removed from data",,,"M","Interviewer",2,,16
200906,"confidential: removed from data",,,"F","Interviewer",2,,17
200912,"confidential: removed from data",,,"M","Interviewer",2,,18
201014,"confidential: removed from data",,,"M","Interviewer",2,,19
201017,"confidential: removed from data",,,"M","Interviewer",2,,20
201020,"confidential: removed from data",,,"M","Coordinator",1,,21
200608,"confidential: removed from data",,,"F","Interviewer",2,,22
201019,"confidential: removed from data",,,"M","Supervisor",2,,23
201195,"confidential: removed from data",,,"M","Interviewer",2,,24
201196,"confidential: removed from data",,,"F","Interviewer",2,,25
201197,"confidential: removed from data",,,"M","Interviewer",2,,26
