"ItemCode","ItemLabel","ItemPhoto"
3001,"Kilo moja ya unga wa mahindi (sembe)","<img src = file:\\\C:\photos\CCT\NP-9999.JPG/>"
3002,"Andazi moja kati ya haya kwenye sahani","<img src = file:\\\C:\photos\CCT\FI-3002-A.JPG/>"
3003,"Muhogo huu kwenye picha","<img src = file:\\\C:\photos\CCT\FI-3003-A.JPG/>"
3004,"Fungu hili la viazi vitamu","<img src = file:\\\C:\photos\CCT\FI-3004-A.JPG/>"
3005,"Mkungu huu wa ndizi","<img src = file:\\\C:\photos\CCT\FI-3005-A.JPG/>"
3006,"Kilo moja ya sukari","<img src = file:\\\C:\photos\CCT\NP-9999.JPG/>"
3007,"Kilo moja ya maharage makavu","<img src = file:\\\C:\photos\CCT\NP-9999.JPG/>"
3008,"Nazi moja","<img src = file:\\\C:\photos\CCT\NP-9999.JPG/>"
3009,"Fungu hili la nyanya","<img src = file:\\\C:\photos\CCT\FI-3009-A.JPG/>"
3010,"Fungu hili la vitunguu","<img src = file:\\\C:\photos\CCT\FI-3010-A.JPG/>"
3011,"Fungu hili la mchicha","<img src = file:\\\C:\photos\CCT\FI-3011-A.JPG/>"
3012,"Fungu hili la kilo 1 ya nyama","<img src = file:\\\C:\photos\CCT\FI-3012-A.JPG/>"
3013,"Kuku kama huyu pichani","<img src = file:\\\C:\photos\CCT\FI-3013-A.JPG/>"
3014,"Yai la kuku wa kienyeji","<img src = file:\\\C:\photos\CCT\NP-9999.JPG/>"
3015,"Fungu hili la gramu 200 za dagaa wakavu","<img src = file:\\\C:\photos\CCT\FI-3015-A.JPG/>"
3016,"Samaki huyu mkavu","<img src = file:\\\C:\photos\CCT\FI-3016-A.JPG/>"
3017,"Lita 1 ya maziwa freshi (sawa na chupa 2 za bia au 3 za soda)","<img src = file:\\\C:\photos\CCT\NP-9999.JPG/>"
3018,"Lita 1 ya mafuta ya kupikia (sawa na chupa 2 za bia au 3 za soda)","<img src = file:\\\C:\photos\CCT\NP-9999.JPG/>"
3019,"Chupa moja ya soda yenye ujazo wa mililita 350","<img src = file:\\\C:\photos\CCT\NP-9999.JPG/>"
3020,"Sahani 1 ya wali na nyama katika mgahawa wa kawaida","<img src = file:\\\C:\photos\CCT\NP-9999.JPG/>"
3021,"Kikombe cha chai ya maziwa katika mgahawa wa kawaida","<img src = file:\\\C:\photos\CCT\NP-9999.JPG/>"
3040,"Kisadolini cha mkaa kama hiki pichani","<img src = file:\\\C:\photos\CCT\FI-3040-A.JPG/>"
3041,"Lita 1 ya mafuta ya taa (sawa na chupa 2 za bia au 3 za soda)","<img src = file:\\\C:\photos\CCT\NP-9999.JPG/>"
3042,"Kiberiti 1 cha njiti kama hiki pichani","<img src = file:\\\C:\photos\CCT\FI-3042-A.JPG/>"
3043,"Mche wa sabuni kama huu pichani","<img src = file:\\\C:\photos\CCT\FI-3043-A.JPG/>"
3044,"Dawa ya meno ya gramu 15 kama hii pichani","<img src = file:\\\C:\photos\CCT\FI-3044-A.JPG/>"
3045,"Mafuta ya kujipaka 25cc kama haya pichani","<img src = file:\\\C:\photos\CCT\FI-3045-A.JPG/>"
3046,"Beteri 1 National/Panasonic kubwa","<img src = file:\\\C:\photos\CCT\NP-9999.JPG/>"
