"Drug_Id","Activeingerediant"
1,"Abacavir Sulphate"
2,"Acarbose"
3,"Aceclofenac"
4,"Acetaminophen"
5,"Acetazolamide"
6,"Acetylsalicylic Acid"
7,"Acetyltyrosine"
8,"Acriflavine Hydrochloride"
9,"Acyclovir"
10,"Adapalene"
11,"Adrenaline"
12,"Adrenaline acid tartrate equivalent to adrenaline"
13,"Albendazole"
14,"Alcohol"
15,"Aliskiren"
16,"Allantoin"
17,"Allium Sativum"
18,"Allopurinol"
19,"Almond Oil"
20,"Aloe Extract"
21,"Alprazolam"
22,"Aluminium Hydroxide"
23,"Ambroxol Hydrochloride"
24,"Amikacin Sulphate"
25,"Aminocaproic acid"
26,"Aminophylline"
27,"Amiodarone Hydrochloride"
28,"Amitriptyline Hydrochloride"
29,"Amlodipine"
30,"Ammonium Bicarbonate"
31,"Ammonium Chloride"
32,"Amodiaquine"
33,"Amoxycillin"
34,"Amylmetacresol"
35,"Anafranil Hydrochloride"
36,"Anhydrous Benzoyl Peroxide"
37,"Anise Oil"
38,"Arachis Oil"
39,"Artemether"
40,"Artemisinin"
41,"Artesunate"
42,"Ascorbic Acid"
43,"Atazanavir (as Sulphate)"
44,"Atenolol"
45,"Atorvastatin"
46,"Atorvastatin Calcium"
47,"Atorvastatin Calcium eq to Atorvastatin"
48,"Atorvastatin Calcium equivalent to Atorvastatin"
49,"Atovaquone"
50,"Atropine Sulphate"
51,"Attenueted Yellow fever"
52,"Azithromycin"
53,"Azithromycin Dihydrate eq to Azithromycin"
54,"Azithromycin Dihydrate equivalent to Azithromycin"
55,"Bambuterol Hydrocloride"
56,"B-artemether"
57,"Beclomethasone Dipropionate"
58,"Bendrofluazide"
59,"Benzalkonium chloride"
60,"Benzathine Penicillin"
61,"Benzathine Penicillin Sodium"
62,"Benzoic Acid"
63,"Benzoin tincture"
64,"Benzoyl Peroxide"
65,"Benzyl benzoate"
66,"Benzyl"
67,"Arthemether"
68,"Beta Carotene"
69,"Betahistine Dihydrochloride"
70,"Betamethasone"
71,"Bevacizumab"
72,"Bicalutamide"
73,"Bifonazole"
74,"Biotin"
75,"Biphasic Isophane Insulin"
76,"Bisacodyl"
77,"Bismuth"
78,"bisoprolol Fumarate"
79,"Bitis"
80,"Black Mamba"
81,"Bleomycin Sulphate"
82,"Boric Acid"
83,"Brinzolamide"
84,"Bromazepam"
85,"Bromelain"
86,"Bromhexine"
87,"Bromhexine Hydrochloride"
88,"Bromocriptine Mesylate"
89,"Budesonide"
90,"Bupivacaine hydrochloride"
91,"Bupivaine Hydrochloride"
92,"Caffeine"
93,"Caffeine Anhydrous"
94,"Calamine"
95,"Calcitriol"
96,"Calcium"
97,"Camphor oil"
98,"Camphor racemic"
99,"Camphor Synthetic"
100,"Candesartan Cilexetil"
101,"Capecitabine"
102,"Capsaicin"
103,"Capsicum"
104,"Captopril"
105,"Carbamazepine"
106,"Carbocisteine"
107,"Carboplatin"
108,"Carboxymethyl cellulose"
109,"Carvedilol"
110,"Castor oil"
111,"Cefaclor"
112,"Cefadroxil"
113,"Cefalexin"
114,"Cefalexin Monohydrate"
115,"Cefatrizine"
116,"Cefazolin Sodium equivalent Cefazolin"
117,"cefdinir"
118,"Cefepime Hydrochloride"
119,"Cefixime Trihydrate"
120,"Cefotaxime Sodium"
121,"Cefpirome"
122,"Cefpodoxime Proxetil"
123,"Cefpodoxime Proxetil equivalent to Cefpodoxime"
124,"Cefprozil"
125,"Cefradine"
126,"Ceftazidime Pentahydrate"
127,"Ceftriaxone"
128,"Ceftriaxone Disodium"
129,"Cefuroxime"
130,"Celecoxib"
131,"Cephalexin"
132,"Cephalexin Monohydrate equivalent to Cephalexin Anhydrous"
133,"Cephradine Monohydrate eq to Cephradine"
134,"Cephradine Monohydrate equivalent to Cephradine Anhydrous"
135,"Cetrimide"
136,"Cetrizine Dihydrochloride"
137,"Cetrizine Hydrochloride"
138,"Cetyl Alcohol"
139,"Cetylpyridinium Chloride"
140,"Chloramphenicol"
141,"Chlorhexidine Gluconate"
142,"Chloride"
143,"Chlorinated Lime"
144,"Chlorocresol"
145,"Chloroform"
146,"Chloropheniramine"
147,"Chlorpromazine Hydrochloride"
148,"Chlorpropamide"
149,"Chlorproquanil Hydrochloride"
150,"Chlorthalidone"
151,"Chlorzoxazone"
152,"Cholecalciferol"
153,"Choline Bitartarate"
154,"Chromium"
155,"Cimetidine"
156,"Cinchonidine Hydrochloride"
157,"Ciprofloxacin"
158,"Cisatricurium Besylate"
159,"Cisplatin"
160,"Citalopram Hydrobromide (eq to Citalopram)"
161,"Citric Acid Hydrous"
162,"Clarithromycin"
163,"Clavulanic"
164,"Clemestine Fumarate equivalent to Clemestine"
165,"Clindamycin Hydrochloride"
166,"Clioquinol"
167,"Clobesol Propionate"
168,"Clobetasol Propionate"
169,"Clobetasone Butyrate"
170,"Clomifene Citrate"
171,"Clopidogrel Bisulfate"
172,"Clotrimazole"
173,"Clove Oil"
174,"Cloxacillin"
175,"Coal tar"
176,"Codeine"
177,"Codeine"
178,"Colchicine"
179,"Copper"
180,"Creosote"
181,"Creostum"
182,"Cromoglicate Sodium"
183,"Cromolyn Sodium"
184,"Cyanocobalamin"
185,"Cyanocobalamine"
186,"Cyclosporine"
187,"Cynacobalamine"
188,"Cyproheptadine Hydrochloride"
189,"Dacarbazine"
190,"Dapsone"
191,"Darunavir Ethanolate"
192,"Dendaspis viridis venom"
193,"Dendroaspis jamesoni venom"
194,"Dendrosapis polylepsis venom"
195,"Desloratadine"
196,"Desogestrel"
197,"Dexamethasone"
198,"Dexchlorpheniramine Maleate"
199,"Dexpanthenol"
200,"Dextromethorphan"
201,"Dextrose"
202,"Diazepam"
203,"Dibasic Calcium Phosphate Anhydrous"
204,"Dichlorobenzyl Alcohol"
205,"Dichlorophen"
206,"Diclofenac"
207,"Dicyclomine"
208,"Didanosine"
209,"Diflucortolone Valerate"
210,"Digoxin"
211,"Dihydroartemisinin"
212,"Dill Oil"
213,"Diloxanide Furoate"
214,"Diltiazem Hydrochloride"
215,"Dimethicone"
216,"Diphenhydramine"
217,"DL-Serine"
218,"Docetaxel Trihydrate equivalent to Docetaxel"
219,"Domperidone"
220,"Domperidone Maleate"
221,"Doxazocin Mesylate"
222,"Doxorubicin Hydrochloride"
223,"Doxycycline"
224,"Doxylamine Succinate"
225,"D-Panthenol"
226,"Dried Aluminium Hydroxide"
227,"Dried Ferrous Sulphate"
228,"Drotaverine Hydrochloride"
229,"Duloxetine Hydrochloride equivalent to Duloxetine"
230,"Ebastine"
231,"Echis"
232,"Econazole Nitrate"
233,"Efavirenz"
234,"Emtricitabine"
235,"Enalapril Maleate"
236,"Enoxaparin Sodium"
237,"Ephedrine Hydrochloride"
238,"Ergometrine Maleate"
239,"Eryrthromycin"
240,"Erythromycin"
241,"Erythropoietin"
242,"Esomeprazole"
243,"Etamsylate"
244,"Ethambutol"
245,"Ethambutol Hydrochloride"
246,"Ethinylestradiol"
247,"Etonogestrel"
248,"Etoposide"
249,"Eucalyptus Oil"
250,"Famotidine"
251,"Felodipine"
252,"Fenofibrate"
253,"Fenticonazole Nitrate"
254,"Ferric Ammonium Citrate"
255,"Ferrous"
256,"Fexofenadine Hydrochloride"
257,"Filgrastim"
258,"Finasteride"
259,"Flucloxacillin"
260,"Fluconazole"
261,"Fluoxetine Hydrochloride"
262,"Fluphenazine Decanoate"
263,"Flurbiprofen Sodium"
264,"Flutamide"
265,"Fluticasone Propionate"
266,"Fluvastatin"
267,"Folic Acid"
268,"Formoterol Fumarate"
269,"Frusemide"
270,"Fusidic Acid"
271,"Gabapentin"
272,"Gaboon viper"
273,"Gadopentetic acid"
274,"Galactose"
275,"Gemcitabine Hydrochloride"
276,"Gentamicin"
277,"Gentian Violet"
278,"Ginseng"
279,"Glibenclamide"
280,"Gliclazide"
281,"Glimepiride"
282,"Glucose"
283,"Glycerin"
284,"Glycerrhiza glabra"
285,"Glycine"
286,"Goserelin Acetate"
287,"Granisetron"
288,"Griseofulvin"
289,"Guaiphenesin"
290,"Guiafenesin"
291,"Haloperidol"
292,"Halothane"
293,"Heparin Sodium"
294,"Hepatitis B Surface antigen protein"
295,"Hepatitis B Vaccine"
296,"Histidine Hydrochloride Monohydrate"
297,"Homatropine methyl Bromide"
298,"Human Insulin"
299,"Human Papillomavirus type 16 L1 Protein"
300,"Human Papillomavirus type 18 L1 Protein"
301,"Hydralazine Hydrochloride"
302,"Hydrochlorthiazide"
303,"Hydrocortisone"
304,"Hydrogen Peroxide"
305,"Hydrous Benzoyl Peroxide"
306,"Hydroxy Propyl Methyl Cellulose"
307,"Hydroxyethyl starch"
308,"Hydroxyzine Hydrochloride"
309,"Hyoscine Butylbromide"
310,"Ibandronic acid"
311,"Ibuprofen"
312,"Inactivated Rabies Virus"
313,"Indinavir Sulphate"
314,"Indomethacin"
315,"Infliximab (cA2 IgG)"
316,"Insulin Glargine"
317,"Insulin Regular"
318,"Interferon Alfa-2b"
319,"Iodine"
320,"Iodochlorohydroxyquin"
321,"Iohexol"
322,"Iopamidol"
323,"Iopromide"
324,"Ipecacuanha Tincture"
325,"Ipratropim Bromide"
326,"Irbesartan"
327,"Iron"
328,"Isoconazole Nitrate"
329,"Isoflurane"
330,"Isoniazid"
331,"Isophane Insulin"
332,"Isosorbide"
333,"Itraconazole"
334,"Kanamycin Acid Sulphate eq to Kanamycin"
335,"Kaolin Light"
336,"Ketamine Hydrochloride"
337,"Ketoconazole"
338,"Ketoprofen"
339,"Ketotifen"
340,"Alamine"
341,"Cystine"
342,"Lactose"
343,"Lactulose"
344,"Lamivudine"
345,"Lamotrigine"
346,"Lanolin"
347,"Lansoprazole"
348,"Levamisole"
349,"Levocetrizine dihydrochloride"
350,"Levofloxacin"
351,"Levomenthol"
352,"Levonorgedtrel"
353,"Levonorgestrel"
354,"Levosalbutamol"
355,"Lidocaine Hydrochloride"
356,"lignocaine hydrochloride"
357,"Linezolid"
358,"Linseed Oil"
359,"horehand"
360,"tossilago"
361,"Paraffin"
362,"tolu"
363,"Liquorice"
364,"Lisinopril"
365,"Methionine"
366,"Lomefloxacin"
367,"Lopinavir"
368,"Loratadine"
369,"Lorazepam"
370,"Losartan Potasium"
371,"Loxoprofen Sodium"
372,"Lumefantrine"
373,"Valine"
374,"Lynestrenol"
375,"Lysine hydrochloride"
376,"Magnesium"
377,"Manganese"
378,"Mannitol"
379,"Mebendazole"
380,"Mecobalamine"
381,"Medroxyprogesterone Acetate"
382,"Mefanamic Acid"
383,"Mefloquine Hydrochloride"
384,"Meloxicam"
385,"Menthol"
386,"Mephenesin"
387,"Mepyramine Maleate"
388,"Metformin"
389,"Methotrexate"
390,"Methyl"
391,"Methylated Spirit"
392,"Methyldopa"
393,"Methylergometrine Maleate"
394,"Methylprednisolone"
395,"Metoclopramide Hydrochloride"
396,"Metronidazole"
397,"Miconazole"
398,"Miconazole Nitrate"
399,"Midazolam"
400,"Misoprostol"
401,"Molybdenum Sodium"
402,"Mometasone Furoate"
403,"Monophosphoryl lipid A"
404,"Montelukast Sodium"
405,"Morphine Sulphate"
406,"Moxifloxacin Hydrochloride"
407,"Mupirocin"
408,"Mycophenolate Mefetil"
409,"venom"
410,"Nalidixic Acid"
411,"Naphazoline Hydrochloride"
412,"Naphazoline Nitrate"
413,"Naphthoquine"
414,"Naproxen"
415,"Nelfinavir"
416,"Neomycin"
417,"Neostigmine"
418,"Nevirapine"
419,"Niacin"
420,"Niacinamide"
421,"Nicotinamide"
422,"Nifedipine"
423,"Nimesulide"
424,"Nitazoxanide"
425,"Nitrofurantoin"
426,"Norethisterone"
427,"Norfloxacin"
428,"Norgestrel"
429,"Nutmeg Oil"
430,"Nystatin"
431,"Ofloxacin"
432,"Oil of caraway"
433,"Oil of dill"
434,"Oil of fennel"
435,"Olanzapine"
436,"Oleoresin Capsicum"
437,"Oleum Lini"
438,"Olopatadine Hydrochloride"
439,"Omeprazole"
440,"Ondansentron"
441,"Orlistat"
442,"Ornidazole"
443,"Oseltamivir Phosphate equivalent to Oseltamivir"
444,"Oxyclozanide"
445,"Oxytetracycline Hydrochloride"
446,"Oxytocin"
447,"Pancreatin"
448,"Pancuronium Bromide"
449,"Panthenol"
450,"Pantoprazole"
451,"Pantoprazole Sodium Sesquihydrate eq to Pantoprazole"
452,"Pantoprazole Sodium Sesquihydrate equivalent to Pantoprazole"
453,"Pantothenic Acid"
454,"Papain"
455,"Paracetamol"
456,"PEG - Interferon alfa 2b"
457,"Pentazocine"
458,"Peppermint"
459,"Perfloxacin"
460,"Permethrin"
461,"Pethidine Hydrochloride"
462,"Pheniramine maleate"
463,"Phenobarbital"
464,"Phenobarbitone"
465,"Phenol"
466,"Phenoxymethyl Penicillin"
467,"Phenylephrine"
468,"Phenylephrine Hydrochloride"
469,"Phenylpropanolamine Hydrochloride"
470,"Phenyltolaxamine Citrate"
471,"Phenyltoloxamine Citrate"
472,"Phenytoin Sodium"
473,"Phosphorous"
474,"Pilocarpine Hydrochloride"
475,"Pioglitazone Hydrochloride"
476,"Pioglitazone Hydrocloride equivalent Pioglitazone"
477,"Piperacillin Sodium"
478,"Piperaquine"
479,"Piperazine C"
480,"Piroxicam"
481,"Polyethylene Glycol 400"
482,"Polymethyl Siloxane"
483,"Polymyxin B Sulphate"
484,"Potasium Iodide"
485,"Potassium"
486,"Povidone Iodine"
487,"Prazinquatel"
488,"Precipated Sulphur"
489,"Predinisolone"
490,"Procaine Benzylpenicillin"
491,"Prochlorperazine Maleate"
492,"Proguanil Hydrochloride"
493,"Promethazine Hydrochloride"
494,"Propanolol"
495,"Propofol"
496,"Propranolol Hydrochloride"
497,"Propylene Glycol"
498,"Protein Hydrolysate"
499,"Pseudoephedrine"
500,"Pumilio Pine Oil"
501,"Pyrazinamide"
502,"Pyridoxine"
503,"Pyridoxine Hydrochloride"
504,"Pyridoxine Hydrochloride Ascorbic Acid"
505,"Pyrimethamine"
506,"Quinidine Hydrochloride"
507,"Quinine"
508,"Rabeprazole Sodium"
509,"Raloxifene"
510,"Raltegravir"
511,"Ramipril"
512,"Ranitidine"
513,"Recombinant human erythropoietin concentrated solution"
514,"Rectified Camphor oil"
515,"Resells viper"
516,"Ribavirin"
517,"Rifampicin"
518,"Risedronate Sodium"
519,"Ritonavir"
520,"Rivaroxaban"
521,"Rosiglitazole"
522,"Roxithromycin"
523,"Saccharin Sodium"
524,"Salbutamol"
525,"Salmeterol Xinafoate eq to Salmeterol"
526,"Salmeterol Xinafoate equivalent to Salmeterol"
527,"Sanzyme"
528,"Saquinavir Mesylate"
529,"Secnidazole Secnidazole"
530,"Selenium"
531,"Sertraline Hydrochloride equivalent to Sertraline"
532,"Sibutramine Hydrochloride Monohydrate"
533,"Sildenafil (as Citrate)"
534,"Sildenafil Citrate"
535,"Silicon Dioxide"
536,"Silver Sulphadiazine"
537,"Simethicone"
538,"Simvastatin"
539,"Sodium"
540,"Soya Bean Oil"
541,"Sparfloxacin"
542,"Spectinomycin Hydrochloride"
543,"Spironolactone"
544,"Stavudine"
545,"Stearyl Alcohol"
546,"Sterile Ceftriaxone Sodium"
547,"Streptococcus Pneumonia Purified Polysaccharides"
548,"Strong Ammonia Solution"
549,"Sucralfate"
550,"Sulfadimidine"
551,"Sulfadoxine"
552,"Sulfamethopyrazine"
553,"Sulfamethoxazole"
554,"Sulphur"
555,"Sultamicillin"
556,"Suxamethonium Chloride"
557,"Sweet birch oil"
558,"Tadalafil"
559,"Tamoxifen"
560,"Tamsulosin Hydrochloride"
561,"Tartaric Acid"
562,"Tazobactum Sodium"
563,"Telbivudine"
564,"Temozolomide"
565,"Tenofovir Disoproxil Fumarate"
566,"Tenoxicam"
567,"Terbinafine Hydrochloride"
568,"Terbutaline Sulphate"
569,"Terpin Hydrate"
570,"Terpineol"
571,"Testosterone Decanoate"
572,"Tetracycline"
573,"Tetrahydrozoline Hydrochloride"
574,"Theophyline"
575,"Thiabendazole"
576,"Thiamine"
577,"Thiapental Sodium"
578,"Thiopentone Sodium"
579,"Thymol"
580,"Thymomodulin"
581,"Tibezonium Iodide"
582,"Timolol Maleate"
583,"Tincture Belladona"
584,"Tinidazole"
585,"Tioconazole"
586,"Tiotropium"
587,"Tizanidine Hydrochloride"
588,"Tobramycin"
589,"Tocopherol"
590,"Tohe squill Tincture"
591,"Tolnaftate"
592,"Tolu"
593,"Torsemide"
594,"Tramadol Hydrochloride"
595,"Tranexamic Acid"
596,"Travoprost"
597,"Tretinoin"
598,"Triamcinolone Acetonide"
599,"Tribenoside"
600,"Trihexyphenidyl Hydrochloride"
601,"Trimethoprim"
602,"Tropicamide"
603,"Turpentine Oil"
604,"Tutti Frutti"
605,"Ubidecarenone (Coenzyme Q10)"
606,"Undecenoic Acid"
607,"Ursodeoxycholic Acid"
608,"Vaccinum Meningitides Cerebrospinalis"
609,"Valsartan"
610,"Vardenafil Hydrochloride"
611,"Vibrio choleral"
612,"Vinblastine Sulphate"
613,"Vincristine Sulphate"
614,"Vinegar of Ipecac"
615,"Vitamin"
616,"Warfarin Sodium"
617,"Water for Injection"
618,"Xylometazoline Hydrochloride"
619,"Yeast cells extract"
620,"Zanamivir"
621,"Zidovudine"
622,"Zinc"
