"DistID","CLID","CLID_anonymous","HHNum","SplitOffId","PayAllID","WhoSpent","ExpAllCategory","SpendDescription","SpendAmount","SpendTarget","SpendBeneficiary"
104,"confidential: replaced by 'CLID_anonymous'",26,6,1,1,2,3,"poultry",9500,3,
104,"confidential: replaced by 'CLID_anonymous'",26,16,1,2,1,1,"school uniform",16500,2,
104,"confidential: replaced by 'CLID_anonymous'",26,2,1,1,1,1,"excercise books",850,1,4
104,"confidential: replaced by 'CLID_anonymous'",26,17,1,3,2,4,"toiletries",4000,3,
104,"confidential: replaced by 'CLID_anonymous'",26,21,1,1,2,1,"school uniform",13500,1,3
104,"confidential: replaced by 'CLID_anonymous'",26,17,1,1,1,3,"poultry",4000,3,
104,"confidential: replaced by 'CLID_anonymous'",26,3,1,3,2,1,"exercise books",500,1,3
104,"confidential: replaced by 'CLID_anonymous'",26,12,1,1,1,1,"school uniform & shoes",25000,2,
104,"confidential: replaced by 'CLID_anonymous'",26,11,1,1,1,2,"fare & medication",10000,1,1
104,"confidential: replaced by 'CLID_anonymous'",26,23,1,2,1,4,"clothes",6000,1,1
104,"confidential: replaced by 'CLID_anonymous'",26,23,1,1,1,1,"school shoes and uniform",25000,2,
104,"confidential: replaced by 'CLID_anonymous'",26,10,1,3,1,3,"bought poultry",6000,3,
104,"confidential: replaced by 'CLID_anonymous'",26,3,1,1,2,4,"clothes",8000,1,2
104,"confidential: replaced by 'CLID_anonymous'",26,15,1,3,1,1,"school shoes & exercise books",5500,1,4
104,"confidential: replaced by 'CLID_anonymous'",26,11,1,2,1,1,"school uniform and shoes",15000,1,4
104,"confidential: replaced by 'CLID_anonymous'",26,2,1,2,1,3,"poultry",5000,3,
104,"confidential: replaced by 'CLID_anonymous'",26,16,1,1,1,3,"chicken",6000,3,
104,"confidential: replaced by 'CLID_anonymous'",26,5,1,1,1,1,"school shoes and books",13500,1,2
104,"confidential: replaced by 'CLID_anonymous'",26,14,1,1,3,1,"school materials",2000,1,3
104,"confidential: replaced by 'CLID_anonymous'",26,19,1,1,2,1,"school uniform",11500,2,
104,"confidential: replaced by 'CLID_anonymous'",26,4,1,2,1,3,"chicken for keeping",4000,3,
104,"confidential: replaced by 'CLID_anonymous'",26,13,1,1,1,1,"school materials",21000,2,
104,"confidential: replaced by 'CLID_anonymous'",26,6,1,2,2,4,"clothes and bedding",21000,2,
104,"confidential: replaced by 'CLID_anonymous'",26,15,1,2,1,1,"school shoes",4500,1,3
104,"confidential: replaced by 'CLID_anonymous'",26,20,1,2,2,1,"school uniform & materials",7500,1,3
104,"confidential: replaced by 'CLID_anonymous'",26,4,1,1,1,3,"marekebisho ya nyumba",20000,3,
104,"confidential: replaced by 'CLID_anonymous'",26,1,1,3,1,4,"shoes",2500,1,3
104,"confidential: replaced by 'CLID_anonymous'",26,10,1,2,1,1,"school uniform",7000,1,3
104,"confidential: replaced by 'CLID_anonymous'",26,1,1,2,1,2,"medication",3000,1,2
104,"confidential: replaced by 'CLID_anonymous'",26,13,1,2,1,3,"bought chickens",7500,1,1
104,"confidential: replaced by 'CLID_anonymous'",26,25,1,2,4,4,"shoes",3500,1,4
104,"confidential: replaced by 'CLID_anonymous'",26,15,1,1,1,1,"school shoes & exercise books",5000,1,2
104,"confidential: replaced by 'CLID_anonymous'",26,17,1,2,2,1,"school uniform",11500,2,
104,"confidential: replaced by 'CLID_anonymous'",26,5,1,2,1,2,"medication & transport",5000,1,3
104,"confidential: replaced by 'CLID_anonymous'",26,1,1,4,1,4,"kerosene",5000,3,
104,"confidential: replaced by 'CLID_anonymous'",26,20,1,1,2,3,"2 chickens",6000,1,2
104,"confidential: replaced by 'CLID_anonymous'",26,24,1,1,2,3,"poultry",14000,3,
104,"confidential: replaced by 'CLID_anonymous'",26,1,1,1,1,3,"livestock (chickens)",5000,3,
104,"confidential: replaced by 'CLID_anonymous'",26,11,1,3,1,3,"bought poultry",5000,3,
104,"confidential: replaced by 'CLID_anonymous'",26,25,1,1,1,2,"medical services",10000,1,1
104,"confidential: replaced by 'CLID_anonymous'",26,10,1,1,1,1,"school uniform",7000,1,2
104,"confidential: replaced by 'CLID_anonymous'",26,3,1,2,2,4,"clothes",6000,1,3
104,"confidential: replaced by 'CLID_anonymous'",26,7,1,1,1,3,"chickens",12000,1,1
104,"confidential: replaced by 'CLID_anonymous'",77,12,1,1,1,3,"roofing material",15000,1,1
104,"confidential: replaced by 'CLID_anonymous'",77,21,1,1,1,3,"goats",10000,1,1
104,"confidential: replaced by 'CLID_anonymous'",77,15,1,2,1,3,"bought poultry",8000,1,1
104,"confidential: replaced by 'CLID_anonymous'",77,3,1,1,3,1,"school uniform",12000,2,
104,"confidential: replaced by 'CLID_anonymous'",77,20,1,1,1,3,"trading",10000,3,
104,"confidential: replaced by 'CLID_anonymous'",77,18,1,1,2,3,"poultry",5000,3,
104,"confidential: replaced by 'CLID_anonymous'",77,15,1,1,1,2,"medical fees",6000,1,1
104,"confidential: replaced by 'CLID_anonymous'",77,15,1,3,3,1,"school uniform & shoes",8000,1,3
104,"confidential: replaced by 'CLID_anonymous'",77,8,1,1,1,4,"clothes",10000,1,2
104,"confidential: replaced by 'CLID_anonymous'",77,2,1,4,1,3,"bought geese",12000,3,
104,"confidential: replaced by 'CLID_anonymous'",77,19,1,1,1,3,"bought geese",6000,1,2
104,"confidential: replaced by 'CLID_anonymous'",77,10,1,2,2,3,"poultry",7500,3,
104,"confidential: replaced by 'CLID_anonymous'",77,18,1,2,2,1,"school materials",11000,2,
104,"confidential: replaced by 'CLID_anonymous'",77,7,1,1,1,3,"bought a goat",25000,3,
104,"confidential: replaced by 'CLID_anonymous'",77,10,1,1,1,4,"clothes",5000,1,1
104,"confidential: replaced by 'CLID_anonymous'",77,8,1,2,1,1,"school uniform & exercise books",8000,1,4
104,"confidential: replaced by 'CLID_anonymous'",77,9,1,1,1,4,"clothes and shoes",12000,1,1
104,"confidential: replaced by 'CLID_anonymous'",77,14,1,1,1,2,"medication & fare",9000,1,1
104,"confidential: replaced by 'CLID_anonymous'",77,23,1,1,1,1,"school materials",8000,2,
104,"confidential: replaced by 'CLID_anonymous'",77,17,1,1,1,3,"bought goats",30000,3,
104,"confidential: replaced by 'CLID_anonymous'",77,22,1,1,1,2,"health insurance",5000,3,
104,"confidential: replaced by 'CLID_anonymous'",77,20,1,2,1,1,"school shoes & uniform",12000,1,3
104,"confidential: replaced by 'CLID_anonymous'",77,22,1,2,1,1,"school shoes",6000,2,
104,"confidential: replaced by 'CLID_anonymous'",22,11,1,1,1,4,"clothes",4000,1,1
104,"confidential: replaced by 'CLID_anonymous'",22,26,1,1,1,2,"medical services",20000,2,
104,"confidential: replaced by 'CLID_anonymous'",22,9,1,2,1,1,"school materials",2600,1,3
104,"confidential: replaced by 'CLID_anonymous'",22,2,1,1,1,2,"health insurance",5000,2,
104,"confidential: replaced by 'CLID_anonymous'",22,24,1,1,3,1,"school uniform & exercise books",10000,1,3
104,"confidential: replaced by 'CLID_anonymous'",22,6,1,1,1,2,"health insurance",5000,2,
104,"confidential: replaced by 'CLID_anonymous'",22,18,1,1,1,3,"poultry",3000,3,
104,"confidential: replaced by 'CLID_anonymous'",22,14,1,1,1,3,"dwelling construction",15000,3,
104,"confidential: replaced by 'CLID_anonymous'",22,10,1,1,1,2,"health insurance & transport",15000,1,1
104,"confidential: replaced by 'CLID_anonymous'",22,9,1,1,1,4,"HH expenses",4000,2,
104,"confidential: replaced by 'CLID_anonymous'",67,16,1,1,2,4,"clothes",12000,1,4
104,"confidential: replaced by 'CLID_anonymous'",67,7,1,1,2,1,"school uniform & exercise books",7500,1,2
104,"confidential: replaced by 'CLID_anonymous'",67,12,1,1,4,1,"school shoes and books",7500,1,4
104,"confidential: replaced by 'CLID_anonymous'",67,21,1,1,1,1,"school uniform",3000,1,2
104,"confidential: replaced by 'CLID_anonymous'",67,2,1,1,1,4,"clothes",7500,1,3
104,"confidential: replaced by 'CLID_anonymous'",67,23,1,1,1,1,"school materials",5000,1,3
104,"confidential: replaced by 'CLID_anonymous'",67,5,1,2,2,4,"clothes",10000,1,2
104,"confidential: replaced by 'CLID_anonymous'",67,22,1,1,2,1,"exercise books and uniform",5000,2,
104,"confidential: replaced by 'CLID_anonymous'",67,21,1,3,1,4,"clothes",6000,1,1
104,"confidential: replaced by 'CLID_anonymous'",67,21,1,2,1,1,"school uniform",3000,1,3
104,"confidential: replaced by 'CLID_anonymous'",67,25,1,1,1,4,"clothes",5500,1,2
104,"confidential: replaced by 'CLID_anonymous'",67,15,1,1,1,4,"clothes",7000,1,1
104,"confidential: replaced by 'CLID_anonymous'",67,4,1,1,2,2,"medication & transport",10000,1,2
104,"confidential: replaced by 'CLID_anonymous'",67,5,1,1,1,4,"clothes",7000,1,1
104,"confidential: replaced by 'CLID_anonymous'",67,4,1,2,2,4,"beddings",10000,1,2
104,"confidential: replaced by 'CLID_anonymous'",67,25,1,2,1,4,"general expenses",900,2,
104,"confidential: replaced by 'CLID_anonymous'",40,12,1,2,2,4,"clothes",4000,1,4
104,"confidential: replaced by 'CLID_anonymous'",40,7,1,1,1,3,"land rent",20000,3,
104,"confidential: replaced by 'CLID_anonymous'",40,18,1,3,3,1,"school materials",7500,1,3
104,"confidential: replaced by 'CLID_anonymous'",40,6,1,1,1,3,"cultivation",37500,3,
104,"confidential: replaced by 'CLID_anonymous'",40,9,1,1,1,3,"livestock",11000,1,1
104,"confidential: replaced by 'CLID_anonymous'",40,18,1,2,2,3,"agricultural inputs",7000,1,2
104,"confidential: replaced by 'CLID_anonymous'",40,17,1,2,2,4,"clothes",5000,1,4
104,"confidential: replaced by 'CLID_anonymous'",40,9,1,2,2,3,"livestock",6000,1,2
104,"confidential: replaced by 'CLID_anonymous'",40,3,1,1,2,3,"roofing material",17500,1,3
104,"confidential: replaced by 'CLID_anonymous'",40,14,1,1,1,1,"school materials",7500,1,3
104,"confidential: replaced by 'CLID_anonymous'",40,10,2,2,1,3,,10000,3,
104,"confidential: replaced by 'CLID_anonymous'",40,3,1,2,1,1,"school materials",10000,2,
104,"confidential: replaced by 'CLID_anonymous'",40,23,1,1,1,3,"house repairs",12000,1,1
104,"confidential: replaced by 'CLID_anonymous'",40,4,1,1,2,3,"bought pigs",25000,3,
104,"confidential: replaced by 'CLID_anonymous'",40,1,1,1,2,3,"3 chicken",10500,3,
104,"confidential: replaced by 'CLID_anonymous'",40,5,1,1,2,3,"bought a goat",30000,3,
104,"confidential: replaced by 'CLID_anonymous'",40,17,1,1,2,4,"clothes",5000,1,3
104,"confidential: replaced by 'CLID_anonymous'",40,12,1,1,2,3,"bought chicken",5000,3,
104,"confidential: replaced by 'CLID_anonymous'",40,19,1,2,4,1,"school materials",7500,1,4
104,"confidential: replaced by 'CLID_anonymous'",40,13,1,2,2,3,"bought checkens",6000,2,
104,"confidential: replaced by 'CLID_anonymous'",40,17,1,3,2,4,"clothes",5000,1,5
104,"confidential: replaced by 'CLID_anonymous'",40,18,1,1,1,3,"cultivation",10000,1,1
104,"confidential: replaced by 'CLID_anonymous'",40,19,1,1,1,3,"cultivation",10000,1,1
104,"confidential: replaced by 'CLID_anonymous'",40,24,1,1,2,3,"buying farmland",40000,3,
104,"confidential: replaced by 'CLID_anonymous'",40,10,2,1,1,,,5000,1,1
104,"confidential: replaced by 'CLID_anonymous'",40,23,1,2,1,4,"clothes",3000,1,1
104,"confidential: replaced by 'CLID_anonymous'",40,8,1,1,2,4,"roofing material",37500,3,
104,"confidential: replaced by 'CLID_anonymous'",40,16,1,2,2,4,"clothes",6000,1,2
104,"confidential: replaced by 'CLID_anonymous'",40,9,1,3,1,1,"school materials",6000,1,3
104,"confidential: replaced by 'CLID_anonymous'",40,13,1,1,2,4,"clothes",5000,1,6
104,"confidential: replaced by 'CLID_anonymous'",40,16,1,1,1,4,"clothes",12000,1,1
104,"confidential: replaced by 'CLID_anonymous'",40,27,1,1,1,3,"farm labour",15000,1,1
104,"confidential: replaced by 'CLID_anonymous'",50,25,1,1,6,3,"bought goats",15000,1,6
104,"confidential: replaced by 'CLID_anonymous'",50,18,1,2,1,3,"bought goat",10000,2,
104,"confidential: replaced by 'CLID_anonymous'",50,17,1,1,2,1,"school shoes and uniform",9000,1,2
104,"confidential: replaced by 'CLID_anonymous'",50,12,1,2,1,1,"school uniform",7500,1,4
104,"confidential: replaced by 'CLID_anonymous'",50,22,1,3,1,4,"clothes",2500,1,3
104,"confidential: replaced by 'CLID_anonymous'",50,19,1,2,1,4,"bag and shoes",5000,1,1
104,"confidential: replaced by 'CLID_anonymous'",50,20,1,1,6,3,"farm labour",15000,3,
104,"confidential: replaced by 'CLID_anonymous'",50,19,1,1,1,4,"kutengenezea mlango",12000,2,
104,"confidential: replaced by 'CLID_anonymous'",50,13,1,2,2,4,"roofing material",30000,2,
104,"confidential: replaced by 'CLID_anonymous'",50,27,1,1,1,4,"roofing material",15000,3,
104,"confidential: replaced by 'CLID_anonymous'",50,1,1,1,1,4,"utencils",20000,2,
104,"confidential: replaced by 'CLID_anonymous'",50,10,1,1,1,4,"clothes",7000,1,1
104,"confidential: replaced by 'CLID_anonymous'",50,8,1,1,3,1,"school shoes and uniform",10000,1,3
104,"confidential: replaced by 'CLID_anonymous'",50,16,1,2,1,4,"beddings",15000,1,2
104,"confidential: replaced by 'CLID_anonymous'",50,13,1,1,2,4,"beddings",7500,1,5
104,"confidential: replaced by 'CLID_anonymous'",50,7,1,1,2,2,"medication & transport",10000,1,2
104,"confidential: replaced by 'CLID_anonymous'",50,25,1,3,3,1,"school shoes",2500,1,3
104,"confidential: replaced by 'CLID_anonymous'",50,12,1,3,1,4,"beddings",10000,1,1
104,"confidential: replaced by 'CLID_anonymous'",50,15,1,1,1,3,"bicycle",30000,3,
104,"confidential: replaced by 'CLID_anonymous'",50,19,1,3,1,4,"pot and water container",6000,2,
104,"confidential: replaced by 'CLID_anonymous'",50,16,1,1,1,4,"clothes",10000,1,1
104,"confidential: replaced by 'CLID_anonymous'",50,22,1,2,1,1,"school shoes",2500,1,2
104,"confidential: replaced by 'CLID_anonymous'",50,22,1,1,1,4,"clothes",7000,1,1
104,"confidential: replaced by 'CLID_anonymous'",50,25,1,2,1,3,"bought land",20000,2,
104,"confidential: replaced by 'CLID_anonymous'",50,16,1,3,1,4,"clothes",5000,1,3
104,"confidential: replaced by 'CLID_anonymous'",50,12,1,1,1,4,"clothes",4000,1,3
104,"confidential: replaced by 'CLID_anonymous'",50,18,1,1,1,4,"bought matress",20000,1,1
104,"confidential: replaced by 'CLID_anonymous'",50,23,1,1,1,4,"clothes",7000,1,2
104,"confidential: replaced by 'CLID_anonymous'",6,16,1,1,3,1,"exercise books",2500,2,
104,"confidential: replaced by 'CLID_anonymous'",6,11,1,3,2,4,"sandals",1500,1,4
104,"confidential: replaced by 'CLID_anonymous'",6,11,1,5,2,4,"sandals",1000,1,6
104,"confidential: replaced by 'CLID_anonymous'",6,12,1,1,2,1,"school uniform and shoes",7500,1,2
104,"confidential: replaced by 'CLID_anonymous'",6,10,1,1,2,1,"school uniform & exercise books",8000,1,2
104,"confidential: replaced by 'CLID_anonymous'",6,11,1,6,2,3,"poultry",7000,3,
104,"confidential: replaced by 'CLID_anonymous'",6,15,1,1,2,1,"food at school",1800,1,3
104,"confidential: replaced by 'CLID_anonymous'",6,11,1,2,2,4,"sandals",1500,1,3
104,"confidential: replaced by 'CLID_anonymous'",6,9,1,1,1,1,"school materials",4000,2,
104,"confidential: replaced by 'CLID_anonymous'",6,2,1,1,1,1,"school materials",5000,1,2
104,"confidential: replaced by 'CLID_anonymous'",6,4,1,1,2,1,"school uniform and shoes",10000,2,
104,"confidential: replaced by 'CLID_anonymous'",6,11,1,4,2,4,"sandals",1000,1,5
104,"confidential: replaced by 'CLID_anonymous'",6,8,1,1,2,2,"sandals",1000,1,3
104,"confidential: replaced by 'CLID_anonymous'",6,8,1,2,2,2,"sandals",1000,1,4
104,"confidential: replaced by 'CLID_anonymous'",6,11,1,1,2,1,"school uniform",6000,1,3
104,"confidential: replaced by 'CLID_anonymous'",6,18,1,1,1,4,"clothes",15000,1,1
104,"confidential: replaced by 'CLID_anonymous'",82,4,1,1,1,3,"bought livestock",7500,2,
104,"confidential: replaced by 'CLID_anonymous'",82,15,1,1,2,1,"uniform & books",12000,1,5
104,"confidential: replaced by 'CLID_anonymous'",82,1,1,2,1,4,"clothes",4000,1,2
104,"confidential: replaced by 'CLID_anonymous'",82,14,1,3,4,4,"clothes",2000,1,4
104,"confidential: replaced by 'CLID_anonymous'",82,13,1,1,2,1,"uniform & shoes",10000,2,
104,"confidential: replaced by 'CLID_anonymous'",82,7,1,1,2,3,"bought chicken",24000,3,
104,"confidential: replaced by 'CLID_anonymous'",82,20,1,1,1,3,"roofing material",15000,1,1
104,"confidential: replaced by 'CLID_anonymous'",82,2,1,1,2,1,"school shoes",15000,2,
104,"confidential: replaced by 'CLID_anonymous'",82,21,1,1,2,2,"medication",3000,1,2
104,"confidential: replaced by 'CLID_anonymous'",82,14,1,2,3,1,"school shoes",10000,1,3
104,"confidential: replaced by 'CLID_anonymous'",82,10,1,2,2,1,"school uniform & materials",7500,1,4
104,"confidential: replaced by 'CLID_anonymous'",82,5,1,1,1,2,"transport to hospital",1500,1,1
104,"confidential: replaced by 'CLID_anonymous'",82,18,1,1,1,2,"medication & transport",20000,1,1
104,"confidential: replaced by 'CLID_anonymous'",82,17,2,1,1,2,"medicines",7000,1,1
104,"confidential: replaced by 'CLID_anonymous'",82,16,1,1,2,4,"bedding",10000,1,5
104,"confidential: replaced by 'CLID_anonymous'",82,11,1,1,1,3,"chicken for keeping",7000,3,
104,"confidential: replaced by 'CLID_anonymous'",82,10,1,1,1,2,"medication & transport",27000,2,
104,"confidential: replaced by 'CLID_anonymous'",82,14,1,4,4,1,"school uniform",4000,1,4
104,"confidential: replaced by 'CLID_anonymous'",82,19,1,1,2,3,"livestock",15000,3,
104,"confidential: replaced by 'CLID_anonymous'",82,14,1,1,1,3,"harvesting",15000,3,
104,"confidential: replaced by 'CLID_anonymous'",82,5,1,2,1,3,"bought chicken",10000,3,
104,"confidential: replaced by 'CLID_anonymous'",82,2,1,2,1,4,"clothes",15000,1,1
104,"confidential: replaced by 'CLID_anonymous'",82,1,1,1,1,3,"livestock",11000,3,
104,"confidential: replaced by 'CLID_anonymous'",82,3,1,2,1,1,"school shoes",7500,1,4
104,"confidential: replaced by 'CLID_anonymous'",82,8,1,1,1,3,"cultivation",20000,3,
104,"confidential: replaced by 'CLID_anonymous'",82,3,1,1,1,1,"school shoes",7500,1,3
104,"confidential: replaced by 'CLID_anonymous'",82,13,1,2,1,3,"bicycle pump",5000,3,
104,"confidential: replaced by 'CLID_anonymous'",82,12,1,1,1,3,"roofing material",22500,3,
104,"confidential: replaced by 'CLID_anonymous'",82,6,1,1,1,3,"roofing material",22500,3,
104,"confidential: replaced by 'CLID_anonymous'",70,4,1,1,2,1,"school materials",8000,2,
104,"confidential: replaced by 'CLID_anonymous'",70,3,1,2,1,2,"bima ya afya",5000,3,
104,"confidential: replaced by 'CLID_anonymous'",70,18,1,1,1,2,"medical services",15000,1,2
104,"confidential: replaced by 'CLID_anonymous'",70,2,1,1,1,4,"bedding",15000,1,1
104,"confidential: replaced by 'CLID_anonymous'",70,19,1,1,1,3,"chicken",7500,3,
104,"confidential: replaced by 'CLID_anonymous'",70,27,1,1,1,3,"bought a goat",20000,3,
104,"confidential: replaced by 'CLID_anonymous'",70,2,1,2,3,1,"school shoes",2500,1,3
104,"confidential: replaced by 'CLID_anonymous'",70,9,1,2,2,1,"school shoes & exercise books",10000,2,
104,"confidential: replaced by 'CLID_anonymous'",70,21,1,2,2,1,"school shoes",3000,1,4
104,"confidential: replaced by 'CLID_anonymous'",70,20,1,1,1,3,"goat",20000,1,1
104,"confidential: replaced by 'CLID_anonymous'",70,8,1,1,1,4,"clothes",3500,1,3
104,"confidential: replaced by 'CLID_anonymous'",70,22,1,1,2,4,"clothes",5000,1,2
104,"confidential: replaced by 'CLID_anonymous'",70,3,1,3,3,4,"clothes",7500,1,3
104,"confidential: replaced by 'CLID_anonymous'",70,5,1,1,1,2,"medicines",4500,1,1
104,"confidential: replaced by 'CLID_anonymous'",70,11,1,1,1,1,"school shoes, exercise books",18000,2,
104,"confidential: replaced by 'CLID_anonymous'",70,21,1,1,2,1,"school shoes and exercise books",5000,1,6
104,"confidential: replaced by 'CLID_anonymous'",70,9,1,1,1,3,"bought livestock",20000,3,
104,"confidential: replaced by 'CLID_anonymous'",70,6,1,1,2,2,"health insurance",5000,2,
104,"confidential: replaced by 'CLID_anonymous'",70,4,1,2,2,3,"bought a goat",37000,2,
104,"confidential: replaced by 'CLID_anonymous'",70,8,1,2,1,4,"clothes",3500,1,4
104,"confidential: replaced by 'CLID_anonymous'",70,11,2,1,3,1,"excercise booka",5000,1,4
104,"confidential: replaced by 'CLID_anonymous'",70,12,1,1,1,4,"clothes",3000,1,2
104,"confidential: replaced by 'CLID_anonymous'",70,16,1,1,1,4,"clothes and shoes",8200,2,
104,"confidential: replaced by 'CLID_anonymous'",70,12,1,2,1,3,"chicken",10000,3,
104,"confidential: replaced by 'CLID_anonymous'",70,15,1,1,1,2,"medical insurance",5000,3,
104,"confidential: replaced by 'CLID_anonymous'",70,2,2,1,2,2,"health insurance",5000,2,
104,"confidential: replaced by 'CLID_anonymous'",70,2,1,3,3,1,"exercise books",1800,1,3
104,"confidential: replaced by 'CLID_anonymous'",70,3,1,1,1,4,"clothes",20000,2,
104,"confidential: replaced by 'CLID_anonymous'",27,23,1,1,2,3,"bought a pig",10000,3,
104,"confidential: replaced by 'CLID_anonymous'",27,5,1,3,1,4,"clothes",3000,1,1
104,"confidential: replaced by 'CLID_anonymous'",27,17,1,1,2,3,"4 chickens",12000,3,
104,"confidential: replaced by 'CLID_anonymous'",27,19,1,2,1,3,"poultry",2500,3,
104,"confidential: replaced by 'CLID_anonymous'",27,18,1,2,2,2,"medical services",15000,1,1
104,"confidential: replaced by 'CLID_anonymous'",27,19,1,1,1,1,"school shoes",5000,2,
104,"confidential: replaced by 'CLID_anonymous'",27,12,1,1,2,3,"livestock (chicken)",9500,3,
104,"confidential: replaced by 'CLID_anonymous'",27,5,1,2,1,3,"livestock",13000,3,
104,"confidential: replaced by 'CLID_anonymous'",27,8,1,1,2,3,"bought goats",22500,3,
104,"confidential: replaced by 'CLID_anonymous'",27,7,1,1,1,3,"house construction",15000,3,
104,"confidential: replaced by 'CLID_anonymous'",27,5,1,1,1,2,"health insurance",5000,3,
104,"confidential: replaced by 'CLID_anonymous'",27,4,1,1,1,3,"door",4000,1,1
104,"confidential: replaced by 'CLID_anonymous'",27,2,1,1,1,2,"health insurance",5000,2,
104,"confidential: replaced by 'CLID_anonymous'",27,15,1,2,2,4,"clothes",5000,1,6
104,"confidential: replaced by 'CLID_anonymous'",27,10,1,3,1,4,"shoes",3000,1,3
104,"confidential: replaced by 'CLID_anonymous'",27,15,1,1,2,1,"school uniform",10000,1,5
104,"confidential: replaced by 'CLID_anonymous'",27,14,1,1,1,3,"bought poultry",4000,3,
104,"confidential: replaced by 'CLID_anonymous'",27,3,1,2,2,4,"clothes",12000,2,
104,"confidential: replaced by 'CLID_anonymous'",27,23,1,2,2,2,"health insurance",5000,3,
104,"confidential: replaced by 'CLID_anonymous'",27,3,1,1,2,3,"2 chickens",6000,2,
104,"confidential: replaced by 'CLID_anonymous'",27,22,1,1,1,3,"bought chickens",12000,1,1
104,"confidential: replaced by 'CLID_anonymous'",27,1,1,1,2,1,"school shoes & exercise books",10500,2,
104,"confidential: replaced by 'CLID_anonymous'",27,17,1,2,2,1,"school uniform and shoes",15000,2,
104,"confidential: replaced by 'CLID_anonymous'",27,12,1,3,2,4,"clothes",7000,1,2
104,"confidential: replaced by 'CLID_anonymous'",27,12,1,2,2,1,"school uniform & materials",11000,1,3
104,"confidential: replaced by 'CLID_anonymous'",27,4,1,2,1,4,"utencils",4500,1,1
104,"confidential: replaced by 'CLID_anonymous'",27,10,1,1,1,4,"clothes",7000,1,1
104,"confidential: replaced by 'CLID_anonymous'",27,10,1,2,1,4,"toletries",2000,3,
104,"confidential: replaced by 'CLID_anonymous'",27,18,1,1,2,3,"livestock",7500,1,7
104,"confidential: replaced by 'CLID_anonymous'",27,14,1,2,1,4,"clothes",16500,2,
104,"confidential: replaced by 'CLID_anonymous'",68,22,1,2,3,1,"examination fee",3000,1,3
104,"confidential: replaced by 'CLID_anonymous'",68,10,1,1,1,4,"HH utencils",7000,3,
104,"confidential: replaced by 'CLID_anonymous'",68,27,1,1,1,3,"paid for farm labour",10000,2,
104,"confidential: replaced by 'CLID_anonymous'",68,2,1,2,2,3,"poultry",8000,2,
104,"confidential: replaced by 'CLID_anonymous'",68,10,1,2,1,3,"chicken",2000,3,
104,"confidential: replaced by 'CLID_anonymous'",68,6,1,2,3,1,"school materials",5500,1,3
104,"confidential: replaced by 'CLID_anonymous'",68,18,1,1,1,3,"bought poultry",5000,1,1
104,"confidential: replaced by 'CLID_anonymous'",68,7,1,1,1,3,"bought poultry",2000,1,1
104,"confidential: replaced by 'CLID_anonymous'",68,2,1,3,2,4,"bedding",8000,1,4
104,"confidential: replaced by 'CLID_anonymous'",68,6,1,3,1,3,"bought livestock",20000,1,1
104,"confidential: replaced by 'CLID_anonymous'",68,9,1,1,1,4,"clothes",7000,1,2
104,"confidential: replaced by 'CLID_anonymous'",68,22,1,1,3,3,"bought chicken",3000,1,3
104,"confidential: replaced by 'CLID_anonymous'",68,11,1,1,2,3,"goats",30000,3,
104,"confidential: replaced by 'CLID_anonymous'",68,6,1,1,1,1,"school materials",7500,1,5
104,"confidential: replaced by 'CLID_anonymous'",68,13,1,2,1,1,"school materials",3000,1,4
104,"confidential: replaced by 'CLID_anonymous'",68,11,1,2,2,1,"school uniform",6000,1,3
104,"confidential: replaced by 'CLID_anonymous'",68,13,1,1,1,1,"school materials",3000,1,3
104,"confidential: replaced by 'CLID_anonymous'",68,17,1,1,1,1,"school materials",6000,1,3
104,"confidential: replaced by 'CLID_anonymous'",68,2,1,1,2,1,"school materials",2500,1,4
104,"confidential: replaced by 'CLID_anonymous'",68,16,1,1,1,1,"school materials",10000,2,
104,"confidential: replaced by 'CLID_anonymous'",68,17,1,2,1,3,"bought chicken",4000,1,5
104,"confidential: replaced by 'CLID_anonymous'",68,8,1,1,1,1,"school materials",2000,1,3
104,"confidential: replaced by 'CLID_anonymous'",68,7,1,2,1,1,"school materials",7500,1,1
601,"confidential: replaced by 'CLID_anonymous'",74,22,1,1,1,3,"Poultry",20000,3,
601,"confidential: replaced by 'CLID_anonymous'",74,19,1,1,1,3,"poultry",8000,1,1
601,"confidential: replaced by 'CLID_anonymous'",74,15,1,1,2,4,"purchase of garment",7500,1,4
601,"confidential: replaced by 'CLID_anonymous'",74,26,1,1,2,1,"school needs",7500,1,3
601,"confidential: replaced by 'CLID_anonymous'",74,23,1,1,4,1,"exercise books and school contributions",7100,2,
601,"confidential: replaced by 'CLID_anonymous'",74,7,1,2,6,1,"exercise books and uniforms",4000,1,6
601,"confidential: replaced by 'CLID_anonymous'",74,7,1,1,5,1,"exercise books and uniforms",7500,1,5
601,"confidential: replaced by 'CLID_anonymous'",74,12,1,1,1,3,"farming",5000,2,
601,"confidential: replaced by 'CLID_anonymous'",74,18,1,1,2,2,"medications",5000,1,6
601,"confidential: replaced by 'CLID_anonymous'",74,4,1,1,1,4,"gave a soft loan to a relative/brother",5000,1,3
601,"confidential: replaced by 'CLID_anonymous'",74,26,1,2,2,4,"purchase of garment",7500,1,4
601,"confidential: replaced by 'CLID_anonymous'",74,24,1,3,2,4,"kerosene, match box and soaps",5000,3,
601,"confidential: replaced by 'CLID_anonymous'",74,5,1,1,2,1,"school needs",15000,2,
601,"confidential: replaced by 'CLID_anonymous'",74,24,1,1,2,1,"school needs",4000,1,12
601,"confidential: replaced by 'CLID_anonymous'",74,24,1,2,2,1,"school need",5000,1,8
601,"confidential: replaced by 'CLID_anonymous'",21,11,1,2,5,1,"school materials",7500,1,5
601,"confidential: replaced by 'CLID_anonymous'",21,9,1,1,1,1,"school materials",3000,1,3
601,"confidential: replaced by 'CLID_anonymous'",21,16,1,1,1,1,"exercise books",10000,1,4
601,"confidential: replaced by 'CLID_anonymous'",21,11,1,1,7,1,"school materials",7500,1,7
601,"confidential: replaced by 'CLID_anonymous'",21,10,1,3,4,1,"school shoes",7500,1,11
601,"confidential: replaced by 'CLID_anonymous'",21,9,1,2,1,1,"school materials",25000,1,2
601,"confidential: replaced by 'CLID_anonymous'",21,16,1,4,1,3,"chicken",9000,3,
601,"confidential: replaced by 'CLID_anonymous'",21,1,1,1,1,2,"medication",15000,1,1
601,"confidential: replaced by 'CLID_anonymous'",21,7,1,1,1,2,"medication",10000,1,1
601,"confidential: replaced by 'CLID_anonymous'",21,6,1,1,1,1,"school materials",6750,1,3
601,"confidential: replaced by 'CLID_anonymous'",21,8,1,1,1,1,"exercise books",4000,1,4
601,"confidential: replaced by 'CLID_anonymous'",21,10,1,4,4,1,"uniforms",7500,1,10
601,"confidential: replaced by 'CLID_anonymous'",21,10,1,1,1,1,"uniform and books",13000,1,1
601,"confidential: replaced by 'CLID_anonymous'",21,5,1,1,5,1,"school materials",7500,2,
601,"confidential: replaced by 'CLID_anonymous'",21,13,1,1,1,2,"medical treatment",1000,1,1
601,"confidential: replaced by 'CLID_anonymous'",21,8,1,2,1,1,"exercise books",3500,1,3
601,"confidential: replaced by 'CLID_anonymous'",21,16,1,3,1,1,"school materials",5000,1,3
601,"confidential: replaced by 'CLID_anonymous'",21,19,1,1,1,2,"medical services",15000,1,1
601,"confidential: replaced by 'CLID_anonymous'",21,14,1,1,1,2,"paying herbalist",15000,1,1
601,"confidential: replaced by 'CLID_anonymous'",21,10,1,2,4,1,"uniform",7500,1,12
601,"confidential: replaced by 'CLID_anonymous'",21,22,1,1,1,1,"school materials",15000,2,
601,"confidential: replaced by 'CLID_anonymous'",21,2,1,1,3,2,"medicines",5000,1,3
601,"confidential: replaced by 'CLID_anonymous'",21,6,1,2,1,1,"school materials",6750,1,5
601,"confidential: replaced by 'CLID_anonymous'",21,13,1,2,1,1,"uniform and books",5900,1,5
601,"confidential: replaced by 'CLID_anonymous'",21,11,1,3,8,1,"school materials",7500,1,8
601,"confidential: replaced by 'CLID_anonymous'",21,13,1,3,1,1,"uniform and books",7000,1,6
601,"confidential: replaced by 'CLID_anonymous'",21,16,1,2,1,2,"medication",6000,1,1
601,"confidential: replaced by 'CLID_anonymous'",53,7,1,2,2,2,"Medication",3000,1,2
601,"confidential: replaced by 'CLID_anonymous'",53,2,1,1,1,1,"school uniform & materials",30000,2,
601,"confidential: replaced by 'CLID_anonymous'",53,5,1,2,2,4,"soap, kerosene",2800,3,
601,"confidential: replaced by 'CLID_anonymous'",53,20,1,1,1,2,"medication",7000,1,1
601,"confidential: replaced by 'CLID_anonymous'",53,27,1,1,1,2,"fare",5000,1,1
601,"confidential: replaced by 'CLID_anonymous'",53,1,1,1,1,2,"fare",3000,1,1
601,"confidential: replaced by 'CLID_anonymous'",53,18,1,1,8,2,"fare",4000,1,8
601,"confidential: replaced by 'CLID_anonymous'",53,7,1,1,1,2,"Medical services",6000,1,1
601,"confidential: replaced by 'CLID_anonymous'",53,4,1,1,3,2,"health insurance",5000,3,
601,"confidential: replaced by 'CLID_anonymous'",53,24,1,1,1,4,"clothes",12000,1,5
601,"confidential: replaced by 'CLID_anonymous'",53,22,1,1,1,2,"medication & fare",6000,1,1
601,"confidential: replaced by 'CLID_anonymous'",53,24,1,2,1,1,"school materials",6000,1,4
601,"confidential: replaced by 'CLID_anonymous'",53,11,1,1,1,3,"repair of doors",10000,3,
601,"confidential: replaced by 'CLID_anonymous'",53,5,1,1,1,2,"medication",200,1,1
601,"confidential: replaced by 'CLID_anonymous'",53,8,1,1,3,4,"personal expenditure",15000,1,3
601,"confidential: replaced by 'CLID_anonymous'",53,24,1,3,1,1,"school books",2800,1,5
601,"confidential: replaced by 'CLID_anonymous'",37,5,1,2,2,3,"poultry",16000,1,2
601,"confidential: replaced by 'CLID_anonymous'",37,15,1,1,1,1,"exercise books and uniforms",7000,1,2
601,"confidential: replaced by 'CLID_anonymous'",37,19,1,1,1,3,"farming",10000,2,
601,"confidential: replaced by 'CLID_anonymous'",37,26,1,2,1,1,"exercise books and shoes",6000,1,4
601,"confidential: replaced by 'CLID_anonymous'",37,26,1,1,1,1,"uniforms , shoes and exercise books",8500,1,3
601,"confidential: replaced by 'CLID_anonymous'",37,27,1,1,1,2,"medications",3000,1,1
601,"confidential: replaced by 'CLID_anonymous'",37,17,1,1,2,4,"wearing garments",8000,1,2
601,"confidential: replaced by 'CLID_anonymous'",37,14,1,1,1,3,"farming",5000,2,
601,"confidential: replaced by 'CLID_anonymous'",37,26,1,3,1,1,"uniforms and pens",6000,1,6
601,"confidential: replaced by 'CLID_anonymous'",37,1,1,1,1,2,"medications",3000,1,1
601,"confidential: replaced by 'CLID_anonymous'",37,2,1,1,2,2,"medications",10000,2,
601,"confidential: replaced by 'CLID_anonymous'",37,5,1,1,1,2,"medications and fare",7000,1,1
601,"confidential: replaced by 'CLID_anonymous'",37,13,1,1,2,2,"Medications",6000,1,1
601,"confidential: replaced by 'CLID_anonymous'",37,9,1,2,2,1,"exercisebooks,mathematical set, and sandals",4500,1,4
601,"confidential: replaced by 'CLID_anonymous'",37,1,1,2,1,4,"wearing garments",7500,1,1
601,"confidential: replaced by 'CLID_anonymous'",37,11,1,1,2,1,"Uniforms,",11000,1,3
601,"confidential: replaced by 'CLID_anonymous'",37,9,1,4,2,4,"kerosene",3000,3,
601,"confidential: replaced by 'CLID_anonymous'",37,9,1,1,2,1,"exercisebooks,mathematical set, and sandals",4300,1,5
601,"confidential: replaced by 'CLID_anonymous'",37,16,1,1,1,4,"kerosene and soaps",2500,1,1
601,"confidential: replaced by 'CLID_anonymous'",37,18,1,2,1,3,"buying agricultural inputs",5000,2,
601,"confidential: replaced by 'CLID_anonymous'",37,18,1,1,1,2,"herbalist payments",25000,2,
601,"confidential: replaced by 'CLID_anonymous'",37,20,1,1,1,2,"medications",2500,1,1
601,"confidential: replaced by 'CLID_anonymous'",37,9,1,3,2,1,"exercisebooks,mathematical set, and sandals",4800,1,3
601,"confidential: replaced by 'CLID_anonymous'",37,26,1,4,1,4,"kerosene",2000,3,
601,"confidential: replaced by 'CLID_anonymous'",61,7,1,2,1,3,"petty trade",8000,1,1
601,"confidential: replaced by 'CLID_anonymous'",61,21,1,1,1,2,"medical expenses",15000,2,
601,"confidential: replaced by 'CLID_anonymous'",61,15,1,1,1,1,"school needs",13500,1,3
601,"confidential: replaced by 'CLID_anonymous'",61,23,1,1,5,1,"school needs",7500,1,5
601,"confidential: replaced by 'CLID_anonymous'",61,20,1,1,2,2,"medications",15000,1,1
601,"confidential: replaced by 'CLID_anonymous'",61,11,1,1,1,3,"house renovation",30000,3,
601,"confidential: replaced by 'CLID_anonymous'",61,4,1,3,1,2,"contribution to dispensary guard",200,1,1
601,"confidential: replaced by 'CLID_anonymous'",61,4,1,1,2,1,"kununua madaftar na formAexercise books and uniform",7000,1,3
601,"confidential: replaced by 'CLID_anonymous'",61,17,1,1,1,2,"medication",16000,1,1
601,"confidential: replaced by 'CLID_anonymous'",61,19,1,1,1,4,"buying burial cloth",5000,,
601,"confidential: replaced by 'CLID_anonymous'",61,2,1,1,2,1,"graduation contribution",10000,1,3
601,"confidential: replaced by 'CLID_anonymous'",61,13,1,1,1,2,"medication",5000,1,1
601,"confidential: replaced by 'CLID_anonymous'",61,17,1,2,1,1,"school needs",7500,1,2
601,"confidential: replaced by 'CLID_anonymous'",61,15,1,2,1,1,"school contributions",1500,1,2
601,"confidential: replaced by 'CLID_anonymous'",61,7,1,1,1,2,"medication",2000,1,1
601,"confidential: replaced by 'CLID_anonymous'",61,1,1,1,1,3,"buy poultry",5000,3,
601,"confidential: replaced by 'CLID_anonymous'",61,4,1,2,2,2,"treatment and medications",1200,1,2
601,"confidential: replaced by 'CLID_anonymous'",61,21,1,2,3,1,"buying school needs",7500,1,3
601,"confidential: replaced by 'CLID_anonymous'",61,13,1,2,1,1,"school expenses",10000,2,
601,"confidential: replaced by 'CLID_anonymous'",61,3,1,1,1,2,"medications",5000,1,1
601,"confidential: replaced by 'CLID_anonymous'",61,2,1,2,2,2,"medication",5000,2,
601,"confidential: replaced by 'CLID_anonymous'",60,2,1,3,1,4,"garment",5000,1,4
601,"confidential: replaced by 'CLID_anonymous'",60,18,1,1,3,2,"health insurance",5000,1,3
601,"confidential: replaced by 'CLID_anonymous'",60,2,1,2,1,4,"garment",7000,1,3
601,"confidential: replaced by 'CLID_anonymous'",60,4,1,2,1,4,"shoes and garments",7500,1,7
601,"confidential: replaced by 'CLID_anonymous'",60,5,1,2,1,4,"to beneficiaries now living out of the HH",15000,,
601,"confidential: replaced by 'CLID_anonymous'",60,21,1,1,3,1,"uniforms and exercise books",18750,2,
601,"confidential: replaced by 'CLID_anonymous'",60,1,1,3,1,4,"kerosene and soap",5000,3,
601,"confidential: replaced by 'CLID_anonymous'",60,1,1,2,1,1,"school needs",9000,1,4
601,"confidential: replaced by 'CLID_anonymous'",60,17,1,1,2,2,"sandals",2000,1,6
601,"confidential: replaced by 'CLID_anonymous'",60,19,1,1,1,4,"buying garment",4000,1,1
601,"confidential: replaced by 'CLID_anonymous'",60,17,1,2,2,2,"sandals",2000,1,4
601,"confidential: replaced by 'CLID_anonymous'",60,2,1,1,1,3,"poultry",15000,3,
601,"confidential: replaced by 'CLID_anonymous'",60,16,1,1,2,1,"uniforms",5000,1,4
601,"confidential: replaced by 'CLID_anonymous'",60,4,1,1,1,2,"health insurance",5000,3,
601,"confidential: replaced by 'CLID_anonymous'",60,26,1,1,2,1,"uniforms and exercise books",13000,2,
601,"confidential: replaced by 'CLID_anonymous'",60,9,1,1,1,2,"health insurance",5000,1,1
601,"confidential: replaced by 'CLID_anonymous'",60,5,1,1,1,2,"health insurance",5000,2,
601,"confidential: replaced by 'CLID_anonymous'",60,10,1,4,2,4,"kerosene, match box and soap",5000,3,
601,"confidential: replaced by 'CLID_anonymous'",60,10,1,1,2,1,"school needs",8000,1,9
601,"confidential: replaced by 'CLID_anonymous'",60,7,1,1,1,2,"Health insurance",5000,1,1
601,"confidential: replaced by 'CLID_anonymous'",60,15,1,1,3,1,"uniforms and shoes",37000,2,
601,"confidential: replaced by 'CLID_anonymous'",60,1,1,1,1,1,"school needs",8000,1,5
601,"confidential: replaced by 'CLID_anonymous'",60,10,1,3,2,3,"poultry",5000,3,
601,"confidential: replaced by 'CLID_anonymous'",60,12,1,1,1,4,"garment",5000,1,1
601,"confidential: replaced by 'CLID_anonymous'",60,10,1,2,2,1,"school needs",8000,1,5
601,"confidential: replaced by 'CLID_anonymous'",60,8,1,1,1,1,"school needs",8500,1,4
601,"confidential: replaced by 'CLID_anonymous'",7,16,1,2,1,1,"school contributions",2500,1,3
601,"confidential: replaced by 'CLID_anonymous'",7,20,1,1,1,3,"poultry keeping",15000,2,
601,"confidential: replaced by 'CLID_anonymous'",7,2,1,1,1,3,"poultry keeping",10000,3,
601,"confidential: replaced by 'CLID_anonymous'",7,4,1,1,1,1,"school needs",7500,1,4
601,"confidential: replaced by 'CLID_anonymous'",7,1,1,1,1,3,"poultry keeping",16000,1,1
601,"confidential: replaced by 'CLID_anonymous'",7,27,1,1,1,3,"bought land",20000,1,1
601,"confidential: replaced by 'CLID_anonymous'",7,6,1,1,2,2,"medication",2000,1,3
601,"confidential: replaced by 'CLID_anonymous'",7,5,1,1,1,2,"treatment and medications",13000,1,1
601,"confidential: replaced by 'CLID_anonymous'",7,1,1,2,2,1,"school expenses",7500,1,2
601,"confidential: replaced by 'CLID_anonymous'",7,26,1,1,1,3,"farming",10000,1,1
601,"confidential: replaced by 'CLID_anonymous'",7,14,1,2,1,1,"school uniforms",7500,1,4
601,"confidential: replaced by 'CLID_anonymous'",7,14,1,1,1,1,"school uniforms",7500,1,6
601,"confidential: replaced by 'CLID_anonymous'",7,9,1,1,2,3,"poultry keeping",15000,3,
601,"confidential: replaced by 'CLID_anonymous'",7,10,1,1,1,2,"medications",15000,1,1
601,"confidential: replaced by 'CLID_anonymous'",7,21,1,2,1,1,"exercuse books and pens",10000,2,
601,"confidential: replaced by 'CLID_anonymous'",7,16,1,1,1,3,"purchase of livestock",15000,3,
601,"confidential: replaced by 'CLID_anonymous'",7,5,1,2,2,2,"medications",4000,1,2
601,"confidential: replaced by 'CLID_anonymous'",7,21,1,1,1,1,"School contributions",12500,2,
601,"confidential: replaced by 'CLID_anonymous'",7,17,1,1,1,3,"poultry keeping",10000,3,
601,"confidential: replaced by 'CLID_anonymous'",7,12,1,2,4,1,"exercise books and examination fees",10000,1,4
601,"confidential: replaced by 'CLID_anonymous'",7,12,1,1,3,1,"exercise books and examination fees",10000,1,3
601,"confidential: replaced by 'CLID_anonymous'",32,17,1,1,1,1,"uniforms",7000,1,3
601,"confidential: replaced by 'CLID_anonymous'",32,12,1,2,2,4,"wearing garments",4500,1,3
601,"confidential: replaced by 'CLID_anonymous'",32,2,1,1,2,1,"exercise books and pens",15000,2,
601,"confidential: replaced by 'CLID_anonymous'",32,21,1,1,1,1,"uniform, exercise books and pens",12000,1,3
601,"confidential: replaced by 'CLID_anonymous'",32,3,1,1,1,3,"buying poultry",10000,2,
601,"confidential: replaced by 'CLID_anonymous'",32,21,1,2,4,4,"kerosene, soap and body lotion",6000,3,
601,"confidential: replaced by 'CLID_anonymous'",32,14,1,1,1,2,"medications",1500,1,1
601,"confidential: replaced by 'CLID_anonymous'",32,15,1,1,3,2,"medications",1000,1,3
601,"confidential: replaced by 'CLID_anonymous'",32,17,1,3,1,2,"medications",4000,2,
601,"confidential: replaced by 'CLID_anonymous'",32,19,1,1,1,1,"uniform, T-shirt and sandals",12500,1,3
601,"confidential: replaced by 'CLID_anonymous'",32,9,1,1,2,1,"uniforms and other school needs",13500,1,3
601,"confidential: replaced by 'CLID_anonymous'",32,18,1,1,1,4,"kerosene and firewood",11000,3,
601,"confidential: replaced by 'CLID_anonymous'",32,17,1,2,1,1,"uniforms and other school needs",5000,1,4
601,"confidential: replaced by 'CLID_anonymous'",32,16,1,1,1,2,"fare and medications",5000,1,1
601,"confidential: replaced by 'CLID_anonymous'",32,12,1,1,2,1,"uniforms and exercise books",12000,1,3
601,"confidential: replaced by 'CLID_anonymous'",32,20,1,1,1,3,"bought poultry",6000,1,2
601,"confidential: replaced by 'CLID_anonymous'",32,5,1,1,1,3,"Bought goat",25000,3,
601,"confidential: replaced by 'CLID_anonymous'",32,16,1,2,1,4,"kerosene",2000,1,1
601,"confidential: replaced by 'CLID_anonymous'",32,2,1,2,2,3,"buying poultry",8000,2,
601,"confidential: replaced by 'CLID_anonymous'",32,7,1,1,1,1,"uniforms",5000,1,4
601,"confidential: replaced by 'CLID_anonymous'",3,14,1,2,1,1,"Uniform,pen, exercise books and sandals",7900,1,5
601,"confidential: replaced by 'CLID_anonymous'",3,11,1,1,1,1,"uniform and books",13000,2,
601,"confidential: replaced by 'CLID_anonymous'",3,15,1,2,1,2,"Vifare & medication",3500,1,5
601,"confidential: replaced by 'CLID_anonymous'",3,14,1,4,1,1,"sandals",2000,1,6
601,"confidential: replaced by 'CLID_anonymous'",3,14,1,1,1,1,"Uniform,pen, exercise books and sandals",8600,1,3
601,"confidential: replaced by 'CLID_anonymous'",3,16,1,1,1,1,"uniform & shoes",30000,2,
601,"confidential: replaced by 'CLID_anonymous'",3,9,1,5,1,3,"bedding",15000,1,8
601,"confidential: replaced by 'CLID_anonymous'",3,9,1,2,1,1,"uniform, exercise books",5600,1,4
601,"confidential: replaced by 'CLID_anonymous'",3,21,1,2,2,1,"uniform, shoes & books",6000,1,4
601,"confidential: replaced by 'CLID_anonymous'",3,10,1,2,1,2,"fare & medication",12000,1,2
601,"confidential: replaced by 'CLID_anonymous'",3,19,1,1,1,1,"uniform & shoes",7000,1,5
601,"confidential: replaced by 'CLID_anonymous'",3,14,1,3,1,1,"sandals",2000,1,4
601,"confidential: replaced by 'CLID_anonymous'",3,12,1,1,2,1,"school materials",18500,2,
601,"confidential: replaced by 'CLID_anonymous'",3,20,1,1,1,1,"uniform & school materials",30000,2,
601,"confidential: replaced by 'CLID_anonymous'",3,20,1,2,2,2,"fare",2000,2,
601,"confidential: replaced by 'CLID_anonymous'",3,22,1,1,2,1,"books & uniform",13500,1,4
601,"confidential: replaced by 'CLID_anonymous'",3,9,1,4,1,2,"clothes, shoes",5500,1,6
601,"confidential: replaced by 'CLID_anonymous'",3,21,1,1,1,2,"medication",11500,2,
601,"confidential: replaced by 'CLID_anonymous'",3,19,1,2,1,1,"uniform & shoes",7000,1,6
601,"confidential: replaced by 'CLID_anonymous'",3,9,1,3,1,1,"school bag, socksi",5000,1,5
601,"confidential: replaced by 'CLID_anonymous'",3,6,1,1,1,1,"uniform, books",45000,2,
601,"confidential: replaced by 'CLID_anonymous'",3,5,1,2,2,1,"school uniform & exercise books",5400,1,4
601,"confidential: replaced by 'CLID_anonymous'",3,15,1,1,1,1,"uniform & shoes",14000,2,
601,"confidential: replaced by 'CLID_anonymous'",3,2,1,1,1,4,"soap, kerosene",3000,3,
601,"confidential: replaced by 'CLID_anonymous'",3,18,1,1,2,4,"clothes",10000,1,2
601,"confidential: replaced by 'CLID_anonymous'",3,13,1,1,1,1,"viatu na sschool uniform",7500,1,1
601,"confidential: replaced by 'CLID_anonymous'",3,8,1,1,1,2,"medical services",1000,1,4
601,"confidential: replaced by 'CLID_anonymous'",3,10,1,1,1,2,"fare & medication",11000,1,1
601,"confidential: replaced by 'CLID_anonymous'",3,9,1,1,1,1,"uniform",5000,1,3
601,"confidential: replaced by 'CLID_anonymous'",3,5,1,1,2,1,"school uniform & exercise books",9000,1,3
601,"confidential: replaced by 'CLID_anonymous'",20,12,1,2,2,3,"bought poultry",7500,1,2
601,"confidential: replaced by 'CLID_anonymous'",20,17,1,1,1,2,"fare and medications",5000,1,1
601,"confidential: replaced by 'CLID_anonymous'",20,18,1,4,1,3,"poultry keeping",10000,1,1
601,"confidential: replaced by 'CLID_anonymous'",20,5,1,2,1,3,"petty trade",5000,1,1
601,"confidential: replaced by 'CLID_anonymous'",20,18,1,2,2,1,"exercise books and uniform",7000,1,3
601,"confidential: replaced by 'CLID_anonymous'",20,7,1,1,4,4,"kerosene, body lotion and soaps",8000,3,
601,"confidential: replaced by 'CLID_anonymous'",20,13,1,1,3,3,"bought poultry",5000,1,3
601,"confidential: replaced by 'CLID_anonymous'",20,7,1,2,4,1,"exercise books and pens",2200,1,7
601,"confidential: replaced by 'CLID_anonymous'",20,5,1,1,1,2,"fare and medications",4000,1,1
601,"confidential: replaced by 'CLID_anonymous'",20,6,1,1,1,2,"fare and medications",7000,1,1
601,"confidential: replaced by 'CLID_anonymous'",20,9,1,1,2,4,"kerosene, match box and body lotion",3200,3,
601,"confidential: replaced by 'CLID_anonymous'",20,15,1,1,1,4,"wearing garments",7500,1,4
601,"confidential: replaced by 'CLID_anonymous'",20,21,1,1,2,2,"medications",3000,1,2
601,"confidential: replaced by 'CLID_anonymous'",20,18,1,1,2,1,"exercise books and uniform",7000,1,2
601,"confidential: replaced by 'CLID_anonymous'",20,14,1,2,3,2,"medications",1500,1,4
601,"confidential: replaced by 'CLID_anonymous'",20,12,1,1,1,2,"fare and medications",3500,2,
601,"confidential: replaced by 'CLID_anonymous'",20,11,1,2,1,2,"medications",1000,1,1
601,"confidential: replaced by 'CLID_anonymous'",20,6,1,2,1,2,"fare and medications",8000,1,2
601,"confidential: replaced by 'CLID_anonymous'",20,18,1,3,2,1,"school contributions",1000,2,
601,"confidential: replaced by 'CLID_anonymous'",20,1,1,2,2,1,"exercise books and pens",3000,2,
601,"confidential: replaced by 'CLID_anonymous'",20,15,1,2,1,4,"wearing garments",15000,2,
601,"confidential: replaced by 'CLID_anonymous'",20,13,1,2,1,2,"medications",5000,2,
601,"confidential: replaced by 'CLID_anonymous'",20,8,1,1,3,2,"fare and medications",8000,1,2
601,"confidential: replaced by 'CLID_anonymous'",20,14,1,1,2,2,"fare",7500,2,
601,"confidential: replaced by 'CLID_anonymous'",20,7,1,3,4,1,"exercise books and pens",2200,1,5
601,"confidential: replaced by 'CLID_anonymous'",20,10,1,1,4,2,"fare and medications",10000,1,4
601,"confidential: replaced by 'CLID_anonymous'",20,11,1,1,2,4,"wearing garments",7000,1,1
601,"confidential: replaced by 'CLID_anonymous'",20,20,1,1,1,3,"repair of house",20000,3,
601,"confidential: replaced by 'CLID_anonymous'",20,1,1,1,2,1,"school contribution",13000,2,
601,"confidential: replaced by 'CLID_anonymous'",20,9,1,2,2,1,"exercise books and pens",4000,1,3
601,"confidential: replaced by 'CLID_anonymous'",20,13,1,3,3,4,"medications",5000,2,
601,"confidential: replaced by 'CLID_anonymous'",20,2,1,1,1,2,"medications",5000,2,
601,"confidential: replaced by 'CLID_anonymous'",55,20,1,3,1,1,"school materials",7500,1,6
601,"confidential: replaced by 'CLID_anonymous'",55,20,1,5,2,2,"medical services",7500,1,8
601,"confidential: replaced by 'CLID_anonymous'",55,6,1,1,1,2,"medical insurance",1000,1,1
601,"confidential: replaced by 'CLID_anonymous'",55,8,1,2,1,2,"health insurance",5000,3,
601,"confidential: replaced by 'CLID_anonymous'",55,2,1,1,2,1,"uniform & school materials",7500,1,4
601,"confidential: replaced by 'CLID_anonymous'",55,14,1,1,1,2,"school shoes",7500,1,2
601,"confidential: replaced by 'CLID_anonymous'",55,8,1,1,1,1,"school materials",7500,1,3
601,"confidential: replaced by 'CLID_anonymous'",55,9,1,1,1,2,"medical checkup",15000,1,1
601,"confidential: replaced by 'CLID_anonymous'",55,20,1,2,1,1,"school materials",7500,1,5
601,"confidential: replaced by 'CLID_anonymous'",55,11,1,1,1,2,"medical costs",3000,1,1
601,"confidential: replaced by 'CLID_anonymous'",55,21,1,1,1,2,"medicines",2000,1,1
601,"confidential: replaced by 'CLID_anonymous'",55,16,1,3,5,2,"medication",15000,1,5
601,"confidential: replaced by 'CLID_anonymous'",55,20,1,1,1,1,"school materials",7500,1,4
601,"confidential: replaced by 'CLID_anonymous'",55,2,1,2,2,1,"uniform & school materials",7000,1,5
601,"confidential: replaced by 'CLID_anonymous'",55,2,1,3,2,1,"uniform & school materials",9000,1,6
601,"confidential: replaced by 'CLID_anonymous'",55,23,1,1,3,2,"medication",15000,1,3
601,"confidential: replaced by 'CLID_anonymous'",55,19,1,1,3,3,"thatching material",5000,2,
601,"confidential: replaced by 'CLID_anonymous'",55,20,1,4,2,1,"school materials",7500,1,7
601,"confidential: replaced by 'CLID_anonymous'",55,15,1,1,1,2,"health insurance",1000,1,1
601,"confidential: replaced by 'CLID_anonymous'",55,23,1,2,7,1,"school materials",7500,1,7
601,"confidential: replaced by 'CLID_anonymous'",55,11,1,2,2,2,"medical costs",2000,1,2
601,"confidential: replaced by 'CLID_anonymous'",55,11,1,3,2,2,"building a latrine",10000,3,
601,"confidential: replaced by 'CLID_anonymous'",55,16,1,1,1,2,"hospital fees",15000,2,
601,"confidential: replaced by 'CLID_anonymous'",55,22,1,1,2,1,"school materials",10000,2,
601,"confidential: replaced by 'CLID_anonymous'",55,1,1,1,1,2,"medical insurance",1000,1,1
601,"confidential: replaced by 'CLID_anonymous'",55,16,1,2,3,2,"medication",7500,1,3
601,"confidential: replaced by 'CLID_anonymous'",55,20,1,6,1,1,"school materials",7500,1,9
601,"confidential: replaced by 'CLID_anonymous'",64,6,1,1,2,1,"School needs",3500,1,4
601,"confidential: replaced by 'CLID_anonymous'",64,16,1,1,1,2,"buying mosquito net",7500,1,2
601,"confidential: replaced by 'CLID_anonymous'",64,23,1,2,2,1,"exercise books and pen",2000,1,7
601,"confidential: replaced by 'CLID_anonymous'",64,1,1,1,2,4,"food",30000,3,
601,"confidential: replaced by 'CLID_anonymous'",64,14,1,1,2,1,"exercise",10000,1,3
601,"confidential: replaced by 'CLID_anonymous'",64,1,1,2,1,2,"medication",5000,1,1
601,"confidential: replaced by 'CLID_anonymous'",64,6,1,2,2,1,"School needs",3500,1,3
601,"confidential: replaced by 'CLID_anonymous'",64,23,1,3,2,4,"Given to the migrated member who is beneficiary",15000,,
601,"confidential: replaced by 'CLID_anonymous'",64,8,1,1,3,4,"Soap, kerosene and match box",5000,3,
601,"confidential: replaced by 'CLID_anonymous'",64,4,1,1,1,1,"exercise books and pens",5000,2,
601,"confidential: replaced by 'CLID_anonymous'",64,16,1,2,1,1,"school expenses",10000,1,3
601,"confidential: replaced by 'CLID_anonymous'",64,19,1,1,1,2,"fare to Hospital",2000,1,1
601,"confidential: replaced by 'CLID_anonymous'",64,15,1,1,1,4,"purchase of radio",15000,3,
601,"confidential: replaced by 'CLID_anonymous'",64,1,1,3,3,2,"fare to clinic",10000,1,3
601,"confidential: replaced by 'CLID_anonymous'",64,7,1,1,1,1,"School fees",45000,2,
601,"confidential: replaced by 'CLID_anonymous'",64,17,1,1,1,2,"medications",30000,1,4
601,"confidential: replaced by 'CLID_anonymous'",64,23,1,1,2,1,"uniform, pen and exercise books",5000,1,6
601,"confidential: replaced by 'CLID_anonymous'",78,18,1,1,1,3,"livestock",10000,1,1
601,"confidential: replaced by 'CLID_anonymous'",78,14,1,2,2,2,"medications and fare",15000,1,2
601,"confidential: replaced by 'CLID_anonymous'",78,2,1,2,3,2,"treatment and medications",3500,1,3
601,"confidential: replaced by 'CLID_anonymous'",78,14,1,1,1,2,"fare and medications",15000,1,1
601,"confidential: replaced by 'CLID_anonymous'",78,23,1,1,8,1,"exercise books",3750,1,8
601,"confidential: replaced by 'CLID_anonymous'",78,5,1,1,1,2,"medications",15000,1,1
601,"confidential: replaced by 'CLID_anonymous'",78,2,1,1,1,3,"poultry keeping",10000,1,1
601,"confidential: replaced by 'CLID_anonymous'",78,3,1,1,1,3,"farming",10000,1,1
601,"confidential: replaced by 'CLID_anonymous'",78,20,1,1,1,3,"farming",8000,1,1
601,"confidential: replaced by 'CLID_anonymous'",78,12,1,1,1,3,"farming",6000,1,1
601,"confidential: replaced by 'CLID_anonymous'",78,1,1,1,1,1,"school materials",7500,1,3
601,"confidential: replaced by 'CLID_anonymous'",78,13,1,1,1,1,"school needs",20000,2,
601,"confidential: replaced by 'CLID_anonymous'",78,4,1,1,1,3,"farming",10000,3,
601,"confidential: replaced by 'CLID_anonymous'",2,15,1,1,1,1,"school materials",15000,1,3
601,"confidential: replaced by 'CLID_anonymous'",2,20,1,1,2,2,"hospital charges",5000,1,2
601,"confidential: replaced by 'CLID_anonymous'",2,16,1,1,2,4,"DK",22500,,
601,"confidential: replaced by 'CLID_anonymous'",2,19,1,1,11,1,"shoes & exercise books",13800,1,11
601,"confidential: replaced by 'CLID_anonymous'",2,19,1,2,13,1,"shoes & exercise books",23400,1,13
601,"confidential: replaced by 'CLID_anonymous'",2,9,1,1,1,2,"fare to clinic",10000,2,
601,"confidential: replaced by 'CLID_anonymous'",2,20,1,2,3,2,"hospital charges",6000,1,3
601,"confidential: replaced by 'CLID_anonymous'",2,11,1,1,1,1,"school uniform",7500,1,5
601,"confidential: replaced by 'CLID_anonymous'",2,5,1,3,2,4,"soap, kerosene, etc",4000,3,
601,"confidential: replaced by 'CLID_anonymous'",2,11,1,2,1,2,"school shoes",4500,1,6
601,"confidential: replaced by 'CLID_anonymous'",2,19,1,3,1,2,"fare",3900,1,1
601,"confidential: replaced by 'CLID_anonymous'",2,9,1,3,2,4,"cooking oil, kerosene",10000,3,
601,"confidential: replaced by 'CLID_anonymous'",2,13,1,1,2,1,"shoes and exercise books",19500,2,
601,"confidential: replaced by 'CLID_anonymous'",2,19,1,4,2,2,"fare",3900,1,2
601,"confidential: replaced by 'CLID_anonymous'",2,5,1,2,2,1,"school expenses",5000,1,4
601,"confidential: replaced by 'CLID_anonymous'",2,5,1,1,2,1,"school expenses",5000,1,3
601,"confidential: replaced by 'CLID_anonymous'",2,6,1,1,1,2,"medication and fare to medical facility",15000,1,1
601,"confidential: replaced by 'CLID_anonymous'",51,27,1,1,1,1,"uniform, exercise books and pens",7500,1,6
601,"confidential: replaced by 'CLID_anonymous'",51,3,1,3,2,1,"examination fee",4000,1,6
601,"confidential: replaced by 'CLID_anonymous'",51,27,1,2,2,2,"fare and medications",7000,3,
601,"confidential: replaced by 'CLID_anonymous'",51,4,1,1,1,3,"making local cereal storage godown",15000,3,
601,"confidential: replaced by 'CLID_anonymous'",51,3,1,1,2,1,"school uniform",12000,1,5
601,"confidential: replaced by 'CLID_anonymous'",51,13,1,2,3,3,"building",12000,1,3
601,"confidential: replaced by 'CLID_anonymous'",51,15,1,1,2,2,"fare and medications",2500,1,2
601,"confidential: replaced by 'CLID_anonymous'",51,20,1,2,1,4,"wearing garment",2000,1,3
601,"confidential: replaced by 'CLID_anonymous'",51,13,1,1,3,2,"fare",3000,1,3
601,"confidential: replaced by 'CLID_anonymous'",51,16,1,1,1,3,"buying poultry",5000,2,
601,"confidential: replaced by 'CLID_anonymous'",51,17,1,1,1,2,"medications",5000,1,1
601,"confidential: replaced by 'CLID_anonymous'",51,23,1,1,3,2,"fare and medications",2800,1,3
601,"confidential: replaced by 'CLID_anonymous'",51,2,1,1,1,2,"fare",5000,2,
601,"confidential: replaced by 'CLID_anonymous'",51,13,1,3,4,1,"uniform",7500,1,6
601,"confidential: replaced by 'CLID_anonymous'",51,14,1,2,1,3,"roofing thatch",7000,3,
601,"confidential: replaced by 'CLID_anonymous'",51,12,1,1,1,3,"petty trade",30000,1,3
601,"confidential: replaced by 'CLID_anonymous'",51,16,1,2,1,2,"uniform and exercise books",10000,1,2
601,"confidential: replaced by 'CLID_anonymous'",51,7,1,1,1,1,"uniform and exercise books",8500,1,4
601,"confidential: replaced by 'CLID_anonymous'",51,14,1,1,1,4,"fare",8000,1,1
601,"confidential: replaced by 'CLID_anonymous'",51,2,1,2,1,2,"medications",500,1,1
601,"confidential: replaced by 'CLID_anonymous'",51,20,1,1,1,1,"uniform",5500,1,3
601,"confidential: replaced by 'CLID_anonymous'",51,3,1,2,2,1,"school uniform",7000,1,7
601,"confidential: replaced by 'CLID_anonymous'",57,2,1,1,1,3,"farm labour",10000,2,
601,"confidential: replaced by 'CLID_anonymous'",57,10,1,3,2,1,"school uniforms and exercise books",7500,1,5
601,"confidential: replaced by 'CLID_anonymous'",57,21,2,1,1,4,"buying shoes",3000,1,4
601,"confidential: replaced by 'CLID_anonymous'",57,27,1,1,1,1,"school needs",5000,1,5
601,"confidential: replaced by 'CLID_anonymous'",57,21,2,2,1,4,"buying garments",3000,1,5
601,"confidential: replaced by 'CLID_anonymous'",57,16,1,1,5,4,"kerosene, soaps and match box",4000,3,
601,"confidential: replaced by 'CLID_anonymous'",57,11,1,1,4,1,"exercise and school uniforms",10850,1,4
601,"confidential: replaced by 'CLID_anonymous'",57,10,1,2,2,1,"shoes and exercise books",7500,1,6
601,"confidential: replaced by 'CLID_anonymous'",57,22,1,1,1,1,"school expenses",15000,2,
601,"confidential: replaced by 'CLID_anonymous'",57,15,1,1,1,1,"School expenses",15000,2,
601,"confidential: replaced by 'CLID_anonymous'",57,4,1,2,2,4,"given to migrated beneficiary",15000,,
601,"confidential: replaced by 'CLID_anonymous'",57,12,1,2,1,3,"Purchase of poultry",10000,3,
601,"confidential: replaced by 'CLID_anonymous'",57,4,1,1,2,3,"bussiness capital",30000,3,
601,"confidential: replaced by 'CLID_anonymous'",57,7,1,1,1,2,"medications",2000,1,1
601,"confidential: replaced by 'CLID_anonymous'",57,12,1,1,1,1,"exercise books and pens",3000,1,5
601,"confidential: replaced by 'CLID_anonymous'",57,6,1,1,1,2,"fare and medications",15000,2,
601,"confidential: replaced by 'CLID_anonymous'",57,10,2,1,2,4,"purchase of garments",7500,1,3
601,"confidential: replaced by 'CLID_anonymous'",57,10,1,1,2,1,"school uniforms",7500,1,4
601,"confidential: replaced by 'CLID_anonymous'",57,17,1,1,2,2,"fare to school",5000,1,3
601,"confidential: replaced by 'CLID_anonymous'",59,3,1,1,2,1,"school needs",7500,1,4
601,"confidential: replaced by 'CLID_anonymous'",59,4,1,1,1,2,"fare and medication",10000,1,1
601,"confidential: replaced by 'CLID_anonymous'",59,6,1,2,1,1,"shoes",5000,1,3
601,"confidential: replaced by 'CLID_anonymous'",59,18,1,1,1,2,"medicines",5000,1,1
601,"confidential: replaced by 'CLID_anonymous'",59,13,1,1,1,2,"buying medicines",10000,2,
601,"confidential: replaced by 'CLID_anonymous'",59,13,1,4,1,1,"school materials",2000,1,6
601,"confidential: replaced by 'CLID_anonymous'",59,15,1,1,1,2,"medications",5000,2,
601,"confidential: replaced by 'CLID_anonymous'",59,22,1,1,2,2,"medications",5000,1,2
601,"confidential: replaced by 'CLID_anonymous'",59,13,1,2,1,4,"transport",15000,2,
601,"confidential: replaced by 'CLID_anonymous'",59,6,1,1,1,2,"medications",1000,1,3
601,"confidential: replaced by 'CLID_anonymous'",59,13,1,3,1,4,"toiletries",4000,2,
601,"confidential: replaced by 'CLID_anonymous'",59,1,1,1,4,3,"bought goats",22500,1,4
602,"confidential: replaced by 'CLID_anonymous'",35,15,1,1,2,1,"School facilities",7500,1,5
602,"confidential: replaced by 'CLID_anonymous'",35,8,1,1,1,2,"Treatment",2000,1,1
602,"confidential: replaced by 'CLID_anonymous'",35,42,2,1,1,1,"Sare, Daftari",12500,1,4
602,"confidential: replaced by 'CLID_anonymous'",35,26,1,1,1,3,"Business",45000,1,1
602,"confidential: replaced by 'CLID_anonymous'",35,32,1,1,1,2,"Buying medicine",10000,2,
602,"confidential: replaced by 'CLID_anonymous'",35,3,1,3,1,4,"clothes",20000,2,
602,"confidential: replaced by 'CLID_anonymous'",35,8,1,2,1,1,"School facilities",7500,1,5
602,"confidential: replaced by 'CLID_anonymous'",35,3,1,1,1,1,"shoes and books",7500,1,5
602,"confidential: replaced by 'CLID_anonymous'",35,39,1,1,1,1,"Books",10000,2,
602,"confidential: replaced by 'CLID_anonymous'",35,44,1,2,1,1,"School facilities",7500,1,7
602,"confidential: replaced by 'CLID_anonymous'",35,46,1,2,2,4,"Clothes",6000,1,1
602,"confidential: replaced by 'CLID_anonymous'",35,15,1,2,2,1,"Ream of papers",10000,1,4
602,"confidential: replaced by 'CLID_anonymous'",35,46,1,1,2,4,"Clothes",6000,1,4
602,"confidential: replaced by 'CLID_anonymous'",35,27,1,1,1,4,"Iron sheet",16000,2,
602,"confidential: replaced by 'CLID_anonymous'",35,48,1,1,1,4,"kununua mabati",15000,2,
602,"confidential: replaced by 'CLID_anonymous'",35,47,1,1,1,1,"School facilities",5850,1,5
602,"confidential: replaced by 'CLID_anonymous'",35,42,1,1,1,1,"books & uniform",7500,1,6
602,"confidential: replaced by 'CLID_anonymous'",35,47,1,2,1,3,"Cultivation",15000,3,
602,"confidential: replaced by 'CLID_anonymous'",35,3,1,2,1,1,"shoes and pens",7500,1,3
602,"confidential: replaced by 'CLID_anonymous'",35,16,1,2,1,2,"Treatment",15000,1,2
602,"confidential: replaced by 'CLID_anonymous'",35,16,1,1,1,1,"School facilities",30000,2,
602,"confidential: replaced by 'CLID_anonymous'",35,44,1,1,1,1,"School facilities",7500,1,6
602,"confidential: replaced by 'CLID_anonymous'",35,26,2,1,1,3,"Business",15000,1,1
602,"confidential: replaced by 'CLID_anonymous'",47,18,1,1,1,4,"buying clothes",11500,1,1
602,"confidential: replaced by 'CLID_anonymous'",47,12,1,2,2,2,"medical expenses",4000,1,4
602,"confidential: replaced by 'CLID_anonymous'",47,15,1,1,2,4,"buying clothes",15000,1,4
602,"confidential: replaced by 'CLID_anonymous'",47,6,1,1,1,3,"bought roofing material",15000,2,
602,"confidential: replaced by 'CLID_anonymous'",47,17,1,2,1,4,"nguo",10000,1,3
602,"confidential: replaced by 'CLID_anonymous'",47,44,1,1,1,4,"bought HH utensils",1500,3,
602,"confidential: replaced by 'CLID_anonymous'",47,12,1,1,2,3,"chicken for keeping",3500,1,4
602,"confidential: replaced by 'CLID_anonymous'",47,34,1,1,2,1,"sare za shule na vifaa vingine vya shule",8200,1,4
602,"confidential: replaced by 'CLID_anonymous'",47,39,1,4,1,1,"paid exam fees",6000,1,3
602,"confidential: replaced by 'CLID_anonymous'",47,19,1,1,1,1,"matumizi ya shule",5500,1,5
602,"confidential: replaced by 'CLID_anonymous'",47,34,1,3,2,2,"kiasi hiki kilitolewa kama bima",5000,2,
602,"confidential: replaced by 'CLID_anonymous'",47,19,1,2,1,3,"kununua kuku",13000,2,
602,"confidential: replaced by 'CLID_anonymous'",47,40,1,2,2,1,"school contributions",3000,1,4
602,"confidential: replaced by 'CLID_anonymous'",47,37,1,1,2,1,"school materials",3000,1,3
602,"confidential: replaced by 'CLID_anonymous'",47,39,1,3,1,1,"bought school T-shirt",5000,1,6
602,"confidential: replaced by 'CLID_anonymous'",47,34,1,2,2,1,"vifaa vya shule",5000,1,8
602,"confidential: replaced by 'CLID_anonymous'",47,7,1,2,2,1,"school materials",5000,1,2
602,"confidential: replaced by 'CLID_anonymous'",47,47,1,1,1,3,"chicken",5000,1,1
602,"confidential: replaced by 'CLID_anonymous'",47,39,1,2,1,1,"bought school shoes",10000,1,5
602,"confidential: replaced by 'CLID_anonymous'",47,39,1,1,1,1,"bought school shoes",10000,1,4
602,"confidential: replaced by 'CLID_anonymous'",47,17,1,1,1,2,"Bima ya afya",5000,3,
602,"confidential: replaced by 'CLID_anonymous'",47,7,1,1,1,2,"medical care",5000,1,1
602,"confidential: replaced by 'CLID_anonymous'",47,17,1,3,1,4,"nguo",10000,1,4
602,"confidential: replaced by 'CLID_anonymous'",47,37,1,2,2,2,"health insurance",5000,3,
602,"confidential: replaced by 'CLID_anonymous'",47,13,1,1,1,1,"school expenses",32500,2,
602,"confidential: replaced by 'CLID_anonymous'",47,40,1,1,2,1,"school contributions",3000,1,3
602,"confidential: replaced by 'CLID_anonymous'",10,1,1,1,1,2,"medication",7000,1,1
602,"confidential: replaced by 'CLID_anonymous'",10,40,1,1,1,2,"health insurance",5000,3,
602,"confidential: replaced by 'CLID_anonymous'",10,29,1,2,2,1,"fare to school",6000,2,
602,"confidential: replaced by 'CLID_anonymous'",10,38,1,2,2,1,"school uniform",3000,1,3
602,"confidential: replaced by 'CLID_anonymous'",10,3,1,1,2,4,"bedding",8000,1,3
602,"confidential: replaced by 'CLID_anonymous'",10,30,1,1,1,4,"personal needs",2000,1,1
602,"confidential: replaced by 'CLID_anonymous'",10,27,1,1,2,1,"school bag & books",14500,1,5
602,"confidential: replaced by 'CLID_anonymous'",10,16,1,1,1,2,"health insurance",5000,3,
602,"confidential: replaced by 'CLID_anonymous'",10,38,1,3,2,1,"school uniform",3000,1,5
602,"confidential: replaced by 'CLID_anonymous'",10,38,1,1,2,2,"health insurance",5000,3,
602,"confidential: replaced by 'CLID_anonymous'",10,10,1,1,1,3,"bought roofing material",10000,1,1
602,"confidential: replaced by 'CLID_anonymous'",10,47,1,1,1,2,"traditional medicine",5000,1,1
602,"confidential: replaced by 'CLID_anonymous'",10,27,1,2,2,1,"school shoes",8000,1,4
602,"confidential: replaced by 'CLID_anonymous'",10,1,1,2,2,2,"medication",7000,1,2
602,"confidential: replaced by 'CLID_anonymous'",10,16,1,2,1,1,"school expenses",7500,1,2
602,"confidential: replaced by 'CLID_anonymous'",10,4,1,1,2,2,"medication",10000,1,2
602,"confidential: replaced by 'CLID_anonymous'",10,19,1,1,2,1,"school materials",7500,1,3
602,"confidential: replaced by 'CLID_anonymous'",10,29,1,1,2,1,"uniform",15000,1,5
602,"confidential: replaced by 'CLID_anonymous'",10,45,1,1,4,2,"medication",2000,1,4
602,"confidential: replaced by 'CLID_anonymous'",10,10,2,1,2,1,"school blouse & exercise books",7500,1,5
602,"confidential: replaced by 'CLID_anonymous'",10,23,1,1,1,2,"bought medication",1000,1,1
602,"confidential: replaced by 'CLID_anonymous'",81,6,1,2,2,3,"mchango wa kuwekeza",5000,1,2
602,"confidential: replaced by 'CLID_anonymous'",81,23,1,1,1,1,"school uniforms",7500,1,3
602,"confidential: replaced by 'CLID_anonymous'",81,15,1,1,1,1,"clothes and shoes",6000,1,4
602,"confidential: replaced by 'CLID_anonymous'",81,4,1,1,5,1,"uniforms and exercise books",8500,2,
602,"confidential: replaced by 'CLID_anonymous'",81,11,1,1,4,1,"Examination fee",12500,1,4
602,"confidential: replaced by 'CLID_anonymous'",81,17,2,1,1,1,"uniforms, exercise books, pens and shoes",10000,2,
602,"confidential: replaced by 'CLID_anonymous'",81,13,1,1,1,1,"madaftari",1500,1,6
602,"confidential: replaced by 'CLID_anonymous'",81,11,1,2,3,2,"Transport",3100,1,5
602,"confidential: replaced by 'CLID_anonymous'",81,26,1,1,1,4,"purchases of garments and shoes",15000,2,
602,"confidential: replaced by 'CLID_anonymous'",81,12,1,2,1,1,"School facilities",30000,2,
602,"confidential: replaced by 'CLID_anonymous'",81,8,1,1,1,1,"exercise books",2000,1,3
602,"confidential: replaced by 'CLID_anonymous'",81,36,1,1,3,1,"exercise books pen and uniforms",6000,1,7
602,"confidential: replaced by 'CLID_anonymous'",81,36,1,2,3,1,"exercise books and pen",4500,1,8
602,"confidential: replaced by 'CLID_anonymous'",81,6,1,3,2,1,"matumizi",500,1,4
602,"confidential: replaced by 'CLID_anonymous'",81,18,1,1,1,1,"sarekaro na madaftari",21500,1,3
602,"confidential: replaced by 'CLID_anonymous'",81,1,1,2,1,2,"Treatment",4000,1,3
602,"confidential: replaced by 'CLID_anonymous'",81,6,1,1,2,3,"mchango wa kuwekeza",5000,1,1
602,"confidential: replaced by 'CLID_anonymous'",81,9,1,2,1,1,"school consumables",3000,1,5
602,"confidential: replaced by 'CLID_anonymous'",81,3,1,1,1,2,"medications",5000,1,1
602,"confidential: replaced by 'CLID_anonymous'",81,29,1,2,1,1,"pocket money",2500,2,
602,"confidential: replaced by 'CLID_anonymous'",81,6,1,4,2,1,"matumizi",500,1,3
602,"confidential: replaced by 'CLID_anonymous'",81,9,1,1,1,1,"school consumables",3000,1,4
602,"confidential: replaced by 'CLID_anonymous'",81,15,1,2,1,1,"clothes and shoes",5000,1,5
602,"confidential: replaced by 'CLID_anonymous'",81,33,1,2,1,1,"purchase of school uniform and shoes",7000,1,2
602,"confidential: replaced by 'CLID_anonymous'",81,27,1,1,1,2,"medications",5000,2,
602,"confidential: replaced by 'CLID_anonymous'",81,29,1,1,1,1,"exercise books and pens",5000,2,
602,"confidential: replaced by 'CLID_anonymous'",81,1,1,1,1,2,"Treatment",3500,1,5
602,"confidential: replaced by 'CLID_anonymous'",81,12,1,1,1,2,"Treatment",5000,1,1
602,"confidential: replaced by 'CLID_anonymous'",81,33,1,1,1,1,"purchase of school uniform and shoes",7000,1,3
602,"confidential: replaced by 'CLID_anonymous'",29,34,1,2,1,1,"School uniforms",5000,1,4
602,"confidential: replaced by 'CLID_anonymous'",29,15,1,1,1,2,"Transport",4200,1,1
602,"confidential: replaced by 'CLID_anonymous'",29,22,1,2,1,2,"Transport",6000,2,
602,"confidential: replaced by 'CLID_anonymous'",29,34,1,1,1,1,"School uniforms",5000,1,3
602,"confidential: replaced by 'CLID_anonymous'",29,29,1,1,4,1,"School facilities",7500,1,4
602,"confidential: replaced by 'CLID_anonymous'",29,8,1,1,1,4,"Transport",5500,1,1
602,"confidential: replaced by 'CLID_anonymous'",29,7,1,1,2,2,"Transport",3000,1,4
602,"confidential: replaced by 'CLID_anonymous'",29,5,1,1,2,4,"Bed sheet",5000,1,1
602,"confidential: replaced by 'CLID_anonymous'",29,33,1,1,1,1,"Books and pens",4500,1,3
602,"confidential: replaced by 'CLID_anonymous'",29,33,1,3,1,2,"Treatment",4000,1,5
602,"confidential: replaced by 'CLID_anonymous'",29,7,1,2,1,2,"Transport and treatment",7500,1,1
602,"confidential: replaced by 'CLID_anonymous'",29,1,1,2,2,3,"Poultry keeping",15000,2,
602,"confidential: replaced by 'CLID_anonymous'",29,17,1,2,1,2,"Transport",2000,1,1
602,"confidential: replaced by 'CLID_anonymous'",29,33,1,2,1,1,"School uniforms,books and  pens",9000,1,4
602,"confidential: replaced by 'CLID_anonymous'",29,17,1,1,2,2,"Transport",2000,1,2
602,"confidential: replaced by 'CLID_anonymous'",29,22,1,1,1,1,"Books and pens",6500,2,
602,"confidential: replaced by 'CLID_anonymous'",29,23,1,1,2,2,"Treatment",9000,1,6
602,"confidential: replaced by 'CLID_anonymous'",29,19,1,1,2,1,"Uniforms,pens and books",4500,2,
602,"confidential: replaced by 'CLID_anonymous'",29,1,1,1,1,3,"Farming",5000,2,
602,"confidential: replaced by 'CLID_anonymous'",29,23,1,2,2,2,"Treatment",7000,1,2
602,"confidential: replaced by 'CLID_anonymous'",29,9,1,1,5,1,"exercise books and pens",3000,2,
602,"confidential: replaced by 'CLID_anonymous'",29,27,1,1,2,1,"Books and pens",3500,2,
602,"confidential: replaced by 'CLID_anonymous'",29,8,1,2,2,1,"Treatment",15200,2,
602,"confidential: replaced by 'CLID_anonymous'",29,6,1,1,3,3,"Business",5000,1,3
602,"confidential: replaced by 'CLID_anonymous'",45,20,1,1,1,1,"uniforms, exercise books and pens",22600,2,
602,"confidential: replaced by 'CLID_anonymous'",45,4,1,1,1,1,"uniform, exercise books and pens",3000,1,2
602,"confidential: replaced by 'CLID_anonymous'",45,34,1,1,1,1,"uniforms and pens",11000,1,4
602,"confidential: replaced by 'CLID_anonymous'",45,15,1,2,1,2,"Health insurance",5000,3,
602,"confidential: replaced by 'CLID_anonymous'",45,13,1,2,2,2,"transport and medication",20000,1,2
602,"confidential: replaced by 'CLID_anonymous'",45,22,1,3,2,1,"exercise books and pens",3500,1,2
602,"confidential: replaced by 'CLID_anonymous'",45,6,1,2,2,1,"shoes",7000,1,5
602,"confidential: replaced by 'CLID_anonymous'",45,20,1,2,2,2,"medication",1200,1,4
602,"confidential: replaced by 'CLID_anonymous'",45,18,1,1,1,3,"roofing",10000,3,
602,"confidential: replaced by 'CLID_anonymous'",45,34,1,2,2,2,"transportation and medication",7000,2,
602,"confidential: replaced by 'CLID_anonymous'",45,22,1,1,1,2,"health insurance",5000,3,
602,"confidential: replaced by 'CLID_anonymous'",45,11,1,1,2,1,"Examination fees",6450,2,
602,"confidential: replaced by 'CLID_anonymous'",45,14,1,2,2,1,"exercise books and pens",2500,1,2
602,"confidential: replaced by 'CLID_anonymous'",45,1,1,2,1,1,"uniforms, pens and shoes",10000,1,4
602,"confidential: replaced by 'CLID_anonymous'",45,25,1,1,1,1,"form,madaftar na kalam",12500,1,3
602,"confidential: replaced by 'CLID_anonymous'",45,15,1,3,2,4,"buying shoes",5000,1,5
602,"confidential: replaced by 'CLID_anonymous'",45,1,1,1,1,2,"transport and medication",25000,2,
602,"confidential: replaced by 'CLID_anonymous'",45,6,1,3,2,1,"shoes",7000,1,6
602,"confidential: replaced by 'CLID_anonymous'",45,6,1,1,2,1,"uniform and exercise books",5000,1,4
602,"confidential: replaced by 'CLID_anonymous'",45,35,1,2,3,2,"medication",1000,1,3
602,"confidential: replaced by 'CLID_anonymous'",45,3,1,1,3,1,"exercise books and pens",5000,1,3
602,"confidential: replaced by 'CLID_anonymous'",45,15,1,1,1,1,"exercise books",10000,2,
602,"confidential: replaced by 'CLID_anonymous'",45,35,1,1,2,1,"uniforms and exercise books",4000,1,3
602,"confidential: replaced by 'CLID_anonymous'",45,32,1,1,1,1,"school consumables",8000,2,
602,"confidential: replaced by 'CLID_anonymous'",45,22,1,2,1,4,"buying shoes",4000,1,2
602,"confidential: replaced by 'CLID_anonymous'",45,32,1,2,1,2,"health insurance",5000,3,
602,"confidential: replaced by 'CLID_anonymous'",45,13,1,1,1,1,"school uniforms and exercise books",16000,2,
602,"confidential: replaced by 'CLID_anonymous'",45,14,1,1,1,3,"building",5000,3,
602,"confidential: replaced by 'CLID_anonymous'",18,16,1,1,1,3,"building a house",15000,1,1
602,"confidential: replaced by 'CLID_anonymous'",18,28,1,1,2,2,"for treatment and medications",28000,1,1
602,"confidential: replaced by 'CLID_anonymous'",18,7,1,1,1,1,"school necessities",3500,1,4
602,"confidential: replaced by 'CLID_anonymous'",18,42,1,1,1,2,"buying medicines",3000,1,1
602,"confidential: replaced by 'CLID_anonymous'",18,47,1,1,1,2,"purchasing medicine",2000,1,1
602,"confidential: replaced by 'CLID_anonymous'",18,7,1,2,1,1,"school necessities",3000,1,3
602,"confidential: replaced by 'CLID_anonymous'",18,45,1,1,1,4,"nilitumia kiasi hiki cha pesa kama nauli",6000,1,1
602,"confidential: replaced by 'CLID_anonymous'",18,38,1,1,1,1,"bought shoes and exercise books",7500,1,3
602,"confidential: replaced by 'CLID_anonymous'",18,39,1,1,1,1,"school expenses",20000,2,
602,"confidential: replaced by 'CLID_anonymous'",18,20,1,1,2,3,"for livestock",30000,2,
602,"confidential: replaced by 'CLID_anonymous'",18,22,1,1,2,2,"health check up",5000,3,
602,"confidential: replaced by 'CLID_anonymous'",18,28,1,2,2,3,"investing in restaurant",2000,1,2
602,"confidential: replaced by 'CLID_anonymous'",18,6,1,2,2,1,"school utilities",2500,1,5
602,"confidential: replaced by 'CLID_anonymous'",18,14,1,1,1,2,"medication",8000,1,1
602,"confidential: replaced by 'CLID_anonymous'",18,22,1,2,2,4,"purchasing clothes",5000,1,3
602,"confidential: replaced by 'CLID_anonymous'",18,18,1,1,8,2,"treatment costs",15000,1,8
602,"confidential: replaced by 'CLID_anonymous'",18,21,1,1,1,4,"cloth",8000,1,1
602,"confidential: replaced by 'CLID_anonymous'",18,6,1,1,2,4,"purchases of Kitenge",10000,1,3
602,"confidential: replaced by 'CLID_anonymous'",18,36,1,1,1,2,"medications",10000,2,
602,"confidential: replaced by 'CLID_anonymous'",65,36,1,1,2,4,"alinunua kanga",8000,1,2
602,"confidential: replaced by 'CLID_anonymous'",65,47,1,1,1,2,"medical expenses",5000,1,1
602,"confidential: replaced by 'CLID_anonymous'",65,25,1,1,2,1,"matumizi ya shule",8300,1,4
602,"confidential: replaced by 'CLID_anonymous'",65,15,1,1,1,4,"ujenzi",15000,2,
602,"confidential: replaced by 'CLID_anonymous'",65,5,1,1,1,4,"bought a bed",9000,1,1
602,"confidential: replaced by 'CLID_anonymous'",65,15,1,3,1,1,"matumizi ya shule",7500,1,4
602,"confidential: replaced by 'CLID_anonymous'",65,22,1,1,1,2,"kununua dawa",200,1,3
602,"confidential: replaced by 'CLID_anonymous'",65,25,1,2,2,2,"kununua dawa",5000,2,
602,"confidential: replaced by 'CLID_anonymous'",65,19,1,2,1,3,"matumizi ya nyumbani",5000,2,
602,"confidential: replaced by 'CLID_anonymous'",65,19,1,1,1,1,"ulinzi shulleni",6400,2,
602,"confidential: replaced by 'CLID_anonymous'",65,46,1,1,2,4,"clothes",25000,2,
602,"confidential: replaced by 'CLID_anonymous'",65,12,1,1,2,4,"clothes",3000,1,3
602,"confidential: replaced by 'CLID_anonymous'",65,3,1,1,1,4,"alinunua nguo",9500,1,1
602,"confidential: replaced by 'CLID_anonymous'",65,15,1,2,1,1,"matumizi ya shule",7500,1,3
602,"confidential: replaced by 'CLID_anonymous'",25,29,1,2,2,2,"Treatment",2000,1,2
602,"confidential: replaced by 'CLID_anonymous'",25,20,1,2,1,2,"Health insurance",5000,2,
602,"confidential: replaced by 'CLID_anonymous'",25,19,1,1,1,4,"Clothes",5000,1,1
602,"confidential: replaced by 'CLID_anonymous'",25,31,1,3,2,1,"School uniforms",5000,1,4
602,"confidential: replaced by 'CLID_anonymous'",25,26,1,1,1,1,"School facilities",30000,2,
602,"confidential: replaced by 'CLID_anonymous'",25,9,1,3,8,2,"Treatment",4000,1,8
602,"confidential: replaced by 'CLID_anonymous'",25,30,1,1,1,2,"Treatment",2000,1,1
602,"confidential: replaced by 'CLID_anonymous'",25,29,1,1,1,1,"School facilities",15000,2,
602,"confidential: replaced by 'CLID_anonymous'",25,15,1,1,1,1,"School facilities",14000,2,
602,"confidential: replaced by 'CLID_anonymous'",25,20,1,1,1,1,"School urnifom",5000,1,2
602,"confidential: replaced by 'CLID_anonymous'",25,13,1,1,1,2,"Treatment",7000,1,1
602,"confidential: replaced by 'CLID_anonymous'",25,31,1,2,2,4,"Clothes and shoes",5000,1,5
602,"confidential: replaced by 'CLID_anonymous'",25,9,1,4,6,1,"Books",2000,1,6
602,"confidential: replaced by 'CLID_anonymous'",25,15,1,2,6,2,"Treatment",7000,2,
602,"confidential: replaced by 'CLID_anonymous'",25,31,1,1,2,2,"Buying tablets",7500,1,3
602,"confidential: replaced by 'CLID_anonymous'",25,9,1,2,1,2,"Treatment",20000,1,1
602,"confidential: replaced by 'CLID_anonymous'",25,23,1,1,1,3,"Agriculture",10000,1,1
602,"confidential: replaced by 'CLID_anonymous'",25,16,1,1,1,2,"Transport",6000,1,1
602,"confidential: replaced by 'CLID_anonymous'",25,1,1,2,2,1,"School facilities",5000,1,4
602,"confidential: replaced by 'CLID_anonymous'",25,28,1,1,1,1,"School facilities",37500,2,
602,"confidential: replaced by 'CLID_anonymous'",25,1,1,3,2,1,"School facilities",6000,1,5
602,"confidential: replaced by 'CLID_anonymous'",25,9,1,1,6,2,"Treatment",5000,1,6
602,"confidential: replaced by 'CLID_anonymous'",25,1,1,1,2,1,"School facilities",12000,1,6
602,"confidential: replaced by 'CLID_anonymous'",23,4,1,1,1,1,"school materials",7000,1,3
602,"confidential: replaced by 'CLID_anonymous'",23,21,1,2,2,4,"clothes",11000,1,7
602,"confidential: replaced by 'CLID_anonymous'",23,2,1,1,1,2,"medical treatment",5000,2,
602,"confidential: replaced by 'CLID_anonymous'",23,36,1,2,2,2,"clothes",6000,1,4
602,"confidential: replaced by 'CLID_anonymous'",23,26,1,1,1,3,"bought a door",14000,2,
602,"confidential: replaced by 'CLID_anonymous'",23,19,1,1,1,4,"soap & lotion",2000,1,1
602,"confidential: replaced by 'CLID_anonymous'",23,49,1,1,1,4,"clothes",6000,1,1
602,"confidential: replaced by 'CLID_anonymous'",23,32,1,1,2,2,"buying medication",6000,1,2
602,"confidential: replaced by 'CLID_anonymous'",23,36,1,1,2,2,"clothes",6000,1,3
602,"confidential: replaced by 'CLID_anonymous'",23,21,1,1,2,1,"school bag & uniform",10000,1,7
602,"confidential: replaced by 'CLID_anonymous'",23,46,1,1,1,3,"chicken",7000,3,
602,"confidential: replaced by 'CLID_anonymous'",23,31,1,1,1,2,"medication",8000,1,1
602,"confidential: replaced by 'CLID_anonymous'",31,19,1,1,1,2,"health insurance",5000,1,3
602,"confidential: replaced by 'CLID_anonymous'",31,2,1,3,1,2,"medications",2200,1,2
602,"confidential: replaced by 'CLID_anonymous'",31,34,1,1,1,2,"transportation",8000,1,1
602,"confidential: replaced by 'CLID_anonymous'",31,2,1,2,1,2,"medications",1500,1,5
602,"confidential: replaced by 'CLID_anonymous'",31,7,2,1,2,1,"exercise books and pens",5000,2,
602,"confidential: replaced by 'CLID_anonymous'",31,16,1,1,4,1,"uniform, exercise books and pens",10500,1,5
602,"confidential: replaced by 'CLID_anonymous'",31,2,1,4,1,1,"health insurance",5000,3,
602,"confidential: replaced by 'CLID_anonymous'",31,2,1,1,1,2,"medications",2500,1,1
602,"confidential: replaced by 'CLID_anonymous'",31,16,1,3,2,3,"land renting",15000,2,
602,"confidential: replaced by 'CLID_anonymous'",31,34,1,2,1,1,"uniform and exercise books",15000,2,
602,"confidential: replaced by 'CLID_anonymous'",31,7,1,2,1,2,"health insurance",5000,2,
602,"confidential: replaced by 'CLID_anonymous'",31,45,1,1,1,1,"exercise books and pens",12000,2,
602,"confidential: replaced by 'CLID_anonymous'",31,28,1,1,2,2,"health insurance",5000,3,
602,"confidential: replaced by 'CLID_anonymous'",31,47,1,1,1,2,"health insurance",5000,3,
602,"confidential: replaced by 'CLID_anonymous'",31,29,1,1,1,3,"farming",10000,1,1
602,"confidential: replaced by 'CLID_anonymous'",31,45,1,2,1,2,"health insurance",5000,2,
602,"confidential: replaced by 'CLID_anonymous'",31,7,1,1,2,1,"exercise books and pens",15000,2,
602,"confidential: replaced by 'CLID_anonymous'",31,38,1,1,3,2,"matibabu",10000,1,3
602,"confidential: replaced by 'CLID_anonymous'",31,50,1,1,1,3,"farming",5000,1,1
602,"confidential: replaced by 'CLID_anonymous'",31,26,1,1,1,1,"school consumables",10000,1,4
602,"confidential: replaced by 'CLID_anonymous'",24,47,1,3,1,4,"cloth and shoes",5500,2,
602,"confidential: replaced by 'CLID_anonymous'",24,7,1,2,2,1,"exercise books and pens",10000,2,
602,"confidential: replaced by 'CLID_anonymous'",24,28,1,2,2,3,"poultry keeping",10000,3,
602,"confidential: replaced by 'CLID_anonymous'",24,26,1,1,2,3,"poultry keeping",10000,1,2
602,"confidential: replaced by 'CLID_anonymous'",24,5,1,1,1,1,"school needs",10000,2,
602,"confidential: replaced by 'CLID_anonymous'",24,45,1,1,1,1,"uniform and shoes",12000,1,2
602,"confidential: replaced by 'CLID_anonymous'",24,8,1,1,2,1,"uniform and exercise books",5000,1,4
602,"confidential: replaced by 'CLID_anonymous'",24,40,1,4,1,2,"health insurance",5000,2,
602,"confidential: replaced by 'CLID_anonymous'",24,11,1,3,1,1,"uniform and pen",6500,1,5
602,"confidential: replaced by 'CLID_anonymous'",24,34,1,2,2,1,"uniforms",10000,2,
602,"confidential: replaced by 'CLID_anonymous'",24,40,1,3,1,1,"uniform and pens",5000,1,2
602,"confidential: replaced by 'CLID_anonymous'",24,11,1,1,1,1,"uniform, exercise books and pens",5000,1,2
602,"confidential: replaced by 'CLID_anonymous'",24,47,1,2,1,1,"exercise books and pens",2000,1,3
602,"confidential: replaced by 'CLID_anonymous'",24,11,1,4,1,1,"health insurance",5000,3,
602,"confidential: replaced by 'CLID_anonymous'",24,24,1,1,2,3,"small enterprise",5000,3,
602,"confidential: replaced by 'CLID_anonymous'",24,41,1,1,2,1,"uniforms, pens, exercise books and school bags",22500,2,
602,"confidential: replaced by 'CLID_anonymous'",24,8,1,3,2,1,"uniform and exercise books",18000,1,3
602,"confidential: replaced by 'CLID_anonymous'",24,22,1,1,3,2,"health insurance",5000,3,
602,"confidential: replaced by 'CLID_anonymous'",24,10,1,1,1,1,"exercise books,pens and uniform",5000,1,2
602,"confidential: replaced by 'CLID_anonymous'",24,28,1,1,2,4,"garments",5000,1,4
602,"confidential: replaced by 'CLID_anonymous'",24,40,1,1,1,1,"uniforms, exercise books and pens",4500,1,4
602,"confidential: replaced by 'CLID_anonymous'",24,32,1,1,2,1,"uniform, exercise books and pens",6500,1,2
602,"confidential: replaced by 'CLID_anonymous'",24,17,1,1,2,3,"poultry keeping",3000,2,
602,"confidential: replaced by 'CLID_anonymous'",24,7,1,1,2,3,"poultry keeping",19000,3,
602,"confidential: replaced by 'CLID_anonymous'",24,40,1,2,1,1,"uniform and pens",4500,1,3
602,"confidential: replaced by 'CLID_anonymous'",24,50,1,1,2,1,"exercise books",1500,2,
602,"confidential: replaced by 'CLID_anonymous'",24,5,1,2,1,2,"health insurance",5000,3,
602,"confidential: replaced by 'CLID_anonymous'",24,12,1,1,1,1,"school needs",15000,2,
602,"confidential: replaced by 'CLID_anonymous'",24,32,1,2,1,1,"uniform, exercise books and pens",7500,1,3
602,"confidential: replaced by 'CLID_anonymous'",24,8,1,2,2,1,"uniform and exercise books",6000,1,5
602,"confidential: replaced by 'CLID_anonymous'",24,26,1,2,2,1,"exercise books, ruler and pens",8500,1,3
602,"confidential: replaced by 'CLID_anonymous'",24,23,1,1,2,1,"school needs",22500,2,
602,"confidential: replaced by 'CLID_anonymous'",24,11,1,2,1,1,"uniform and pen",7000,1,4
602,"confidential: replaced by 'CLID_anonymous'",24,34,1,1,2,1,"exercise books and pens",3600,2,
602,"confidential: replaced by 'CLID_anonymous'",24,47,1,1,1,1,"uniform and shoes",14000,2,
602,"confidential: replaced by 'CLID_anonymous'",24,17,1,2,2,1,"Uniform, shoes, pens and exercise books",20500,2,
602,"confidential: replaced by 'CLID_anonymous'",24,29,1,1,4,3,"buying sandals",2500,1,6
602,"confidential: replaced by 'CLID_anonymous'",24,50,1,2,2,2,"health insurance",5000,2,
