"DayID","MonthID","MonthValue","YearID"
31,12,"Diciembre",2012
30,12,"Diciembre",2012
29,12,"Diciembre",2012
28,12,"Diciembre",2012
27,12,"Diciembre",2012
26,12,"Diciembre",2012
25,12,"Diciembre",2012
24,12,"Diciembre",2012
23,12,"Diciembre",2012
22,12,"Diciembre",2012
21,12,"Diciembre",2012
20,12,"Diciembre",2012
19,12,"Diciembre",2012
18,12,"Diciembre",2012
17,12,"Diciembre",2012
16,12,"Diciembre",2012
15,12,"Diciembre",2012
14,12,"Diciembre",2012
13,12,"Diciembre",2012
12,12,"Diciembre",2012
11,12,"Diciembre",2012
10,12,"Diciembre",2012
9,12,"Diciembre",2012
8,12,"Diciembre",2012
7,12,"Diciembre",2012
6,12,"Diciembre",2012
5,12,"Diciembre",2012
4,12,"Diciembre",2012
3,12,"Diciembre",2012
2,12,"Diciembre",2012
1,12,"Diciembre",2012
30,11,"Noviembre",2012
29,11,"Noviembre",2012
28,11,"Noviembre",2012
27,11,"Noviembre",2012
26,11,"Noviembre",2012
25,11,"Noviembre",2012
24,11,"Noviembre",2012
23,11,"Noviembre",2012
22,11,"Noviembre",2012
21,11,"Noviembre",2012
20,11,"Noviembre",2012
19,11,"Noviembre",2012
18,11,"Noviembre",2012
17,11,"Noviembre",2012
16,11,"Noviembre",2012
15,11,"Noviembre",2012
14,11,"Noviembre",2012
13,11,"Noviembre",2012
12,11,"Noviembre",2012
11,11,"Noviembre",2012
10,11,"Noviembre",2012
9,11,"Noviembre",2012
8,11,"Noviembre",2012
7,11,"Noviembre",2012
6,11,"Noviembre",2012
5,11,"Noviembre",2012
4,11,"Noviembre",2012
3,11,"Noviembre",2012
2,11,"Noviembre",2012
1,11,"Noviembre",2012
31,10,"Octubre",2012
30,10,"Octubre",2012
29,10,"Octubre",2012
28,10,"Octubre",2012
27,10,"Octubre",2012
26,10,"Octubre",2012
25,10,"Octubre",2012
24,10,"Octubre",2012
23,10,"Octubre",2012
22,10,"Octubre",2012
21,10,"Octubre",2012
20,10,"Octubre",2012
19,10,"Octubre",2012
18,10,"Octubre",2012
17,10,"Octubre",2012
16,10,"Octubre",2012
15,10,"Octubre",2012
14,10,"Octubre",2012
13,10,"Octubre",2012
12,10,"Octubre",2012
11,10,"Octubre",2012
10,10,"Octubre",2012
9,10,"Octubre",2012
8,10,"Octubre",2012
7,10,"Octubre",2012
6,10,"Octubre",2012
5,10,"Octubre",2012
4,10,"Octubre",2012
3,10,"Octubre",2012
2,10,"Octubre",2012
1,10,"Octubre",2012
30,9,"Septiembre",2012
29,9,"Septiembre",2012
28,9,"Septiembre",2012
27,9,"Septiembre",2012
26,9,"Septiembre",2012
25,9,"Septiembre",2012
24,9,"Septiembre",2012
23,9,"Septiembre",2012
22,9,"Septiembre",2012
21,9,"Septiembre",2012
20,9,"Septiembre",2012
19,9,"Septiembre",2012
18,9,"Septiembre",2012
17,9,"Septiembre",2012
16,9,"Septiembre",2012
15,9,"Septiembre",2012
14,9,"Septiembre",2012
13,9,"Septiembre",2012
12,9,"Septiembre",2012
11,9,"Septiembre",2012
10,9,"Septiembre",2012
9,9,"Septiembre",2012
8,9,"Septiembre",2012
7,9,"Septiembre",2012
6,9,"Septiembre",2012
5,9,"Septiembre",2012
4,9,"Septiembre",2012
3,9,"Septiembre",2012
2,9,"Septiembre",2012
1,9,"Septiembre",2012
31,8,"Agosto",2012
30,8,"Agosto",2012
29,8,"Agosto",2012
28,8,"Agosto",2012
27,8,"Agosto",2012
26,8,"Agosto",2012
25,8,"Agosto",2012
24,8,"Agosto",2012
23,8,"Agosto",2012
22,8,"Agosto",2012
21,8,"Agosto",2012
20,8,"Agosto",2012
19,8,"Agosto",2012
18,8,"Agosto",2012
17,8,"Agosto",2012
16,8,"Agosto",2012
15,8,"Agosto",2012
14,8,"Agosto",2012
13,8,"Agosto",2012
12,8,"Agosto",2012
11,8,"Agosto",2012
10,8,"Agosto",2012
9,8,"Agosto",2012
8,8,"Agosto",2012
7,8,"Agosto",2012
6,8,"Agosto",2012
5,8,"Agosto",2012
4,8,"Agosto",2012
3,8,"Agosto",2012
2,8,"Agosto",2012
1,8,"Agosto",2012
31,7,"Julio",2012
30,7,"Julio",2012
29,7,"Julio",2012
28,7,"Julio",2012
27,7,"Julio",2012
26,7,"Julio",2012
25,7,"Julio",2012
24,7,"Julio",2012
23,7,"Julio",2012
22,7,"Julio",2012
21,7,"Julio",2012
20,7,"Julio",2012
19,7,"Julio",2012
18,7,"Julio",2012
17,7,"Julio",2012
16,7,"Julio",2012
15,7,"Julio",2012
14,7,"Julio",2012
13,7,"Julio",2012
12,7,"Julio",2012
11,7,"Julio",2012
10,7,"Julio",2012
9,7,"Julio",2012
8,7,"Julio",2012
7,7,"Julio",2012
6,7,"Julio",2012
5,7,"Julio",2012
4,7,"Julio",2012
3,7,"Julio",2012
2,7,"Julio",2012
1,7,"Julio",2012
30,6,"Junio",2012
29,6,"Junio",2012
28,6,"Junio",2012
27,6,"Junio",2012
26,6,"Junio",2012
25,6,"Junio",2012
24,6,"Junio",2012
23,6,"Junio",2012
22,6,"Junio",2012
21,6,"Junio",2012
20,6,"Junio",2012
19,6,"Junio",2012
18,6,"Junio",2012
17,6,"Junio",2012
16,6,"Junio",2012
15,6,"Junio",2012
14,6,"Junio",2012
13,6,"Junio",2012
12,6,"Junio",2012
11,6,"Junio",2012
10,6,"Junio",2012
9,6,"Junio",2012
8,6,"Junio",2012
7,6,"Junio",2012
6,6,"Junio",2012
5,6,"Junio",2012
4,6,"Junio",2012
3,6,"Junio",2012
2,6,"Junio",2012
1,6,"Junio",2012
31,5,"Mayo",2012
30,5,"Mayo",2012
29,5,"Mayo",2012
28,5,"Mayo",2012
27,5,"Mayo",2012
26,5,"Mayo",2012
25,5,"Mayo",2012
24,5,"Mayo",2012
23,5,"Mayo",2012
22,5,"Mayo",2012
21,5,"Mayo",2012
20,5,"Mayo",2012
19,5,"Mayo",2012
18,5,"Mayo",2012
17,5,"Mayo",2012
16,5,"Mayo",2012
15,5,"Mayo",2012
14,5,"Mayo",2012
13,5,"Mayo",2012
12,5,"Mayo",2012
11,5,"Mayo",2012
10,5,"Mayo",2012
9,5,"Mayo",2012
8,5,"Mayo",2012
7,5,"Mayo",2012
6,5,"Mayo",2012
5,5,"Mayo",2012
4,5,"Mayo",2012
3,5,"Mayo",2012
2,5,"Mayo",2012
1,5,"Mayo",2012
30,4,"Abril",2012
29,4,"Abril",2012
28,4,"Abril",2012
27,4,"Abril",2012
26,4,"Abril",2012
25,4,"Abril",2012
24,4,"Abril",2012
23,4,"Abril",2012
22,4,"Abril",2012
21,4,"Abril",2012
20,4,"Abril",2012
19,4,"Abril",2012
18,4,"Abril",2012
17,4,"Abril",2012
16,4,"Abril",2012
15,4,"Abril",2012
14,4,"Abril",2012
13,4,"Abril",2012
12,4,"Abril",2012
11,4,"Abril",2012
10,4,"Abril",2012
9,4,"Abril",2012
8,4,"Abril",2012
7,4,"Abril",2012
6,4,"Abril",2012
5,4,"Abril",2012
4,4,"Abril",2012
3,4,"Abril",2012
2,4,"Abril",2012
1,4,"Abril",2012
31,3,"Marzo",2012
30,3,"Marzo",2012
29,3,"Marzo",2012
28,3,"Marzo",2012
27,3,"Marzo",2012
26,3,"Marzo",2012
25,3,"Marzo",2012
24,3,"Marzo",2012
23,3,"Marzo",2012
22,3,"Marzo",2012
21,3,"Marzo",2012
20,3,"Marzo",2012
19,3,"Marzo",2012
18,3,"Marzo",2012
17,3,"Marzo",2012
16,3,"Marzo",2012
15,3,"Marzo",2012
14,3,"Marzo",2012
13,3,"Marzo",2012
12,3,"Marzo",2012
11,3,"Marzo",2012
10,3,"Marzo",2012
9,3,"Marzo",2012
8,3,"Marzo",2012
7,3,"Marzo",2012
6,3,"Marzo",2012
5,3,"Marzo",2012
4,3,"Marzo",2012
3,3,"Marzo",2012
2,3,"Marzo",2012
1,3,"Marzo",2012
29,2,"Febrero",2012
28,2,"Febrero",2012
27,2,"Febrero",2012
26,2,"Febrero",2012
25,2,"Febrero",2012
24,2,"Febrero",2012
23,2,"Febrero",2012
22,2,"Febrero",2012
21,2,"Febrero",2012
20,2,"Febrero",2012
19,2,"Febrero",2012
18,2,"Febrero",2012
17,2,"Febrero",2012
16,2,"Febrero",2012
15,2,"Febrero",2012
14,2,"Febrero",2012
13,2,"Febrero",2012
12,2,"Febrero",2012
11,2,"Febrero",2012
10,2,"Febrero",2012
9,2,"Febrero",2012
8,2,"Febrero",2012
7,2,"Febrero",2012
6,2,"Febrero",2012
5,2,"Febrero",2012
4,2,"Febrero",2012
3,2,"Febrero",2012
2,2,"Febrero",2012
1,2,"Febrero",2012
31,1,"Enero",2012
30,1,"Enero",2012
29,1,"Enero",2012
28,1,"Enero",2012
27,1,"Enero",2012
26,1,"Enero",2012
25,1,"Enero",2012
24,1,"Enero",2012
23,1,"Enero",2012
22,1,"Enero",2012
21,1,"Enero",2012
20,1,"Enero",2012
19,1,"Enero",2012
18,1,"Enero",2012
17,1,"Enero",2012
16,1,"Enero",2012
15,1,"Enero",2012
14,1,"Enero",2012
13,1,"Enero",2012
12,1,"Enero",2012
11,1,"Enero",2012
10,1,"Enero",2012
9,1,"Enero",2012
8,1,"Enero",2012
7,1,"Enero",2012
6,1,"Enero",2012
5,1,"Enero",2012
4,1,"Enero",2012
3,1,"Enero",2012
2,1,"Enero",2012
1,1,"Enero",2012
31,12,"Diciembre",2011
30,12,"Diciembre",2011
29,12,"Diciembre",2011
28,12,"Diciembre",2011
27,12,"Diciembre",2011
26,12,"Diciembre",2011
25,12,"Diciembre",2011
24,12,"Diciembre",2011
23,12,"Diciembre",2011
22,12,"Diciembre",2011
21,12,"Diciembre",2011
20,12,"Diciembre",2011
19,12,"Diciembre",2011
18,12,"Diciembre",2011
17,12,"Diciembre",2011
16,12,"Diciembre",2011
15,12,"Diciembre",2011
14,12,"Diciembre",2011
13,12,"Diciembre",2011
12,12,"Diciembre",2011
11,12,"Diciembre",2011
10,12,"Diciembre",2011
9,12,"Diciembre",2011
8,12,"Diciembre",2011
7,12,"Diciembre",2011
6,12,"Diciembre",2011
5,12,"Diciembre",2011
4,12,"Diciembre",2011
3,12,"Diciembre",2011
2,12,"Diciembre",2011
1,12,"Diciembre",2011
30,11,"Noviembre",2011
29,11,"Noviembre",2011
28,11,"Noviembre",2011
27,11,"Noviembre",2011
26,11,"Noviembre",2011
25,11,"Noviembre",2011
24,11,"Noviembre",2011
23,11,"Noviembre",2011
22,11,"Noviembre",2011
21,11,"Noviembre",2011
20,11,"Noviembre",2011
19,11,"Noviembre",2011
18,11,"Noviembre",2011
17,11,"Noviembre",2011
16,11,"Noviembre",2011
15,11,"Noviembre",2011
14,11,"Noviembre",2011
13,11,"Noviembre",2011
12,11,"Noviembre",2011
11,11,"Noviembre",2011
10,11,"Noviembre",2011
9,11,"Noviembre",2011
8,11,"Noviembre",2011
7,11,"Noviembre",2011
6,11,"Noviembre",2011
5,11,"Noviembre",2011
4,11,"Noviembre",2011
3,11,"Noviembre",2011
2,11,"Noviembre",2011
1,11,"Noviembre",2011
31,10,"Octubre",2011
30,10,"Octubre",2011
29,10,"Octubre",2011
28,10,"Octubre",2011
27,10,"Octubre",2011
26,10,"Octubre",2011
25,10,"Octubre",2011
24,10,"Octubre",2011
23,10,"Octubre",2011
22,10,"Octubre",2011
21,10,"Octubre",2011
20,10,"Octubre",2011
19,10,"Octubre",2011
18,10,"Octubre",2011
17,10,"Octubre",2011
16,10,"Octubre",2011
15,10,"Octubre",2011
14,10,"Octubre",2011
13,10,"Octubre",2011
12,10,"Octubre",2011
11,10,"Octubre",2011
10,10,"Octubre",2011
9,10,"Octubre",2011
8,10,"Octubre",2011
7,10,"Octubre",2011
6,10,"Octubre",2011
5,10,"Octubre",2011
4,10,"Octubre",2011
3,10,"Octubre",2011
2,10,"Octubre",2011
1,10,"Octubre",2011
30,9,"Septiembre",2011
29,9,"Septiembre",2011
28,9,"Septiembre",2011
27,9,"Septiembre",2011
26,9,"Septiembre",2011
25,9,"Septiembre",2011
24,9,"Septiembre",2011
23,9,"Septiembre",2011
22,9,"Septiembre",2011
21,9,"Septiembre",2011
20,9,"Septiembre",2011
19,9,"Septiembre",2011
18,9,"Septiembre",2011
17,9,"Septiembre",2011
16,9,"Septiembre",2011
15,9,"Septiembre",2011
14,9,"Septiembre",2011
13,9,"Septiembre",2011
12,9,"Septiembre",2011
11,9,"Septiembre",2011
10,9,"Septiembre",2011
9,9,"Septiembre",2011
8,9,"Septiembre",2011
7,9,"Septiembre",2011
6,9,"Septiembre",2011
5,9,"Septiembre",2011
4,9,"Septiembre",2011
3,9,"Septiembre",2011
2,9,"Septiembre",2011
1,9,"Septiembre",2011
31,8,"Agosto",2011
30,8,"Agosto",2011
29,8,"Agosto",2011
28,8,"Agosto",2011
27,8,"Agosto",2011
26,8,"Agosto",2011
25,8,"Agosto",2011
24,8,"Agosto",2011
23,8,"Agosto",2011
22,8,"Agosto",2011
21,8,"Agosto",2011
20,8,"Agosto",2011
19,8,"Agosto",2011
18,8,"Agosto",2011
17,8,"Agosto",2011
16,8,"Agosto",2011
15,8,"Agosto",2011
14,8,"Agosto",2011
13,8,"Agosto",2011
12,8,"Agosto",2011
11,8,"Agosto",2011
10,8,"Agosto",2011
9,8,"Agosto",2011
8,8,"Agosto",2011
7,8,"Agosto",2011
6,8,"Agosto",2011
5,8,"Agosto",2011
4,8,"Agosto",2011
3,8,"Agosto",2011
2,8,"Agosto",2011
1,8,"Agosto",2011
31,7,"Julio",2011
30,7,"Julio",2011
29,7,"Julio",2011
28,7,"Julio",2011
27,7,"Julio",2011
26,7,"Julio",2011
25,7,"Julio",2011
24,7,"Julio",2011
23,7,"Julio",2011
22,7,"Julio",2011
21,7,"Julio",2011
20,7,"Julio",2011
19,7,"Julio",2011
18,7,"Julio",2011
17,7,"Julio",2011
16,7,"Julio",2011
15,7,"Julio",2011
14,7,"Julio",2011
13,7,"Julio",2011
12,7,"Julio",2011
11,7,"Julio",2011
10,7,"Julio",2011
9,7,"Julio",2011
8,7,"Julio",2011
7,7,"Julio",2011
6,7,"Julio",2011
5,7,"Julio",2011
4,7,"Julio",2011
3,7,"Julio",2011
2,7,"Julio",2011
1,7,"Julio",2011
30,6,"Junio",2011
29,6,"Junio",2011
28,6,"Junio",2011
27,6,"Junio",2011
26,6,"Junio",2011
25,6,"Junio",2011
24,6,"Junio",2011
23,6,"Junio",2011
22,6,"Junio",2011
21,6,"Junio",2011
20,6,"Junio",2011
19,6,"Junio",2011
18,6,"Junio",2011
17,6,"Junio",2011
16,6,"Junio",2011
15,6,"Junio",2011
14,6,"Junio",2011
13,6,"Junio",2011
12,6,"Junio",2011
11,6,"Junio",2011
10,6,"Junio",2011
9,6,"Junio",2011
8,6,"Junio",2011
7,6,"Junio",2011
6,6,"Junio",2011
5,6,"Junio",2011
4,6,"Junio",2011
3,6,"Junio",2011
2,6,"Junio",2011
1,6,"Junio",2011
31,5,"Mayo",2011
30,5,"Mayo",2011
29,5,"Mayo",2011
28,5,"Mayo",2011
27,5,"Mayo",2011
26,5,"Mayo",2011
25,5,"Mayo",2011
24,5,"Mayo",2011
23,5,"Mayo",2011
22,5,"Mayo",2011
21,5,"Mayo",2011
20,5,"Mayo",2011
19,5,"Mayo",2011
18,5,"Mayo",2011
17,5,"Mayo",2011
16,5,"Mayo",2011
15,5,"Mayo",2011
14,5,"Mayo",2011
13,5,"Mayo",2011
12,5,"Mayo",2011
11,5,"Mayo",2011
10,5,"Mayo",2011
9,5,"Mayo",2011
8,5,"Mayo",2011
7,5,"Mayo",2011
6,5,"Mayo",2011
5,5,"Mayo",2011
4,5,"Mayo",2011
3,5,"Mayo",2011
2,5,"Mayo",2011
1,5,"Mayo",2011
30,4,"Abril",2011
29,4,"Abril",2011
28,4,"Abril",2011
27,4,"Abril",2011
26,4,"Abril",2011
25,4,"Abril",2011
24,4,"Abril",2011
23,4,"Abril",2011
22,4,"Abril",2011
21,4,"Abril",2011
20,4,"Abril",2011
19,4,"Abril",2011
18,4,"Abril",2011
17,4,"Abril",2011
16,4,"Abril",2011
15,4,"Abril",2011
14,4,"Abril",2011
13,4,"Abril",2011
12,4,"Abril",2011
11,4,"Abril",2011
10,4,"Abril",2011
9,4,"Abril",2011
8,4,"Abril",2011
7,4,"Abril",2011
6,4,"Abril",2011
5,4,"Abril",2011
4,4,"Abril",2011
3,4,"Abril",2011
2,4,"Abril",2011
1,4,"Abril",2011
31,3,"Marzo",2011
30,3,"Marzo",2011
29,3,"Marzo",2011
28,3,"Marzo",2011
27,3,"Marzo",2011
26,3,"Marzo",2011
25,3,"Marzo",2011
24,3,"Marzo",2011
23,3,"Marzo",2011
22,3,"Marzo",2011
21,3,"Marzo",2011
20,3,"Marzo",2011
19,3,"Marzo",2011
18,3,"Marzo",2011
17,3,"Marzo",2011
16,3,"Marzo",2011
15,3,"Marzo",2011
14,3,"Marzo",2011
13,3,"Marzo",2011
12,3,"Marzo",2011
11,3,"Marzo",2011
10,3,"Marzo",2011
9,3,"Marzo",2011
8,3,"Marzo",2011
7,3,"Marzo",2011
6,3,"Marzo",2011
5,3,"Marzo",2011
4,3,"Marzo",2011
3,3,"Marzo",2011
2,3,"Marzo",2011
1,3,"Marzo",2011
28,2,"Febrero",2011
27,2,"Febrero",2011
26,2,"Febrero",2011
25,2,"Febrero",2011
24,2,"Febrero",2011
23,2,"Febrero",2011
22,2,"Febrero",2011
21,2,"Febrero",2011
20,2,"Febrero",2011
19,2,"Febrero",2011
18,2,"Febrero",2011
17,2,"Febrero",2011
16,2,"Febrero",2011
15,2,"Febrero",2011
14,2,"Febrero",2011
13,2,"Febrero",2011
12,2,"Febrero",2011
11,2,"Febrero",2011
10,2,"Febrero",2011
9,2,"Febrero",2011
8,2,"Febrero",2011
7,2,"Febrero",2011
6,2,"Febrero",2011
5,2,"Febrero",2011
4,2,"Febrero",2011
3,2,"Febrero",2011
2,2,"Febrero",2011
1,2,"Febrero",2011
31,1,"Enero",2011
30,1,"Enero",2011
29,1,"Enero",2011
28,1,"Enero",2011
27,1,"Enero",2011
26,1,"Enero",2011
25,1,"Enero",2011
24,1,"Enero",2011
23,1,"Enero",2011
22,1,"Enero",2011
21,1,"Enero",2011
20,1,"Enero",2011
19,1,"Enero",2011
18,1,"Enero",2011
17,1,"Enero",2011
16,1,"Enero",2011
15,1,"Enero",2011
14,1,"Enero",2011
13,1,"Enero",2011
12,1,"Enero",2011
11,1,"Enero",2011
10,1,"Enero",2011
9,1,"Enero",2011
8,1,"Enero",2011
7,1,"Enero",2011
6,1,"Enero",2011
5,1,"Enero",2011
4,1,"Enero",2011
3,1,"Enero",2011
2,1,"Enero",2011
1,1,"Enero",2011
31,12,"Diciembre",2010
30,12,"Diciembre",2010
29,12,"Diciembre",2010
28,12,"Diciembre",2010
27,12,"Diciembre",2010
26,12,"Diciembre",2010
25,12,"Diciembre",2010
24,12,"Diciembre",2010
23,12,"Diciembre",2010
22,12,"Diciembre",2010
21,12,"Diciembre",2010
20,12,"Diciembre",2010
19,12,"Diciembre",2010
18,12,"Diciembre",2010
17,12,"Diciembre",2010
16,12,"Diciembre",2010
15,12,"Diciembre",2010
14,12,"Diciembre",2010
13,12,"Diciembre",2010
12,12,"Diciembre",2010
11,12,"Diciembre",2010
10,12,"Diciembre",2010
9,12,"Diciembre",2010
8,12,"Diciembre",2010
7,12,"Diciembre",2010
6,12,"Diciembre",2010
5,12,"Diciembre",2010
4,12,"Diciembre",2010
3,12,"Diciembre",2010
2,12,"Diciembre",2010
1,12,"Diciembre",2010
30,11,"Noviembre",2010
29,11,"Noviembre",2010
28,11,"Noviembre",2010
27,11,"Noviembre",2010
26,11,"Noviembre",2010
25,11,"Noviembre",2010
24,11,"Noviembre",2010
23,11,"Noviembre",2010
22,11,"Noviembre",2010
21,11,"Noviembre",2010
20,11,"Noviembre",2010
19,11,"Noviembre",2010
18,11,"Noviembre",2010
17,11,"Noviembre",2010
16,11,"Noviembre",2010
15,11,"Noviembre",2010
14,11,"Noviembre",2010
13,11,"Noviembre",2010
12,11,"Noviembre",2010
11,11,"Noviembre",2010
10,11,"Noviembre",2010
9,11,"Noviembre",2010
8,11,"Noviembre",2010
7,11,"Noviembre",2010
6,11,"Noviembre",2010
5,11,"Noviembre",2010
4,11,"Noviembre",2010
3,11,"Noviembre",2010
2,11,"Noviembre",2010
1,11,"Noviembre",2010
31,10,"Octubre",2010
30,10,"Octubre",2010
29,10,"Octubre",2010
28,10,"Octubre",2010
27,10,"Octubre",2010
26,10,"Octubre",2010
25,10,"Octubre",2010
24,10,"Octubre",2010
23,10,"Octubre",2010
22,10,"Octubre",2010
21,10,"Octubre",2010
20,10,"Octubre",2010
19,10,"Octubre",2010
18,10,"Octubre",2010
17,10,"Octubre",2010
16,10,"Octubre",2010
15,10,"Octubre",2010
14,10,"Octubre",2010
13,10,"Octubre",2010
12,10,"Octubre",2010
11,10,"Octubre",2010
10,10,"Octubre",2010
9,10,"Octubre",2010
8,10,"Octubre",2010
7,10,"Octubre",2010
6,10,"Octubre",2010
5,10,"Octubre",2010
4,10,"Octubre",2010
3,10,"Octubre",2010
2,10,"Octubre",2010
1,10,"Octubre",2010
30,9,"Septiembre",2010
29,9,"Septiembre",2010
28,9,"Septiembre",2010
27,9,"Septiembre",2010
26,9,"Septiembre",2010
25,9,"Septiembre",2010
24,9,"Septiembre",2010
23,9,"Septiembre",2010
22,9,"Septiembre",2010
21,9,"Septiembre",2010
20,9,"Septiembre",2010
19,9,"Septiembre",2010
18,9,"Septiembre",2010
17,9,"Septiembre",2010
16,9,"Septiembre",2010
15,9,"Septiembre",2010
14,9,"Septiembre",2010
13,9,"Septiembre",2010
12,9,"Septiembre",2010
11,9,"Septiembre",2010
10,9,"Septiembre",2010
9,9,"Septiembre",2010
8,9,"Septiembre",2010
7,9,"Septiembre",2010
6,9,"Septiembre",2010
5,9,"Septiembre",2010
4,9,"Septiembre",2010
3,9,"Septiembre",2010
2,9,"Septiembre",2010
1,9,"Septiembre",2010
31,8,"Agosto",2010
30,8,"Agosto",2010
29,8,"Agosto",2010
28,8,"Agosto",2010
27,8,"Agosto",2010
26,8,"Agosto",2010
25,8,"Agosto",2010
24,8,"Agosto",2010
23,8,"Agosto",2010
22,8,"Agosto",2010
21,8,"Agosto",2010
20,8,"Agosto",2010
19,8,"Agosto",2010
18,8,"Agosto",2010
17,8,"Agosto",2010
16,8,"Agosto",2010
15,8,"Agosto",2010
14,8,"Agosto",2010
13,8,"Agosto",2010
12,8,"Agosto",2010
11,8,"Agosto",2010
10,8,"Agosto",2010
9,8,"Agosto",2010
8,8,"Agosto",2010
7,8,"Agosto",2010
6,8,"Agosto",2010
5,8,"Agosto",2010
4,8,"Agosto",2010
3,8,"Agosto",2010
2,8,"Agosto",2010
1,8,"Agosto",2010
31,7,"Julio",2010
30,7,"Julio",2010
29,7,"Julio",2010
28,7,"Julio",2010
27,7,"Julio",2010
26,7,"Julio",2010
25,7,"Julio",2010
24,7,"Julio",2010
23,7,"Julio",2010
22,7,"Julio",2010
21,7,"Julio",2010
20,7,"Julio",2010
19,7,"Julio",2010
18,7,"Julio",2010
17,7,"Julio",2010
16,7,"Julio",2010
15,7,"Julio",2010
14,7,"Julio",2010
13,7,"Julio",2010
12,7,"Julio",2010
11,7,"Julio",2010
10,7,"Julio",2010
9,7,"Julio",2010
8,7,"Julio",2010
7,7,"Julio",2010
6,7,"Julio",2010
5,7,"Julio",2010
4,7,"Julio",2010
3,7,"Julio",2010
2,7,"Julio",2010
1,7,"Julio",2010
30,6,"Junio",2010
29,6,"Junio",2010
28,6,"Junio",2010
27,6,"Junio",2010
26,6,"Junio",2010
25,6,"Junio",2010
24,6,"Junio",2010
23,6,"Junio",2010
22,6,"Junio",2010
21,6,"Junio",2010
20,6,"Junio",2010
19,6,"Junio",2010
18,6,"Junio",2010
17,6,"Junio",2010
16,6,"Junio",2010
15,6,"Junio",2010
14,6,"Junio",2010
13,6,"Junio",2010
12,6,"Junio",2010
11,6,"Junio",2010
10,6,"Junio",2010
9,6,"Junio",2010
8,6,"Junio",2010
7,6,"Junio",2010
6,6,"Junio",2010
5,6,"Junio",2010
4,6,"Junio",2010
3,6,"Junio",2010
2,6,"Junio",2010
1,6,"Junio",2010
31,5,"Mayo",2010
30,5,"Mayo",2010
29,5,"Mayo",2010
28,5,"Mayo",2010
27,5,"Mayo",2010
26,5,"Mayo",2010
25,5,"Mayo",2010
24,5,"Mayo",2010
23,5,"Mayo",2010
22,5,"Mayo",2010
21,5,"Mayo",2010
20,5,"Mayo",2010
19,5,"Mayo",2010
18,5,"Mayo",2010
17,5,"Mayo",2010
16,5,"Mayo",2010
15,5,"Mayo",2010
14,5,"Mayo",2010
13,5,"Mayo",2010
12,5,"Mayo",2010
11,5,"Mayo",2010
10,5,"Mayo",2010
9,5,"Mayo",2010
8,5,"Mayo",2010
7,5,"Mayo",2010
6,5,"Mayo",2010
5,5,"Mayo",2010
4,5,"Mayo",2010
3,5,"Mayo",2010
2,5,"Mayo",2010
1,5,"Mayo",2010
30,4,"Abril",2010
29,4,"Abril",2010
28,4,"Abril",2010
27,4,"Abril",2010
26,4,"Abril",2010
25,4,"Abril",2010
24,4,"Abril",2010
23,4,"Abril",2010
22,4,"Abril",2010
21,4,"Abril",2010
20,4,"Abril",2010
19,4,"Abril",2010
18,4,"Abril",2010
17,4,"Abril",2010
16,4,"Abril",2010
15,4,"Abril",2010
14,4,"Abril",2010
13,4,"Abril",2010
12,4,"Abril",2010
11,4,"Abril",2010
10,4,"Abril",2010
9,4,"Abril",2010
8,4,"Abril",2010
7,4,"Abril",2010
6,4,"Abril",2010
5,4,"Abril",2010
4,4,"Abril",2010
3,4,"Abril",2010
2,4,"Abril",2010
1,4,"Abril",2010
31,3,"Marzo",2010
30,3,"Marzo",2010
29,3,"Marzo",2010
28,3,"Marzo",2010
27,3,"Marzo",2010
26,3,"Marzo",2010
25,3,"Marzo",2010
24,3,"Marzo",2010
23,3,"Marzo",2010
22,3,"Marzo",2010
21,3,"Marzo",2010
20,3,"Marzo",2010
19,3,"Marzo",2010
18,3,"Marzo",2010
17,3,"Marzo",2010
16,3,"Marzo",2010
15,3,"Marzo",2010
14,3,"Marzo",2010
13,3,"Marzo",2010
12,3,"Marzo",2010
11,3,"Marzo",2010
10,3,"Marzo",2010
9,3,"Marzo",2010
8,3,"Marzo",2010
7,3,"Marzo",2010
6,3,"Marzo",2010
5,3,"Marzo",2010
4,3,"Marzo",2010
3,3,"Marzo",2010
2,3,"Marzo",2010
1,3,"Marzo",2010
28,2,"Febrero",2010
27,2,"Febrero",2010
26,2,"Febrero",2010
25,2,"Febrero",2010
24,2,"Febrero",2010
23,2,"Febrero",2010
22,2,"Febrero",2010
21,2,"Febrero",2010
20,2,"Febrero",2010
19,2,"Febrero",2010
18,2,"Febrero",2010
17,2,"Febrero",2010
16,2,"Febrero",2010
15,2,"Febrero",2010
14,2,"Febrero",2010
13,2,"Febrero",2010
12,2,"Febrero",2010
11,2,"Febrero",2010
10,2,"Febrero",2010
9,2,"Febrero",2010
8,2,"Febrero",2010
7,2,"Febrero",2010
6,2,"Febrero",2010
5,2,"Febrero",2010
4,2,"Febrero",2010
3,2,"Febrero",2010
2,2,"Febrero",2010
1,2,"Febrero",2010
31,1,"Enero",2010
30,1,"Enero",2010
29,1,"Enero",2010
28,1,"Enero",2010
27,1,"Enero",2010
26,1,"Enero",2010
25,1,"Enero",2010
24,1,"Enero",2010
23,1,"Enero",2010
22,1,"Enero",2010
21,1,"Enero",2010
20,1,"Enero",2010
19,1,"Enero",2010
18,1,"Enero",2010
17,1,"Enero",2010
16,1,"Enero",2010
15,1,"Enero",2010
14,1,"Enero",2010
13,1,"Enero",2010
12,1,"Enero",2010
11,1,"Enero",2010
10,1,"Enero",2010
9,1,"Enero",2010
8,1,"Enero",2010
7,1,"Enero",2010
6,1,"Enero",2010
5,1,"Enero",2010
4,1,"Enero",2010
3,1,"Enero",2010
2,1,"Enero",2010
1,1,"Enero",2010
31,12,"Diciembre",2009
30,12,"Diciembre",2009
29,12,"Diciembre",2009
28,12,"Diciembre",2009
27,12,"Diciembre",2009
26,12,"Diciembre",2009
25,12,"Diciembre",2009
24,12,"Diciembre",2009
23,12,"Diciembre",2009
22,12,"Diciembre",2009
21,12,"Diciembre",2009
20,12,"Diciembre",2009
19,12,"Diciembre",2009
18,12,"Diciembre",2009
17,12,"Diciembre",2009
16,12,"Diciembre",2009
15,12,"Diciembre",2009
14,12,"Diciembre",2009
13,12,"Diciembre",2009
12,12,"Diciembre",2009
11,12,"Diciembre",2009
10,12,"Diciembre",2009
9,12,"Diciembre",2009
8,12,"Diciembre",2009
7,12,"Diciembre",2009
6,12,"Diciembre",2009
5,12,"Diciembre",2009
4,12,"Diciembre",2009
3,12,"Diciembre",2009
2,12,"Diciembre",2009
1,12,"Diciembre",2009
30,11,"Noviembre",2009
29,11,"Noviembre",2009
28,11,"Noviembre",2009
27,11,"Noviembre",2009
26,11,"Noviembre",2009
25,11,"Noviembre",2009
24,11,"Noviembre",2009
23,11,"Noviembre",2009
22,11,"Noviembre",2009
21,11,"Noviembre",2009
20,11,"Noviembre",2009
19,11,"Noviembre",2009
18,11,"Noviembre",2009
17,11,"Noviembre",2009
16,11,"Noviembre",2009
15,11,"Noviembre",2009
14,11,"Noviembre",2009
13,11,"Noviembre",2009
12,11,"Noviembre",2009
11,11,"Noviembre",2009
10,11,"Noviembre",2009
9,11,"Noviembre",2009
8,11,"Noviembre",2009
7,11,"Noviembre",2009
6,11,"Noviembre",2009
5,11,"Noviembre",2009
4,11,"Noviembre",2009
3,11,"Noviembre",2009
2,11,"Noviembre",2009
1,11,"Noviembre",2009
31,10,"Octubre",2009
30,10,"Octubre",2009
29,10,"Octubre",2009
28,10,"Octubre",2009
27,10,"Octubre",2009
26,10,"Octubre",2009
25,10,"Octubre",2009
24,10,"Octubre",2009
23,10,"Octubre",2009
22,10,"Octubre",2009
21,10,"Octubre",2009
20,10,"Octubre",2009
19,10,"Octubre",2009
18,10,"Octubre",2009
17,10,"Octubre",2009
16,10,"Octubre",2009
15,10,"Octubre",2009
14,10,"Octubre",2009
13,10,"Octubre",2009
12,10,"Octubre",2009
11,10,"Octubre",2009
10,10,"Octubre",2009
9,10,"Octubre",2009
8,10,"Octubre",2009
7,10,"Octubre",2009
6,10,"Octubre",2009
5,10,"Octubre",2009
4,10,"Octubre",2009
3,10,"Octubre",2009
2,10,"Octubre",2009
1,10,"Octubre",2009
30,9,"Septiembre",2009
29,9,"Septiembre",2009
28,9,"Septiembre",2009
27,9,"Septiembre",2009
26,9,"Septiembre",2009
25,9,"Septiembre",2009
24,9,"Septiembre",2009
23,9,"Septiembre",2009
22,9,"Septiembre",2009
21,9,"Septiembre",2009
20,9,"Septiembre",2009
19,9,"Septiembre",2009
18,9,"Septiembre",2009
17,9,"Septiembre",2009
16,9,"Septiembre",2009
15,9,"Septiembre",2009
14,9,"Septiembre",2009
13,9,"Septiembre",2009
12,9,"Septiembre",2009
11,9,"Septiembre",2009
10,9,"Septiembre",2009
9,9,"Septiembre",2009
8,9,"Septiembre",2009
7,9,"Septiembre",2009
6,9,"Septiembre",2009
5,9,"Septiembre",2009
4,9,"Septiembre",2009
3,9,"Septiembre",2009
2,9,"Septiembre",2009
1,9,"Septiembre",2009
31,8,"Agosto",2009
30,8,"Agosto",2009
29,8,"Agosto",2009
28,8,"Agosto",2009
27,8,"Agosto",2009
26,8,"Agosto",2009
25,8,"Agosto",2009
24,8,"Agosto",2009
23,8,"Agosto",2009
22,8,"Agosto",2009
21,8,"Agosto",2009
20,8,"Agosto",2009
19,8,"Agosto",2009
18,8,"Agosto",2009
17,8,"Agosto",2009
16,8,"Agosto",2009
15,8,"Agosto",2009
14,8,"Agosto",2009
13,8,"Agosto",2009
12,8,"Agosto",2009
11,8,"Agosto",2009
10,8,"Agosto",2009
9,8,"Agosto",2009
8,8,"Agosto",2009
7,8,"Agosto",2009
6,8,"Agosto",2009
5,8,"Agosto",2009
4,8,"Agosto",2009
3,8,"Agosto",2009
2,8,"Agosto",2009
1,8,"Agosto",2009
31,7,"Julio",2009
30,7,"Julio",2009
29,7,"Julio",2009
28,7,"Julio",2009
27,7,"Julio",2009
26,7,"Julio",2009
25,7,"Julio",2009
24,7,"Julio",2009
23,7,"Julio",2009
22,7,"Julio",2009
21,7,"Julio",2009
20,7,"Julio",2009
19,7,"Julio",2009
18,7,"Julio",2009
17,7,"Julio",2009
16,7,"Julio",2009
15,7,"Julio",2009
14,7,"Julio",2009
13,7,"Julio",2009
12,7,"Julio",2009
11,7,"Julio",2009
10,7,"Julio",2009
9,7,"Julio",2009
8,7,"Julio",2009
7,7,"Julio",2009
6,7,"Julio",2009
5,7,"Julio",2009
4,7,"Julio",2009
3,7,"Julio",2009
2,7,"Julio",2009
1,7,"Julio",2009
30,6,"Junio",2009
29,6,"Junio",2009
28,6,"Junio",2009
27,6,"Junio",2009
26,6,"Junio",2009
25,6,"Junio",2009
24,6,"Junio",2009
23,6,"Junio",2009
22,6,"Junio",2009
21,6,"Junio",2009
20,6,"Junio",2009
19,6,"Junio",2009
18,6,"Junio",2009
17,6,"Junio",2009
16,6,"Junio",2009
15,6,"Junio",2009
14,6,"Junio",2009
13,6,"Junio",2009
12,6,"Junio",2009
11,6,"Junio",2009
10,6,"Junio",2009
9,6,"Junio",2009
8,6,"Junio",2009
7,6,"Junio",2009
6,6,"Junio",2009
5,6,"Junio",2009
4,6,"Junio",2009
3,6,"Junio",2009
2,6,"Junio",2009
1,6,"Junio",2009
31,5,"Mayo",2009
30,5,"Mayo",2009
29,5,"Mayo",2009
28,5,"Mayo",2009
27,5,"Mayo",2009
26,5,"Mayo",2009
25,5,"Mayo",2009
24,5,"Mayo",2009
23,5,"Mayo",2009
22,5,"Mayo",2009
21,5,"Mayo",2009
20,5,"Mayo",2009
19,5,"Mayo",2009
18,5,"Mayo",2009
17,5,"Mayo",2009
16,5,"Mayo",2009
15,5,"Mayo",2009
14,5,"Mayo",2009
13,5,"Mayo",2009
12,5,"Mayo",2009
11,5,"Mayo",2009
10,5,"Mayo",2009
9,5,"Mayo",2009
8,5,"Mayo",2009
7,5,"Mayo",2009
6,5,"Mayo",2009
5,5,"Mayo",2009
4,5,"Mayo",2009
3,5,"Mayo",2009
2,5,"Mayo",2009
1,5,"Mayo",2009
30,4,"Abril",2009
29,4,"Abril",2009
28,4,"Abril",2009
27,4,"Abril",2009
26,4,"Abril",2009
25,4,"Abril",2009
24,4,"Abril",2009
23,4,"Abril",2009
22,4,"Abril",2009
21,4,"Abril",2009
20,4,"Abril",2009
19,4,"Abril",2009
18,4,"Abril",2009
17,4,"Abril",2009
16,4,"Abril",2009
15,4,"Abril",2009
14,4,"Abril",2009
13,4,"Abril",2009
12,4,"Abril",2009
11,4,"Abril",2009
10,4,"Abril",2009
9,4,"Abril",2009
8,4,"Abril",2009
7,4,"Abril",2009
6,4,"Abril",2009
5,4,"Abril",2009
4,4,"Abril",2009
3,4,"Abril",2009
2,4,"Abril",2009
1,4,"Abril",2009
31,3,"Marzo",2009
30,3,"Marzo",2009
29,3,"Marzo",2009
28,3,"Marzo",2009
27,3,"Marzo",2009
26,3,"Marzo",2009
25,3,"Marzo",2009
24,3,"Marzo",2009
23,3,"Marzo",2009
22,3,"Marzo",2009
21,3,"Marzo",2009
20,3,"Marzo",2009
19,3,"Marzo",2009
18,3,"Marzo",2009
17,3,"Marzo",2009
16,3,"Marzo",2009
15,3,"Marzo",2009
14,3,"Marzo",2009
13,3,"Marzo",2009
12,3,"Marzo",2009
11,3,"Marzo",2009
10,3,"Marzo",2009
9,3,"Marzo",2009
8,3,"Marzo",2009
7,3,"Marzo",2009
6,3,"Marzo",2009
5,3,"Marzo",2009
4,3,"Marzo",2009
3,3,"Marzo",2009
2,3,"Marzo",2009
1,3,"Marzo",2009
28,2,"Febrero",2009
27,2,"Febrero",2009
26,2,"Febrero",2009
25,2,"Febrero",2009
24,2,"Febrero",2009
23,2,"Febrero",2009
22,2,"Febrero",2009
21,2,"Febrero",2009
20,2,"Febrero",2009
19,2,"Febrero",2009
18,2,"Febrero",2009
17,2,"Febrero",2009
16,2,"Febrero",2009
15,2,"Febrero",2009
14,2,"Febrero",2009
13,2,"Febrero",2009
12,2,"Febrero",2009
11,2,"Febrero",2009
10,2,"Febrero",2009
9,2,"Febrero",2009
8,2,"Febrero",2009
7,2,"Febrero",2009
6,2,"Febrero",2009
5,2,"Febrero",2009
4,2,"Febrero",2009
3,2,"Febrero",2009
2,2,"Febrero",2009
1,2,"Febrero",2009
31,1,"Enero",2009
30,1,"Enero",2009
29,1,"Enero",2009
28,1,"Enero",2009
27,1,"Enero",2009
26,1,"Enero",2009
25,1,"Enero",2009
24,1,"Enero",2009
23,1,"Enero",2009
22,1,"Enero",2009
21,1,"Enero",2009
20,1,"Enero",2009
19,1,"Enero",2009
18,1,"Enero",2009
17,1,"Enero",2009
16,1,"Enero",2009
15,1,"Enero",2009
14,1,"Enero",2009
13,1,"Enero",2009
12,1,"Enero",2009
11,1,"Enero",2009
10,1,"Enero",2009
9,1,"Enero",2009
8,1,"Enero",2009
7,1,"Enero",2009
6,1,"Enero",2009
5,1,"Enero",2009
4,1,"Enero",2009
3,1,"Enero",2009
2,1,"Enero",2009
1,1,"Enero",2009
31,12,"Diciembre",2008
30,12,"Diciembre",2008
29,12,"Diciembre",2008
28,12,"Diciembre",2008
27,12,"Diciembre",2008
26,12,"Diciembre",2008
25,12,"Diciembre",2008
24,12,"Diciembre",2008
23,12,"Diciembre",2008
22,12,"Diciembre",2008
21,12,"Diciembre",2008
20,12,"Diciembre",2008
19,12,"Diciembre",2008
18,12,"Diciembre",2008
17,12,"Diciembre",2008
16,12,"Diciembre",2008
15,12,"Diciembre",2008
14,12,"Diciembre",2008
13,12,"Diciembre",2008
12,12,"Diciembre",2008
11,12,"Diciembre",2008
10,12,"Diciembre",2008
9,12,"Diciembre",2008
8,12,"Diciembre",2008
7,12,"Diciembre",2008
6,12,"Diciembre",2008
5,12,"Diciembre",2008
4,12,"Diciembre",2008
3,12,"Diciembre",2008
2,12,"Diciembre",2008
1,12,"Diciembre",2008
30,11,"Noviembre",2008
29,11,"Noviembre",2008
28,11,"Noviembre",2008
27,11,"Noviembre",2008
26,11,"Noviembre",2008
25,11,"Noviembre",2008
24,11,"Noviembre",2008
23,11,"Noviembre",2008
22,11,"Noviembre",2008
21,11,"Noviembre",2008
20,11,"Noviembre",2008
19,11,"Noviembre",2008
18,11,"Noviembre",2008
17,11,"Noviembre",2008
16,11,"Noviembre",2008
15,11,"Noviembre",2008
14,11,"Noviembre",2008
13,11,"Noviembre",2008
12,11,"Noviembre",2008
11,11,"Noviembre",2008
10,11,"Noviembre",2008
9,11,"Noviembre",2008
8,11,"Noviembre",2008
7,11,"Noviembre",2008
6,11,"Noviembre",2008
5,11,"Noviembre",2008
4,11,"Noviembre",2008
3,11,"Noviembre",2008
2,11,"Noviembre",2008
1,11,"Noviembre",2008
31,10,"Octubre",2008
30,10,"Octubre",2008
29,10,"Octubre",2008
28,10,"Octubre",2008
27,10,"Octubre",2008
26,10,"Octubre",2008
25,10,"Octubre",2008
24,10,"Octubre",2008
23,10,"Octubre",2008
22,10,"Octubre",2008
21,10,"Octubre",2008
20,10,"Octubre",2008
19,10,"Octubre",2008
18,10,"Octubre",2008
17,10,"Octubre",2008
16,10,"Octubre",2008
15,10,"Octubre",2008
14,10,"Octubre",2008
13,10,"Octubre",2008
12,10,"Octubre",2008
11,10,"Octubre",2008
10,10,"Octubre",2008
9,10,"Octubre",2008
8,10,"Octubre",2008
7,10,"Octubre",2008
6,10,"Octubre",2008
5,10,"Octubre",2008
4,10,"Octubre",2008
3,10,"Octubre",2008
2,10,"Octubre",2008
1,10,"Octubre",2008
30,9,"Septiembre",2008
29,9,"Septiembre",2008
28,9,"Septiembre",2008
27,9,"Septiembre",2008
26,9,"Septiembre",2008
25,9,"Septiembre",2008
24,9,"Septiembre",2008
23,9,"Septiembre",2008
22,9,"Septiembre",2008
21,9,"Septiembre",2008
20,9,"Septiembre",2008
19,9,"Septiembre",2008
18,9,"Septiembre",2008
17,9,"Septiembre",2008
16,9,"Septiembre",2008
15,9,"Septiembre",2008
14,9,"Septiembre",2008
13,9,"Septiembre",2008
12,9,"Septiembre",2008
11,9,"Septiembre",2008
10,9,"Septiembre",2008
9,9,"Septiembre",2008
8,9,"Septiembre",2008
7,9,"Septiembre",2008
6,9,"Septiembre",2008
5,9,"Septiembre",2008
4,9,"Septiembre",2008
3,9,"Septiembre",2008
2,9,"Septiembre",2008
1,9,"Septiembre",2008
31,8,"Agosto",2008
30,8,"Agosto",2008
29,8,"Agosto",2008
28,8,"Agosto",2008
27,8,"Agosto",2008
26,8,"Agosto",2008
25,8,"Agosto",2008
24,8,"Agosto",2008
23,8,"Agosto",2008
22,8,"Agosto",2008
21,8,"Agosto",2008
20,8,"Agosto",2008
19,8,"Agosto",2008
18,8,"Agosto",2008
17,8,"Agosto",2008
16,8,"Agosto",2008
15,8,"Agosto",2008
14,8,"Agosto",2008
13,8,"Agosto",2008
12,8,"Agosto",2008
11,8,"Agosto",2008
10,8,"Agosto",2008
9,8,"Agosto",2008
8,8,"Agosto",2008
7,8,"Agosto",2008
6,8,"Agosto",2008
5,8,"Agosto",2008
4,8,"Agosto",2008
3,8,"Agosto",2008
2,8,"Agosto",2008
1,8,"Agosto",2008
31,7,"Julio",2008
30,7,"Julio",2008
29,7,"Julio",2008
28,7,"Julio",2008
27,7,"Julio",2008
26,7,"Julio",2008
25,7,"Julio",2008
24,7,"Julio",2008
23,7,"Julio",2008
22,7,"Julio",2008
21,7,"Julio",2008
20,7,"Julio",2008
19,7,"Julio",2008
18,7,"Julio",2008
17,7,"Julio",2008
16,7,"Julio",2008
15,7,"Julio",2008
14,7,"Julio",2008
13,7,"Julio",2008
12,7,"Julio",2008
11,7,"Julio",2008
10,7,"Julio",2008
9,7,"Julio",2008
8,7,"Julio",2008
7,7,"Julio",2008
6,7,"Julio",2008
5,7,"Julio",2008
4,7,"Julio",2008
3,7,"Julio",2008
2,7,"Julio",2008
1,7,"Julio",2008
30,6,"Junio",2008
29,6,"Junio",2008
28,6,"Junio",2008
27,6,"Junio",2008
26,6,"Junio",2008
25,6,"Junio",2008
24,6,"Junio",2008
23,6,"Junio",2008
22,6,"Junio",2008
21,6,"Junio",2008
20,6,"Junio",2008
19,6,"Junio",2008
18,6,"Junio",2008
17,6,"Junio",2008
16,6,"Junio",2008
15,6,"Junio",2008
14,6,"Junio",2008
13,6,"Junio",2008
12,6,"Junio",2008
11,6,"Junio",2008
10,6,"Junio",2008
9,6,"Junio",2008
8,6,"Junio",2008
7,6,"Junio",2008
6,6,"Junio",2008
5,6,"Junio",2008
4,6,"Junio",2008
3,6,"Junio",2008
2,6,"Junio",2008
1,6,"Junio",2008
31,5,"Mayo",2008
30,5,"Mayo",2008
29,5,"Mayo",2008
28,5,"Mayo",2008
27,5,"Mayo",2008
26,5,"Mayo",2008
25,5,"Mayo",2008
24,5,"Mayo",2008
23,5,"Mayo",2008
22,5,"Mayo",2008
21,5,"Mayo",2008
20,5,"Mayo",2008
19,5,"Mayo",2008
18,5,"Mayo",2008
17,5,"Mayo",2008
16,5,"Mayo",2008
15,5,"Mayo",2008
14,5,"Mayo",2008
13,5,"Mayo",2008
12,5,"Mayo",2008
11,5,"Mayo",2008
10,5,"Mayo",2008
9,5,"Mayo",2008
8,5,"Mayo",2008
7,5,"Mayo",2008
6,5,"Mayo",2008
5,5,"Mayo",2008
4,5,"Mayo",2008
3,5,"Mayo",2008
2,5,"Mayo",2008
1,5,"Mayo",2008
30,4,"Abril",2008
29,4,"Abril",2008
28,4,"Abril",2008
27,4,"Abril",2008
26,4,"Abril",2008
25,4,"Abril",2008
24,4,"Abril",2008
23,4,"Abril",2008
22,4,"Abril",2008
21,4,"Abril",2008
20,4,"Abril",2008
19,4,"Abril",2008
18,4,"Abril",2008
17,4,"Abril",2008
16,4,"Abril",2008
15,4,"Abril",2008
14,4,"Abril",2008
13,4,"Abril",2008
12,4,"Abril",2008
11,4,"Abril",2008
10,4,"Abril",2008
9,4,"Abril",2008
8,4,"Abril",2008
7,4,"Abril",2008
6,4,"Abril",2008
5,4,"Abril",2008
4,4,"Abril",2008
3,4,"Abril",2008
2,4,"Abril",2008
1,4,"Abril",2008
31,3,"Marzo",2008
30,3,"Marzo",2008
29,3,"Marzo",2008
28,3,"Marzo",2008
27,3,"Marzo",2008
26,3,"Marzo",2008
25,3,"Marzo",2008
24,3,"Marzo",2008
23,3,"Marzo",2008
22,3,"Marzo",2008
21,3,"Marzo",2008
20,3,"Marzo",2008
19,3,"Marzo",2008
18,3,"Marzo",2008
17,3,"Marzo",2008
16,3,"Marzo",2008
15,3,"Marzo",2008
14,3,"Marzo",2008
13,3,"Marzo",2008
12,3,"Marzo",2008
11,3,"Marzo",2008
10,3,"Marzo",2008
9,3,"Marzo",2008
8,3,"Marzo",2008
7,3,"Marzo",2008
6,3,"Marzo",2008
5,3,"Marzo",2008
4,3,"Marzo",2008
3,3,"Marzo",2008
2,3,"Marzo",2008
1,3,"Marzo",2008
29,2,"Febrero",2008
28,2,"Febrero",2008
27,2,"Febrero",2008
26,2,"Febrero",2008
25,2,"Febrero",2008
24,2,"Febrero",2008
23,2,"Febrero",2008
22,2,"Febrero",2008
21,2,"Febrero",2008
20,2,"Febrero",2008
19,2,"Febrero",2008
18,2,"Febrero",2008
17,2,"Febrero",2008
16,2,"Febrero",2008
15,2,"Febrero",2008
14,2,"Febrero",2008
13,2,"Febrero",2008
12,2,"Febrero",2008
11,2,"Febrero",2008
10,2,"Febrero",2008
9,2,"Febrero",2008
8,2,"Febrero",2008
7,2,"Febrero",2008
6,2,"Febrero",2008
5,2,"Febrero",2008
4,2,"Febrero",2008
3,2,"Febrero",2008
2,2,"Febrero",2008
1,2,"Febrero",2008
31,1,"Enero",2008
30,1,"Enero",2008
29,1,"Enero",2008
28,1,"Enero",2008
27,1,"Enero",2008
26,1,"Enero",2008
25,1,"Enero",2008
24,1,"Enero",2008
23,1,"Enero",2008
22,1,"Enero",2008
21,1,"Enero",2008
20,1,"Enero",2008
19,1,"Enero",2008
18,1,"Enero",2008
17,1,"Enero",2008
16,1,"Enero",2008
15,1,"Enero",2008
14,1,"Enero",2008
13,1,"Enero",2008
12,1,"Enero",2008
11,1,"Enero",2008
10,1,"Enero",2008
9,1,"Enero",2008
8,1,"Enero",2008
7,1,"Enero",2008
6,1,"Enero",2008
5,1,"Enero",2008
4,1,"Enero",2008
3,1,"Enero",2008
2,1,"Enero",2008
1,1,"Enero",2008
